^HOLDING,01/02/2006,1000.0,1008.91,997.18,1008.91,1407,0
^HOLDING,01/03/2006,1008.91,1016.5,1008.91,1009.14,8838,0
^HOLDING,01/04/2006,1014.77,1027.2,1014.77,1017.03,61088,0
^HOLDING,01/05/2006,1017.03,1023.85,1014.21,1022.98,40806,0
^HOLDING,01/06/2006,1026.16,1031.5,1023.36,1027.29,68933,0
^HOLDING,01/09/2006,1035.74,1044.55,1035.74,1042.84,131860,0
^HOLDING,01/10/2006,1042.91,1055.61,1042.91,1046.51,63686,0
^HOLDING,01/11/2006,1046.51,1048.66,1036.76,1040.08,226645,0
^HOLDING,01/12/2006,1042.19,1048.82,1040.08,1048.76,18844,0
^HOLDING,01/13/2006,1048.76,1052.27,1037.26,1043.05,14366,0
^HOLDING,01/16/2006,1043.35,1045.13,1040.2,1042.6,68095,0
^HOLDING,01/17/2006,1042.6,1047.73,1036.84,1047.73,134057,0
^HOLDING,01/18/2006,1047.73,1047.73,1029.44,1031.16,246815,0
^HOLDING,01/19/2006,1031.16,1031.16,1025.5,1027.76,158801,0
^HOLDING,01/20/2006,1027.51,1041.21,1027.51,1036.88,744648,0
^HOLDING,01/23/2006,1036.88,1041.65,1030.03,1038.84,2324085,0
^HOLDING,01/24/2006,1039.14,1048.03,1025.24,1029.24,990883,0
^HOLDING,01/25/2006,1029.24,1040.29,1029.24,1032.57,235484,0
^HOLDING,01/26/2006,1032.57,1035.39,1011.16,1012.63,144625,0
^HOLDING,01/27/2006,1012.63,1026.95,1009.27,1014.43,86847,0
^HOLDING,01/30/2006,1014.43,1034.99,1014.43,1034.99,107650,0
^HOLDING,01/31/2006,1034.99,1048.88,1034.99,1048.88,577851,0
^HOLDING,02/01/2006,1049.18,1054.81,1037.87,1038.99,84755,0
^HOLDING,02/02/2006,1038.99,1043.54,1027.45,1036.5,519204,0
^HOLDING,02/03/2006,1036.5,1036.5,1022.29,1024.89,173423,0
^HOLDING,02/06/2006,1024.89,1027.71,1014.33,1014.33,95524,0
^HOLDING,02/07/2006,1014.33,1015.61,999.13,1011.35,62354,0
^HOLDING,02/08/2006,1013.09,1013.09,990.08,998.67,77256,0
^HOLDING,02/09/2006,998.67,1007.53,997.87,998.01,57805,0
^HOLDING,02/10/2006,998.01,1011.5,998.01,1006.95,19683,0
^HOLDING,02/13/2006,1006.95,1018.82,1004.13,1018.82,115155,0
^HOLDING,02/14/2006,1014.92,1014.92,1008.81,1013.55,70914,0
^HOLDING,02/15/2006,1013.7,1028.37,1010.88,1023.25,89021,0
^HOLDING,02/16/2006,1021.91,1023.29,1014.4,1019.14,131762,0
^HOLDING,02/17/2006,1015.51,1020.17,1014.45,1017.43,215305,0
^HOLDING,02/20/2006,1017.43,1017.43,1006.42,1009.2,88610,0
^HOLDING,02/21/2006,1009.2,1012.5,1001.93,1004.74,130226,0
^HOLDING,02/22/2006,1004.74,1006.99,1001.42,1005.98,124932,0
^HOLDING,02/23/2006,1006.16,1014.12,1005.12,1011.3,84122,0
^HOLDING,02/24/2006,1011.3,1011.3,973.85,989.84,227875,0
^HOLDING,02/27/2006,989.84,1001.06,981.95,1001.06,56847,0
^HOLDING,02/28/2006,1001.06,1020.48,998.98,1012.79,93312,0
^HOLDING,03/01/2006,1012.79,1028.68,1012.79,1027.99,66737,0
^HOLDING,03/02/2006,1027.99,1044.1,1027.99,1044.1,246112,0
^HOLDING,03/03/2006,1042.36,1049.26,1038.15,1042.8,34849,0
^HOLDING,03/06/2006,1043.91,1055.15,1043.91,1051.87,30717,0
^HOLDING,03/07/2006,1049.79,1049.79,1028.67,1043.45,86345,0
^HOLDING,03/08/2006,1043.45,1043.45,1021.72,1031.19,74879,0
^HOLDING,03/09/2006,1028.37,1034.3,1024.26,1030.72,62003,0
^HOLDING,03/10/2006,1030.72,1038.75,1019.45,1025.03,102255,0
^HOLDING,03/13/2006,1025.03,1030.09,1015.7,1029.89,239540,0
^HOLDING,03/14/2006,1029.89,1043.28,1028.11,1041.04,49960,0
^HOLDING,03/15/2006,1043.86,1047.3,1038.63,1041.68,42791,0
^HOLDING,03/16/2006,1041.68,1044.84,1037.93,1040.93,48227,0
^HOLDING,03/17/2006,1040.93,1048.33,1040.93,1048.33,110950,0
^HOLDING,03/20/2006,1046.43,1047.22,1043.75,1046.4,45584,0
^HOLDING,03/21/2006,1049.37,1061.96,1049.0,1061.96,81135,0
^HOLDING,03/22/2006,1061.96,1072.04,1059.14,1071.26,125596,0
^HOLDING,03/23/2006,1071.26,1095.94,1071.22,1095.94,90748,0
^HOLDING,03/24/2006,1095.94,1111.01,1093.69,1103.11,122279,0
^HOLDING,03/27/2006,1103.11,1103.48,1094.74,1099.63,86971,0
^HOLDING,03/28/2006,1099.63,1105.92,1078.46,1083.33,72332,0
^HOLDING,03/29/2006,1082.59,1090.56,1074.58,1083.59,77248,0
^HOLDING,03/30/2006,1086.41,1087.67,1079.71,1084.63,27075,0
^HOLDING,03/31/2006,1084.63,1092.02,1080.89,1091.43,215230,0
^HOLDING,04/03/2006,1091.18,1093.11,1082.84,1090.41,94661,0
^HOLDING,04/04/2006,1090.41,1091.34,1085.29,1088.95,225504,0
^HOLDING,04/05/2006,1088.95,1102.39,1088.95,1092.49,61308,0
^HOLDING,04/06/2006,1093.59,1103.96,1093.59,1102.89,96876,0
^HOLDING,04/07/2006,1102.89,1107.36,1093.92,1101.83,183395,0
^HOLDING,04/10/2006,1101.83,1102.38,1084.84,1091.23,73786,0
^HOLDING,04/11/2006,1090.88,1096.27,1086.1,1096.27,163612,0
^HOLDING,04/12/2006,1096.27,1096.27,1088.83,1090.25,265660,0
^HOLDING,04/17/2006,1092.44,1092.89,1082.66,1087.36,371681,0
^HOLDING,04/18/2006,1086.85,1092.41,1075.47,1080.37,769965,0
^HOLDING,04/19/2006,1081.47,1097.7,1081.02,1094.39,242676,0
^HOLDING,04/20/2006,1101.65,1126.66,1100.51,1126.66,788849,0
^HOLDING,04/21/2006,1127.17,1141.57,1124.5,1141.57,284427,0
^HOLDING,04/24/2006,1141.57,1145.09,1118.88,1121.07,439318,0
^HOLDING,04/25/2006,1121.54,1121.54,1100.51,1101.67,117208,0
^HOLDING,04/26/2006,1110.37,1113.45,1099.7,1105.1,224456,0
^HOLDING,04/27/2006,1112.54,1143.53,1112.54,1139.99,179473,0
^HOLDING,04/28/2006,1143.11,1145.19,1130.16,1133.54,113763,0
^HOLDING,05/02/2006,1133.54,1174.59,1133.54,1160.74,76762,0
^HOLDING,05/03/2006,1166.22,1197.8,1166.22,1194.31,574567,0
^HOLDING,05/04/2006,1194.98,1238.07,1194.59,1238.07,934783,0
^HOLDING,05/05/2006,1250.25,1299.95,1250.25,1292.04,513371,0
^HOLDING,05/08/2006,1300.51,1393.02,1300.51,1385.25,509685,0
^HOLDING,05/09/2006,1382.64,1382.64,1344.62,1349.97,337286,0
^HOLDING,05/10/2006,1349.42,1353.78,1342.72,1349.85,201801,0
^HOLDING,05/11/2006,1350.6,1360.09,1349.86,1360.09,690986,0
^HOLDING,05/12/2006,1359.54,1359.54,1327.69,1338.64,500565,0
^HOLDING,05/15/2006,1338.64,1340.35,1280.73,1299.1,166570,0
^HOLDING,05/16/2006,1299.1,1306.66,1286.64,1288.34,135854,0
^HOLDING,05/17/2006,1290.53,1309.44,1284.49,1284.49,334850,0
^HOLDING,05/18/2006,1263.04,1263.04,1237.63,1241.69,397954,0
^HOLDING,05/19/2006,1243.88,1247.05,1228.63,1228.63,145450,0
^HOLDING,05/22/2006,1228.63,1243.65,1228.63,1238.1,98348,0
^HOLDING,05/23/2006,1219.88,1219.88,1169.09,1169.09,131539,0
^HOLDING,05/24/2006,1169.6,1180.21,1167.05,1167.05,28861,0
^HOLDING,05/25/2006,1167.05,1168.36,1155.43,1159.84,23406,0
^HOLDING,05/26/2006,1166.27,1189.28,1162.6,1188.38,89145,0
^HOLDING,05/29/2006,1188.38,1194.13,1182.19,1190.96,33655,0
^HOLDING,05/30/2006,1193.82,1200.74,1187.22,1191.35,51655,0
^HOLDING,05/31/2006,1188.23,1200.99,1165.41,1197.56,61839,0
^HOLDING,06/01/2006,1194.95,1197.95,1182.8,1190.1,51323,0
^HOLDING,06/02/2006,1190.61,1195.33,1185.7,1187.29,57493,0
^HOLDING,06/05/2006,1187.29,1200.95,1185.34,1197.47,42265,0
^HOLDING,06/06/2006,1196.96,1196.96,1177.78,1187.48,20915,0
^HOLDING,06/07/2006,1187.48,1187.48,1134.74,1137.86,106151,0
^HOLDING,06/08/2006,1137.86,1140.53,1083.35,1089.23,278093,0
^HOLDING,06/09/2006,1089.48,1121.2,1089.48,1093.4,26299,0
^HOLDING,06/13/2006,1090.28,1094.09,1071.39,1073.51,118311,0
^HOLDING,06/14/2006,1058.3,1067.69,1057.63,1067.69,32326,0
^HOLDING,06/15/2006,1056.99,1070.95,1049.94,1059.62,57873,0
^HOLDING,06/16/2006,1076.51,1077.02,1064.03,1064.63,92245,0
^HOLDING,06/19/2006,1064.63,1070.86,1053.8,1062.34,26026,0
^HOLDING,06/20/2006,1060.15,1060.15,1025.53,1025.78,85263,0
^HOLDING,06/21/2006,1025.78,1032.01,1014.37,1022.39,103943,0
^HOLDING,06/22/2006,1032.75,1045.81,1032.75,1037.03,76173,0
^HOLDING,06/23/2006,1037.03,1054.44,1036.48,1053.6,62409,0
^HOLDING,06/26/2006,1047.37,1049.92,1037.86,1042.03,67247,0
^HOLDING,06/27/2006,1042.03,1042.03,1031.29,1032.26,24998,0
^HOLDING,06/28/2006,1032.26,1034.32,1021.58,1034.32,80144,0
^HOLDING,06/29/2006,1037.44,1054.44,1037.44,1054.24,65556,0
^HOLDING,06/30/2006,1081.49,1092.88,1069.67,1091.4,55683,0
^HOLDING,07/03/2006,1091.4,1094.5,1083.27,1090.6,19768,0
^HOLDING,07/04/2006,1101.05,1126.47,1101.05,1120.8,34784,0
^HOLDING,07/05/2006,1120.8,1127.71,1118.01,1124.94,476327,0
^HOLDING,07/06/2006,1124.94,1124.94,1107.95,1113.29,20134,0
^HOLDING,07/07/2006,1113.49,1141.61,1110.37,1141.61,170900,0
^HOLDING,07/10/2006,1141.61,1142.71,1128.05,1135.54,79151,0
^HOLDING,07/11/2006,1135.54,1139.41,1133.18,1139.22,155439,0
^HOLDING,07/12/2006,1139.22,1144.01,1132.59,1135.49,25016,0
^HOLDING,07/13/2006,1134.98,1152.58,1134.98,1151.81,12143,0
^HOLDING,07/14/2006,1151.81,1151.81,1110.68,1118.92,10611,0
^HOLDING,07/17/2006,1118.92,1118.92,1087.94,1104.17,17869,0
^HOLDING,07/18/2006,1104.17,1128.39,1100.55,1114.7,70298,0
^HOLDING,07/19/2006,1114.7,1121.95,1107.08,1107.41,15785,0
^HOLDING,07/20/2006,1121.48,1147.77,1121.48,1144.65,100382,0
^HOLDING,07/21/2006,1144.65,1145.11,1137.73,1145.11,261490,0
^HOLDING,07/25/2006,1152.44,1157.68,1150.78,1155.23,57725,0
^HOLDING,07/26/2006,1155.74,1157.87,1150.05,1153.59,75790,0
^HOLDING,07/27/2006,1154.06,1180.25,1154.06,1177.14,130940,0
^HOLDING,07/28/2006,1180.26,1180.26,1165.96,1171.36,299355,0
^HOLDING,07/31/2006,1171.87,1195.38,1171.32,1195.38,101709,0
^HOLDING,08/01/2006,1195.38,1208.35,1191.55,1194.67,141877,0
^HOLDING,08/02/2006,1194.67,1194.67,1157.2,1162.7,70743,0
^HOLDING,08/03/2006,1163.21,1174.51,1162.47,1172.32,148874,0
^HOLDING,08/04/2006,1172.32,1172.87,1157.5,1159.18,111068,0
^HOLDING,08/07/2006,1159.18,1170.9,1159.18,1168.52,137674,0
^HOLDING,08/08/2006,1174.75,1178.0,1168.64,1175.95,781248,0
^HOLDING,08/09/2006,1175.95,1175.95,1164.41,1167.57,406358,0
^HOLDING,08/10/2006,1166.47,1166.47,1154.01,1160.87,613058,0
^HOLDING,08/11/2006,1160.87,1160.87,1147.42,1147.42,524285,0
^HOLDING,08/14/2006,1147.61,1155.57,1144.79,1147.6,103251,0
^HOLDING,08/15/2006,1147.6,1161.63,1147.6,1161.63,449795,0
^HOLDING,08/16/2006,1161.63,1166.14,1158.92,1158.92,268612,0
^HOLDING,08/17/2006,1158.92,1162.12,1155.74,1160.04,630621,0
^HOLDING,08/18/2006,1160.04,1160.04,1147.18,1154.07,429648,0
^HOLDING,08/22/2006,1152.74,1155.4,1138.81,1144.84,273217,0
^HOLDING,08/23/2006,1146.11,1153.93,1146.11,1151.03,164978,0
^HOLDING,08/24/2006,1154.2,1157.58,1145.01,1149.93,180926,0
^HOLDING,08/25/2006,1149.93,1157.21,1146.43,1146.64,186155,0
^HOLDING,08/28/2006,1146.64,1165.08,1146.45,1161.07,116089,0
^HOLDING,08/29/2006,1161.07,1174.68,1154.22,1173.79,221720,0
^HOLDING,08/30/2006,1173.79,1177.56,1164.27,1170.47,214137,0
^HOLDING,08/31/2006,1173.64,1188.28,1169.2,1188.28,347280,0
^HOLDING,09/01/2006,1188.28,1199.87,1188.28,1197.05,364563,0
^HOLDING,09/04/2006,1201.44,1212.1,1198.67,1211.12,781423,0
^HOLDING,09/05/2006,1213.65,1223.01,1211.9,1221.45,932500,0
^HOLDING,09/06/2006,1224.15,1234.59,1224.15,1232.98,225127,0
^HOLDING,09/07/2006,1232.98,1243.45,1231.6,1237.37,283644,0
^HOLDING,09/08/2006,1237.37,1237.56,1211.28,1227.66,281734,0
^HOLDING,09/11/2006,1227.66,1227.66,1204.53,1212.84,163719,0
^HOLDING,09/12/2006,1212.84,1212.84,1192.34,1192.34,109811,0
^HOLDING,09/13/2006,1193.38,1209.94,1193.38,1206.81,154035,0
^HOLDING,09/14/2006,1206.81,1218.72,1206.81,1218.72,70046,0
^HOLDING,09/15/2006,1218.72,1228.24,1216.42,1223.89,146443,0
^HOLDING,09/18/2006,1224.36,1234.64,1214.37,1233.37,123600,0
^HOLDING,09/19/2006,1259.53,1268.56,1259.05,1268.56,52628,0
^HOLDING,09/20/2006,1258.09,1266.51,1229.45,1239.62,86808,0
^HOLDING,09/21/2006,1249.44,1256.32,1243.5,1249.02,166213,0
^HOLDING,09/22/2006,1249.02,1249.52,1241.49,1248.25,168890,0
^HOLDING,09/25/2006,1252.06,1265.48,1252.06,1259.37,116551,0
^HOLDING,09/26/2006,1262.54,1272.25,1262.54,1268.68,55858,0
^HOLDING,09/27/2006,1269.15,1278.6,1268.26,1277.62,124184,0
^HOLDING,10/02/2006,1271.27,1277.08,1255.67,1273.49,100999,0
^HOLDING,10/03/2006,1270.31,1278.6,1266.19,1272.0,39372,0
^HOLDING,10/04/2006,1274.22,1274.22,1258.36,1270.05,48012,0
^HOLDING,10/05/2006,1279.57,1315.18,1273.27,1312.01,241317,0
^HOLDING,10/06/2006,1312.01,1355.05,1312.01,1349.54,75768,0
^HOLDING,10/09/2006,1336.85,1353.21,1336.85,1349.82,112084,0
^HOLDING,10/10/2006,1352.04,1352.04,1318.56,1334.79,46836,0
^HOLDING,10/11/2006,1325.9,1344.11,1322.73,1341.7,102598,0
^HOLDING,10/12/2006,1341.7,1347.74,1337.74,1344.09,103870,0
^HOLDING,10/13/2006,1347.27,1370.22,1347.27,1363.4,167550,0
^HOLDING,10/16/2006,1363.87,1372.72,1363.87,1368.27,127648,0
^HOLDING,10/17/2006,1368.27,1370.77,1341.0,1344.73,57615,0
^HOLDING,10/18/2006,1344.73,1369.37,1344.16,1366.2,163802,0
^HOLDING,10/19/2006,1375.72,1398.02,1375.72,1394.28,220158,0
^HOLDING,10/20/2006,1396.5,1408.12,1396.37,1396.94,269764,0
^HOLDING,10/23/2006,1397.5,1403.57,1394.29,1396.67,408294,0
^HOLDING,10/25/2006,1403.02,1447.45,1403.02,1435.32,331479,0
^HOLDING,10/26/2006,1436.44,1442.07,1428.27,1439.03,561582,0
^HOLDING,10/27/2006,1441.83,1443.9,1433.82,1435.57,574708,0
^HOLDING,10/30/2006,1435.57,1441.92,1423.29,1429.64,241420,0
^HOLDING,10/31/2006,1429.64,1432.81,1414.6,1414.6,349261,0
^HOLDING,11/02/2006,1414.6,1421.51,1408.81,1414.6,1053608,0
^HOLDING,11/03/2006,1414.6,1433.85,1414.6,1428.33,1128409,0
^HOLDING,11/06/2006,1428.33,1428.8,1411.84,1419.85,243731,0
^HOLDING,11/07/2006,1420.32,1433.51,1418.1,1429.3,524593,0
^HOLDING,11/08/2006,1429.3,1429.55,1420.76,1424.88,182583,0
^HOLDING,11/09/2006,1436.84,1441.16,1434.53,1441.16,347498,0
^HOLDING,11/10/2006,1447.71,1462.96,1447.15,1459.31,51971,0
^HOLDING,11/13/2006,1459.78,1478.52,1459.31,1474.32,507675,0
^HOLDING,11/14/2006,1474.32,1489.67,1469.66,1470.64,1568338,0
^HOLDING,11/15/2006,1470.64,1491.21,1461.59,1485.93,864660,0
^HOLDING,11/16/2006,1483.23,1498.91,1478.93,1490.34,1041624,0
^HOLDING,11/17/2006,1490.34,1523.64,1490.34,1511.42,601133,0
^HOLDING,11/20/2006,1514.99,1521.02,1507.76,1514.1,540940,0
^HOLDING,11/21/2006,1507.27,1507.34,1494.64,1503.69,477546,0
^HOLDING,11/22/2006,1500.51,1504.16,1486.7,1486.7,197321,0
^HOLDING,11/23/2006,1486.23,1486.7,1460.28,1474.34,567675,0
^HOLDING,11/24/2006,1471.16,1488.49,1471.16,1486.63,996402,0
^HOLDING,11/27/2006,1489.8,1496.75,1486.07,1493.91,562184,0
^HOLDING,11/28/2006,1483.72,1483.72,1445.55,1475.81,552005,0
^HOLDING,11/29/2006,1475.34,1475.61,1458.57,1468.01,673917,0
^HOLDING,11/30/2006,1468.01,1500.51,1464.19,1500.34,557124,0
^HOLDING,12/04/2006,1503.48,1509.77,1486.09,1499.92,402386,0
^HOLDING,12/05/2006,1501.03,1510.29,1493.66,1506.54,98007,0
^HOLDING,12/06/2006,1507.43,1507.43,1493.57,1493.57,116615,0
^HOLDING,12/07/2006,1496.9,1498.01,1468.94,1488.2,296678,0
^HOLDING,12/08/2006,1491.96,1499.67,1478.97,1499.67,331756,0
^HOLDING,12/11/2006,1502.81,1517.06,1499.19,1515.0,168326,0
^HOLDING,12/12/2006,1515.0,1522.13,1503.9,1514.78,241802,0
^HOLDING,12/13/2006,1514.78,1521.52,1507.97,1519.79,80152,0
^HOLDING,12/14/2006,1519.9,1520.11,1512.8,1512.8,60455,0
^HOLDING,12/15/2006,1512.8,1541.63,1512.8,1541.63,829387,0
^HOLDING,12/18/2006,1541.63,1565.05,1539.08,1560.83,758499,0
^HOLDING,12/19/2006,1565.05,1571.17,1554.67,1564.45,819999,0
^HOLDING,12/20/2006,1564.45,1564.92,1547.96,1558.93,960016,0
^HOLDING,12/21/2006,1558.93,1600.97,1558.93,1587.91,190844,0
^HOLDING,12/22/2006,1587.49,1633.31,1587.49,1633.31,183372,0
^HOLDING,12/27/2006,1633.52,1681.57,1632.3,1681.57,77334,0
^HOLDING,12/28/2006,1703.56,1714.14,1703.01,1709.57,79956,0
^HOLDING,12/29/2006,1709.57,1731.27,1694.72,1731.27,93710,0
^HOLDING,01/02/2007,1731.27,1731.27,1698.08,1702.52,45899,0
^HOLDING,01/03/2007,1714.55,1730.04,1714.55,1730.04,119226,0
^HOLDING,01/04/2007,1736.33,1736.33,1701.62,1716.34,53014,0
^HOLDING,01/05/2007,1718.62,1728.39,1676.82,1728.39,221504,0
^HOLDING,01/08/2007,1729.02,1729.02,1694.3,1704.07,78754,0
^HOLDING,01/09/2007,1704.07,1721.18,1702.89,1718.57,178532,0
^HOLDING,01/10/2007,1718.57,1718.57,1683.64,1693.98,1916064,0
^HOLDING,01/11/2007,1698.82,1718.72,1697.33,1717.88,1055774,0
^HOLDING,01/12/2007,1723.82,1782.94,1722.89,1777.43,1117662,0
^HOLDING,01/15/2007,1779.85,1810.46,1776.25,1802.85,941611,0
^HOLDING,01/16/2007,1801.61,1881.17,1801.61,1881.17,303283,0
^HOLDING,01/17/2007,1881.17,1896.45,1867.68,1876.39,419638,0
^HOLDING,01/18/2007,1878.34,1881.67,1852.07,1864.21,2525914,0
^HOLDING,01/19/2007,1869.72,1869.72,1839.63,1846.51,790111,0
^HOLDING,01/22/2007,1847.45,1886.64,1847.45,1880.35,329722,0
^HOLDING,01/23/2007,1879.17,1912.13,1874.06,1899.66,282020,0
^HOLDING,01/24/2007,1902.78,1957.4,1900.33,1957.4,863103,0
^HOLDING,01/25/2007,1959.0,1995.45,1953.99,1975.22,546666,0
^HOLDING,01/26/2007,1963.88,1963.88,1885.19,1919.06,642315,0
^HOLDING,01/29/2007,1919.06,1922.65,1875.17,1916.78,273728,0
^HOLDING,01/30/2007,1924.1,1943.28,1919.09,1939.42,186341,0
^HOLDING,01/31/2007,1944.93,1953.08,1927.45,1942.12,817901,0
^HOLDING,02/01/2007,1942.23,1944.92,1928.69,1944.92,968382,0
^HOLDING,02/02/2007,1948.79,2001.21,1948.79,2001.21,259184,0
^HOLDING,02/05/2007,2001.76,2009.45,1987.66,2008.27,574558,0
^HOLDING,02/06/2007,2008.27,2051.87,2002.42,2013.91,539056,0
^HOLDING,02/07/2007,2013.28,2014.46,1962.27,1979.51,583286,0
^HOLDING,02/08/2007,1976.46,1985.84,1956.05,1969.29,675114,0
^HOLDING,02/09/2007,1968.15,2015.42,1960.42,1963.26,781261,0
^HOLDING,02/12/2007,1957.01,1957.01,1920.85,1951.82,385996,0
^HOLDING,02/13/2007,1959.28,1961.34,1942.93,1961.34,1371880,0
^HOLDING,02/14/2007,1963.69,2003.09,1961.41,1995.89,1505766,0
^HOLDING,02/15/2007,2002.25,2048.52,2002.25,2045.82,728863,0
^HOLDING,02/16/2007,2039.68,2046.37,1995.76,2002.74,1059050,0
^HOLDING,02/19/2007,2003.52,2015.26,1992.82,1997.55,422589,0
^HOLDING,02/20/2007,2015.63,2055.39,2015.63,2045.65,592673,0
^HOLDING,02/21/2007,2051.56,2076.08,2041.94,2041.94,1017450,0
^HOLDING,02/22/2007,2038.82,2041.91,2014.92,2015.55,555070,0
^HOLDING,02/23/2007,2015.66,2051.18,2015.24,2041.77,611966,0
^HOLDING,02/26/2007,2048.06,2048.38,2023.6,2032.48,805401,0
^HOLDING,02/27/2007,2007.76,2011.71,1975.23,1985.15,2635141,0
^HOLDING,02/28/2007,1933.64,1933.64,1743.55,1833.02,1805426,0
^HOLDING,03/01/2007,1887.92,1930.17,1880.94,1896.09,1084908,0
^HOLDING,03/02/2007,1878.72,1878.72,1833.9,1865.76,788569,0
^HOLDING,03/05/2007,1840.09,1840.09,1750.94,1776.31,751028,0
^HOLDING,03/06/2007,1765.02,1773.5,1717.23,1717.23,444430,0
^HOLDING,03/07/2007,1795.49,1833.62,1795.49,1812.13,403690,0
^HOLDING,03/08/2007,1812.24,1823.79,1790.45,1811.63,354505,0
^HOLDING,03/09/2007,1824.18,1837.97,1824.18,1832.95,60269,0
^HOLDING,03/12/2007,1834.13,1861.46,1833.06,1856.28,181229,0
^HOLDING,03/13/2007,1864.59,1908.35,1859.48,1904.9,215989,0
^HOLDING,03/14/2007,1842.91,1857.62,1824.63,1845.88,347298,0
^HOLDING,03/15/2007,1847.02,1847.02,1813.82,1827.0,227290,0
^HOLDING,03/16/2007,1827.0,1845.94,1827.0,1827.8,412318,0
^HOLDING,03/19/2007,1832.78,1832.85,1800.19,1811.96,1207420,0
^HOLDING,03/20/2007,1813.96,1837.84,1811.77,1812.78,1007312,0
^HOLDING,03/21/2007,1818.09,1830.31,1816.46,1825.29,3741463,0
^HOLDING,03/22/2007,1839.27,1870.77,1839.27,1842.3,1991032,0
^HOLDING,03/23/2007,1859.03,1859.03,1830.43,1847.85,1724802,0
^HOLDING,03/26/2007,1877.24,1877.24,1829.33,1842.21,1524647,0
^HOLDING,03/27/2007,1842.21,1859.04,1818.92,1835.05,1077566,0
^HOLDING,03/28/2007,1842.01,1842.01,1813.5,1823.2,1314659,0
^HOLDING,03/29/2007,1810.86,1827.72,1798.44,1816.97,668587,0
^HOLDING,03/30/2007,1826.8,1872.72,1826.8,1856.96,1586876,0
^HOLDING,04/02/2007,1856.96,1877.84,1851.99,1868.22,966631,0
^HOLDING,04/03/2007,1876.12,1882.75,1863.9,1871.85,1327963,0
^HOLDING,04/04/2007,1896.22,1922.13,1896.16,1908.67,3145858,0
^HOLDING,04/10/2007,1908.67,1926.53,1900.24,1922.37,1250957,0
^HOLDING,04/11/2007,1929.45,1930.45,1915.98,1915.98,1857428,0
^HOLDING,04/12/2007,1913.71,1921.61,1868.28,1874.94,3925839,0
^HOLDING,04/13/2007,1874.62,1883.64,1867.31,1876.89,1955243,0
^HOLDING,04/16/2007,1876.89,1943.13,1874.13,1943.13,1091330,0
^HOLDING,04/17/2007,1943.13,1975.97,1943.13,1959.2,464666,0
^HOLDING,04/18/2007,1955.76,1955.76,1928.03,1954.45,205144,0
^HOLDING,04/19/2007,1957.25,1977.37,1911.01,1917.85,567599,0
^HOLDING,04/20/2007,1918.85,1922.24,1908.6,1910.75,312276,0
^HOLDING,04/23/2007,1918.71,1941.16,1918.71,1939.68,941278,0
^HOLDING,04/24/2007,1928.03,1943.54,1914.96,1940.72,458790,0
^HOLDING,04/25/2007,1940.72,1945.93,1918.19,1930.73,306726,0
^HOLDING,04/26/2007,1930.73,1995.21,1930.73,1995.21,731540,0
^HOLDING,04/27/2007,1995.28,1997.04,1971.22,1971.98,564036,0
^HOLDING,04/30/2007,1971.98,1972.05,1935.34,1939.2,221378,0
^HOLDING,05/02/2007,1966.1,1966.94,1932.05,1932.99,211425,0
^HOLDING,05/03/2007,1932.19,1933.66,1913.77,1927.68,131865,0
^HOLDING,05/04/2007,1924.81,1954.9,1924.81,1940.38,210239,0
^HOLDING,05/07/2007,1940.38,1944.59,1929.26,1937.56,189842,0
^HOLDING,05/08/2007,1959.52,1977.36,1951.62,1953.65,835759,0
^HOLDING,05/09/2007,1954.67,1965.26,1942.46,1958.66,168330,0
^HOLDING,05/10/2007,1958.73,1960.61,1950.2,1950.74,328552,0
^HOLDING,05/11/2007,1955.08,1974.86,1942.28,1973.05,1140623,0
^HOLDING,05/15/2007,1991.71,2029.73,1991.71,2009.38,853123,0
^HOLDING,05/16/2007,2012.45,2038.07,1992.28,2003.85,1162264,0
^HOLDING,05/17/2007,2095.08,2095.08,2023.66,2042.95,417394,0
^HOLDING,05/18/2007,2064.19,2075.07,2057.53,2073.04,753735,0
^HOLDING,05/21/2007,2073.04,2100.92,2071.36,2077.54,2578701,0
^HOLDING,05/22/2007,2093.51,2107.03,2081.35,2103.14,1008389,0
^HOLDING,05/23/2007,2113.1,2132.75,2100.86,2100.86,2529375,0
^HOLDING,05/24/2007,2100.86,2114.33,2093.69,2108.61,1025824,0
^HOLDING,05/25/2007,2086.87,2104.42,2060.93,2085.99,872878,0
^HOLDING,05/28/2007,2090.67,2108.9,2084.13,2084.13,1032880,0
^HOLDING,05/29/2007,2094.16,2104.04,2084.52,2087.96,1114236,0
^HOLDING,05/30/2007,2087.63,2087.63,2043.43,2057.37,1146153,0
^HOLDING,05/31/2007,2088.74,2104.14,2082.29,2103.8,625782,0
^HOLDING,06/01/2007,2107.73,2172.27,2107.73,2153.34,648743,0
^HOLDING,06/04/2007,2153.34,2207.24,2152.81,2207.24,319202,0
^HOLDING,06/05/2007,2192.58,2216.43,2191.04,2210.06,848965,0
^HOLDING,06/06/2007,2209.4,2210.61,2166.4,2166.4,2242224,0
^HOLDING,06/07/2007,2145.82,2145.82,2098.96,2132.7,721298,0
^HOLDING,06/08/2007,2120.62,2147.71,2100.46,2135.81,1165093,0
^HOLDING,06/12/2007,2164.83,2167.88,2129.03,2129.03,1113834,0
^HOLDING,06/13/2007,2123.59,2125.95,2103.26,2115.74,1152566,0
^HOLDING,06/14/2007,2118.12,2192.08,2117.91,2168.81,1276646,0
^HOLDING,06/15/2007,2217.23,2258.27,2217.23,2235.51,1921396,0
^HOLDING,06/18/2007,2235.7,2242.23,2215.77,2218.55,1046050,0
^HOLDING,06/19/2007,2209.83,2232.51,2206.61,2218.8,851278,0
^HOLDING,06/20/2007,2220.45,2242.87,2209.52,2233.21,667602,0
^HOLDING,06/21/2007,2233.19,2244.03,2190.74,2243.76,1419533,0
^HOLDING,06/22/2007,2243.17,2257.77,2230.46,2230.46,2949869,0
^HOLDING,06/25/2007,2249.45,2253.84,2189.72,2189.72,3404078,0
^HOLDING,06/26/2007,2170.81,2203.43,2170.81,2185.06,1521933,0
^HOLDING,06/27/2007,2180.93,2180.93,2140.26,2140.79,943962,0
^HOLDING,06/28/2007,2141.85,2191.81,2141.32,2186.77,574378,0
^HOLDING,06/29/2007,2183.87,2191.05,2175.6,2190.84,527148,0
^HOLDING,07/02/2007,2181.4,2212.87,2173.79,2212.0,1245146,0
^HOLDING,07/03/2007,2226.0,2248.58,2226.0,2232.46,600753,0
^HOLDING,07/04/2007,2232.8,2272.92,2232.46,2266.73,782929,0
^HOLDING,07/05/2007,2266.73,2305.11,2247.37,2305.11,1200130,0
^HOLDING,07/06/2007,2305.11,2307.92,2260.65,2264.46,1344916,0
^HOLDING,07/09/2007,2285.62,2294.08,2260.3,2271.99,1394530,0
^HOLDING,07/10/2007,2271.99,2273.48,2258.21,2259.52,1443748,0
^HOLDING,07/11/2007,2229.55,2267.22,2225.49,2248.36,2524226,0
^HOLDING,07/12/2007,2248.43,2273.58,2239.05,2273.58,2547158,0
^HOLDING,07/13/2007,2285.51,2315.75,2276.5,2284.9,3960076,0
^HOLDING,07/16/2007,2284.9,2288.82,2253.11,2258.74,2945539,0
^HOLDING,07/17/2007,2252.6,2257.06,2212.24,2224.67,876471,0
^HOLDING,07/18/2007,2226.52,2249.01,2222.58,2240.68,833777,0
^HOLDING,07/19/2007,2208.11,2240.41,2207.12,2211.34,1166438,0
^HOLDING,07/20/2007,2212.21,2253.52,2211.93,2253.52,360637,0
^HOLDING,07/23/2007,2251.67,2253.55,2223.8,2253.55,2117489,0
^HOLDING,07/24/2007,2253.55,2259.01,2235.4,2235.4,819891,0
^HOLDING,07/25/2007,2232.08,2232.08,2146.1,2197.21,269480,0
^HOLDING,07/26/2007,2197.21,2208.43,2182.69,2184.12,688245,0
^HOLDING,07/27/2007,2123.38,2123.38,2056.98,2068.24,409406,0
^HOLDING,07/30/2007,2045.78,2049.85,2004.37,2034.13,395861,0
^HOLDING,07/31/2007,2056.15,2079.52,2043.06,2051.24,263564,0
^HOLDING,08/01/2007,2012.0,2023.87,1982.14,2003.37,1008581,0
^HOLDING,08/02/2007,2012.58,2023.7,1937.12,1945.18,1148657,0
^HOLDING,08/03/2007,1971.38,1971.38,1883.33,1909.8,764660,0
^HOLDING,08/06/2007,1876.85,1876.85,1808.41,1818.87,748881,0
^HOLDING,08/07/2007,1872.36,1886.5,1863.01,1877.33,562903,0
^HOLDING,08/08/2007,1880.07,1899.69,1880.07,1887.55,551827,0
^HOLDING,08/09/2007,1888.6,1919.47,1888.6,1916.49,277854,0
^HOLDING,08/10/2007,1881.07,1881.07,1836.31,1842.32,575181,0
^HOLDING,08/13/2007,1837.75,1852.69,1815.79,1819.53,192869,0
^HOLDING,08/14/2007,1837.79,1837.79,1814.14,1820.43,217762,0
^HOLDING,08/15/2007,1796.43,1796.43,1703.19,1728.73,290496,0
^HOLDING,08/16/2007,1707.73,1707.73,1636.42,1656.12,724164,0
^HOLDING,08/17/2007,1661.97,1680.59,1579.76,1593.25,337873,0
^HOLDING,08/21/2007,1650.61,1766.54,1650.61,1766.54,581029,0
^HOLDING,08/22/2007,1764.14,1764.14,1721.62,1747.2,280229,0
^HOLDING,08/23/2007,1768.69,1822.82,1768.69,1795.51,310368,0
^HOLDING,08/24/2007,1792.63,1792.63,1763.68,1768.68,147862,0
^HOLDING,08/28/2007,1771.22,1814.08,1771.22,1808.0,154840,0
^HOLDING,08/29/2007,1768.55,1797.77,1766.42,1794.59,155519,0
^HOLDING,08/30/2007,1813.14,1859.39,1809.82,1842.67,170631,0
^HOLDING,08/31/2007,1843.59,1896.02,1836.1,1887.13,345893,0
^HOLDING,09/03/2007,1889.19,1916.74,1888.74,1906.81,152432,0
^HOLDING,09/04/2007,1908.02,1908.02,1840.86,1840.86,1076110,0
^HOLDING,09/05/2007,1851.98,1867.14,1830.91,1835.6,884461,0
^HOLDING,09/06/2007,1834.68,1837.95,1818.93,1819.93,2171830,0
^HOLDING,09/07/2007,1821.03,1832.9,1809.63,1832.9,2711721,0
^HOLDING,09/10/2007,1827.6,1827.6,1773.97,1777.23,1312488,0
^HOLDING,09/11/2007,1772.66,1789.66,1771.58,1778.32,1368130,0
^HOLDING,09/12/2007,1775.67,1830.12,1775.67,1829.92,1029754,0
^HOLDING,09/13/2007,1831.66,1856.6,1822.65,1822.65,1479846,0
^HOLDING,09/14/2007,1837.36,1844.13,1829.15,1837.97,1195084,0
^HOLDING,09/17/2007,1840.03,1852.4,1840.03,1849.76,861979,0
^HOLDING,09/18/2007,1849.72,1870.19,1843.65,1844.64,854942,0
^HOLDING,09/19/2007,1844.64,1886.26,1844.64,1869.15,602126,0
^HOLDING,09/20/2007,1869.15,1929.54,1869.15,1927.12,525495,0
^HOLDING,09/21/2007,1907.02,1916.7,1896.57,1910.28,50270,0
^HOLDING,09/24/2007,1913.05,1920.31,1906.51,1917.12,502644,0
^HOLDING,09/25/2007,1915.28,1919.01,1892.26,1912.36,562542,0
^HOLDING,09/26/2007,1913.02,1931.82,1908.46,1931.31,904783,0
^HOLDING,09/27/2007,1941.93,1998.09,1941.93,1998.09,982316,0
^HOLDING,09/28/2007,2007.22,2058.54,2007.22,2033.04,482111,0
^HOLDING,10/01/2007,2033.33,2047.78,2025.93,2038.65,506107,0
^HOLDING,10/02/2007,2076.04,2142.19,2076.04,2119.5,656671,0
^HOLDING,10/03/2007,2118.58,2186.39,2118.58,2181.44,1474512,0
^HOLDING,10/04/2007,2172.51,2233.62,2160.34,2182.72,1939899,0
^HOLDING,10/05/2007,2185.74,2196.51,2105.69,2142.47,2430419,0
^HOLDING,10/08/2007,2181.24,2216.55,2165.69,2170.34,2240697,0
^HOLDING,10/09/2007,2171.26,2171.26,2097.31,2106.36,1143130,0
^HOLDING,10/10/2007,2109.69,2183.69,2109.69,2176.55,584483,0
^HOLDING,10/11/2007,2176.55,2188.0,2137.75,2188.0,494091,0
^HOLDING,10/15/2007,2187.61,2187.61,2146.57,2164.47,659059,0
^HOLDING,10/16/2007,2127.61,2153.48,2109.35,2127.98,380267,0
^HOLDING,10/17/2007,2127.06,2139.28,2107.03,2110.81,1291384,0
^HOLDING,10/18/2007,2111.39,2136.94,2111.39,2134.4,610872,0
^HOLDING,10/19/2007,2136.24,2158.24,2133.42,2143.05,422052,0
^HOLDING,10/22/2007,2073.55,2073.55,2024.1,2052.01,957813,0
^HOLDING,10/23/2007,2052.79,2094.58,2052.47,2067.49,614510,0
^HOLDING,10/24/2007,2068.15,2122.18,2067.84,2110.71,390887,0
^HOLDING,10/25/2007,2119.92,2138.1,2116.18,2135.28,643909,0
^HOLDING,10/26/2007,2145.91,2176.84,2145.91,2175.29,400064,0
^HOLDING,10/30/2007,2188.73,2212.61,2181.9,2208.02,696613,0
^HOLDING,10/31/2007,2208.7,2225.59,2173.58,2225.59,920971,0
^HOLDING,11/05/2007,2231.45,2278.76,2203.74,2267.59,1431945,0
^HOLDING,11/06/2007,2267.79,2267.79,2209.94,2226.97,2073666,0
^HOLDING,11/07/2007,2248.17,2248.17,2207.43,2238.02,1220241,0
^HOLDING,11/08/2007,2197.86,2197.86,2118.59,2136.82,643923,0
^HOLDING,11/09/2007,2136.82,2145.56,2123.27,2139.12,207681,0
^HOLDING,11/12/2007,2095.97,2102.47,2072.65,2084.14,763641,0
^HOLDING,11/13/2007,2063.72,2069.3,2033.47,2056.6,348761,0
^HOLDING,11/14/2007,2102.8,2143.38,2102.8,2104.68,470249,0
^HOLDING,11/15/2007,2104.76,2113.97,2093.19,2102.92,433592,0
^HOLDING,11/16/2007,2085.37,2095.04,2059.28,2069.74,265920,0
^HOLDING,11/19/2007,2071.24,2083.49,2055.92,2075.9,811884,0
^HOLDING,11/20/2007,2034.87,2053.66,2017.26,2035.09,874498,0
^HOLDING,11/21/2007,2017.97,2037.99,2017.79,2021.34,777833,0
^HOLDING,11/22/2007,1987.99,1988.5,1965.93,1988.5,326673,0
^HOLDING,11/23/2007,1988.5,1988.5,1957.77,1980.4,387186,0
^HOLDING,11/26/2007,1981.04,2037.65,1981.04,2028.97,374526,0
^HOLDING,11/27/2007,2013.43,2018.39,1998.91,1999.34,223668,0
^HOLDING,11/28/2007,2002.11,2040.17,1982.29,1993.8,381204,0
^HOLDING,11/29/2007,2024.97,2055.98,1971.66,1982.42,1303414,0
^HOLDING,12/03/2007,2002.82,2049.65,2002.82,2024.41,999505,0
^HOLDING,12/04/2007,2024.42,2037.98,2020.89,2024.82,292149,0
^HOLDING,12/05/2007,2024.16,2026.07,2009.02,2010.45,766725,0
^HOLDING,12/06/2007,2050.76,2102.15,2050.76,2091.3,597053,0
^HOLDING,12/07/2007,2103.44,2125.91,2095.74,2095.74,397376,0
^HOLDING,12/10/2007,2109.13,2109.21,2058.44,2063.87,170621,0
^HOLDING,12/11/2007,2069.51,2082.55,2050.83,2082.55,179614,0
^HOLDING,12/12/2007,2079.06,2079.06,2026.13,2040.84,2176443,0
^HOLDING,12/13/2007,2058.58,2061.41,2036.84,2038.1,148932,0
^HOLDING,12/14/2007,2020.21,2020.36,1967.52,1967.56,199327,0
^HOLDING,12/17/2007,1956.38,1956.38,1911.83,1914.17,174602,0
^HOLDING,12/18/2007,1886.69,1893.71,1846.78,1880.52,617496,0
^HOLDING,12/19/2007,1898.41,1898.54,1870.84,1873.92,207101,0
^HOLDING,12/20/2007,1873.92,1893.68,1873.92,1889.47,93412,0
^HOLDING,12/21/2007,1899.23,1943.26,1899.23,1927.96,12296619,0
^HOLDING,12/26/2007,1954.71,1994.35,1954.68,1986.18,105089,0
^HOLDING,12/27/2007,1986.18,2050.74,1986.18,2046.54,192890,0
^HOLDING,12/28/2007,2026.34,2036.59,1995.77,2036.59,156580,0
^HOLDING,01/02/2008,2036.4,2038.43,1978.29,1992.0,401407,0
^HOLDING,01/03/2008,1986.52,1986.68,1898.22,1908.75,827715,0
^HOLDING,01/04/2008,1891.35,1915.07,1886.34,1897.97,244480,0
^HOLDING,01/07/2008,1860.68,1860.68,1818.33,1826.0,246857,0
^HOLDING,01/08/2008,1826.24,1828.33,1817.85,1820.85,244043,0
^HOLDING,01/09/2008,1793.09,1828.87,1793.09,1826.82,563317,0
^HOLDING,01/10/2008,1847.73,1869.84,1847.73,1852.8,318080,0
^HOLDING,01/11/2008,1864.12,1917.56,1864.12,1894.51,177577,0
^HOLDING,01/14/2008,1867.92,1912.42,1858.41,1912.42,118588,0
^HOLDING,01/15/2008,1918.0,1946.39,1899.79,1906.58,130013,0
^HOLDING,01/16/2008,1858.6,1858.6,1837.11,1839.21,400894,0
^HOLDING,01/17/2008,1830.35,1830.35,1754.18,1764.41,349121,0
^HOLDING,01/18/2008,1716.63,1718.07,1659.46,1696.68,335074,0
^HOLDING,01/21/2008,1696.68,1700.23,1680.48,1691.41,204163,0
^HOLDING,01/22/2008,1684.09,1684.09,1601.99,1617.04,404372,0
^HOLDING,01/23/2008,1652.53,1689.83,1652.53,1666.18,281776,0
^HOLDING,01/24/2008,1692.01,1708.15,1677.44,1683.66,262174,0
^HOLDING,01/25/2008,1686.63,1725.28,1686.63,1720.77,287210,0
^HOLDING,01/28/2008,1712.53,1712.61,1681.49,1684.93,103464,0
^HOLDING,01/29/2008,1704.35,1723.14,1701.56,1707.12,114193,0
^HOLDING,01/30/2008,1712.6,1731.46,1710.41,1724.94,160531,0
^HOLDING,01/31/2008,1719.77,1724.2,1707.46,1713.39,98481,0
^HOLDING,02/01/2008,1722.25,1750.19,1722.25,1736.47,113238,0
^HOLDING,02/04/2008,1759.92,1760.89,1738.21,1742.85,153408,0
^HOLDING,02/05/2008,1733.99,1733.99,1716.62,1717.59,205541,0
^HOLDING,02/06/2008,1717.59,1717.59,1674.85,1700.95,135409,0
^HOLDING,02/07/2008,1700.79,1708.48,1696.1,1703.18,184315,0
^HOLDING,02/08/2008,1715.52,1731.4,1715.52,1723.06,125167,0
^HOLDING,02/11/2008,1726.89,1729.36,1689.67,1689.67,133284,0
^HOLDING,02/12/2008,1690.0,1719.23,1688.95,1699.07,72307,0
^HOLDING,02/13/2008,1716.13,1717.84,1701.06,1703.6,102165,0
^HOLDING,02/14/2008,1705.48,1735.86,1705.4,1713.29,176787,0
^HOLDING,02/15/2008,1712.19,1722.48,1700.43,1711.21,35419,0
^HOLDING,02/18/2008,1702.15,1706.27,1683.73,1687.01,181806,0
^HOLDING,02/19/2008,1683.47,1709.55,1683.47,1703.92,190271,0
^HOLDING,02/20/2008,1695.8,1705.83,1692.6,1700.59,236859,0
^HOLDING,02/21/2008,1700.59,1718.88,1685.95,1693.02,85780,0
^HOLDING,02/22/2008,1692.88,1692.88,1648.78,1653.01,119755,0
^HOLDING,02/26/2008,1653.11,1674.17,1634.45,1648.82,93814,0
^HOLDING,02/27/2008,1648.82,1649.44,1636.22,1646.51,87998,0
^HOLDING,02/28/2008,1646.59,1660.55,1642.94,1643.91,74261,0
^HOLDING,02/29/2008,1647.52,1669.75,1643.83,1651.18,40231,0
^HOLDING,03/03/2008,1642.89,1642.89,1619.55,1631.97,67092,0
^HOLDING,03/04/2008,1629.55,1643.31,1629.33,1643.07,25165,0
^HOLDING,03/05/2008,1643.07,1644.42,1639.92,1639.92,62221,0
^HOLDING,03/06/2008,1640.0,1647.12,1637.16,1642.81,24663,0
^HOLDING,03/07/2008,1638.27,1638.34,1593.38,1593.38,73299,0
^HOLDING,03/10/2008,1588.67,1588.75,1542.89,1549.65,66586,0
^HOLDING,03/11/2008,1545.18,1547.11,1521.5,1524.29,52763,0
^HOLDING,03/12/2008,1553.92,1576.34,1546.91,1547.63,72041,0
^HOLDING,03/13/2008,1534.54,1534.54,1515.87,1525.17,39885,0
^HOLDING,03/14/2008,1525.17,1541.67,1517.87,1535.45,34321,0
^HOLDING,03/17/2008,1535.19,1535.42,1476.75,1491.11,89195,0
^HOLDING,03/18/2008,1491.49,1499.09,1481.52,1484.14,34693,0
^HOLDING,03/19/2008,1499.78,1517.25,1496.12,1511.75,56295,0
^HOLDING,03/24/2008,1516.14,1558.75,1516.14,1542.64,53191,0
^HOLDING,03/25/2008,1542.64,1574.65,1541.32,1551.37,118527,0
^HOLDING,03/26/2008,1555.76,1571.71,1555.75,1561.16,98367,0
^HOLDING,03/27/2008,1561.16,1561.31,1539.76,1544.17,140418,0
^HOLDING,03/28/2008,1520.75,1542.01,1511.97,1537.54,54833,0
^HOLDING,03/31/2008,1546.24,1568.01,1541.85,1543.58,159391,0
^HOLDING,04/01/2008,1541.86,1546.12,1530.67,1543.9,57798,0
^HOLDING,04/02/2008,1575.5,1610.04,1571.94,1610.04,92816,0
^HOLDING,04/03/2008,1608.24,1619.96,1607.12,1619.96,49172,0
^HOLDING,04/04/2008,1619.96,1619.96,1588.68,1590.01,67910,0
^HOLDING,04/08/2008,1590.01,1600.0,1583.68,1585.3,40429,0
^HOLDING,04/09/2008,1585.3,1591.51,1571.72,1571.72,147524,0
^HOLDING,04/10/2008,1571.5,1572.32,1554.41,1565.28,49079,0
^HOLDING,04/11/2008,1566.25,1574.78,1548.01,1552.33,30323,0
^HOLDING,04/14/2008,1551.43,1551.51,1531.27,1542.63,23202,0
^HOLDING,04/15/2008,1540.68,1540.68,1531.83,1532.21,15670,0
^HOLDING,04/16/2008,1534.92,1542.57,1527.9,1533.31,21363,0
^HOLDING,04/17/2008,1537.78,1556.02,1536.28,1536.28,95122,0
^HOLDING,04/18/2008,1542.36,1546.83,1528.55,1528.55,41897,0
^HOLDING,04/21/2008,1570.71,1570.71,1523.21,1523.21,47597,0
^HOLDING,04/22/2008,1523.21,1529.05,1503.77,1515.22,54419,0
^HOLDING,04/23/2008,1504.68,1504.83,1488.04,1495.74,57226,0
^HOLDING,04/24/2008,1495.89,1505.06,1491.24,1493.2,74165,0
^HOLDING,04/25/2008,1493.2,1498.59,1452.99,1452.99,141452,0
^HOLDING,04/28/2008,1452.99,1452.99,1402.52,1410.82,70679,0
^HOLDING,04/29/2008,1409.92,1438.82,1409.92,1426.89,25760,0
^HOLDING,04/30/2008,1432.21,1444.34,1409.06,1413.55,59645,0
^HOLDING,05/02/2008,1413.68,1431.24,1403.1,1403.1,21010,0
^HOLDING,05/05/2008,1400.66,1439.67,1400.66,1431.5,23245,0
^HOLDING,05/06/2008,1437.94,1437.94,1403.92,1407.52,47956,0
^HOLDING,05/07/2008,1413.2,1435.79,1413.2,1423.02,49737,0
^HOLDING,05/08/2008,1417.62,1454.25,1414.81,1454.25,154513,0
^HOLDING,05/09/2008,1454.25,1481.01,1454.25,1474.13,149207,0
^HOLDING,05/12/2008,1474.13,1493.96,1472.79,1493.96,50683,0
^HOLDING,05/13/2008,1527.16,1560.31,1527.16,1556.54,79738,0
^HOLDING,05/14/2008,1556.98,1559.65,1538.41,1545.92,57245,0
^HOLDING,05/15/2008,1545.92,1548.8,1525.95,1533.84,45684,0
^HOLDING,05/16/2008,1544.76,1562.32,1529.11,1558.04,90621,0
^HOLDING,05/19/2008,1551.44,1558.36,1544.53,1558.36,86958,0
^HOLDING,05/20/2008,1566.69,1585.88,1566.69,1578.28,89761,0
^HOLDING,05/21/2008,1576.9,1576.98,1544.15,1559.36,197873,0
^HOLDING,05/22/2008,1531.49,1533.72,1519.92,1526.83,159560,0
^HOLDING,05/23/2008,1526.83,1548.08,1526.68,1542.65,106129,0
^HOLDING,05/26/2008,1541.99,1552.76,1526.23,1541.91,46513,0
^HOLDING,05/27/2008,1532.2,1562.67,1532.2,1557.39,90906,0
^HOLDING,05/28/2008,1560.23,1563.7,1543.73,1543.73,77081,0
^HOLDING,05/29/2008,1544.63,1549.29,1526.4,1532.14,72234,0
^HOLDING,05/30/2008,1542.45,1556.44,1542.45,1546.79,51584,0
^HOLDING,06/02/2008,1541.93,1551.91,1540.37,1547.68,38849,0
^HOLDING,06/03/2008,1533.35,1535.06,1493.36,1512.71,362832,0
^HOLDING,06/04/2008,1522.14,1522.14,1500.42,1503.28,100026,0
^HOLDING,06/05/2008,1488.05,1488.05,1454.81,1461.45,143599,0
^HOLDING,06/06/2008,1460.64,1495.5,1460.64,1492.38,109090,0
^HOLDING,06/10/2008,1464.21,1464.21,1431.07,1437.67,109499,0
^HOLDING,06/11/2008,1438.0,1438.3,1397.84,1399.84,371128,0
^HOLDING,06/12/2008,1384.84,1384.84,1357.82,1377.77,121624,0
^HOLDING,06/13/2008,1377.79,1392.64,1377.79,1384.43,103472,0
^HOLDING,06/16/2008,1384.43,1432.15,1382.29,1427.75,115569,0
^HOLDING,06/17/2008,1428.08,1447.27,1417.86,1437.09,62293,0
^HOLDING,06/18/2008,1429.37,1429.66,1422.47,1426.91,43440,0
^HOLDING,06/19/2008,1414.79,1414.79,1393.85,1398.82,116471,0
^HOLDING,06/20/2008,1389.11,1394.96,1377.91,1387.93,76624,0
^HOLDING,06/23/2008,1375.66,1375.66,1328.37,1344.41,110808,0
^HOLDING,06/24/2008,1342.05,1347.15,1326.72,1327.5,53968,0
^HOLDING,06/25/2008,1306.17,1327.0,1306.17,1327.0,84983,0
^HOLDING,06/26/2008,1327.0,1344.44,1321.93,1334.78,95792,0
^HOLDING,06/27/2008,1310.91,1311.0,1284.87,1293.98,187919,0
^HOLDING,06/30/2008,1296.87,1297.76,1289.31,1293.72,91451,0
^HOLDING,07/01/2008,1293.72,1293.72,1263.24,1263.24,66637,0
^HOLDING,07/02/2008,1263.43,1269.64,1250.73,1250.73,78326,0
^HOLDING,07/03/2008,1231.76,1235.3,1208.42,1221.99,163457,0
^HOLDING,07/04/2008,1221.67,1246.07,1221.67,1237.43,145474,0
^HOLDING,07/07/2008,1251.12,1279.8,1251.09,1272.55,186482,0
^HOLDING,07/08/2008,1274.36,1288.84,1274.36,1288.82,119713,0
^HOLDING,07/09/2008,1298.81,1311.71,1298.81,1307.39,318872,0
^HOLDING,07/10/2008,1302.03,1310.38,1292.48,1296.13,502186,0
^HOLDING,07/11/2008,1296.84,1300.73,1276.87,1276.93,544241,0
^HOLDING,07/14/2008,1266.44,1280.55,1264.65,1270.79,288776,0
^HOLDING,07/15/2008,1270.3,1273.06,1253.01,1253.1,194250,0
^HOLDING,07/16/2008,1258.3,1258.3,1241.0,1245.44,190652,0
^HOLDING,07/17/2008,1261.26,1267.96,1247.06,1248.09,181112,0
^HOLDING,07/18/2008,1252.92,1264.37,1252.73,1253.93,480695,0
^HOLDING,07/21/2008,1253.93,1288.24,1253.93,1288.24,133826,0
^HOLDING,07/22/2008,1288.24,1288.24,1273.3,1273.3,204319,0
^HOLDING,07/23/2008,1284.41,1317.09,1284.41,1311.45,146860,0
^HOLDING,07/24/2008,1311.48,1361.29,1311.48,1359.59,234547,0
^HOLDING,07/25/2008,1338.13,1350.33,1330.4,1340.34,415518,0
^HOLDING,07/28/2008,1340.53,1357.56,1340.24,1349.89,285094,0
^HOLDING,07/29/2008,1355.72,1356.57,1335.92,1350.88,306367,0
^HOLDING,07/30/2008,1374.12,1385.58,1372.34,1382.56,412040,0
^HOLDING,07/31/2008,1387.88,1401.39,1371.27,1379.64,1071948,0
^HOLDING,08/01/2008,1374.81,1378.47,1348.7,1373.99,362901,0
^HOLDING,08/04/2008,1374.7,1400.02,1368.83,1396.56,269507,0
^HOLDING,08/05/2008,1402.19,1422.28,1402.19,1417.51,405628,0
^HOLDING,08/06/2008,1453.91,1479.82,1453.91,1473.91,410849,0
^HOLDING,08/07/2008,1474.75,1476.05,1460.34,1468.59,359376,0
^HOLDING,08/08/2008,1466.94,1469.42,1453.8,1468.61,203361,0
^HOLDING,08/11/2008,1497.19,1503.39,1488.42,1499.34,2117646,0
^HOLDING,08/12/2008,1499.67,1499.67,1461.83,1468.96,185801,0
^HOLDING,08/13/2008,1468.3,1468.3,1437.5,1447.4,226214,0
^HOLDING,08/14/2008,1454.12,1454.19,1427.42,1450.5,186219,0
^HOLDING,08/15/2008,1456.21,1462.45,1445.41,1460.95,102098,0
^HOLDING,08/19/2008,1449.19,1449.19,1412.67,1420.89,211150,0
^HOLDING,08/20/2008,1398.83,1408.57,1392.26,1405.98,182084,0
^HOLDING,08/21/2008,1404.48,1404.48,1385.77,1386.61,138726,0
^HOLDING,08/22/2008,1381.08,1390.25,1364.19,1390.25,60493,0
^HOLDING,08/26/2008,1373.54,1380.18,1368.67,1378.47,89543,0
^HOLDING,08/27/2008,1378.8,1403.16,1372.62,1403.16,96120,0
^HOLDING,08/28/2008,1403.49,1412.42,1396.25,1407.77,157324,0
^HOLDING,08/29/2008,1407.81,1455.48,1407.81,1454.62,381479,0
^HOLDING,09/01/2008,1428.1,1450.7,1412.41,1450.7,382740,0
^HOLDING,09/02/2008,1451.15,1478.83,1451.15,1467.81,292316,0
^HOLDING,09/03/2008,1484.04,1488.42,1471.68,1480.67,127841,0
^HOLDING,09/04/2008,1490.75,1490.75,1469.99,1477.44,214436,0
^HOLDING,09/05/2008,1451.25,1459.78,1445.64,1459.78,109165,0
^HOLDING,09/08/2008,1467.55,1469.78,1449.2,1459.41,116411,0
^HOLDING,09/09/2008,1461.85,1462.21,1434.93,1441.23,157298,0
^HOLDING,09/10/2008,1435.62,1436.52,1421.98,1431.94,200799,0
^HOLDING,09/11/2008,1429.8,1429.8,1398.73,1401.76,114064,0
^HOLDING,09/12/2008,1395.03,1395.03,1382.16,1389.41,125552,0
^HOLDING,09/15/2008,1387.61,1388.82,1346.36,1364.37,305154,0
^HOLDING,09/16/2008,1357.94,1357.94,1293.41,1313.48,248680,0
^HOLDING,09/17/2008,1325.38,1340.57,1325.38,1329.97,200323,0
^HOLDING,09/18/2008,1327.47,1327.47,1258.37,1263.74,107643,0
^HOLDING,09/19/2008,1303.55,1337.66,1303.55,1331.75,84471,0
^HOLDING,09/22/2008,1358.61,1371.03,1352.96,1356.54,120433,0
^HOLDING,09/23/2008,1336.63,1348.92,1322.85,1331.6,167036,0
^HOLDING,09/24/2008,1326.77,1342.94,1326.16,1335.31,188176,0
^HOLDING,09/25/2008,1334.98,1349.17,1334.98,1344.98,111426,0
^HOLDING,09/26/2008,1342.38,1362.88,1341.87,1351.2,99597,0
^HOLDING,09/29/2008,1356.53,1366.21,1354.78,1354.78,113219,0
^HOLDING,09/30/2008,1300.74,1339.27,1266.64,1339.27,229559,0
^HOLDING,10/02/2008,1341.87,1373.81,1341.87,1373.81,194177,0
^HOLDING,10/03/2008,1363.57,1363.57,1328.25,1335.14,175904,0
^HOLDING,10/06/2008,1319.35,1319.35,1281.64,1281.64,43373,0
^HOLDING,10/07/2008,1249.93,1258.46,1229.82,1231.69,122095,0
^HOLDING,10/08/2008,1205.6,1209.44,1182.22,1182.89,242296,0
^HOLDING,10/09/2008,1179.57,1191.04,1165.51,1165.51,76242,0
^HOLDING,10/10/2008,1145.45,1145.45,1080.82,1087.79,106166,0
^HOLDING,10/13/2008,1103.33,1129.32,1083.44,1089.39,133250,0
^HOLDING,10/14/2008,1149.98,1170.54,1138.49,1152.69,242412,0
^HOLDING,10/15/2008,1140.21,1143.0,1124.98,1135.09,145542,0
^HOLDING,10/16/2008,1097.29,1097.29,1074.88,1075.97,219512,0
^HOLDING,10/17/2008,1091.18,1101.79,1041.69,1045.85,248075,0
^HOLDING,10/20/2008,1045.85,1057.77,1027.68,1030.9,158137,0
^HOLDING,10/21/2008,1039.95,1054.06,1034.51,1037.89,126034,0
^HOLDING,10/22/2008,1035.61,1039.33,1023.12,1033.37,59872,0
^HOLDING,10/23/2008,1011.63,1011.63,972.08,983.44,225650,0
^HOLDING,10/24/2008,991.76,994.14,950.26,953.92,113753,0
^HOLDING,10/27/2008,950.89,950.89,851.95,851.95,127788,0
^HOLDING,10/28/2008,879.98,879.98,842.26,848.5,144454,0
^HOLDING,10/29/2008,882.39,905.24,876.45,879.28,85810,0
^HOLDING,10/30/2008,885.6,938.08,885.6,936.08,135572,0
^HOLDING,10/31/2008,958.99,982.06,958.99,974.95,207447,0
^HOLDING,11/03/2008,983.55,1020.01,983.55,1016.14,164857,0
^HOLDING,11/04/2008,1015.78,1026.51,999.38,1004.64,116386,0
^HOLDING,11/05/2008,1015.4,1028.74,1001.83,1007.94,110756,0
^HOLDING,11/06/2008,994.93,994.93,978.42,982.14,326236,0
^HOLDING,11/07/2008,968.65,968.65,941.74,947.49,72245,0
^HOLDING,11/10/2008,947.31,966.38,927.5,930.74,41883,0
^HOLDING,11/11/2008,930.01,932.46,922.52,926.48,44631,0
^HOLDING,11/12/2008,928.73,928.76,910.73,915.09,72752,0
^HOLDING,11/13/2008,901.04,901.9,891.1,895.93,95857,0
^HOLDING,11/14/2008,902.67,918.64,902.66,910.18,132256,0
^HOLDING,11/17/2008,910.34,910.56,896.63,900.24,26771,0
^HOLDING,11/18/2008,895.23,895.23,854.71,859.54,195261,0
^HOLDING,11/19/2008,859.6,865.85,850.76,853.82,68744,0
^HOLDING,11/20/2008,839.6,839.6,824.67,829.79,35074,0
^HOLDING,11/21/2008,822.36,822.36,797.44,801.53,66794,0
^HOLDING,11/24/2008,813.4,817.7,803.72,805.82,21230,0
^HOLDING,11/25/2008,818.88,848.46,817.61,841.26,207109,0
^HOLDING,11/26/2008,841.5,853.2,836.9,843.5,24091,0
^HOLDING,11/27/2008,849.3,864.59,845.32,860.42,99262,0
^HOLDING,11/28/2008,865.42,865.42,852.73,860.94,107228,0
^HOLDING,12/02/2008,833.43,833.43,816.34,816.34,43541,0
^HOLDING,12/03/2008,826.01,829.18,809.96,813.21,24999,0
^HOLDING,12/04/2008,813.09,813.38,801.03,805.89,44310,0
^HOLDING,12/05/2008,801.2,802.5,794.99,797.25,13144,0
^HOLDING,12/08/2008,797.0,825.56,795.84,823.41,31748,0
^HOLDING,12/09/2008,839.43,849.63,837.08,842.02,44068,0
^HOLDING,12/10/2008,843.01,868.75,841.52,868.75,61703,0
^HOLDING,12/11/2008,869.6,908.05,869.6,905.43,122627,0
^HOLDING,12/12/2008,902.98,904.46,871.94,871.94,61826,0
^HOLDING,12/15/2008,880.57,901.06,880.57,897.19,47556,0
^HOLDING,12/16/2008,897.17,906.38,889.6,905.35,61033,0
^HOLDING,12/17/2008,910.13,940.1,910.13,920.31,48510,0
^HOLDING,12/18/2008,920.31,925.16,911.42,925.16,63521,0
^HOLDING,12/19/2008,922.85,934.57,919.37,927.47,97659,0
^HOLDING,12/22/2008,927.47,929.01,893.75,895.74,78526,0
^HOLDING,12/23/2008,902.98,909.38,882.07,890.11,42783,0
^HOLDING,12/24/2008,890.14,902.43,887.72,897.45,32007,0
^HOLDING,01/05/2009,901.72,962.54,901.72,955.51,68347,0
^HOLDING,01/06/2009,954.12,957.96,947.58,951.42,84882,0
^HOLDING,01/07/2009,958.54,991.8,958.54,991.8,214981,0
^HOLDING,01/08/2009,980.94,980.94,959.11,962.3,60158,0
^HOLDING,01/09/2009,962.33,971.27,962.33,964.71,156212,0
^HOLDING,01/12/2009,963.08,981.34,962.66,978.73,144927,0
^HOLDING,01/13/2009,972.56,979.98,972.56,979.44,97098,0
^HOLDING,01/14/2009,979.62,981.37,970.36,973.22,38194,0
^HOLDING,01/15/2009,959.09,959.09,940.37,948.59,56995,0
^HOLDING,01/16/2009,951.95,962.77,951.95,956.34,24289,0
^HOLDING,01/19/2009,956.99,967.7,948.52,949.94,34327,0
^HOLDING,01/20/2009,951.65,951.65,933.03,948.2,48354,0
^HOLDING,01/21/2009,944.95,944.95,906.41,915.25,18438,0
^HOLDING,01/22/2009,917.0,924.57,915.22,917.43,53031,0
^HOLDING,01/23/2009,912.43,915.78,896.03,907.35,76537,0
^HOLDING,01/26/2009,910.29,918.59,908.79,916.19,11407,0
^HOLDING,01/27/2009,916.22,921.14,915.96,919.11,9240,0
^HOLDING,01/28/2009,919.11,927.44,916.16,917.61,5305,0
^HOLDING,01/29/2009,918.12,923.58,908.31,911.42,30106,0
^HOLDING,01/30/2009,906.83,907.19,887.23,891.5,8645,0
^HOLDING,02/02/2009,879.85,889.45,878.73,887.01,10769,0
^HOLDING,02/03/2009,888.41,890.75,878.58,881.83,15196,0
^HOLDING,02/04/2009,886.87,896.49,885.19,895.18,34069,0
^HOLDING,02/05/2009,895.18,925.02,895.18,925.02,18782,0
^HOLDING,02/06/2009,930.3,959.22,930.3,950.01,49222,0
^HOLDING,02/09/2009,952.01,955.47,945.61,953.56,50009,0
^HOLDING,02/10/2009,953.56,953.56,930.97,931.55,12613,0
^HOLDING,02/11/2009,916.51,930.94,913.07,930.94,27316,0
^HOLDING,02/12/2009,930.94,944.57,930.94,942.97,39440,0
^HOLDING,02/13/2009,943.07,962.26,943.07,955.36,119296,0
^HOLDING,02/16/2009,955.37,955.37,947.89,950.86,31824,0
^HOLDING,02/17/2009,946.58,947.39,929.61,932.93,50724,0
^HOLDING,02/18/2009,929.57,931.31,922.57,931.31,31148,0
^HOLDING,02/19/2009,932.71,935.97,927.43,929.06,183438,0
^HOLDING,02/20/2009,920.55,923.79,916.63,921.76,109186,0
^HOLDING,02/23/2009,921.81,921.81,900.8,906.2,42377,0
^HOLDING,02/24/2009,908.2,908.2,891.44,892.19,47671,0
^HOLDING,02/25/2009,892.19,919.25,892.19,903.97,40312,0
^HOLDING,02/26/2009,901.54,903.24,894.93,897.93,14829,0
^HOLDING,02/27/2009,898.86,899.14,882.91,883.89,57053,0
^HOLDING,03/02/2009,883.1,886.52,877.17,880.86,30443,0
^HOLDING,03/03/2009,876.71,881.11,867.56,879.33,95735,0
^HOLDING,03/04/2009,879.51,881.5,857.27,865.96,66313,0
^HOLDING,03/05/2009,872.03,889.82,872.03,887.7,63304,0
^HOLDING,03/06/2009,880.89,883.75,875.07,879.58,44326,0
^HOLDING,03/09/2009,879.58,879.91,871.23,874.56,61613,0
^HOLDING,03/10/2009,872.89,873.05,860.5,866.64,135508,0
^HOLDING,03/11/2009,868.48,880.48,868.48,871.45,56647,0
^HOLDING,03/12/2009,876.27,876.46,861.51,863.54,78869,0
^HOLDING,03/13/2009,863.54,870.19,863.54,868.96,43756,0
^HOLDING,03/16/2009,868.88,869.19,851.71,855.47,68655,0
^HOLDING,03/17/2009,858.98,863.91,854.89,857.97,20383,0
^HOLDING,03/18/2009,858.71,861.66,853.94,859.06,53366,0
^HOLDING,03/19/2009,860.73,881.37,860.73,879.15,28703,0
^HOLDING,03/20/2009,879.96,896.52,879.59,896.52,66371,0
^HOLDING,03/23/2009,901.32,920.59,901.32,918.05,63500,0
^HOLDING,03/24/2009,937.23,957.44,935.57,949.75,37218,0
^HOLDING,03/25/2009,950.04,953.55,942.98,953.18,53147,0
^HOLDING,03/26/2009,954.59,963.27,948.94,963.18,63592,0
^HOLDING,03/27/2009,973.05,983.31,961.56,973.56,130414,0
^HOLDING,03/30/2009,973.88,974.11,965.33,973.77,64140,0
^HOLDING,03/31/2009,960.37,968.64,939.24,939.24,47184,0
^HOLDING,04/01/2009,939.24,939.86,921.44,921.62,58720,0
^HOLDING,04/02/2009,928.29,936.56,928.29,931.77,18543,0
^HOLDING,04/03/2009,933.7,956.73,933.7,956.73,67154,0
^HOLDING,04/07/2009,960.81,977.77,960.81,970.15,79198,0
^HOLDING,04/08/2009,970.28,971.06,958.85,964.69,58994,0
^HOLDING,04/13/2009,967.79,976.18,949.67,959.06,98364,0
^HOLDING,04/14/2009,976.21,977.4,955.59,967.29,51476,0
^HOLDING,04/15/2009,969.29,974.74,965.39,974.01,67197,0
^HOLDING,04/16/2009,980.6,997.11,980.6,995.24,114992,0
^HOLDING,04/17/2009,1001.42,1019.96,1001.42,1015.08,212319,0
^HOLDING,04/20/2009,1016.35,1022.77,1011.47,1019.11,118028,0
^HOLDING,04/21/2009,1015.88,1015.88,990.03,996.45,63077,0
^HOLDING,04/22/2009,1001.65,1031.46,1001.65,1027.19,58847,0
^HOLDING,04/23/2009,1029.17,1029.17,1019.44,1027.98,85648,0
^HOLDING,04/24/2009,1029.68,1047.26,1029.53,1047.26,44488,0
^HOLDING,04/27/2009,1049.21,1053.06,1037.4,1040.36,82903,0
^HOLDING,04/28/2009,1040.04,1044.09,1027.06,1027.81,32105,0
^HOLDING,04/29/2009,1027.87,1037.14,1027.87,1036.67,44105,0
^HOLDING,04/30/2009,1045.13,1061.3,1045.13,1053.29,48722,0
^HOLDING,05/04/2009,1063.84,1084.88,1063.18,1080.34,29001,0
^HOLDING,05/05/2009,1099.26,1139.82,1099.26,1121.78,81927,0
^HOLDING,05/06/2009,1126.27,1148.76,1124.96,1139.45,202669,0
^HOLDING,05/07/2009,1139.45,1155.65,1139.45,1154.8,223446,0
^HOLDING,05/08/2009,1148.44,1160.06,1124.14,1158.76,273239,0
^HOLDING,05/11/2009,1180.69,1198.33,1174.94,1175.67,398090,0
^HOLDING,05/12/2009,1169.51,1170.65,1163.02,1170.65,195864,0
^HOLDING,05/13/2009,1170.74,1183.81,1162.49,1164.92,192166,0
^HOLDING,05/14/2009,1145.54,1173.33,1138.87,1173.33,96181,0
^HOLDING,05/15/2009,1179.75,1217.12,1179.75,1211.03,32531,0
^HOLDING,05/18/2009,1216.54,1220.79,1187.68,1191.06,68642,0
^HOLDING,05/19/2009,1201.24,1230.8,1201.24,1230.8,123624,0
^HOLDING,05/20/2009,1245.24,1285.51,1245.24,1279.35,117692,0
^HOLDING,05/21/2009,1277.62,1295.64,1272.82,1278.16,121071,0
^HOLDING,05/22/2009,1265.87,1274.15,1245.54,1267.81,211587,0
^HOLDING,05/25/2009,1273.9,1285.97,1269.48,1280.25,132058,0
^HOLDING,05/26/2009,1288.95,1290.23,1247.95,1269.85,93360,0
^HOLDING,05/27/2009,1297.01,1327.66,1292.38,1318.26,57356,0
^HOLDING,05/28/2009,1314.93,1334.6,1305.42,1326.48,96675,0
^HOLDING,05/29/2009,1330.55,1416.11,1330.55,1409.69,66631,0
^HOLDING,06/01/2009,1413.1,1439.86,1409.55,1432.35,227728,0
^HOLDING,06/02/2009,1460.56,1465.23,1432.08,1452.61,226041,0
^HOLDING,06/03/2009,1448.2,1448.2,1417.53,1427.44,142607,0
^HOLDING,06/04/2009,1425.91,1425.91,1400.28,1412.66,85101,0
^HOLDING,06/05/2009,1420.08,1427.55,1415.1,1427.04,79522,0
^HOLDING,06/08/2009,1426.06,1429.76,1410.5,1413.22,69212,0
^HOLDING,06/09/2009,1413.98,1416.68,1394.28,1395.65,111185,0
^HOLDING,06/10/2009,1403.27,1417.67,1400.0,1408.38,58768,0
^HOLDING,06/11/2009,1404.22,1433.46,1404.22,1422.43,84929,0
^HOLDING,06/15/2009,1423.8,1441.46,1411.94,1432.69,43833,0
^HOLDING,06/16/2009,1424.31,1430.15,1385.81,1386.46,76932,0
^HOLDING,06/17/2009,1382.08,1382.08,1339.38,1354.94,65302,0
^HOLDING,06/18/2009,1356.58,1357.88,1338.61,1343.33,89728,0
^HOLDING,06/19/2009,1343.33,1353.82,1317.84,1319.84,66273,0
^HOLDING,06/22/2009,1319.97,1327.15,1317.6,1323.88,52800,0
^HOLDING,06/23/2009,1308.4,1308.4,1282.19,1302.39,132688,0
^HOLDING,06/24/2009,1301.51,1327.37,1288.47,1327.37,46755,0
^HOLDING,06/25/2009,1336.52,1358.37,1331.18,1338.32,39929,0
^HOLDING,06/26/2009,1346.23,1368.67,1346.23,1351.17,40070,0
^HOLDING,06/29/2009,1351.23,1355.53,1334.21,1334.21,34255,0
^HOLDING,06/30/2009,1341.78,1352.42,1297.59,1298.14,49651,0
^HOLDING,07/01/2009,1298.14,1305.39,1284.15,1289.49,88694,0
^HOLDING,07/02/2009,1289.85,1302.25,1284.75,1292.0,18634,0
^HOLDING,07/03/2009,1284.96,1292.85,1272.59,1287.73,18396,0
^HOLDING,07/06/2009,1287.7,1316.39,1287.7,1314.92,49343,0
^HOLDING,07/07/2009,1312.32,1343.17,1312.32,1343.17,139113,0
^HOLDING,07/08/2009,1340.33,1340.33,1311.1,1328.83,128737,0
^HOLDING,07/09/2009,1331.58,1341.6,1327.2,1334.25,82825,0
^HOLDING,07/10/2009,1336.06,1346.82,1331.07,1337.61,112610,0
^HOLDING,07/13/2009,1346.86,1358.05,1339.06,1340.21,94218,0
^HOLDING,07/14/2009,1357.42,1360.2,1340.73,1355.36,76614,0
^HOLDING,07/15/2009,1355.36,1365.63,1350.08,1365.63,130789,0
^HOLDING,07/16/2009,1395.71,1403.59,1390.23,1394.94,149856,0
^HOLDING,07/20/2009,1402.06,1426.81,1402.06,1418.76,48306,0
^HOLDING,07/21/2009,1421.33,1438.94,1421.33,1421.98,38659,0
^HOLDING,07/22/2009,1434.17,1437.55,1419.48,1434.67,88188,0
^HOLDING,07/23/2009,1435.14,1440.16,1415.54,1429.35,60828,0
^HOLDING,07/24/2009,1447.95,1471.96,1445.39,1466.22,91322,0
^HOLDING,07/27/2009,1479.13,1507.13,1479.13,1500.91,61624,0
^HOLDING,07/28/2009,1507.98,1510.56,1481.2,1483.05,97553,0
^HOLDING,07/29/2009,1487.66,1509.44,1487.66,1507.8,156973,0
^HOLDING,07/30/2009,1502.24,1502.24,1480.28,1499.25,112761,0
^HOLDING,07/31/2009,1504.52,1518.57,1504.52,1513.36,86475,0
^HOLDING,08/03/2009,1516.78,1550.46,1516.78,1550.46,69292,0
^HOLDING,08/04/2009,1568.49,1577.58,1562.43,1573.99,267315,0
^HOLDING,08/06/2009,1565.23,1565.32,1525.99,1534.07,49266,0
^HOLDING,08/07/2009,1520.54,1532.72,1494.02,1497.28,320642,0
^HOLDING,08/10/2009,1510.42,1529.45,1506.01,1521.59,146950,0
^HOLDING,08/11/2009,1522.63,1536.36,1521.61,1527.84,144155,0
^HOLDING,08/12/2009,1522.18,1524.68,1501.4,1501.4,362756,0
^HOLDING,08/13/2009,1516.15,1547.34,1514.68,1533.84,556208,0
^HOLDING,08/14/2009,1535.13,1552.15,1535.13,1550.53,239540,0
^HOLDING,08/17/2009,1544.61,1546.25,1511.67,1514.73,100842,0
^HOLDING,08/18/2009,1494.26,1515.46,1482.35,1515.46,219594,0
^HOLDING,08/19/2009,1519.18,1541.8,1519.18,1531.77,212455,0
^HOLDING,08/20/2009,1548.75,1552.64,1515.73,1518.44,134043,0
^HOLDING,08/24/2009,1518.44,1612.71,1518.44,1600.79,125105,0
^HOLDING,08/25/2009,1592.91,1605.28,1589.9,1593.51,88625,0
^HOLDING,08/26/2009,1603.89,1615.85,1603.89,1608.08,82440,0
^HOLDING,08/27/2009,1608.15,1628.25,1600.27,1628.25,84050,0
^HOLDING,08/28/2009,1639.86,1646.65,1604.95,1620.31,96391,0
^HOLDING,09/01/2009,1608.51,1610.75,1594.26,1606.26,32376,0
^HOLDING,09/02/2009,1578.86,1583.56,1557.95,1561.37,78448,0
^HOLDING,09/03/2009,1561.22,1567.5,1534.21,1567.5,102801,0
^HOLDING,09/04/2009,1569.39,1576.14,1568.31,1576.14,55975,0
^HOLDING,09/08/2009,1583.12,1588.56,1575.55,1582.65,485900,0
^HOLDING,09/09/2009,1583.7,1586.82,1567.92,1572.84,256181,0
^HOLDING,09/10/2009,1572.76,1585.72,1570.03,1573.29,406739,0
^HOLDING,09/11/2009,1573.44,1614.51,1572.72,1604.68,150525,0
^HOLDING,09/14/2009,1604.55,1604.9,1569.46,1575.04,258520,0
^HOLDING,09/15/2009,1575.04,1579.97,1554.01,1557.7,128895,0
^HOLDING,09/16/2009,1557.94,1571.85,1555.28,1562.3,46987,0
^HOLDING,09/17/2009,1571.06,1595.32,1571.06,1586.72,56815,0
^HOLDING,09/18/2009,1586.69,1586.79,1569.42,1584.89,56566,0
^HOLDING,09/22/2009,1577.01,1577.69,1563.44,1571.43,18094,0
^HOLDING,09/23/2009,1572.05,1589.73,1572.05,1577.94,126207,0
^HOLDING,09/24/2009,1578.02,1582.24,1567.62,1573.37,60096,0
^HOLDING,09/25/2009,1573.37,1578.92,1559.61,1578.92,62443,0
^HOLDING,09/28/2009,1557.89,1561.59,1547.85,1557.14,8930,0
^HOLDING,09/29/2009,1560.41,1573.23,1559.47,1565.71,75060,0
^HOLDING,09/30/2009,1565.71,1584.46,1564.75,1584.46,97607,0
^HOLDING,10/01/2009,1585.51,1599.6,1581.13,1590.54,126489,0
^HOLDING,10/02/2009,1571.62,1593.44,1554.12,1593.44,78005,0
^HOLDING,10/05/2009,1581.24,1588.9,1581.24,1585.72,14927,0
^HOLDING,10/06/2009,1591.17,1611.18,1591.17,1597.93,44331,0
^HOLDING,10/07/2009,1619.85,1627.76,1612.33,1622.82,69560,0
^HOLDING,10/08/2009,1626.21,1641.26,1621.59,1637.56,99746,0
^HOLDING,10/09/2009,1635.33,1637.29,1620.7,1622.57,73810,0
^HOLDING,10/12/2009,1623.53,1629.58,1602.79,1612.7,69307,0
^HOLDING,10/13/2009,1610.7,1612.94,1598.55,1606.87,50827,0
^HOLDING,10/14/2009,1610.51,1617.25,1602.59,1612.21,77323,0
^HOLDING,10/15/2009,1620.56,1631.54,1611.07,1618.85,65315,0
^HOLDING,10/16/2009,1610.09,1616.28,1598.05,1607.0,77933,0
^HOLDING,10/19/2009,1609.7,1615.84,1600.78,1607.71,42690,0
^HOLDING,10/20/2009,1607.79,1613.29,1597.44,1600.94,67022,0
^HOLDING,10/21/2009,1599.17,1600.29,1555.1,1560.48,60165,0
^HOLDING,10/22/2009,1558.26,1558.26,1540.74,1552.14,72075,0
^HOLDING,10/23/2009,1563.22,1581.42,1563.22,1578.01,54127,0
^HOLDING,10/26/2009,1576.97,1592.02,1568.77,1592.02,53554,0
^HOLDING,10/27/2009,1589.23,1608.96,1583.82,1605.32,66971,0
^HOLDING,10/28/2009,1605.63,1605.63,1572.14,1583.71,49417,0
^HOLDING,10/29/2009,1568.46,1568.46,1541.96,1554.59,56699,0
^HOLDING,10/30/2009,1575.29,1591.14,1566.11,1571.28,65006,0
^HOLDING,11/03/2009,1573.23,1574.2,1529.11,1534.79,97349,0
^HOLDING,11/04/2009,1538.19,1560.28,1536.35,1551.07,171367,0
^HOLDING,11/05/2009,1551.35,1574.68,1548.54,1574.68,215184,0
^HOLDING,11/06/2009,1575.26,1584.72,1568.18,1580.92,208629,0
^HOLDING,11/09/2009,1580.89,1582.04,1545.04,1555.78,105045,0
^HOLDING,11/10/2009,1563.88,1577.13,1560.64,1569.48,188190,0
^HOLDING,11/11/2009,1573.83,1604.03,1573.12,1604.03,439226,0
^HOLDING,11/12/2009,1611.27,1629.99,1608.71,1629.99,205330,0
^HOLDING,11/13/2009,1623.84,1624.89,1607.48,1612.44,79993,0
^HOLDING,11/16/2009,1615.68,1622.9,1607.96,1622.9,107877,0
^HOLDING,11/17/2009,1626.47,1640.12,1615.94,1624.42,152216,0
^HOLDING,11/18/2009,1631.02,1632.72,1611.92,1615.46,176492,0
^HOLDING,11/19/2009,1615.59,1623.8,1613.35,1623.8,76108,0
^HOLDING,11/20/2009,1623.8,1623.8,1598.07,1603.81,73484,0
^HOLDING,11/23/2009,1607.26,1607.44,1588.17,1591.04,115534,0
^HOLDING,11/24/2009,1595.55,1600.87,1585.5,1585.5,164100,0
^HOLDING,11/25/2009,1589.81,1593.18,1579.01,1581.15,154171,0
^HOLDING,11/26/2009,1579.31,1590.96,1578.44,1586.68,76575,0
^HOLDING,11/27/2009,1573.16,1593.34,1565.47,1582.0,90000,0
^HOLDING,12/01/2009,1579.56,1593.18,1567.81,1587.95,64638,0
^HOLDING,12/02/2009,1591.37,1611.28,1589.5,1593.13,64102,0
^HOLDING,12/03/2009,1584.39,1593.91,1576.88,1590.65,38079,0
^HOLDING,12/04/2009,1586.28,1602.79,1584.49,1593.49,63430,0
^HOLDING,12/07/2009,1591.86,1596.62,1575.93,1585.58,82871,0
^HOLDING,12/08/2009,1582.48,1582.59,1548.39,1548.39,36033,0
^HOLDING,12/09/2009,1538.4,1554.89,1538.4,1545.51,95069,0
^HOLDING,12/10/2009,1546.6,1555.5,1541.52,1553.09,169718,0
^HOLDING,12/11/2009,1553.09,1563.04,1549.95,1563.04,303473,0
^HOLDING,12/14/2009,1562.98,1569.67,1557.12,1569.67,62597,0
^HOLDING,12/15/2009,1579.62,1585.05,1571.94,1579.49,228412,0
^HOLDING,12/16/2009,1574.46,1578.82,1553.15,1566.35,652390,0
^HOLDING,12/17/2009,1573.14,1585.26,1566.27,1581.11,383274,0
^HOLDING,12/18/2009,1554.58,1582.58,1554.54,1580.38,282775,0
^HOLDING,12/21/2009,1586.82,1587.95,1571.43,1580.9,317131,0
^HOLDING,12/22/2009,1581.85,1581.85,1569.0,1575.38,102523,0
^HOLDING,12/23/2009,1575.38,1585.59,1571.17,1584.58,218070,0
^HOLDING,12/28/2009,1584.58,1584.58,1577.74,1584.0,78020,0
^HOLDING,12/29/2009,1593.22,1611.52,1593.06,1611.52,145815,0
^HOLDING,01/04/2010,1614.76,1614.8,1591.45,1596.72,60843,0
^HOLDING,01/05/2010,1601.13,1612.76,1593.76,1593.76,370800,0
^HOLDING,01/06/2010,1597.32,1601.78,1594.54,1601.78,102669,0
^HOLDING,01/07/2010,1601.78,1611.16,1598.15,1606.12,129459,0
^HOLDING,01/08/2010,1611.58,1618.86,1609.12,1614.54,143203,0
^HOLDING,01/11/2010,1618.73,1638.3,1617.39,1632.22,114792,0
^HOLDING,01/12/2010,1632.22,1643.38,1628.91,1631.26,130270,0
^HOLDING,01/13/2010,1633.08,1640.79,1622.64,1628.16,51410,0
^HOLDING,01/14/2010,1633.57,1642.59,1625.42,1634.95,63853,0
^HOLDING,01/15/2010,1635.88,1639.67,1630.62,1637.51,131148,0
^HOLDING,01/18/2010,1632.68,1639.34,1631.26,1633.62,165999,0
^HOLDING,01/19/2010,1636.73,1636.73,1621.4,1635.75,130850,0
^HOLDING,01/20/2010,1633.43,1645.63,1627.64,1635.85,111020,0
^HOLDING,01/21/2010,1631.34,1631.4,1624.07,1630.79,68544,0
^HOLDING,01/22/2010,1625.15,1626.73,1593.6,1600.15,118095,0
^HOLDING,01/25/2010,1588.56,1588.56,1563.34,1566.45,86768,0
^HOLDING,01/26/2010,1579.0,1594.76,1568.53,1570.63,114113,0
^HOLDING,01/27/2010,1578.14,1582.32,1546.76,1570.39,94493,0
^HOLDING,01/28/2010,1579.54,1593.41,1568.66,1593.41,61881,0
^HOLDING,01/29/2010,1578.8,1585.23,1562.56,1585.23,101920,0
^HOLDING,02/01/2010,1585.23,1585.23,1532.26,1542.33,94831,0
^HOLDING,02/02/2010,1544.91,1555.69,1516.87,1521.6,152871,0
^HOLDING,02/03/2010,1521.6,1553.77,1521.6,1553.77,69710,0
^HOLDING,02/04/2010,1553.64,1580.65,1553.64,1569.83,75799,0
^HOLDING,02/05/2010,1550.41,1550.41,1518.45,1534.05,86814,0
^HOLDING,02/08/2010,1528.31,1541.69,1521.31,1538.83,37776,0
^HOLDING,02/09/2010,1530.41,1540.92,1524.68,1531.74,145359,0
^HOLDING,02/10/2010,1549.24,1575.28,1549.24,1574.85,163501,0
^HOLDING,02/11/2010,1575.38,1630.13,1575.38,1625.92,101834,0
^HOLDING,02/12/2010,1640.77,1660.58,1639.1,1652.25,98523,0
^HOLDING,02/15/2010,1656.76,1675.6,1646.64,1670.04,46984,0
^HOLDING,02/16/2010,1665.32,1677.53,1656.43,1672.23,34775,0
^HOLDING,02/17/2010,1681.18,1717.11,1681.18,1709.95,97790,0
^HOLDING,02/18/2010,1717.52,1722.09,1699.61,1707.23,46311,0
^HOLDING,02/19/2010,1703.04,1703.04,1683.69,1689.65,315454,0
^HOLDING,02/22/2010,1689.69,1704.8,1684.79,1704.8,56028,0
^HOLDING,02/23/2010,1693.08,1705.66,1680.17,1690.33,112287,0
^HOLDING,02/24/2010,1688.11,1690.72,1677.57,1682.6,75750,0
^HOLDING,02/25/2010,1681.67,1708.58,1681.67,1708.18,58496,0
^HOLDING,02/26/2010,1700.23,1700.23,1686.98,1697.48,78744,0
^HOLDING,03/01/2010,1697.48,1737.27,1697.48,1737.27,153338,0
^HOLDING,03/02/2010,1745.15,1760.5,1727.69,1734.04,127389,0
^HOLDING,03/03/2010,1737.48,1750.64,1729.1,1746.41,270983,0
^HOLDING,03/04/2010,1746.39,1746.39,1724.19,1736.61,175664,0
^HOLDING,03/05/2010,1736.61,1744.35,1724.71,1736.56,158908,0
^HOLDING,03/08/2010,1763.44,1772.49,1749.51,1768.89,93829,0
^HOLDING,03/09/2010,1768.89,1794.2,1763.65,1794.2,66921,0
^HOLDING,03/10/2010,1792.87,1813.96,1789.43,1813.96,54728,0
^HOLDING,03/11/2010,1813.96,1826.32,1807.39,1822.87,137164,0
^HOLDING,03/12/2010,1818.47,1819.04,1804.72,1819.04,65593,0
^HOLDING,03/15/2010,1817.09,1847.02,1817.09,1844.73,93770,0
^HOLDING,03/16/2010,1845.89,1849.86,1832.78,1849.81,76925,0
^HOLDING,03/17/2010,1846.24,1851.98,1833.37,1833.37,72063,0
^HOLDING,03/18/2010,1839.72,1841.14,1814.1,1833.82,72573,0
^HOLDING,03/19/2010,1830.29,1851.93,1820.07,1851.93,124712,0
^HOLDING,03/22/2010,1852.66,1863.04,1837.36,1852.79,61817,0
^HOLDING,03/23/2010,1859.48,1893.23,1859.48,1886.83,112515,0
^HOLDING,03/24/2010,1918.51,1934.16,1903.6,1934.16,98683,0
^HOLDING,03/25/2010,1924.42,1953.35,1909.36,1932.16,130512,0
^HOLDING,03/26/2010,1938.19,1946.29,1924.38,1940.88,43801,0
^HOLDING,03/29/2010,1948.38,1966.4,1941.92,1960.43,67048,0
^HOLDING,03/30/2010,1968.66,1992.06,1963.36,1986.2,67155,0
^HOLDING,03/31/2010,1983.22,1983.22,1965.0,1971.54,110580,0
^HOLDING,04/05/2010,1971.65,1988.35,1968.41,1987.47,77463,0
^HOLDING,04/06/2010,1991.87,2054.05,1991.87,2038.78,135782,0
^HOLDING,04/07/2010,2035.58,2061.65,2027.66,2061.65,127161,0
^HOLDING,04/08/2010,2046.74,2050.64,2025.91,2050.64,89085,0
^HOLDING,04/12/2010,2050.64,2075.99,2050.64,2074.26,86218,0
^HOLDING,04/13/2010,2075.19,2088.3,2071.02,2088.3,69503,0
^HOLDING,04/14/2010,2093.73,2119.08,2093.73,2116.25,157781,0
^HOLDING,04/15/2010,2112.01,2121.59,2086.96,2090.61,152227,0
^HOLDING,04/16/2010,2080.98,2087.65,2034.29,2049.1,124607,0
^HOLDING,04/19/2010,2039.38,2039.38,1987.39,1990.0,55645,0
^HOLDING,04/20/2010,1990.0,1999.36,1954.7,1954.7,96838,0
^HOLDING,04/21/2010,1964.67,2020.01,1964.67,2020.01,98687,0
^HOLDING,04/22/2010,2017.84,2071.17,2011.62,2063.59,49075,0
^HOLDING,04/23/2010,2068.93,2101.85,2068.93,2087.75,164949,0
^HOLDING,04/26/2010,2100.56,2129.71,2100.56,2124.23,126881,0
^HOLDING,04/27/2010,2126.4,2137.23,2119.57,2124.68,118931,0
^HOLDING,04/28/2010,2107.0,2109.29,2062.91,2102.56,77177,0
^HOLDING,04/29/2010,2102.56,2149.76,2102.56,2126.2,88675,0
^HOLDING,04/30/2010,2129.64,2158.88,2112.58,2112.58,112687,0
^HOLDING,05/04/2010,2122.49,2122.49,2085.35,2105.46,38134,0
^HOLDING,05/05/2010,2072.33,2072.33,1990.28,2008.91,129921,0
^HOLDING,05/06/2010,2004.26,2006.93,1974.3,1985.88,58316,0
^HOLDING,05/07/2010,1929.05,1993.88,1912.64,1977.87,113452,0
^HOLDING,05/11/2010,2081.69,2110.49,2065.39,2087.86,158911,0
^HOLDING,05/12/2010,2091.33,2102.52,2080.33,2094.14,89548,0
^HOLDING,05/13/2010,2116.97,2150.14,2107.87,2140.34,170858,0
^HOLDING,05/14/2010,2139.14,2160.99,2124.58,2156.37,93107,0
^HOLDING,05/17/2010,2148.02,2163.99,2112.3,2131.07,82017,0
^HOLDING,05/18/2010,2153.32,2158.31,2113.28,2124.34,85921,0
^HOLDING,05/19/2010,2105.07,2105.07,2078.83,2096.5,80903,0
^HOLDING,05/20/2010,2081.04,2112.32,2081.04,2104.38,60879,0
^HOLDING,05/21/2010,2060.26,2079.36,2045.63,2070.18,101048,0
^HOLDING,05/24/2010,2081.64,2102.7,2076.0,2080.13,65408,0
^HOLDING,05/25/2010,2065.41,2071.07,2005.47,2010.5,156245,0
^HOLDING,05/26/2010,2009.1,2033.45,2005.87,2011.0,85469,0
^HOLDING,05/27/2010,2004.04,2070.1,2000.01,2044.69,88429,0
^HOLDING,05/28/2010,2057.44,2150.02,2057.44,2150.02,97630,0
^HOLDING,05/31/2010,2142.76,2174.94,2135.62,2167.66,89335,0
^HOLDING,06/01/2010,2163.26,2168.44,2146.03,2164.4,23869,0
^HOLDING,06/02/2010,2160.4,2199.13,2160.4,2199.13,79632,0
^HOLDING,06/03/2010,2216.88,2254.27,2216.88,2253.78,92348,0
^HOLDING,06/04/2010,2261.23,2277.5,2254.75,2263.95,91242,0
^HOLDING,06/07/2010,2218.06,2229.41,2189.43,2209.49,59392,0
^HOLDING,06/08/2010,2202.77,2234.92,2197.67,2212.91,56049,0
^HOLDING,06/09/2010,2225.3,2239.11,2197.67,2197.67,76850,0
^HOLDING,06/10/2010,2191.9,2197.15,2167.41,2177.37,76449,0
^HOLDING,06/11/2010,2207.36,2236.26,2198.86,2208.44,79836,0
^HOLDING,06/15/2010,2205.05,2240.35,2205.05,2237.42,43087,0
^HOLDING,06/16/2010,2272.13,2278.91,2251.37,2276.46,75075,0
^HOLDING,06/17/2010,2265.93,2272.05,2246.39,2272.05,128515,0
^HOLDING,06/18/2010,2279.7,2301.46,2269.26,2295.97,175182,0
^HOLDING,06/21/2010,2292.88,2322.24,2292.88,2305.36,143210,0
^HOLDING,06/22/2010,2301.57,2302.42,2284.75,2298.47,383396,0
^HOLDING,06/23/2010,2297.46,2301.28,2278.79,2287.9,188172,0
^HOLDING,06/24/2010,2291.12,2302.27,2267.21,2279.88,261373,0
^HOLDING,06/25/2010,2256.97,2275.73,2246.72,2275.09,417906,0
^HOLDING,06/28/2010,2278.21,2278.21,2256.65,2268.21,3014467,0
^HOLDING,06/29/2010,2277.14,2288.69,2263.41,2278.3,880435,0
^HOLDING,07/01/2010,2216.23,2256.58,2216.23,2248.52,1823970,0
^HOLDING,07/02/2010,2243.08,2249.97,2216.54,2228.92,717598,0
^HOLDING,07/05/2010,2225.46,2264.24,2224.11,2259.24,469878,0
^HOLDING,07/06/2010,2239.71,2270.01,2239.71,2258.5,416452,0
^HOLDING,07/07/2010,2258.5,2287.92,2255.97,2286.8,750297,0
^HOLDING,07/08/2010,2303.99,2346.68,2303.99,2338.09,646295,0
^HOLDING,07/09/2010,2347.94,2356.31,2328.0,2336.77,486512,0
^HOLDING,07/12/2010,2324.34,2354.93,2319.13,2353.21,306950,0
^HOLDING,07/13/2010,2356.74,2370.47,2349.39,2360.81,152556,0
^HOLDING,07/14/2010,2377.71,2399.39,2377.12,2385.63,133202,0
^HOLDING,07/15/2010,2377.71,2407.74,2373.8,2395.08,352910,0
^HOLDING,07/16/2010,2394.68,2399.85,2358.32,2368.96,90073,0
^HOLDING,07/19/2010,2349.48,2369.68,2338.76,2369.68,123447,0
^HOLDING,07/20/2010,2368.29,2368.29,2342.62,2343.68,132983,0
^HOLDING,07/21/2010,2352.58,2366.19,2345.59,2366.19,432631,0
^HOLDING,07/22/2010,2363.27,2366.67,2350.96,2365.84,272416,0
^HOLDING,07/23/2010,2385.9,2398.65,2380.03,2389.73,312761,0
^HOLDING,07/26/2010,2389.73,2396.03,2262.2,2384.76,267003,0
^HOLDING,07/27/2010,2384.76,2393.09,2384.34,2390.46,210843,0
^HOLDING,07/28/2010,2390.46,2413.46,2390.46,2412.37,233719,0
^HOLDING,07/29/2010,2412.69,2413.97,2367.61,2370.3,156864,0
^HOLDING,07/30/2010,2370.3,2377.84,2365.65,2370.47,125278,0
^HOLDING,08/02/2010,2370.47,2393.95,2369.54,2385.73,120114,0
^HOLDING,08/03/2010,2385.64,2411.93,2385.64,2403.8,83727,0
^HOLDING,08/04/2010,2403.8,2432.71,2403.59,2432.71,97514,0
^HOLDING,08/05/2010,2435.42,2463.53,2435.42,2461.43,100354,0
^HOLDING,08/06/2010,2461.36,2476.41,2458.98,2467.46,162425,0
^HOLDING,08/09/2010,2467.46,2492.11,2462.35,2477.81,159379,0
^HOLDING,08/10/2010,2477.81,2509.45,2477.81,2503.15,195671,0
^HOLDING,08/11/2010,2503.15,2522.03,2502.15,2502.21,125399,0
^HOLDING,08/12/2010,2500.3,2500.3,2441.38,2461.42,143753,0
^HOLDING,08/13/2010,2461.42,2467.48,2447.48,2456.6,116746,0
^HOLDING,08/16/2010,2456.45,2481.61,2455.26,2479.77,197360,0
^HOLDING,08/17/2010,2479.77,2514.53,2479.77,2514.53,275834,0
^HOLDING,08/18/2010,2531.35,2541.95,2530.33,2534.46,175187,0
^HOLDING,08/19/2010,2534.46,2547.17,2527.07,2538.01,459417,0
^HOLDING,08/20/2010,2538.01,2584.9,2520.28,2582.4,292805,0
^HOLDING,08/23/2010,2582.4,2635.22,2582.4,2625.12,152910,0
^HOLDING,08/24/2010,2625.12,2625.12,2530.23,2587.55,72863,0
^HOLDING,08/25/2010,2587.55,2593.25,2541.53,2546.97,86978,0
^HOLDING,08/26/2010,2546.97,2598.36,2546.97,2586.27,98748,0
^HOLDING,08/27/2010,2585.75,2585.75,2509.76,2516.02,89659,0
^HOLDING,08/31/2010,2515.02,2539.22,2515.02,2539.22,142339,0
^HOLDING,09/01/2010,2539.22,2567.0,2533.67,2567.0,169392,0
^HOLDING,09/02/2010,2606.9,2640.06,2588.59,2640.06,200684,0
^HOLDING,09/03/2010,2643.92,2721.9,2643.92,2718.14,213772,0
^HOLDING,09/06/2010,2718.14,2783.03,2718.14,2741.0,148773,0
^HOLDING,09/07/2010,2741.18,2748.22,2705.06,2735.77,102200,0
^HOLDING,09/08/2010,2735.77,2787.18,2694.34,2787.18,113664,0
^HOLDING,09/09/2010,2787.18,2844.52,2787.18,2844.52,322255,0
^HOLDING,09/13/2010,2852.78,2928.6,2852.78,2926.71,147325,0
^HOLDING,09/14/2010,2926.71,2953.32,2883.35,2916.07,259730,0
^HOLDING,09/15/2010,2916.07,2927.27,2909.55,2921.06,229459,0
^HOLDING,09/16/2010,2921.06,2971.07,2921.06,2957.11,492458,0
^HOLDING,09/17/2010,2957.11,2997.58,2957.11,2996.83,1061538,0
^HOLDING,09/20/2010,2996.83,3041.49,2996.83,3021.07,1451211,0
^HOLDING,09/21/2010,3028.52,3077.29,3028.52,3042.17,1085438,0
^HOLDING,09/22/2010,3042.17,3045.4,2987.36,3014.97,917271,0
^HOLDING,09/23/2010,3014.95,3025.83,3011.75,3017.04,3958436,0
^HOLDING,09/24/2010,3017.04,3087.96,3017.04,3073.45,2375078,0
^HOLDING,09/27/2010,3073.45,3140.63,3073.45,3136.1,1240978,0
^HOLDING,09/28/2010,3136.1,3145.16,3115.5,3128.02,417330,0
^HOLDING,09/29/2010,3128.02,3139.4,3099.52,3101.23,386327,0
^HOLDING,09/30/2010,3101.23,3112.11,3030.59,3112.11,338622,0
^HOLDING,10/01/2010,3112.11,3112.11,3050.84,3086.86,223746,0
^HOLDING,10/04/2010,3086.86,3147.97,3086.86,3147.97,606979,0
^HOLDING,10/05/2010,3147.97,3186.12,3137.57,3137.57,665794,0
^HOLDING,10/06/2010,3137.57,3206.71,3137.57,3144.72,489203,0
^HOLDING,10/07/2010,3144.72,3206.28,3144.72,3206.28,203010,0
^HOLDING,10/08/2010,3206.28,3238.63,3206.28,3231.85,266562,0
^HOLDING,10/11/2010,3234.56,3275.83,3234.56,3264.42,80971,0
^HOLDING,10/12/2010,3264.42,3284.38,3233.65,3239.34,85219,0
^HOLDING,10/13/2010,3239.34,3246.46,3213.71,3238.14,89168,0
^HOLDING,10/14/2010,3238.14,3295.22,3238.14,3292.48,116078,0
^HOLDING,10/15/2010,3292.48,3325.93,3287.86,3308.9,69878,0
^HOLDING,10/18/2010,3308.9,3354.14,3302.35,3319.52,57435,0
^HOLDING,10/19/2010,3319.52,3344.01,3303.05,3323.01,65103,0
^HOLDING,10/20/2010,3323.01,3334.89,3275.63,3328.49,52265,0
^HOLDING,10/21/2010,3328.49,3402.83,3328.49,3379.47,25843,0
^HOLDING,10/22/2010,3379.47,3441.8,3379.47,3428.2,91845,0
^HOLDING,10/26/2010,3429.16,3457.95,3403.44,3413.22,52603,0
^HOLDING,10/27/2010,3413.22,3420.22,3373.75,3387.2,55112,0
^HOLDING,10/28/2010,3387.2,3419.7,3387.2,3414.91,105606,0
^HOLDING,10/29/2010,3414.91,3446.7,3412.42,3428.78,118845,0
^HOLDING,11/02/2010,3428.78,3530.65,3428.78,3525.88,132669,0
^HOLDING,11/03/2010,3525.88,3564.11,3525.88,3546.6,104542,0
^HOLDING,11/04/2010,3546.6,3566.07,3543.51,3566.07,65929,0
^HOLDING,11/05/2010,3566.07,3611.67,3565.28,3567.6,112267,0
^HOLDING,11/08/2010,3567.6,3599.05,3519.81,3529.29,76649,0
^HOLDING,11/09/2010,3529.29,3529.29,3458.11,3468.7,116142,0
^HOLDING,11/10/2010,3468.7,3473.42,3367.52,3406.12,136495,0
^HOLDING,11/11/2010,3406.12,3446.59,3300.12,3357.66,218342,0
^HOLDING,11/12/2010,3357.66,3385.11,3284.63,3312.06,97164,0
^HOLDING,11/15/2010,3312.06,3399.26,3289.28,3392.24,96848,0
^HOLDING,11/17/2010,3392.24,3392.24,3350.14,3350.14,126010,0
^HOLDING,11/18/2010,3350.14,3446.57,3350.14,3446.57,111007,0
^HOLDING,11/19/2010,3451.7,3551.96,3451.7,3551.96,114710,0
^HOLDING,11/22/2010,3551.96,3570.66,3465.29,3501.64,56657,0
^HOLDING,11/23/2010,3501.64,3501.64,3412.94,3418.64,74588,0
^HOLDING,11/24/2010,3414.91,3414.91,3354.43,3396.24,62889,0
^HOLDING,11/25/2010,3396.24,3463.96,3345.4,3357.86,80406,0
^HOLDING,11/26/2010,3357.86,3371.74,3289.39,3328.67,108380,0
^HOLDING,11/30/2010,3328.67,3337.55,3197.77,3197.77,169171,0
^HOLDING,12/01/2010,3238.63,3291.94,3238.63,3258.13,180978,0
^HOLDING,12/02/2010,3258.13,3460.71,3258.13,3459.57,195425,0
^HOLDING,12/03/2010,3459.57,3526.43,3420.92,3481.84,159476,0
^HOLDING,12/06/2010,3481.84,3517.96,3480.55,3512.24,99274,0
^HOLDING,12/07/2010,3512.24,3512.71,3445.81,3469.74,101748,0
^HOLDING,12/08/2010,3469.74,3501.1,3466.47,3497.94,54579,0
^HOLDING,12/09/2010,3497.94,3527.28,3488.16,3499.54,50396,0
^HOLDING,12/10/2010,3499.54,3499.54,3406.43,3412.6,83641,0
^HOLDING,12/13/2010,3412.6,3428.79,3368.64,3383.47,37996,0
^HOLDING,12/14/2010,3384.51,3400.64,3375.79,3386.13,39274,0
^HOLDING,12/15/2010,3386.13,3409.74,3312.55,3325.89,83114,0
^HOLDING,12/17/2010,3285.1,3317.09,3259.12,3317.09,63672,0
^HOLDING,12/20/2010,3318.55,3323.6,3289.56,3289.56,62440,0
^HOLDING,12/21/2010,3289.56,3304.8,3277.95,3301.69,109546,0
^HOLDING,12/22/2010,3301.69,3320.41,3271.69,3310.66,98173,0
^HOLDING,12/23/2010,3310.66,3354.87,3310.66,3354.87,149147,0
^HOLDING,12/28/2010,3354.87,3371.1,3348.66,3371.1,72198,0
^HOLDING,12/29/2010,3371.1,3409.83,3370.23,3409.83,159534,0
^HOLDING,12/30/2010,3409.83,3418.15,3385.17,3388.74,221324,0
^HOLDING,01/03/2011,3388.74,3444.7,3388.74,3400.09,125811,0
^HOLDING,01/04/2011,3400.09,3444.26,3400.09,3420.23,94325,0
^HOLDING,01/05/2011,3420.23,3441.36,3418.21,3424.53,562235,0
^HOLDING,01/06/2011,3424.53,3485.61,3424.53,3464.21,557618,0
^HOLDING,01/07/2011,3464.21,3471.61,3430.21,3434.81,289358,0
^HOLDING,01/10/2011,3433.34,3434.0,3319.86,3334.47,212967,0
^HOLDING,01/11/2011,3334.47,3334.47,3178.25,3210.17,149174,0
^HOLDING,01/12/2011,3210.17,3253.33,3210.17,3221.93,122296,0
^HOLDING,01/13/2011,3221.93,3282.91,3221.93,3267.93,599842,0
^HOLDING,01/14/2011,3269.39,3352.64,3269.39,3352.64,274842,0
^HOLDING,01/17/2011,3352.64,3383.68,3343.17,3354.07,166555,0
^HOLDING,01/18/2011,3353.41,3357.01,3259.79,3269.29,112645,0
^HOLDING,01/19/2011,3269.29,3269.29,3205.66,3220.1,87345,0
^HOLDING,01/20/2011,3220.1,3230.48,3196.54,3204.14,86573,0
^HOLDING,01/21/2011,3204.14,3204.14,3123.84,3141.94,61766,0
^HOLDING,01/24/2011,3141.94,3141.94,3044.39,3066.98,81643,0
^HOLDING,01/25/2011,3066.98,3151.65,3066.98,3147.46,86936,0
^HOLDING,01/26/2011,3147.46,3147.46,3114.54,3127.7,94307,0
^HOLDING,01/27/2011,3127.7,3217.78,3127.7,3217.78,92454,0
^HOLDING,01/28/2011,3217.78,3244.4,3193.75,3199.56,77334,0
^HOLDING,01/31/2011,3199.56,3199.56,3098.66,3126.45,75682,0
^HOLDING,02/01/2011,3126.45,3134.76,3057.28,3057.28,44561,0
^HOLDING,02/02/2011,3060.62,3132.2,3060.62,3132.2,61476,0
^HOLDING,02/03/2011,3132.2,3135.31,3094.46,3108.05,73591,0
^HOLDING,02/04/2011,3108.05,3109.86,3091.2,3109.86,332038,0
^HOLDING,02/07/2011,3109.86,3133.88,3091.78,3125.92,70486,0
^HOLDING,02/08/2011,3125.92,3125.92,3081.28,3102.6,116095,0
^HOLDING,02/09/2011,3102.6,3121.12,3088.25,3090.01,154375,0
^HOLDING,02/10/2011,3090.01,3090.01,2980.39,2999.75,132470,0
^HOLDING,02/11/2011,2999.75,3084.79,2999.75,3060.54,204400,0
^HOLDING,02/14/2011,3060.54,3107.95,3055.86,3101.8,93619,0
^HOLDING,02/15/2011,3101.8,3130.49,3095.51,3114.66,43439,0
^HOLDING,02/16/2011,3114.66,3147.54,3112.36,3141.8,73117,0
^HOLDING,02/17/2011,3141.8,3196.69,3141.8,3191.66,57864,0
^HOLDING,02/18/2011,3191.66,3209.17,3169.27,3179.26,126251,0
^HOLDING,02/21/2011,3179.26,3196.46,3161.27,3174.73,43338,0
^HOLDING,02/22/2011,3174.73,3174.73,3110.84,3142.78,65267,0
^HOLDING,02/23/2011,3138.9,3138.9,3061.44,3116.51,58635,0
^HOLDING,02/24/2011,3116.51,3133.9,3105.5,3127.19,35817,0
^HOLDING,02/25/2011,3125.68,3143.68,3118.05,3131.69,59030,0
^HOLDING,02/28/2011,3131.69,3283.37,3131.69,3283.37,230950,0
^HOLDING,03/01/2011,3283.37,3289.34,3223.64,3227.98,40098,0
^HOLDING,03/02/2011,3227.98,3227.98,3172.01,3185.19,70329,0
^HOLDING,03/03/2011,3186.61,3265.32,3186.61,3249.61,67989,0
^HOLDING,03/04/2011,3249.61,3309.63,3249.61,3290.11,166601,0
^HOLDING,03/07/2011,3290.11,3307.87,3278.47,3293.35,50764,0
^HOLDING,03/08/2011,3293.35,3326.95,3290.35,3326.95,79614,0
^HOLDING,03/09/2011,3326.95,3348.34,3326.95,3330.48,102376,0
^HOLDING,03/10/2011,3330.48,3333.31,3322.19,3332.06,91807,0
^HOLDING,03/11/2011,3332.06,3332.06,3277.75,3306.67,75239,0
^HOLDING,03/14/2011,3306.67,3318.75,3252.98,3318.75,80617,0
^HOLDING,03/15/2011,3318.75,3352.2,3309.68,3322.77,100868,0
^HOLDING,03/16/2011,3319.73,3335.8,3315.71,3333.7,91775,0
^HOLDING,03/17/2011,3332.78,3332.78,3289.69,3296.66,92240,0
^HOLDING,03/18/2011,3296.66,3324.06,3296.66,3318.73,63486,0
^HOLDING,03/21/2011,3318.73,3328.76,3308.57,3319.12,64782,0
^HOLDING,03/22/2011,3319.12,3346.91,3319.12,3342.61,80981,0
^HOLDING,03/23/2011,3342.61,3350.09,3323.47,3334.36,63027,0
^HOLDING,03/24/2011,3334.36,3337.14,3298.57,3316.22,55126,0
^HOLDING,03/25/2011,3316.22,3349.82,3314.1,3347.96,80958,0
^HOLDING,03/28/2011,3347.96,3400.2,3347.96,3394.73,58147,0
^HOLDING,03/29/2011,3394.73,3396.13,3369.25,3373.59,56443,0
^HOLDING,03/30/2011,3373.59,3427.94,3373.59,3419.25,78134,0
^HOLDING,03/31/2011,3423.73,3444.0,3423.27,3436.99,65276,0
^HOLDING,04/01/2011,3436.99,3494.78,3436.99,3494.78,98788,0
^HOLDING,04/04/2011,3494.78,3552.63,3494.78,3543.77,93140,0
^HOLDING,04/05/2011,3543.77,3543.77,3482.62,3485.66,160435,0
^HOLDING,04/06/2011,3476.74,3507.47,3468.13,3507.47,133240,0
^HOLDING,04/07/2011,3507.47,3528.83,3498.9,3510.52,97853,0
^HOLDING,04/08/2011,3510.52,3527.12,3505.5,3527.12,108374,0
^HOLDING,04/11/2011,3527.12,3541.41,3509.45,3541.41,110407,0
^HOLDING,04/12/2011,3541.41,3541.41,3504.66,3510.46,128053,0
^HOLDING,04/13/2011,3510.46,3526.95,3482.39,3526.95,81271,0
^HOLDING,04/14/2011,3526.95,3564.45,3526.95,3564.45,85031,0
^HOLDING,04/15/2011,3564.45,3589.51,3552.88,3572.34,76661,0
^HOLDING,04/18/2011,3572.34,3584.98,3550.24,3560.04,103902,0
^HOLDING,04/19/2011,3560.04,3569.51,3547.25,3563.82,65273,0
^HOLDING,04/20/2011,3567.19,3593.9,3567.19,3593.9,127678,0
^HOLDING,04/25/2011,3593.9,3622.43,3590.43,3612.05,115806,0
^HOLDING,04/26/2011,3612.05,3622.89,3583.12,3591.95,104678,0
^HOLDING,04/27/2011,3591.95,3612.14,3584.78,3612.14,282692,0
^HOLDING,04/28/2011,3612.14,3634.79,3554.94,3554.94,125751,0
^HOLDING,04/29/2011,3554.94,3631.12,3554.94,3604.59,120437,0
^HOLDING,05/02/2011,3604.59,3627.05,3604.59,3619.65,54592,0
^HOLDING,05/03/2011,3619.65,3622.11,3590.31,3591.69,68671,0
^HOLDING,05/04/2011,3591.69,3596.73,3553.11,3559.49,63820,0
^HOLDING,05/05/2011,3561.93,3561.93,3516.62,3520.85,59966,0
^HOLDING,05/06/2011,3519.84,3519.84,3466.34,3494.41,77842,0
^HOLDING,05/09/2011,3494.41,3521.21,3491.69,3521.21,74019,0
^HOLDING,05/10/2011,3520.53,3565.53,3514.49,3560.11,72018,0
^HOLDING,05/11/2011,3560.11,3621.13,3560.02,3619.61,81511,0
^HOLDING,05/12/2011,3619.61,3630.17,3596.79,3596.79,81811,0
^HOLDING,05/13/2011,3596.83,3612.23,3596.83,3600.33,75328,0
^HOLDING,05/16/2011,3600.33,3600.33,3576.95,3582.36,44771,0
^HOLDING,05/17/2011,3582.36,3582.36,3516.34,3516.34,55620,0
^HOLDING,05/18/2011,3516.34,3547.23,3513.53,3547.23,81398,0
^HOLDING,05/19/2011,3547.23,3566.05,3538.87,3538.87,76125,0
^HOLDING,05/20/2011,3538.87,3563.8,3529.14,3532.86,58072,0
^HOLDING,05/23/2011,3532.86,3538.99,3492.87,3503.85,75702,0
^HOLDING,05/24/2011,3503.85,3507.9,3450.83,3469.7,86826,0
^HOLDING,05/25/2011,3469.7,3469.7,3422.22,3445.16,84988,0
^HOLDING,05/26/2011,3445.16,3496.58,3445.16,3460.28,74620,0
^HOLDING,05/27/2011,3460.28,3512.74,3460.28,3502.4,42743,0
^HOLDING,05/30/2011,3502.4,3524.61,3498.69,3498.69,46519,0
^HOLDING,05/31/2011,3498.69,3516.72,3471.34,3516.72,94722,0
^HOLDING,06/01/2011,3516.72,3566.1,3503.49,3503.49,48346,0
^HOLDING,06/02/2011,3503.49,3571.72,3489.0,3571.72,108703,0
^HOLDING,06/03/2011,3571.72,3575.72,3538.72,3538.72,84934,0
^HOLDING,06/06/2011,3538.72,3538.72,3498.4,3498.4,55341,0
^HOLDING,06/07/2011,3495.64,3499.17,3474.27,3484.55,50737,0
^HOLDING,06/08/2011,3484.55,3508.37,3474.48,3508.37,81290,0
^HOLDING,06/09/2011,3508.37,3509.63,3477.95,3478.01,110563,0
^HOLDING,06/10/2011,3478.01,3485.15,3468.57,3468.57,92560,0
^HOLDING,06/13/2011,3468.57,3468.57,3418.79,3418.91,67537,0
^HOLDING,06/14/2011,3418.91,3439.25,3369.33,3378.93,112861,0
^HOLDING,06/15/2011,3378.93,3443.31,3378.93,3443.31,66059,0
^HOLDING,06/16/2011,3443.31,3459.08,3389.6,3434.08,96484,0
^HOLDING,06/17/2011,3434.08,3465.91,3434.08,3465.06,78919,0
^HOLDING,06/21/2011,3465.06,3493.88,3462.85,3493.88,61341,0
^HOLDING,06/22/2011,3493.88,3513.32,3486.25,3506.8,102783,0
^HOLDING,06/23/2011,3506.8,3509.58,3492.19,3502.65,75030,0
^HOLDING,06/24/2011,3502.65,3533.82,3473.55,3533.82,113929,0
^HOLDING,06/27/2011,3533.82,3542.18,3526.26,3527.25,94923,0
^HOLDING,06/28/2011,3527.25,3552.07,3515.09,3526.5,145415,0
^HOLDING,06/29/2011,3525.21,3532.84,3486.76,3496.74,145172,0
^HOLDING,06/30/2011,3496.45,3542.2,3493.16,3542.2,87987,0
^HOLDING,07/01/2011,3542.2,3576.1,3524.57,3576.1,97117,0
^HOLDING,07/04/2011,3576.1,3641.2,3576.1,3634.96,111467,0
^HOLDING,07/05/2011,3634.96,3687.48,3634.96,3676.4,119155,0
^HOLDING,07/06/2011,3676.4,3676.4,3624.68,3625.25,84978,0
^HOLDING,07/07/2011,3625.64,3625.64,3598.75,3602.53,78716,0
^HOLDING,07/08/2011,3603.17,3639.46,3593.69,3599.08,162196,0
^HOLDING,07/11/2011,3599.08,3601.65,3585.16,3591.4,102999,0
^HOLDING,07/12/2011,3591.4,3591.4,3534.05,3554.85,83588,0
^HOLDING,07/13/2011,3554.85,3588.24,3543.38,3577.33,88716,0
^HOLDING,07/14/2011,3577.33,3595.8,3577.33,3585.0,230433,0
^HOLDING,07/15/2011,3585.0,3610.0,3572.14,3608.68,253059,0
^HOLDING,07/18/2011,3608.68,3612.76,3590.48,3606.62,285496,0
^HOLDING,07/19/2011,3606.48,3609.45,3587.79,3590.96,168905,0
^HOLDING,07/20/2011,3590.96,3616.1,3590.96,3605.29,152448,0
^HOLDING,07/21/2011,3605.29,3608.44,3593.57,3595.61,149748,0
^HOLDING,07/22/2011,3598.14,3604.12,3587.15,3591.63,108115,0
^HOLDING,07/25/2011,3591.63,3596.02,3586.05,3595.55,71054,0
^HOLDING,07/26/2011,3595.55,3595.55,3567.8,3567.8,77532,0
^HOLDING,07/27/2011,3572.1,3593.13,3553.48,3585.44,103970,0
^HOLDING,07/28/2011,3585.44,3593.11,3578.55,3585.66,58154,0
^HOLDING,07/29/2011,3585.66,3604.11,3585.66,3598.42,87192,0
^HOLDING,08/01/2011,3598.42,3643.0,3586.44,3643.0,91589,0
^HOLDING,08/02/2011,3643.0,3643.84,3618.76,3632.18,80817,0
^HOLDING,08/03/2011,3629.47,3629.47,3560.63,3565.28,85284,0
^HOLDING,08/04/2011,3565.86,3567.74,3549.4,3557.63,103099,0
^HOLDING,08/05/2011,3557.63,3557.63,3451.46,3536.22,119143,0
^HOLDING,08/08/2011,3507.96,3507.96,3420.04,3422.35,91884,0
^HOLDING,08/09/2011,3422.35,3422.35,3256.06,3274.07,132986,0
^HOLDING,08/10/2011,3274.07,3372.16,3274.07,3372.16,105742,0
^HOLDING,08/11/2011,3372.16,3391.61,3299.57,3378.24,73382,0
^HOLDING,08/12/2011,3382.72,3422.27,3382.72,3391.5,79449,0
^HOLDING,08/15/2011,3391.5,3412.79,3391.5,3408.62,40011,0
^HOLDING,08/16/2011,3408.62,3449.29,3408.62,3427.49,67136,0
^HOLDING,08/17/2011,3427.49,3436.73,3408.47,3420.18,56396,0
^HOLDING,08/18/2011,3420.18,3479.0,3420.18,3479.0,52906,0
^HOLDING,08/19/2011,3479.0,3479.0,3394.51,3427.64,53971,0
^HOLDING,08/22/2011,3427.64,3427.64,3350.66,3350.66,53936,0
^HOLDING,08/23/2011,3350.66,3403.51,3350.66,3403.51,59949,0
^HOLDING,08/24/2011,3410.5,3428.27,3380.19,3404.74,67879,0
^HOLDING,08/25/2011,3404.74,3405.98,3390.02,3391.51,80343,0
^HOLDING,08/26/2011,3391.51,3413.53,3351.51,3367.79,68401,0
^HOLDING,08/31/2011,3380.35,3403.32,3380.05,3397.93,81744,0
^HOLDING,09/01/2011,3397.93,3467.35,3397.93,3411.52,78274,0
^HOLDING,09/02/2011,3411.52,3463.47,3409.7,3444.97,50639,0
^HOLDING,09/05/2011,3444.97,3444.98,3410.47,3437.63,47748,0
^HOLDING,09/06/2011,3437.63,3437.63,3376.8,3376.8,222311,0
^HOLDING,09/07/2011,3376.8,3388.91,3357.89,3388.91,32301,0
^HOLDING,09/08/2011,3388.91,3442.18,3388.91,3442.18,52305,0
^HOLDING,09/09/2011,3442.18,3447.39,3410.16,3410.16,46005,0
^HOLDING,09/12/2011,3410.16,3410.16,3373.37,3373.37,50247,0
^HOLDING,09/13/2011,3373.36,3395.29,3363.77,3368.05,19164,0
^HOLDING,09/14/2011,3368.05,3386.36,3331.01,3331.23,55094,0
^HOLDING,09/15/2011,3331.23,3371.35,3331.23,3353.52,72797,0
^HOLDING,09/16/2011,3353.52,3390.71,3353.52,3370.9,60703,0
^HOLDING,09/19/2011,3370.9,3389.59,3370.15,3387.8,26800,0
^HOLDING,09/20/2011,3387.8,3387.8,3303.03,3303.03,40853,0
^HOLDING,09/21/2011,3303.03,3322.78,3271.91,3274.43,35144,0
^HOLDING,09/22/2011,3274.43,3274.43,3169.58,3194.45,58068,0
^HOLDING,09/23/2011,3194.26,3194.26,3018.93,3023.56,94229,0
^HOLDING,09/26/2011,3023.56,3050.09,2884.21,2884.21,79189,0
^HOLDING,09/28/2011,2884.21,3082.86,2884.21,3040.43,106515,0
^HOLDING,09/29/2011,3040.43,3045.9,2962.27,3033.76,71349,0
^HOLDING,09/30/2011,3063.69,3136.99,3063.69,3131.67,99267,0
^HOLDING,10/03/2011,3131.67,3131.67,2984.38,2984.38,64357,0
^HOLDING,10/04/2011,2984.38,2986.22,2904.2,2927.32,100683,0
^HOLDING,10/05/2011,2937.79,2964.95,2937.79,2939.93,51036,0
^HOLDING,10/06/2011,2939.93,3040.8,2939.93,3040.8,195850,0
^HOLDING,10/07/2011,3040.8,3169.92,3040.8,3169.92,139941,0
^HOLDING,10/10/2011,3169.57,3201.26,3138.44,3201.26,48091,0
^HOLDING,10/11/2011,3201.26,3253.76,3201.26,3241.37,90713,0
^HOLDING,10/12/2011,3241.37,3274.39,3207.53,3274.39,112958,0
^HOLDING,10/13/2011,3274.39,3305.41,3274.39,3287.85,117040,0
^HOLDING,10/14/2011,3287.85,3326.01,3283.49,3283.49,88857,0
^HOLDING,10/17/2011,3283.49,3367.94,3283.49,3359.01,57865,0
^HOLDING,10/18/2011,3359.01,3359.01,3309.52,3320.61,74117,0
^HOLDING,10/19/2011,3328.51,3358.12,3328.51,3358.12,115756,0
^HOLDING,10/20/2011,3358.12,3358.29,3320.22,3337.88,69013,0
^HOLDING,10/21/2011,3337.88,3346.88,3326.1,3338.61,72548,0
^HOLDING,10/24/2011,3338.61,3371.23,3338.61,3346.96,51055,0
^HOLDING,10/25/2011,3346.96,3398.13,3346.96,3380.66,117622,0
^HOLDING,10/26/2011,3380.66,3380.66,3361.11,3361.11,53885,0
^HOLDING,10/27/2011,3361.11,3397.32,3361.11,3384.88,56237,0
^HOLDING,10/28/2011,3384.88,3448.71,3384.88,3443.69,117324,0
^HOLDING,11/02/2011,3443.69,3452.33,3370.82,3370.82,80775,0
^HOLDING,11/03/2011,3370.82,3406.14,3315.39,3330.98,77084,0
^HOLDING,11/04/2011,3330.98,3387.65,3330.98,3377.19,62946,0
^HOLDING,11/08/2011,3377.19,3427.81,3377.19,3416.75,44893,0
^HOLDING,11/09/2011,3416.75,3446.34,3401.71,3446.34,83905,0
^HOLDING,11/10/2011,3446.34,3446.34,3358.75,3368.71,60313,0
^HOLDING,11/11/2011,3368.71,3379.38,3338.49,3371.81,57011,0
^HOLDING,11/14/2011,3371.81,3415.67,3371.81,3412.99,124882,0
^HOLDING,11/15/2011,3407.01,3416.95,3369.08,3416.19,221430,0
^HOLDING,11/16/2011,3416.19,3434.28,3398.37,3409.99,136570,0
^HOLDING,11/17/2011,3409.99,3423.11,3400.21,3402.09,111930,0
^HOLDING,11/18/2011,3402.09,3402.09,3360.29,3367.7,78361,0
^HOLDING,11/21/2011,3367.7,3370.42,3350.08,3357.1,106081,0
^HOLDING,11/22/2011,3357.1,3364.23,3336.94,3355.95,138780,0
^HOLDING,11/23/2011,3355.95,3370.5,3331.19,3335.7,122150,0
^HOLDING,11/24/2011,3335.7,3335.7,3300.57,3314.9,120200,0
^HOLDING,11/25/2011,3314.9,3361.51,3298.75,3361.51,64402,0
^HOLDING,11/28/2011,3361.51,3364.96,3318.96,3318.96,38759,0
^HOLDING,11/29/2011,3318.96,3359.1,3293.7,3293.7,69550,0
^HOLDING,12/01/2011,3293.7,3370.91,3293.7,3370.91,100450,0
^HOLDING,12/02/2011,3370.91,3397.47,3370.91,3392.27,151882,0
^HOLDING,12/05/2011,3392.27,3396.66,3366.55,3396.66,65299,0
^HOLDING,12/06/2011,3396.66,3396.66,3358.82,3380.76,34162,0
^HOLDING,12/07/2011,3380.76,3449.41,3373.0,3380.3,25384,0
^HOLDING,12/08/2011,3380.3,3395.91,3362.88,3395.91,36005,0
^HOLDING,12/09/2011,3395.91,3395.91,3347.71,3387.85,57588,0
^HOLDING,12/12/2011,3387.85,3387.85,3347.4,3347.4,35071,0
^HOLDING,12/13/2011,3347.18,3364.47,3333.66,3357.71,42615,0
^HOLDING,12/14/2011,3350.4,3369.85,3345.2,3356.51,101767,0
^HOLDING,12/15/2011,3356.51,3370.3,3346.95,3362.96,52214,0
^HOLDING,12/16/2011,3362.96,3416.77,3362.96,3395.55,166074,0
^HOLDING,12/19/2011,3395.55,3417.33,3389.24,3408.39,48131,0
^HOLDING,12/20/2011,3408.39,3422.63,3383.07,3409.7,86259,0
^HOLDING,12/21/2011,3409.7,3458.27,3409.7,3433.64,45108,0
^HOLDING,12/22/2011,3433.64,3465.66,3427.96,3465.66,48040,0
^HOLDING,12/23/2011,3465.66,3502.26,3465.66,3485.94,46696,0
^HOLDING,12/26/2011,3485.94,3503.81,3481.24,3503.81,28940,0
^HOLDING,12/27/2011,3503.81,3503.81,3456.89,3465.64,58726,0
^HOLDING,12/28/2011,3465.64,3465.64,3443.76,3454.71,51615,0
^HOLDING,12/29/2011,3454.71,3503.61,3453.09,3503.61,67076,0
^HOLDING,01/02/2012,3503.61,3503.7,3479.4,3503.23,20452,0
^HOLDING,01/03/2012,3503.23,3524.94,3486.81,3524.94,55040,0
^HOLDING,01/04/2012,3527.03,3570.69,3525.9,3567.91,74203,0
^HOLDING,01/05/2012,3567.91,3592.21,3562.02,3574.01,94384,0
^HOLDING,01/06/2012,3574.01,3581.43,3546.69,3550.19,76451,0
^HOLDING,01/09/2012,3550.15,3591.44,3529.76,3591.44,59321,0
^HOLDING,01/10/2012,3591.44,3626.31,3590.09,3596.84,102965,0
^HOLDING,01/11/2012,3596.84,3661.27,3596.84,3656.28,102666,0
^HOLDING,01/12/2012,3656.28,3695.01,3654.18,3695.01,73552,0
^HOLDING,01/13/2012,3695.01,3725.35,3662.46,3662.46,54653,0
^HOLDING,01/16/2012,3662.46,3687.57,3648.13,3648.13,39964,0
^HOLDING,01/17/2012,3648.13,3705.09,3648.13,3705.09,57522,0
^HOLDING,01/18/2012,3705.09,3746.17,3703.03,3739.03,84281,0
^HOLDING,01/19/2012,3739.03,3764.43,3727.63,3744.34,63234,0
^HOLDING,01/20/2012,3744.34,3783.16,3744.34,3775.01,112604,0
^HOLDING,01/24/2012,3775.01,3791.86,3740.66,3747.87,146464,0
^HOLDING,01/25/2012,3747.87,3760.81,3732.66,3748.51,14737,0
^HOLDING,01/26/2012,3734.78,3751.91,3673.3,3717.35,134896,0
^HOLDING,01/27/2012,3717.35,3738.74,3711.51,3721.32,118743,0
^HOLDING,01/30/2012,3721.32,3724.77,3670.12,3691.93,63705,0
^HOLDING,01/31/2012,3691.93,3739.7,3691.93,3739.7,90747,0
^HOLDING,02/01/2012,3739.7,3785.25,3735.27,3778.71,138401,0
^HOLDING,02/02/2012,3778.71,3918.34,3778.71,3918.34,298088,0
^HOLDING,02/03/2012,3918.34,3918.34,3777.89,3794.56,229518,0
^HOLDING,02/06/2012,3794.56,3912.55,3794.56,3863.75,148345,0
^HOLDING,02/07/2012,3863.75,3895.47,3833.0,3833.0,100903,0
