APX,06/28/1999,0.0080,0.0080,0.0080,0.0080,46000000,0
APX,06/29/1999,0.0085,0.0090,0.0085,0.0085,25000000,0
APX,06/30/1999,0.0080,0.0080,0.0080,0.0080,30000000,0
APX,07/01/1999,0.0080,0.0080,0.0080,0.0080,16000000,0
APX,07/02/1999,0.0085,0.0085,0.0080,0.0080,33000000,0
APX,07/05/1999,0.0080,0.0080,0.0080,0.0080,42000000,0
APX,07/06/1999,0.0080,0.0080,0.0080,0.0080,17000000,0
APX,07/08/1999,0.0080,0.011,0.0080,0.011,137000000,0
APX,07/09/1999,0.012,0.012,0.01,0.01,119700000,0
APX,07/12/1999,0.012,0.015,0.012,0.015,362000000,0
APX,07/13/1999,0.015,0.019,0.014,0.015,716100000,0
APX,07/14/1999,0.014,0.014,0.011,0.012,181600000,0
APX,07/15/1999,0.012,0.012,0.011,0.012,160700000,0
APX,07/16/1999,0.012,0.013,0.011,0.011,106600000,0
APX,07/19/1999,0.011,0.011,0.011,0.011,87600000,0
APX,07/20/1999,0.011,0.011,0.01,0.011,134800000,0
APX,07/21/1999,0.01,0.01,0.01,0.01,64700000,0
APX,07/22/1999,0.01,0.01,0.0090,0.0090,111000000,0
APX,07/23/1999,0.0090,0.0090,0.0090,0.0090,21000000,0
APX,07/26/1999,0.0090,0.0090,0.0080,0.0080,19000000,0
APX,07/27/1999,0.0075,0.0080,0.0075,0.0080,20000000,0
APX,07/29/1999,0.0090,0.0090,0.0090,0.0090,33000000,0
APX,07/30/1999,0.0095,0.01,0.0095,0.01,28000000,0
APX,08/02/1999,0.011,0.012,0.011,0.012,93000000,0
APX,08/04/1999,0.013,0.014,0.013,0.013,177600000,0
APX,08/05/1999,0.012,0.013,0.012,0.012,80500000,0
APX,08/06/1999,0.011,0.011,0.011,0.011,14300000,0
APX,08/09/1999,0.01,0.01,0.01,0.01,15500000,0
APX,08/11/1999,0.01,0.01,0.01,0.01,21000000,0
APX,08/12/1999,0.01,0.01,0.01,0.01,4000000,0
APX,08/13/1999,0.01,0.01,0.01,0.01,32000000,0
APX,08/16/1999,0.01,0.01,0.01,0.01,8000000,0
APX,08/17/1999,0.0095,0.0095,0.0095,0.0095,31000000,0
APX,08/18/1999,0.0095,0.0095,0.0095,0.0095,5000000,0
APX,08/19/1999,0.01,0.01,0.01,0.01,11000000,0
APX,08/20/1999,0.01,0.01,0.01,0.01,1000000,0
APX,08/23/1999,0.01,0.012,0.01,0.011,34000000,0
APX,08/24/1999,0.012,0.013,0.012,0.013,89300000,0
APX,08/25/1999,0.012,0.013,0.012,0.012,70000000,0
APX,08/26/1999,0.012,0.012,0.012,0.012,41200000,0
APX,08/27/1999,0.012,0.012,0.012,0.012,33100000,0
APX,08/30/1999,0.011,0.011,0.011,0.011,5000000,0
APX,08/31/1999,0.011,0.011,0.011,0.011,6000000,0
APX,09/01/1999,0.01,0.01,0.01,0.01,66000000,0
APX,09/02/1999,0.01,0.01,0.01,0.01,2000000,0
APX,09/03/1999,0.01,0.01,0.01,0.01,2000000,0
APX,09/06/1999,0.01,0.011,0.01,0.011,31000000,0
APX,09/07/1999,0.011,0.012,0.011,0.011,15600000,0
APX,09/08/1999,0.011,0.011,0.01,0.011,55600000,0
APX,09/09/1999,0.011,0.011,0.011,0.011,7000000,0
APX,09/10/1999,0.011,0.012,0.011,0.012,4200000,0
APX,09/17/1999,0.01,0.01,0.01,0.01,7000000,0
APX,09/20/1999,0.01,0.01,0.01,0.01,2000000,0
APX,09/21/1999,0.01,0.01,0.01,0.01,41000000,0
APX,09/22/1999,0.01,0.013,0.01,0.013,302000000,0
APX,09/23/1999,0.013,0.014,0.012,0.012,187700000,0
APX,09/24/1999,0.012,0.012,0.01,0.011,96600000,0
APX,09/27/1999,0.011,0.012,0.01,0.01,63000000,0
APX,09/28/1999,0.011,0.012,0.011,0.011,79000000,0
APX,09/29/1999,0.012,0.013,0.012,0.012,127900000,0
APX,09/30/1999,0.012,0.012,0.012,0.012,41000000,0
APX,10/01/1999,0.011,0.011,0.011,0.011,26000000,0
APX,10/04/1999,0.011,0.011,0.011,0.011,16300000,0
APX,10/05/1999,0.012,0.012,0.012,0.012,34000000,0
APX,10/06/1999,0.012,0.013,0.011,0.011,72200000,0
APX,10/07/1999,0.011,0.011,0.011,0.011,75100000,0
APX,10/08/1999,0.011,0.011,0.011,0.011,14000000,0
APX,10/11/1999,0.01,0.01,0.01,0.01,44900000,0
APX,10/12/1999,0.01,0.01,0.01,0.01,44000000,0
APX,10/13/1999,0.01,0.011,0.01,0.01,10000000,0
APX,10/14/1999,0.0095,0.0095,0.0095,0.0095,2000000,0
APX,10/15/1999,0.0090,0.01,0.0090,0.0095,18000000,0
APX,10/18/1999,0.0095,0.0095,0.0095,0.0095,7000000,0
APX,10/19/1999,0.0080,0.0080,0.0080,0.0080,2000000,0
APX,10/20/1999,0.0080,0.0095,0.0080,0.0095,29000000,0
APX,10/21/1999,0.0095,0.0095,0.0095,0.0095,5000000,0
APX,10/22/1999,0.0095,0.0095,0.0095,0.0095,4000000,0
APX,10/27/1999,0.0095,0.0095,0.0095,0.0095,3000000,0
APX,10/28/1999,0.01,0.01,0.0095,0.0095,30000000,0
APX,11/04/1999,0.0095,0.0095,0.0090,0.0090,19000000,0
APX,11/05/1999,0.0090,0.0090,0.0090,0.0090,8000000,0
APX,11/08/1999,0.0095,0.0095,0.0090,0.0090,9000000,0
APX,11/09/1999,0.0090,0.0090,0.0090,0.0090,51000000,0
APX,11/10/1999,0.0090,0.0090,0.0085,0.0085,20000000,0
APX,11/11/1999,0.0090,0.0090,0.0090,0.0090,23000000,0
APX,11/12/1999,0.0095,0.0095,0.0095,0.0095,3000000,0
APX,11/17/1999,0.0090,0.0090,0.0090,0.0090,5000000,0
APX,11/18/1999,0.0090,0.0090,0.0090,0.0090,26000000,0
APX,11/19/1999,0.0095,0.01,0.0095,0.0095,48000000,0
APX,11/22/1999,0.0095,0.0095,0.0095,0.0095,2000000,0
APX,11/24/1999,0.0095,0.01,0.0095,0.01,31000000,0
APX,11/25/1999,0.01,0.011,0.01,0.011,90000000,0
APX,11/26/1999,0.01,0.01,0.01,0.01,18500000,0
APX,11/29/1999,0.011,0.011,0.01,0.011,97000000,0
APX,12/01/1999,0.01,0.01,0.01,0.01,26000000,0
APX,12/02/1999,0.01,0.01,0.01,0.01,10000000,0
APX,12/06/1999,0.01,0.01,0.01,0.01,10000000,0
APX,12/07/1999,0.01,0.01,0.0095,0.0095,7000000,0
APX,12/08/1999,0.01,0.011,0.01,0.01,55000000,0
APX,12/09/1999,0.01,0.01,0.0095,0.0095,37000000,0
APX,12/10/1999,0.0095,0.0095,0.0090,0.0090,22000000,0
APX,12/14/1999,0.0090,0.0095,0.0090,0.0095,6000000,0
APX,12/15/1999,0.0095,0.0095,0.0095,0.0095,9000000,0
APX,12/17/1999,0.0090,0.0095,0.0090,0.0095,6000000,0
APX,12/20/1999,0.0090,0.0095,0.0090,0.0095,8000000,0
APX,12/21/1999,0.0090,0.0090,0.0090,0.0090,12000000,0
APX,12/23/1999,0.0090,0.0090,0.0090,0.0090,2000000,0
APX,12/24/1999,0.0090,0.0090,0.0090,0.0090,4000000,0
APX,12/27/1999,0.0095,0.0095,0.0095,0.0095,7000000,0
APX,12/28/1999,0.01,0.01,0.01,0.01,10000000,0
APX,12/29/1999,0.0090,0.0090,0.0090,0.0090,5000000,0
APX,02/01/2000,0.0085,0.0085,0.0085,0.0085,10000000,0
APX,02/02/2000,0.0085,0.0090,0.0085,0.0090,17000000,0
APX,02/03/2000,0.0090,0.0090,0.0090,0.0090,10000000,0
APX,02/04/2000,0.0090,0.0095,0.0090,0.0095,114000000,0
APX,02/07/2000,0.01,0.012,0.01,0.011,511000000,0
APX,02/08/2000,0.011,0.011,0.0095,0.0095,180300000,0
APX,02/09/2000,0.01,0.01,0.01,0.01,20000000,0
APX,02/10/2000,0.01,0.01,0.01,0.01,18000000,0
APX,02/11/2000,0.01,0.01,0.0095,0.0095,56000000,0
APX,02/14/2000,0.0095,0.0095,0.0090,0.0090,13000000,0
APX,02/15/2000,0.01,0.01,0.0095,0.0095,33000000,0
APX,02/16/2000,0.0090,0.0090,0.0090,0.0090,34000000,0
APX,02/17/2000,0.0085,0.0090,0.0085,0.0090,16000000,0
APX,02/18/2000,0.0090,0.0095,0.0085,0.0085,15000000,0
APX,02/21/2000,0.0095,0.0095,0.0095,0.0095,24000000,0
APX,02/22/2000,0.0090,0.0090,0.0090,0.0090,8000000,0
APX,02/23/2000,0.0090,0.0095,0.0090,0.0095,22000000,0
APX,02/24/2000,0.01,0.013,0.01,0.01,523000000,0
APX,02/28/2000,0.012,0.012,0.01,0.01,53000000,0
APX,02/29/2000,0.01,0.01,0.01,0.01,69000000,0
APX,03/01/2000,0.01,0.01,0.0095,0.0095,43000000,0
APX,03/02/2000,0.01,0.01,0.01,0.01,31000000,0
APX,03/03/2000,0.011,0.011,0.011,0.011,85000000,0
APX,03/06/2000,0.011,0.012,0.011,0.012,16800000,0
APX,03/07/2000,0.012,0.012,0.01,0.011,290600000,0
APX,03/08/2000,0.01,0.016,0.01,0.016,1608700000,0
APX,03/09/2000,0.019,0.021,0.016,0.019,3197700000,0
APX,03/10/2000,0.018,0.02,0.017,0.018,1272500000,0
APX,03/13/2000,0.019,0.02,0.016,0.017,1025500000,0
APX,03/14/2000,0.018,0.018,0.013,0.013,767600000,0
APX,03/15/2000,0.013,0.017,0.013,0.017,808100000,0
APX,03/16/2000,0.021,0.025,0.018,0.022,6387200000,0
APX,03/17/2000,0.02,0.023,0.016,0.017,2572400000,0
APX,03/20/2000,0.017,0.018,0.014,0.014,875600000,0
APX,03/21/2000,0.014,0.016,0.014,0.016,831700000,0
APX,03/22/2000,0.015,0.015,0.013,0.013,315700000,0
APX,03/23/2000,0.014,0.016,0.014,0.014,904400000,0
APX,03/24/2000,0.015,0.015,0.014,0.014,412600000,0
APX,03/27/2000,0.014,0.014,0.014,0.014,199400000,0
APX,03/28/2000,0.014,0.014,0.013,0.013,130600000,0
APX,03/29/2000,0.013,0.013,0.012,0.013,226800000,0
APX,03/30/2000,0.013,0.014,0.013,0.013,82000000,0
APX,03/31/2000,0.013,0.014,0.012,0.012,72000000,0
APX,04/03/2000,0.013,0.013,0.011,0.011,90800000,0
APX,04/04/2000,0.012,0.012,0.01,0.011,255100000,0
APX,04/05/2000,0.011,0.011,0.01,0.011,27100000,0
APX,04/06/2000,0.011,0.011,0.011,0.011,59000000,0
APX,04/07/2000,0.012,0.012,0.012,0.012,99000000,0
APX,04/10/2000,0.012,0.012,0.011,0.012,77000000,0
APX,04/11/2000,0.011,0.011,0.011,0.011,33000000,0
APX,04/12/2000,0.011,0.011,0.01,0.01,12900000,0
APX,04/13/2000,0.01,0.012,0.01,0.011,111000000,0
APX,04/14/2000,0.011,0.012,0.011,0.012,14800000,0
APX,04/17/2000,0.011,0.011,0.01,0.011,50000000,0
APX,04/18/2000,0.011,0.011,0.01,0.011,41500000,0
APX,04/19/2000,0.011,0.011,0.011,0.011,12000000,0
APX,04/24/2000,0.01,0.01,0.01,0.01,19000000,0
APX,04/25/2000,0.01,0.01,0.01,0.01,22000000,0
APX,04/26/2000,0.01,0.01,0.01,0.01,16000000,0
APX,04/27/2000,0.01,0.011,0.01,0.01,29000000,0
APX,04/28/2000,0.01,0.01,0.01,0.01,396000000,0
APX,05/02/2000,0.01,0.01,0.01,0.01,46000000,0
APX,05/03/2000,0.01,0.01,0.01,0.01,86000000,0
APX,05/04/2000,0.01,0.011,0.01,0.011,239000000,0
APX,05/05/2000,0.01,0.01,0.01,0.01,155000000,0
APX,05/08/2000,0.01,0.01,0.01,0.01,184000000,0
APX,05/09/2000,0.01,0.01,0.01,0.01,152000000,0
APX,05/10/2000,0.01,0.01,0.01,0.01,44000000,0
APX,05/11/2000,0.0095,0.0095,0.0095,0.0095,36000000,0
APX,05/12/2000,0.0095,0.0095,0.0095,0.0095,3000000,0
APX,05/15/2000,0.0095,0.0095,0.0095,0.0095,2000000,0
APX,05/16/2000,0.0095,0.0095,0.0095,0.0095,13000000,0
APX,05/17/2000,0.01,0.01,0.0095,0.01,31000000,0
APX,05/18/2000,0.0095,0.01,0.0095,0.0095,28000000,0
APX,05/19/2000,0.0090,0.0090,0.0090,0.0090,5000000,0
APX,05/25/2000,0.0090,0.0090,0.0090,0.0090,15000000,0
APX,05/26/2000,0.0090,0.0090,0.0085,0.0085,37000000,0
APX,05/30/2000,0.0090,0.0090,0.0090,0.0090,8000000,0
APX,06/01/2000,0.0090,0.0090,0.0090,0.0090,1000000,0
APX,06/02/2000,0.0090,0.0090,0.0090,0.0090,5000000,0
APX,06/05/2000,0.0090,0.0090,0.0085,0.0085,25000000,0
APX,06/06/2000,0.0090,0.011,0.0090,0.0095,175000000,0
APX,06/07/2000,0.01,0.01,0.0095,0.0095,24000000,0
APX,06/08/2000,0.0095,0.0095,0.0095,0.0095,13000000,0
APX,06/13/2000,0.0095,0.0095,0.0095,0.0095,2000000,0
APX,06/14/2000,0.0095,0.0095,0.0095,0.0095,30000000,0
APX,06/15/2000,0.0095,0.0095,0.0095,0.0095,8000000,0
APX,06/16/2000,0.0095,0.0095,0.0095,0.0095,26000000,0
APX,06/19/2000,0.0095,0.013,0.0095,0.012,461000000,0
APX,06/20/2000,0.012,0.012,0.011,0.011,120300000,0
APX,06/21/2000,0.011,0.011,0.011,0.011,18000000,0
APX,06/22/2000,0.01,0.01,0.01,0.01,36900000,0
APX,06/23/2000,0.011,0.011,0.011,0.011,40000000,0
APX,06/26/2000,0.01,0.01,0.01,0.01,36200000,0
APX,06/27/2000,0.01,0.01,0.01,0.01,10000000,0
APX,06/29/2000,0.01,0.01,0.0095,0.0095,163000000,0
APX,06/30/2000,0.0095,0.0095,0.0095,0.0095,25000000,0
APX,07/03/2000,0.0095,0.0095,0.0095,0.0095,1000000,0
APX,07/04/2000,0.0090,0.0095,0.0090,0.0095,11000000,0
APX,07/10/2000,0.0095,0.0095,0.0090,0.0090,10000000,0
APX,07/11/2000,0.0090,0.0090,0.0090,0.0090,1000000,0
APX,07/12/2000,0.0095,0.0095,0.0095,0.0095,10000000,0
APX,07/14/2000,0.0090,0.0090,0.0090,0.0090,12000000,0
APX,07/19/2000,0.0085,0.0090,0.0085,0.0090,20000000,0
APX,07/20/2000,0.0085,0.0085,0.0080,0.0080,47000000,0
APX,07/21/2000,0.0080,0.0080,0.0080,0.0080,1000000,0
APX,07/24/2000,0.0080,0.0080,0.0080,0.0080,11000000,0
APX,07/27/2000,0.0080,0.0080,0.0080,0.0080,12000000,0
APX,08/01/2000,0.0070,0.0070,0.0050,0.0070,587000000,0
APX,08/07/2000,0.0070,0.0070,0.0070,0.0070,2000000,0
APX,08/11/2000,0.0080,0.0080,0.0080,0.0080,18000000,0
APX,08/14/2000,0.0080,0.0085,0.0080,0.0085,8000000,0
APX,08/15/2000,0.0075,0.0075,0.0075,0.0075,2000000,0
APX,08/16/2000,0.0080,0.0080,0.0080,0.0080,2000000,0
APX,08/17/2000,0.0080,0.0080,0.0080,0.0080,1000000,0
APX,08/18/2000,0.0080,0.0090,0.0075,0.0090,41000000,0
APX,08/22/2000,0.0080,0.0080,0.0080,0.0080,2000000,0
APX,08/23/2000,0.0080,0.0080,0.0080,0.0080,8000000,0
APX,08/24/2000,0.0080,0.0080,0.0080,0.0080,5000000,0
APX,08/25/2000,0.0080,0.0080,0.0080,0.0080,3000000,0
APX,08/28/2000,0.0075,0.0075,0.0075,0.0075,7000000,0
APX,08/29/2000,0.0080,0.0080,0.0080,0.0080,10000000,0
APX,08/30/2000,0.0080,0.0080,0.0080,0.0080,10000000,0
APX,08/31/2000,0.0080,0.0080,0.0080,0.0080,4000000,0
APX,09/05/2000,0.0080,0.0080,0.0080,0.0080,4000000,0
APX,09/07/2000,0.0080,0.0080,0.0080,0.0080,7000000,0
APX,09/08/2000,0.0080,0.0080,0.0080,0.0080,10000000,0
APX,09/12/2000,0.0075,0.0075,0.0075,0.0075,2000000,0
APX,09/13/2000,0.0075,0.0075,0.0075,0.0075,1000000,0
APX,09/15/2000,0.0075,0.0075,0.0075,0.0075,2000000,0
APX,09/19/2000,0.0070,0.0070,0.0070,0.0070,4000000,0
APX,09/20/2000,0.0070,0.0070,0.0070,0.0070,16000000,0
APX,09/21/2000,0.0070,0.0070,0.0070,0.0070,30000000,0
APX,09/22/2000,0.0070,0.0070,0.0070,0.0070,3000000,0
APX,09/26/2000,0.0070,0.0070,0.0070,0.0070,24000000,0
APX,09/27/2000,0.0070,0.0070,0.0070,0.0070,7000000,0
APX,09/28/2000,0.0065,0.0065,0.0065,0.0065,6000000,0
APX,10/02/2000,0.0065,0.0065,0.0065,0.0065,10000000,0
APX,10/03/2000,0.0060,0.0060,0.0060,0.0060,8000000,0
APX,10/04/2000,0.0060,0.0060,0.0060,0.0060,2000000,0
APX,10/05/2000,0.0060,0.0060,0.0060,0.0060,1000000,0
APX,10/09/2000,0.0055,0.0055,0.0055,0.0055,10000000,0
APX,10/10/2000,0.0055,0.0055,0.0055,0.0055,14000000,0
APX,10/11/2000,0.0050,0.0050,0.0050,0.0050,14000000,0
APX,10/12/2000,0.0050,0.0050,0.0050,0.0050,19000000,0
APX,10/25/2000,0.0044,0.0044,0.0044,0.0044,6000000,0
APX,10/26/2000,0.0044,0.0044,0.0044,0.0044,4000000,0
APX,11/06/2000,0.0050,0.0055,0.0050,0.0055,68000000,0
APX,11/07/2000,0.0050,0.0050,0.0050,0.0050,2000000,0
APX,11/17/2000,0.0050,0.0050,0.0050,0.0050,6000000,0
APX,11/21/2000,0.0060,0.0065,0.0055,0.0055,58000000,0
APX,11/22/2000,0.0060,0.0065,0.0055,0.0055,19000000,0
APX,11/23/2000,0.0055,0.0055,0.0055,0.0055,4000000,0
APX,11/29/2000,0.0050,0.0050,0.0050,0.0050,6000000,0
APX,12/01/2000,0.0050,0.0050,0.0050,0.0050,21000000,0
APX,12/05/2000,0.0050,0.0050,0.0050,0.0050,5000000,0
APX,12/13/2000,0.0048,0.0048,0.0048,0.0048,5000000,0
APX,12/14/2000,0.0050,0.0050,0.0050,0.0050,4000000,0
APX,12/15/2000,0.0048,0.0050,0.0048,0.0050,2000000,0
APX,12/19/2000,0.0050,0.0050,0.0050,0.0050,4000000,0
APX,12/22/2000,0.0055,0.0055,0.0055,0.0055,12000000,0
APX,12/27/2000,0.0055,0.0055,0.0055,0.0055,2000000,0
APX,12/28/2000,0.0055,0.0055,0.0055,0.0055,3000000,0
APX,12/29/2000,0.0050,0.0050,0.0050,0.0050,9000000,0
APX,09/25/2001,0.35,0.35,0.35,0.35,200000,0
APX,09/26/2001,0.3,0.3,0.25,0.25,220000,0
APX,09/27/2001,0.16,0.25,0.16,0.25,2570000,0
APX,09/28/2001,0.23,0.23,0.23,0.23,150000,0
APX,10/01/2001,0.25,0.25,0.25,0.25,1700000,0
APX,10/02/2001,0.25,0.25,0.23,0.23,470000,0
APX,10/03/2001,0.245,0.245,0.24,0.24,40000,0
APX,10/04/2001,0.24,0.24,0.24,0.24,20000,0
APX,10/05/2001,0.24,0.24,0.23,0.23,320000,0
APX,10/08/2001,0.22,0.22,0.22,0.22,300000,0
APX,10/09/2001,0.2,0.2,0.2,0.2,240000,0
APX,10/12/2001,0.26,0.26,0.26,0.26,400000,0
APX,10/16/2001,0.23,0.23,0.22,0.22,50000,0
APX,10/18/2001,0.21,0.21,0.21,0.21,30000,0
APX,10/23/2001,0.18,0.18,0.18,0.18,100000,0
APX,10/26/2001,0.19,0.23,0.19,0.23,80000,0
APX,10/29/2001,0.23,0.23,0.23,0.23,10000,0
APX,11/20/2001,0.2,0.2,0.2,0.2,200000,0
APX,11/26/2001,0.2,0.2,0.2,0.2,310000,0
APX,11/27/2001,0.2,0.2,0.2,0.2,310000,0
APX,11/29/2001,0.24,0.3,0.24,0.3,210000,0
APX,12/04/2001,0.25,0.25,0.25,0.25,20000,0
APX,12/06/2001,0.26,0.26,0.26,0.26,10000,0
APX,12/12/2001,0.32,0.32,0.32,0.32,10000,0
APX,12/13/2001,0.42,0.42,0.38,0.38,30000,0
APX,12/21/2001,0.38,0.39,0.38,0.39,90000,0
APX,12/26/2001,0.39,0.39,0.39,0.39,20000,0
APX,01/04/2002,0.38,0.39,0.38,0.39,40000,0
APX,01/07/2002,0.38,0.39,0.38,0.39,100000,0
APX,01/09/2002,0.235,0.235,0.235,0.235,10000,0
APX,01/17/2002,0.26,0.26,0.26,0.26,10000,0
APX,01/21/2002,0.34,0.34,0.34,0.34,10000,0
APX,01/24/2002,0.3,0.36,0.28,0.33,360000,0
APX,01/25/2002,0.33,0.35,0.33,0.33,600000,0
APX,01/29/2002,0.33,0.33,0.33,0.33,220000,0
APX,02/01/2002,0.35,0.35,0.34,0.34,100000,0
APX,02/04/2002,0.34,0.34,0.34,0.34,10000,0
APX,02/11/2002,0.4,0.4,0.4,0.4,50000,0
APX,02/12/2002,0.4,0.4,0.4,0.4,100000,0
APX,02/13/2002,0.34,0.34,0.34,0.34,80000,0
APX,02/15/2002,0.35,0.35,0.35,0.35,10000,0
APX,02/18/2002,0.36,0.39,0.36,0.39,60000,0
APX,03/06/2002,0.35,0.35,0.35,0.35,60000,0
APX,04/01/2002,0.33,0.33,0.33,0.33,30000,0
APX,04/29/2002,0.21,0.21,0.21,0.21,10000,0
APX,05/09/2002,0.2,0.2,0.2,0.2,10000,0
APX,05/23/2002,0.2,0.2,0.2,0.2,10000,0
APX,07/02/2002,0.12,0.12,0.12,0.12,10000,0
APX,07/03/2002,0.12,0.12,0.12,0.12,230000,0
APX,09/05/2002,0.12,0.12,0.12,0.12,30000,0
APX,09/06/2002,0.12,0.12,0.12,0.12,60000,0
APX,10/08/2002,0.12,0.12,0.12,0.12,10000,0
APX,10/25/2002,0.12,0.12,0.12,0.12,20000,0
APX,11/11/2002,0.18,0.18,0.18,0.18,150000,0
APX,11/14/2002,0.12,0.12,0.12,0.12,10000,0
APX,11/15/2002,0.12,0.12,0.12,0.12,20000,0
APX,12/12/2002,0.105,0.105,0.105,0.105,150000,0
APX,12/20/2002,0.065,0.065,0.065,0.065,150000,0
APX,03/12/2003,0.0625,0.0625,0.0625,0.0625,200000,0
APX,03/31/2003,0.065,0.065,0.065,0.065,1000000,0
APX,04/04/2003,0.095,0.095,0.095,0.095,100000,0
APX,04/25/2003,0.1,0.1,0.1,0.1,100000,0
APX,05/09/2003,0.1,0.1,0.1,0.1,100000,0
APX,07/18/2003,0.1,0.1,0.1,0.1,200000,0
APX,07/23/2003,0.15,0.15,0.15,0.15,1100000,0
APX,07/24/2003,0.11,0.15,0.11,0.15,100000,0
APX,07/29/2003,0.135,0.15,0.135,0.15,20000,0
APX,08/07/2003,0.15,0.15,0.15,0.15,590000,0
APX,08/12/2003,0.2,0.2,0.19,0.19,150000,0
APX,08/13/2003,0.19,0.19,0.19,0.19,300000,0
APX,08/19/2003,0.19,0.19,0.19,0.19,50000,0
APX,08/26/2003,0.19,0.19,0.19,0.19,10000,0
APX,08/27/2003,0.2,0.2,0.19,0.19,350000,0
APX,08/28/2003,0.19,0.19,0.19,0.19,310000,0
APX,09/10/2003,0.15,0.18,0.15,0.18,60000,0
APX,09/24/2003,0.15,0.15,0.15,0.15,100000,0
APX,09/25/2003,0.15,0.2,0.15,0.2,70000,0
APX,09/30/2003,0.15,0.15,0.15,0.15,100000,0
APX,10/08/2003,0.17,0.225,0.17,0.225,310000,0
APX,10/09/2003,0.2,0.22,0.2,0.22,310000,0
APX,10/10/2003,0.205,0.205,0.205,0.205,13810000,0
APX,10/15/2003,0.2,0.2,0.2,0.2,50000,0
APX,10/17/2003,0.2,0.2,0.2,0.2,200000,0
APX,10/23/2003,0.2,0.2,0.2,0.2,50000,0
APX,10/27/2003,0.18,0.18,0.18,0.18,7380000,0
APX,10/31/2003,0.21,0.21,0.21,0.21,100000,0
APX,11/04/2003,0.19,0.19,0.19,0.19,10000,0
APX,11/05/2003,0.2,0.2,0.2,0.2,50000,0
APX,11/11/2003,0.2,0.2,0.2,0.2,50000,0
APX,12/04/2003,0.18,0.18,0.18,0.18,20000,0
APX,12/18/2003,0.15,0.15,0.15,0.15,20000,0
APX,01/09/2004,0.155,0.155,0.155,0.155,100000,0
APX,01/22/2004,0.16,0.16,0.16,0.16,70000,0
APX,01/27/2004,0.15,0.15,0.15,0.15,380000,0
APX,02/19/2004,0.1,0.1,0.1,0.1,200000,0
APX,02/20/2004,0.1,0.1,0.1,0.1,300000,0
APX,03/05/2004,0.1,0.1,0.1,0.1,100000,0
APX,05/12/2004,0.1,0.1,0.1,0.1,100000,0
APX,06/18/2004,0.105,0.15,0.105,0.15,300000,0
APX,06/21/2004,0.175,0.2,0.175,0.2,400000,0
APX,06/22/2004,0.225,0.23,0.19,0.19,1500000,0
APX,06/24/2004,0.18,0.18,0.18,0.18,50000,0
APX,06/25/2004,0.19,0.19,0.19,0.19,200000,0
APX,06/30/2004,0.155,0.2,0.155,0.2,280000,0
APX,07/02/2004,0.13,0.13,0.13,0.13,10000,0
APX,07/07/2004,0.15,0.15,0.15,0.15,80000,0
APX,07/09/2004,0.2,0.205,0.2,0.205,290000,0
APX,07/13/2004,0.2,0.2,0.2,0.2,100000,0
APX,07/15/2004,0.22,0.23,0.22,0.22,480000,0
APX,07/16/2004,0.25,0.29,0.25,0.29,400000,0
APX,07/19/2004,0.29,0.29,0.27,0.27,750000,0
APX,07/20/2004,0.27,0.27,0.27,0.27,1530000,0
APX,08/11/2004,0.26,0.26,0.26,0.26,100000,0
APX,08/16/2004,0.24,0.24,0.24,0.24,140000,0
APX,08/18/2004,0.2,0.2,0.2,0.2,130000,0
APX,08/25/2004,0.2,0.2,0.2,0.2,50000,0
APX,08/31/2004,0.2,0.2,0.2,0.2,150000,0
APX,09/23/2004,0.16,0.16,0.16,0.16,50000,0
APX,09/24/2004,0.2,0.2,0.2,0.2,70000,0
APX,09/29/2004,0.19,0.19,0.19,0.19,100000,0
APX,09/30/2004,0.18,0.18,0.18,0.18,40000,0
APX,10/01/2004,0.18,0.18,0.14,0.14,50000,0
APX,10/07/2004,0.21,0.21,0.21,0.21,100000,0
APX,10/12/2004,0.22,0.22,0.21,0.21,120000,0
APX,10/13/2004,0.2,0.2,0.2,0.2,280000,0
APX,10/14/2004,0.22,0.22,0.22,0.22,100000,0
APX,10/15/2004,0.24,0.25,0.24,0.25,340000,0
APX,10/18/2004,0.27,0.27,0.27,0.27,10000,0
APX,10/19/2004,0.25,0.27,0.25,0.27,300000,0
APX,10/22/2004,0.24,0.24,0.24,0.24,240000,0
APX,10/25/2004,0.23,0.23,0.23,0.23,100000,0
APX,10/26/2004,0.26,0.27,0.26,0.27,190000,0
APX,10/27/2004,0.25,0.25,0.25,0.25,20000,0
APX,10/28/2004,0.27,0.27,0.24,0.25,240000,0
APX,10/29/2004,0.26,0.27,0.26,0.27,250000,0
APX,11/05/2004,0.21,0.21,0.21,0.21,30000,0
APX,11/09/2004,0.22,0.22,0.22,0.22,100000,0
APX,11/11/2004,0.22,0.22,0.22,0.22,20000,0
APX,11/16/2004,0.22,0.22,0.22,0.22,10000,0
APX,11/18/2004,0.22,0.22,0.22,0.22,10000,0
APX,11/22/2004,0.22,0.22,0.22,0.22,20000,0
APX,11/23/2004,0.27,0.27,0.27,0.27,10000,0
APX,11/26/2004,0.2,0.2,0.2,0.2,30000,0
APX,12/02/2004,0.3,0.3,0.3,0.3,230000,0
APX,12/06/2004,0.44,0.44,0.4,0.42,1260000,0
APX,12/07/2004,0.42,0.42,0.39,0.39,200000,0
APX,12/08/2004,0.38,0.38,0.38,0.38,10000,0
APX,12/09/2004,0.38,0.38,0.33,0.35,890000,0
APX,12/13/2004,0.32,0.32,0.32,0.32,90000,0
APX,12/14/2004,0.31,0.34,0.31,0.34,2240000,0
APX,12/16/2004,0.34,0.34,0.34,0.34,20000,0
APX,12/20/2004,0.35,0.37,0.35,0.37,300000,0
APX,12/22/2004,0.34,0.38,0.34,0.38,110000,0
APX,01/03/2005,0.4,0.48,0.4,0.47,1360000,0
APX,01/04/2005,0.47,0.47,0.43,0.43,270000,0
APX,01/05/2005,0.43,0.45,0.43,0.45,110000,0
APX,01/06/2005,0.46,0.46,0.44,0.44,200000,0
APX,01/10/2005,0.44,0.44,0.44,0.44,90000,0
APX,01/12/2005,0.44,0.44,0.42,0.42,120000,0
APX,01/13/2005,0.42,0.46,0.42,0.46,80000,0
APX,01/14/2005,0.46,0.46,0.46,0.46,50000,0
APX,01/19/2005,0.47,0.55,0.47,0.55,930000,0
APX,01/20/2005,0.56,0.6,0.56,0.6,330000,0
APX,01/21/2005,0.65,0.7,0.65,0.68,700000,0
APX,01/24/2005,0.75,0.8,0.71,0.71,170000,0
APX,01/25/2005,0.72,0.72,0.7,0.7,570000,0
APX,01/27/2005,0.75,0.75,0.75,0.75,40000,0
APX,01/28/2005,0.8,0.95,0.8,0.95,870000,0
APX,01/31/2005,0.95,0.95,0.84,0.95,280000,0
APX,02/01/2005,0.9,0.95,0.9,0.95,900000,0
APX,02/02/2005,0.95,0.95,0.9,0.9,650000,0
APX,02/03/2005,0.95,0.95,0.93,0.93,100000,0
APX,02/04/2005,0.9,0.9,0.79,0.79,600000,0
APX,02/07/2005,0.8,0.8,0.79,0.79,180000,0
APX,02/09/2005,0.74,0.95,0.73,0.95,720000,0
APX,02/10/2005,0.95,0.95,0.9,0.9,110000,0
APX,02/11/2005,0.95,1.04,0.95,1.0,1820000,0
APX,02/14/2005,1.12,1.36,1.12,1.32,2400000,0
APX,02/15/2005,1.3,1.46,1.28,1.46,1526000,0
APX,02/16/2005,1.5,1.5,1.2,1.3,773000,0
APX,02/17/2005,1.36,1.36,1.3,1.3,771000,0
APX,02/18/2005,1.2,1.3,1.2,1.3,275000,0
APX,02/21/2005,1.24,1.24,1.2,1.2,250000,0
APX,02/22/2005,1.18,1.18,1.12,1.12,145000,0
APX,02/23/2005,1.08,1.2,1.08,1.2,326000,0
APX,02/24/2005,1.16,1.16,1.14,1.14,191000,0
APX,02/28/2005,1.1,1.14,1.08,1.14,288000,0
APX,03/01/2005,1.14,1.14,1.06,1.06,190000,0
APX,03/02/2005,1.06,1.08,1.06,1.08,110000,0
APX,03/03/2005,1.06,1.06,1.02,1.04,245000,0
APX,03/04/2005,1.04,1.04,1.02,1.02,270000,0
APX,03/07/2005,1.02,1.02,1.02,1.02,133000,0
APX,03/09/2005,1.1,1.1,1.08,1.08,33000,0
APX,03/10/2005,1.0,1.02,1.0,1.02,125000,0
APX,03/14/2005,1.02,1.04,1.0,1.0,545000,0
APX,03/15/2005,0.98,0.98,0.98,0.98,50000,0
APX,04/05/2005,1.0,1.0,0.96,0.96,70000,0
APX,04/07/2005,0.75,0.75,0.75,0.75,140000,0
APX,04/08/2005,0.75,0.75,0.75,0.75,70000,0
APX,04/13/2005,0.75,0.75,0.75,0.75,20000,0
APX,04/15/2005,0.75,0.75,0.75,0.75,270000,0
APX,04/20/2005,0.85,0.85,0.85,0.85,140000,0
APX,04/22/2005,0.8,0.8,0.8,0.8,10000,0
APX,04/27/2005,0.75,0.75,0.75,0.75,20000,0
APX,05/10/2005,0.7,0.75,0.7,0.75,160000,0
APX,05/11/2005,0.75,0.75,0.75,0.75,190000,0
APX,05/13/2005,0.71,0.71,0.71,0.71,100000,0
APX,05/17/2005,0.8,0.8,0.75,0.75,270000,0
APX,05/18/2005,0.79,0.79,0.79,0.79,60000,0
APX,05/31/2005,0.75,0.75,0.75,0.75,50000,0
APX,06/01/2005,0.75,0.75,0.75,0.75,10000,0
APX,06/06/2005,0.8,0.84,0.8,0.84,130000,0
APX,06/07/2005,0.84,0.88,0.84,0.88,50000,0
APX,06/08/2005,0.8,0.8,0.8,0.8,70000,0
APX,06/09/2005,0.81,0.81,0.8,0.8,120000,0
APX,06/10/2005,0.8,0.8,0.8,0.8,20000,0
APX,06/15/2005,0.84,0.84,0.84,0.84,60000,0
APX,06/17/2005,0.85,0.85,0.85,0.85,50000,0
APX,06/20/2005,0.85,0.85,0.85,0.85,160000,0
APX,06/28/2005,0.85,0.85,0.85,0.85,10000,0
APX,07/05/2005,0.82,0.82,0.82,0.82,100000,0
APX,07/06/2005,0.82,0.82,0.82,0.82,150000,0
APX,07/22/2005,0.99,0.99,0.85,0.85,110000,0
APX,07/26/2005,1.0,1.06,1.0,1.0,150000,0
APX,07/27/2005,1.04,1.12,1.04,1.12,2990000,0
APX,07/28/2005,1.14,1.2,1.14,1.18,1858000,0
APX,07/29/2005,1.18,1.24,1.18,1.18,2715000,0
APX,08/01/2005,1.18,1.18,1.12,1.12,909000,0
APX,08/02/2005,1.12,1.12,1.04,1.04,1290000,0
APX,08/03/2005,1.02,1.06,1.02,1.02,465000,0
APX,08/04/2005,1.02,1.02,0.95,0.95,1220000,0
APX,08/05/2005,0.9,1.0,0.9,0.95,130000,0
APX,08/08/2005,0.99,0.99,0.9,0.9,400000,0
APX,08/10/2005,0.9,0.91,0.9,0.91,320000,0
APX,08/12/2005,0.94,0.99,0.93,0.98,870000,0
APX,08/19/2005,0.88,0.88,0.88,0.88,120000,0
APX,08/22/2005,0.88,0.88,0.85,0.85,200000,0
APX,08/23/2005,0.88,0.92,0.88,0.92,500000,0
APX,08/24/2005,0.9,0.93,0.9,0.93,40000,0
APX,09/06/2005,1.14,1.24,1.04,1.08,6040000,0
APX,09/07/2005,1.12,1.16,1.04,1.04,910000,0
APX,09/08/2005,1.04,1.08,1.04,1.08,367000,0
APX,09/09/2005,1.08,1.08,1.0,1.06,1014000,0
APX,09/12/2005,1.08,1.08,0.98,1.0,806000,0
APX,09/13/2005,1.0,1.0,0.95,0.97,1690000,0
APX,09/14/2005,0.97,0.97,0.95,0.96,450000,0
APX,09/16/2005,0.93,0.96,0.93,0.95,1040000,0
APX,09/19/2005,0.99,0.99,0.93,0.94,990000,0
APX,09/20/2005,0.9,0.95,0.9,0.94,510000,0
APX,09/21/2005,0.92,0.93,0.92,0.93,290000,0
APX,09/22/2005,0.95,0.96,0.95,0.96,170000,0
APX,09/23/2005,0.98,1.06,0.96,1.06,670000,0
APX,09/26/2005,1.06,1.06,1.0,1.0,470000,0
APX,09/27/2005,1.02,1.02,1.02,1.02,40000,0
APX,09/28/2005,0.99,0.99,0.98,0.98,96000,0
APX,09/29/2005,0.94,0.94,0.94,0.94,10000,0
APX,09/30/2005,0.94,1.0,0.94,0.97,1140000,0
APX,10/03/2005,0.97,0.97,0.97,0.97,230000,0
APX,10/04/2005,0.97,0.97,0.93,0.93,180000,0
APX,10/05/2005,0.92,1.0,0.92,1.0,270000,0
APX,10/06/2005,0.94,0.94,0.94,0.94,130000,0
APX,10/07/2005,0.94,0.94,0.93,0.93,90000,0
APX,10/10/2005,0.93,0.93,0.9,0.92,110000,0
APX,10/11/2005,0.92,0.99,0.92,0.92,350000,0
APX,10/12/2005,0.92,0.95,0.92,0.95,780000,0
APX,10/13/2005,1.0,1.0,0.92,0.96,990000,0
APX,10/14/2005,0.92,0.96,0.92,0.95,400000,0
APX,10/17/2005,0.93,0.93,0.93,0.93,60000,0
APX,10/18/2005,0.93,0.93,0.93,0.93,70000,0
APX,10/19/2005,0.93,0.93,0.93,0.93,10000,0
APX,10/21/2005,0.9,0.93,0.9,0.92,140000,0
APX,10/25/2005,0.92,0.92,0.92,0.92,40000,0
APX,10/26/2005,0.9,0.9,0.9,0.9,90000,0
APX,11/03/2005,0.86,0.86,0.86,0.86,50000,0
APX,11/07/2005,0.86,0.86,0.85,0.85,150000,0
APX,11/09/2005,0.8,0.88,0.8,0.88,110000,0
APX,11/10/2005,0.92,0.96,0.91,0.96,130000,0
APX,11/11/2005,0.96,0.97,0.96,0.97,150000,0
APX,11/14/2005,0.96,1.0,0.96,0.96,120000,0
APX,11/16/2005,0.95,0.95,0.95,0.95,10000,0
APX,11/17/2005,0.98,0.98,0.98,0.98,120000,0
APX,11/21/2005,0.95,0.95,0.95,0.95,10000,0
APX,11/22/2005,0.96,0.98,0.95,0.95,150000,0
APX,11/23/2005,0.95,0.95,0.95,0.95,330000,0
APX,11/24/2005,0.95,0.96,0.95,0.96,260000,0
APX,11/30/2005,0.96,1.0,0.96,0.99,820000,0
APX,12/01/2005,0.96,0.96,0.95,0.95,130000,0
APX,12/06/2005,0.96,0.96,0.93,0.93,300000,0
APX,12/07/2005,0.96,0.96,0.96,0.96,140000,0
APX,12/08/2005,0.96,0.98,0.93,0.93,170000,0
APX,12/09/2005,0.93,0.93,0.93,0.93,40000,0
APX,12/12/2005,0.91,0.91,0.91,0.91,10000,0
APX,12/15/2005,0.93,0.93,0.93,0.93,20000,0
APX,12/16/2005,0.91,0.91,0.91,0.91,50000,0
APX,12/20/2005,0.87,0.87,0.87,0.87,100000,0
APX,12/21/2005,0.86,0.86,0.86,0.86,50000,0
APX,12/27/2005,0.86,0.86,0.86,0.86,80000,0
APX,12/29/2005,0.93,0.93,0.93,0.93,60000,0
APX,01/04/2006,0.93,0.95,0.93,0.95,100000,0
APX,01/05/2006,0.95,0.95,0.95,0.95,20000,0
APX,01/06/2006,0.96,0.97,0.96,0.97,600000,0
APX,01/09/2006,0.98,1.06,0.98,1.04,1590000,0
APX,01/10/2006,1.08,1.12,1.08,1.12,1907000,0
APX,01/11/2006,1.1,1.18,1.1,1.18,3899000,0
APX,01/12/2006,1.2,1.26,1.2,1.2,7072000,0
APX,01/13/2006,1.22,1.24,1.2,1.22,6112000,0
APX,01/16/2006,1.24,1.32,1.24,1.28,5987000,0
APX,01/17/2006,1.28,1.3,1.24,1.24,1967000,0
APX,01/18/2006,1.24,1.24,1.18,1.18,2619000,0
APX,01/19/2006,1.18,1.2,1.14,1.18,1662000,0
APX,01/20/2006,1.22,1.22,1.16,1.16,1282000,0
APX,01/23/2006,1.18,1.22,1.14,1.18,799000,0
APX,01/24/2006,1.2,1.2,1.14,1.14,668000,0
APX,01/25/2006,1.16,1.16,1.1,1.16,2306000,0
APX,01/26/2006,1.2,1.2,1.14,1.16,682000,0
APX,01/27/2006,1.16,1.16,1.14,1.14,100000,0
APX,01/30/2006,1.14,1.18,1.1,1.12,952000,0
APX,01/31/2006,1.14,1.14,1.06,1.08,938000,0
APX,02/01/2006,1.12,1.14,1.06,1.1,1198000,0
APX,02/02/2006,1.12,1.18,1.12,1.14,1511000,0
APX,02/03/2006,1.18,1.2,1.16,1.18,1567000,0
APX,02/06/2006,1.18,1.18,1.12,1.16,312000,0
APX,02/07/2006,1.16,1.16,1.12,1.12,554000,0
APX,02/08/2006,1.1,1.14,1.1,1.1,797000,0
APX,02/09/2006,1.12,1.14,1.1,1.1,322000,0
APX,02/10/2006,1.1,1.1,1.1,1.1,1000,0
APX,02/13/2006,1.08,1.08,1.04,1.04,429000,0
APX,02/14/2006,1.02,1.02,1.0,1.0,766000,0
APX,02/15/2006,1.0,1.0,1.0,1.0,270000,0
APX,02/16/2006,1.0,1.02,1.0,1.02,110000,0
APX,02/17/2006,1.0,1.0,1.0,1.0,100000,0
APX,02/20/2006,0.99,0.99,0.99,0.99,100000,0
APX,02/21/2006,1.1,1.1,1.06,1.06,120000,0
APX,02/22/2006,1.06,1.06,1.0,1.0,193000,0
APX,02/23/2006,1.04,1.04,1.02,1.02,450000,0
APX,02/24/2006,1.0,1.06,0.99,0.99,221000,0
APX,02/27/2006,0.99,0.99,0.99,0.99,50000,0
APX,02/28/2006,1.0,1.0,1.0,1.0,80000,0
APX,03/01/2006,1.0,1.0,1.0,1.0,400000,0
APX,03/02/2006,0.99,0.99,0.97,0.97,730000,0
APX,03/06/2006,0.96,0.97,0.96,0.97,320000,0
APX,03/07/2006,0.98,1.04,0.98,1.0,1440000,0
APX,03/08/2006,1.0,1.0,0.99,1.0,280000,0
APX,03/10/2006,0.98,0.98,0.98,0.98,100000,0
APX,03/13/2006,0.98,0.99,0.97,0.99,650000,0
APX,03/15/2006,1.0,1.02,1.0,1.0,290000,0
APX,03/16/2006,1.04,1.04,1.04,1.04,240000,0
APX,03/17/2006,1.04,1.04,1.04,1.04,1000,0
APX,03/20/2006,1.0,1.04,1.0,1.04,101000,0
APX,03/21/2006,1.04,1.04,1.04,1.04,240000,0
APX,03/22/2006,1.04,1.18,1.04,1.12,3115000,0
APX,03/23/2006,1.14,1.16,1.12,1.14,925000,0
APX,03/24/2006,1.16,1.16,1.1,1.12,535000,0
APX,03/27/2006,1.16,1.16,1.1,1.1,401000,0
APX,03/28/2006,1.2,1.2,1.12,1.16,1744000,0
APX,03/29/2006,1.18,1.18,1.1,1.18,1800000,0
APX,03/30/2006,1.22,1.24,1.2,1.2,2327000,0
APX,03/31/2006,1.22,1.28,1.22,1.26,1564000,0
APX,04/03/2006,1.26,1.26,1.2,1.22,419000,0
APX,04/04/2006,1.26,1.36,1.24,1.34,3940000,0
APX,04/05/2006,1.38,1.48,1.34,1.46,6916000,0
APX,04/06/2006,1.46,1.48,1.4,1.44,1520000,0
APX,04/07/2006,1.44,1.5,1.44,1.44,2351000,0
APX,04/10/2006,1.44,1.52,1.42,1.5,2693000,0
APX,04/11/2006,1.58,1.98,1.58,1.94,10786000,0
APX,04/12/2006,1.98,2.08,1.98,2.06,9731000,0
APX,04/17/2006,2.1,2.95,2.1,2.85,8712000,0
APX,04/18/2006,3.1,3.45,2.75,2.8,21615000,0
APX,04/19/2006,3.0,3.2,2.8,3.0,8469000,0
APX,04/20/2006,3.05,3.2,3.0,3.05,3821000,0
APX,04/21/2006,2.8,2.85,2.75,2.85,3360000,0
APX,04/24/2006,3.0,3.05,2.65,2.65,6236000,0
APX,04/25/2006,2.55,2.65,2.42,2.6,10545000,0
APX,04/26/2006,2.7,2.85,2.6,2.85,7016000,0
APX,04/27/2006,2.95,2.95,2.75,2.75,1975000,0
APX,04/28/2006,2.7,2.85,2.7,2.8,3647000,0
APX,05/02/2006,2.85,2.95,2.8,2.9,2207000,0
APX,05/03/2006,2.9,3.1,2.9,2.95,5261000,0
APX,05/04/2006,3.0,3.0,2.85,2.85,3160000,0
APX,05/05/2006,2.9,2.95,2.75,2.8,2405000,0
APX,05/08/2006,2.85,3.05,2.85,2.95,7799000,0
APX,05/09/2006,3.0,3.6,3.0,3.5,19613000,0
APX,05/10/2006,3.85,4.4,3.85,4.35,21800000,0
APX,05/11/2006,4.5,5.1,4.5,4.95,24444000,0
APX,05/12/2006,5.3,6.2,5.3,6.2,27565000,0
APX,05/15/2006,6.2,6.2,5.7,6.1,21656000,0
APX,05/16/2006,5.5,5.8,5.4,5.7,13744000,0
APX,05/17/2006,5.9,6.3,5.7,5.8,13379000,0
APX,05/18/2006,5.5,5.5,4.8,4.9,12910000,0
APX,05/19/2006,4.9,4.9,3.85,4.0,14314000,0
APX,05/22/2006,3.65,3.75,3.35,3.45,14399000,0
APX,05/23/2006,3.5,3.6,2.75,3.0,10762000,0
APX,05/24/2006,3.4,3.4,3.0,3.1,5761000,0
APX,05/25/2006,2.9,2.9,2.6,2.7,4189000,0
APX,05/26/2006,2.9,3.2,2.9,3.1,3614000,0
APX,05/29/2006,3.3,3.4,3.2,3.25,2664000,0
APX,05/30/2006,3.2,3.25,3.05,3.2,4272000,0
APX,05/31/2006,3.0,3.15,2.85,3.0,3300000,0
APX,07/10/2006,3.0,3.75,3.0,3.75,11108000,0
APX,07/11/2006,3.75,3.75,3.45,3.45,4708000,0
APX,07/12/2006,3.7,3.7,3.4,3.4,3059000,0
APX,07/13/2006,3.4,3.45,3.3,3.4,1359000,0
APX,07/14/2006,3.55,3.55,3.35,3.4,1448000,0
APX,07/17/2006,3.4,3.6,3.3,3.6,1276000,0
APX,07/18/2006,3.5,3.65,3.45,3.55,1201000,0
APX,07/19/2006,3.5,3.5,3.4,3.45,436000,0
APX,07/20/2006,3.6,3.85,3.5,3.8,8037000,0
APX,07/21/2006,3.8,3.9,3.65,3.75,2632000,0
APX,07/25/2006,3.8,3.85,3.7,3.8,1229000,0
APX,07/26/2006,3.8,3.9,3.8,3.8,2043000,0
APX,07/27/2006,3.85,4.05,3.85,3.95,4464000,0
APX,07/28/2006,4.1,4.15,3.95,4.05,3255000,0
APX,07/31/2006,4.1,4.25,3.95,4.25,2758000,0
APX,08/01/2006,4.25,4.25,4.15,4.15,1409000,0
APX,08/02/2006,4.25,4.3,4.0,4.1,2373000,0
APX,08/03/2006,4.2,4.2,4.1,4.15,926000,0
APX,08/04/2006,4.15,4.3,4.15,4.15,2750000,0
APX,08/07/2006,4.1,4.2,4.05,4.05,940000,0
APX,08/08/2006,4.1,4.1,3.8,3.8,3268000,0
APX,08/09/2006,3.8,3.8,3.65,3.75,1885000,0
APX,08/10/2006,3.95,4.15,3.8,4.1,4907000,0
APX,08/11/2006,4.3,4.4,4.3,4.3,6088000,0
APX,08/14/2006,4.3,4.65,4.25,4.65,8700000,0
APX,08/15/2006,4.7,4.9,4.65,4.75,3974000,0
APX,08/16/2006,4.65,4.7,4.55,4.7,3339000,0
APX,08/17/2006,4.75,5.0,4.75,4.95,3142000,0
APX,08/18/2006,4.8,4.9,4.7,4.85,1925000,0
APX,08/22/2006,4.8,5.1,4.8,4.95,3905000,0
APX,08/23/2006,5.0,5.2,5.0,5.2,2842000,0
APX,08/24/2006,5.3,5.3,4.95,5.0,2028000,0
APX,08/25/2006,5.0,5.0,4.85,4.85,900000,0
APX,08/28/2006,4.9,4.95,4.9,4.95,482000,0
APX,08/29/2006,4.9,4.95,4.9,4.9,2040000,0
APX,08/30/2006,4.9,5.3,4.9,5.1,3137000,0
APX,08/31/2006,5.2,5.4,5.2,5.4,3613000,0
APX,09/01/2006,5.5,5.6,5.4,5.4,3436000,0
APX,09/04/2006,5.6,5.6,5.3,5.4,790000,0
APX,09/05/2006,5.4,5.4,5.3,5.3,1096000,0
APX,09/06/2006,5.5,5.5,4.95,5.1,1681000,0
APX,09/07/2006,5.0,5.0,4.95,4.95,1380000,0
APX,09/08/2006,4.8,4.8,4.65,4.8,1356000,0
APX,09/11/2006,4.7,4.7,4.4,4.4,806000,0
APX,09/12/2006,4.35,4.35,4.0,4.3,2297000,0
APX,09/13/2006,4.3,4.3,4.1,4.1,510000,0
APX,09/14/2006,4.25,4.3,4.25,4.25,663000,0
APX,09/15/2006,4.25,4.25,4.1,4.25,1459000,0
APX,09/18/2006,4.35,4.65,4.35,4.65,1019000,0
APX,09/19/2006,4.8,5.1,4.8,4.95,2978000,0
APX,09/20/2006,4.8,5.4,4.65,5.3,3687000,0
APX,09/21/2006,6.0,6.6,5.9,6.5,17718000,0
APX,09/22/2006,6.7,6.9,6.4,6.5,10407000,0
APX,09/25/2006,6.7,6.7,6.2,6.3,4761000,0
APX,09/26/2006,6.4,6.4,6.2,6.2,2250000,0
APX,09/27/2006,6.2,6.4,5.9,6.0,2795000,0
APX,10/02/2006,6.1,6.5,6.0,6.4,1770000,0
APX,10/03/2006,6.5,6.5,6.3,6.3,2536000,0
APX,10/04/2006,6.0,6.2,5.9,6.0,3943000,0
APX,10/05/2006,6.0,6.1,6.0,6.1,2467000,0
APX,10/06/2006,6.1,6.1,5.7,5.9,1600000,0
APX,10/09/2006,5.9,6.4,5.9,6.2,4097000,0
APX,10/10/2006,6.2,6.4,6.2,6.3,1092000,0
APX,10/11/2006,6.2,6.3,6.2,6.2,1656000,0
APX,10/12/2006,6.2,6.3,6.1,6.1,876000,0
APX,10/13/2006,6.2,6.6,6.2,6.4,4452000,0
APX,10/16/2006,6.6,6.9,6.6,6.8,4562000,0
APX,10/17/2006,7.0,7.2,6.8,6.9,4319000,0
APX,10/18/2006,6.8,6.9,6.7,6.8,769000,0
APX,10/19/2006,6.8,6.8,6.6,6.7,1773000,0
APX,10/20/2006,7.0,7.0,6.9,6.9,1289000,0
APX,10/23/2006,6.8,6.8,6.6,6.7,2383000,0
APX,10/25/2006,6.6,6.7,6.6,6.6,1553000,0
APX,10/26/2006,6.6,6.6,6.4,6.5,1682000,0
APX,10/27/2006,6.6,6.6,6.4,6.4,1059000,0
APX,10/30/2006,6.5,6.6,6.5,6.6,2393000,0
APX,10/31/2006,6.7,6.8,6.5,6.6,963000,0
APX,11/02/2006,6.7,6.8,6.6,6.7,1135000,0
APX,11/03/2006,6.8,6.9,6.6,6.6,2113000,0
APX,11/06/2006,6.8,6.8,6.6,6.6,2019000,0
APX,11/07/2006,6.6,6.7,6.6,6.7,636000,0
APX,11/08/2006,6.7,6.7,6.6,6.6,1352000,0
APX,11/09/2006,6.5,6.7,6.5,6.7,1775000,0
APX,11/10/2006,7.0,7.4,6.8,7.3,7303000,0
APX,11/13/2006,7.3,7.6,7.2,7.3,4015000,0
APX,11/14/2006,7.2,7.3,7.1,7.2,1185000,0
APX,11/15/2006,7.2,7.2,7.0,7.0,1906000,0
APX,11/16/2006,7.1,7.1,6.9,7.0,1458000,0
APX,11/17/2006,7.0,7.0,6.8,6.9,989000,0
APX,11/20/2006,6.8,6.9,6.7,6.7,1306000,0
APX,11/21/2006,6.8,6.8,6.6,6.6,866000,0
APX,11/22/2006,6.8,6.9,6.8,6.8,1687000,0
APX,11/23/2006,6.8,6.8,6.6,6.7,1124000,0
APX,11/24/2006,6.8,6.8,6.8,6.8,519000,0
APX,11/27/2006,6.9,6.9,6.7,6.7,839000,0
APX,11/28/2006,6.7,6.8,6.6,6.7,2116000,0
APX,11/29/2006,6.7,6.7,6.3,6.4,1080000,0
APX,11/30/2006,6.5,6.5,6.4,6.4,437000,0
APX,12/04/2006,6.4,6.4,6.0,6.0,5066000,0
APX,12/05/2006,6.2,6.4,6.2,6.3,1206000,0
APX,12/06/2006,6.4,6.4,6.2,6.2,522000,0
APX,12/07/2006,6.2,6.2,6.1,6.2,553000,0
APX,12/08/2006,6.2,6.3,6.1,6.3,350000,0
APX,12/11/2006,6.2,6.2,6.1,6.1,1278000,0
APX,12/12/2006,6.0,6.2,6.0,6.1,1081000,0
APX,12/13/2006,6.2,6.2,6.2,6.2,665000,0
APX,12/14/2006,6.2,6.2,6.1,6.2,723000,0
APX,12/15/2006,6.0,6.1,6.0,6.0,4961000,0
APX,12/18/2006,5.9,6.0,5.8,5.8,3219000,0
APX,12/19/2006,5.8,5.8,5.6,5.7,2020000,0
APX,12/20/2006,5.7,5.8,5.7,5.7,756000,0
APX,12/21/2006,5.8,5.9,5.8,5.9,677000,0
APX,12/22/2006,5.9,5.9,5.8,5.8,196000,0
APX,12/27/2006,5.8,5.9,5.8,5.9,331000,0
APX,12/28/2006,6.0,6.1,6.0,6.0,1340000,0
APX,12/29/2006,6.0,6.1,6.0,6.0,683000,0
APX,01/02/2007,6.0,6.0,5.9,5.9,173000,0
APX,01/03/2007,6.0,6.0,5.7,5.8,639000,0
APX,01/04/2007,5.7,5.8,5.7,5.8,269000,0
APX,01/05/2007,5.8,5.8,5.7,5.7,178000,0
APX,01/08/2007,5.7,5.7,5.4,5.4,1079000,0
APX,01/09/2007,5.4,5.4,5.3,5.4,526000,0
APX,01/10/2007,5.4,5.6,5.4,5.5,301000,0
APX,01/11/2007,5.4,5.5,5.4,5.4,334000,0
APX,01/12/2007,5.3,5.3,5.2,5.2,1297000,0
APX,01/15/2007,5.2,5.4,5.2,5.4,113000,0
APX,01/16/2007,5.4,5.4,5.3,5.3,55000,0
APX,01/17/2007,5.4,5.5,5.4,5.4,145000,0
APX,01/18/2007,5.4,5.4,4.8,5.0,989000,0
APX,01/19/2007,5.0,5.0,4.7,4.8,749000,0
APX,01/22/2007,4.8,4.9,4.8,4.9,739000,0
APX,01/23/2007,4.9,5.3,4.9,5.2,1565000,0
APX,01/24/2007,5.4,5.4,5.2,5.2,542000,0
APX,01/25/2007,5.2,5.2,5.1,5.2,236000,0
APX,01/26/2007,5.1,5.4,5.0,5.4,1051000,0
APX,01/29/2007,5.2,5.3,5.2,5.3,472000,0
APX,01/30/2007,5.3,5.3,5.1,5.1,205000,0
APX,01/31/2007,5.2,5.3,5.1,5.3,409000,0
APX,02/01/2007,5.4,5.6,5.4,5.5,1066000,0
APX,02/02/2007,5.6,5.7,5.5,5.5,1840000,0
APX,02/05/2007,5.5,5.6,5.5,5.5,271000,0
APX,02/06/2007,5.5,5.6,5.5,5.5,537000,0
APX,02/07/2007,5.5,5.6,5.3,5.4,102000,0
APX,02/08/2007,5.5,5.5,5.3,5.3,715000,0
APX,02/09/2007,5.4,5.4,5.3,5.4,298000,0
APX,02/12/2007,5.4,5.4,5.4,5.4,328000,0
APX,02/13/2007,5.4,5.4,5.4,5.4,625000,0
APX,02/14/2007,5.4,5.9,5.4,5.6,823000,0
APX,02/15/2007,5.9,6.1,5.9,6.0,1512000,0
APX,02/16/2007,6.0,6.0,5.8,5.8,624000,0
APX,02/19/2007,5.9,5.9,5.7,5.8,305000,0
APX,02/20/2007,5.8,6.0,5.8,6.0,635000,0
APX,02/21/2007,6.0,6.1,5.8,6.1,690000,0
APX,02/22/2007,6.2,6.4,6.2,6.3,1674000,0
APX,02/23/2007,6.4,6.4,6.3,6.4,1096000,0
APX,02/26/2007,6.4,6.7,6.4,6.6,1058000,0
APX,02/27/2007,6.7,6.9,6.5,6.6,1293000,0
APX,02/28/2007,6.0,6.2,5.7,6.0,1680000,0
APX,03/01/2007,6.4,6.4,5.4,5.5,2567000,0
APX,03/02/2007,5.4,5.4,5.1,5.4,3793000,0
APX,03/05/2007,5.0,5.2,4.75,4.8,1338000,0
APX,03/06/2007,4.7,4.9,4.7,4.9,1234000,0
APX,03/07/2007,5.1,5.3,5.1,5.2,760000,0
APX,03/08/2007,5.2,5.2,4.9,5.0,550000,0
APX,03/09/2007,5.1,5.3,5.1,5.2,505000,0
APX,03/12/2007,5.2,5.3,5.2,5.2,165000,0
APX,03/13/2007,5.3,5.4,5.2,5.4,190000,0
APX,03/14/2007,5.0,5.2,4.95,4.95,716000,0
APX,03/15/2007,5.0,5.1,4.95,4.95,930000,0
APX,03/16/2007,4.95,5.0,4.95,5.0,682000,0
APX,03/19/2007,4.95,5.0,4.95,4.95,215000,0
APX,03/20/2007,5.0,5.0,4.9,4.9,349000,0
APX,03/21/2007,4.95,5.0,4.95,5.0,90000,0
APX,03/22/2007,5.2,5.2,5.0,5.0,758000,0
APX,03/23/2007,5.0,5.4,4.9,5.3,1456000,0
APX,03/26/2007,5.2,5.2,5.0,5.0,247000,0
APX,03/27/2007,5.2,5.3,5.1,5.2,158000,0
APX,03/28/2007,5.1,5.1,5.0,5.1,159000,0
APX,03/29/2007,5.1,5.1,5.0,5.0,84000,0
APX,03/30/2007,5.0,5.0,4.9,5.0,476000,0
APX,04/02/2007,5.0,5.0,4.95,4.95,142000,0
APX,04/03/2007,4.95,4.95,4.9,4.95,386000,0
APX,04/04/2007,5.0,5.1,5.0,5.1,1129000,0
APX,04/10/2007,5.4,5.4,5.2,5.4,498000,0
APX,04/11/2007,5.4,5.9,5.4,5.8,3124000,0
APX,04/12/2007,5.6,5.8,5.6,5.8,595000,0
APX,04/13/2007,5.6,5.6,5.6,5.6,254000,0
APX,04/16/2007,5.6,6.1,5.6,6.0,2766000,0
APX,04/17/2007,6.1,6.1,5.9,6.0,1059000,0
APX,04/18/2007,6.0,6.0,5.8,5.9,724000,0
APX,04/19/2007,5.8,5.8,5.7,5.7,596000,0
APX,04/20/2007,5.7,5.7,5.7,5.7,232000,0
APX,04/23/2007,5.9,5.9,5.7,5.7,358000,0
APX,04/24/2007,5.8,6.0,5.7,5.8,1454000,0
APX,04/25/2007,5.9,6.0,5.8,5.9,1164000,0
APX,04/26/2007,5.9,5.9,5.9,5.9,433000,0
APX,04/27/2007,5.8,5.8,5.8,5.8,1115000,0
APX,04/30/2007,5.7,5.8,5.7,5.8,372000,0
APX,05/02/2007,5.7,5.7,5.7,5.7,413000,0
APX,05/03/2007,5.7,5.8,5.7,5.7,267000,0
APX,05/04/2007,5.7,5.8,5.7,5.7,82000,0
APX,05/07/2007,5.7,6.0,5.7,6.0,766000,0
APX,05/08/2007,6.0,6.2,6.0,6.2,1211000,0
APX,05/09/2007,6.2,6.5,6.2,6.4,3333000,0
APX,05/10/2007,6.5,6.7,6.5,6.6,2596000,0
APX,05/11/2007,6.4,6.6,6.4,6.6,2053000,0
APX,05/15/2007,6.6,6.6,6.5,6.6,819000,0
APX,05/16/2007,6.7,6.8,6.7,6.7,1248000,0
APX,05/17/2007,6.7,6.7,6.5,6.5,391000,0
APX,05/18/2007,6.5,6.5,6.4,6.4,376000,0
APX,05/21/2007,6.4,6.5,6.4,6.5,1971000,0
APX,05/22/2007,6.6,6.7,6.5,6.5,1952000,0
APX,05/23/2007,6.4,6.5,6.2,6.4,1094000,0
APX,05/24/2007,6.4,6.5,6.4,6.5,1250000,0
APX,05/25/2007,6.5,6.5,6.4,6.5,1180000,0
APX,05/28/2007,6.6,6.6,6.5,6.5,1177000,0
APX,05/29/2007,6.5,6.5,6.5,6.5,3832000,0
APX,05/30/2007,6.6,6.6,6.4,6.4,4056000,0
APX,05/31/2007,6.4,6.5,6.4,6.4,4606000,0
APX,06/01/2007,6.6,6.8,6.6,6.7,551000,0
APX,06/04/2007,6.7,6.8,6.6,6.6,434000,0
APX,06/05/2007,6.7,6.7,6.5,6.6,162000,0
APX,06/06/2007,6.7,6.7,6.5,6.5,1001000,0
APX,06/07/2007,6.4,6.4,6.3,6.3,1039000,0
APX,06/08/2007,6.3,6.4,6.3,6.3,787000,0
APX,06/12/2007,6.3,6.4,6.3,6.4,312000,0
APX,06/13/2007,6.4,6.4,6.3,6.3,342000,0
APX,06/14/2007,6.3,6.3,6.2,6.2,345000,0
APX,06/15/2007,6.2,6.3,6.2,6.2,276000,0
APX,06/18/2007,6.3,6.3,6.2,6.2,291000,0
APX,06/19/2007,6.2,6.2,6.1,6.1,168000,0
APX,06/20/2007,6.1,6.2,6.1,6.1,352000,0
APX,06/21/2007,6.0,6.1,6.0,6.1,588000,0
APX,06/22/2007,6.1,6.1,6.1,6.1,303000,0
APX,06/25/2007,6.1,6.1,5.9,5.9,533000,0
APX,06/26/2007,5.8,5.9,5.8,5.8,274000,0
APX,06/27/2007,5.7,5.7,5.3,5.3,770000,0
APX,06/28/2007,5.8,5.8,5.6,5.7,88000,0
APX,06/29/2007,5.8,5.8,5.7,5.7,341000,0
APX,07/02/2007,5.6,5.7,5.5,5.5,150000,0
APX,07/03/2007,5.6,5.6,5.6,5.6,85000,0
APX,07/04/2007,5.6,5.6,5.5,5.6,122000,0
APX,07/05/2007,5.7,5.7,5.6,5.7,290000,0
APX,07/06/2007,5.7,5.9,5.7,5.8,211000,0
APX,07/09/2007,5.8,5.8,5.7,5.7,299000,0
APX,07/10/2007,5.7,5.7,5.6,5.6,250000,0
APX,07/11/2007,5.6,5.6,5.6,5.6,331000,0
APX,07/12/2007,5.6,5.6,5.4,5.4,552000,0
APX,07/13/2007,5.6,5.7,5.6,5.6,572000,0
APX,07/16/2007,5.6,5.6,5.6,5.6,460000,0
APX,07/17/2007,5.5,5.6,5.5,5.5,308000,0
APX,07/18/2007,5.4,5.6,5.4,5.6,231000,0
APX,07/19/2007,5.6,5.6,5.6,5.6,197000,0
APX,07/20/2007,5.6,5.7,5.6,5.7,350000,0
APX,07/23/2007,5.7,5.7,5.5,5.6,796000,0
APX,07/24/2007,5.7,5.7,5.6,5.6,634000,0
APX,07/25/2007,5.6,5.6,5.5,5.5,369000,0
APX,07/26/2007,5.6,5.6,5.4,5.4,18000,0
APX,07/27/2007,5.4,5.6,5.2,5.3,186000,0
APX,07/30/2007,5.2,5.2,5.1,5.2,598000,0
APX,07/31/2007,5.4,5.4,5.1,5.2,336000,0
APX,08/01/2007,5.1,5.2,5.1,5.2,130000,0
APX,08/02/2007,5.3,5.3,4.85,4.85,711000,0
APX,08/03/2007,4.85,4.9,4.5,4.5,486000,0
APX,08/06/2007,4.3,4.5,4.0,4.5,452000,0
APX,08/07/2007,4.5,5.0,4.5,5.0,153000,0
APX,08/08/2007,4.8,4.8,4.65,4.65,73000,0
APX,08/09/2007,4.7,5.0,4.7,4.8,108000,0
APX,08/10/2007,4.7,4.7,4.7,4.7,29000,0
APX,08/13/2007,4.65,4.65,4.65,4.65,8000,0
APX,08/14/2007,4.8,4.8,4.5,4.55,99000,0
APX,08/15/2007,4.35,4.4,4.3,4.3,130000,0
APX,08/16/2007,4.0,4.0,3.95,3.95,236000,0
APX,08/17/2007,3.75,3.75,3.6,3.75,132000,0
APX,08/21/2007,4.0,4.3,4.0,4.25,402000,0
APX,08/22/2007,4.25,4.25,4.25,4.25,6000,0
APX,08/23/2007,4.15,4.75,4.15,4.75,124000,0
APX,08/24/2007,4.45,4.45,4.45,4.45,22000,0
APX,08/28/2007,5.0,5.0,4.5,4.5,51000,0
APX,08/29/2007,4.4,4.4,4.1,4.1,41000,0
APX,08/31/2007,4.8,4.8,4.8,4.8,10000,0
APX,09/03/2007,4.3,4.6,4.3,4.6,19000,0
APX,09/04/2007,4.5,4.5,4.5,4.5,55000,0
APX,09/05/2007,4.55,4.6,4.45,4.55,167000,0
APX,09/06/2007,4.5,4.7,4.5,4.7,4000,0
APX,09/07/2007,4.8,5.2,4.8,5.1,1080000,0
APX,09/10/2007,5.3,5.3,5.1,5.1,388000,0
APX,09/11/2007,5.1,5.1,5.0,5.0,120000,0
APX,09/12/2007,5.3,5.3,5.1,5.2,232000,0
APX,09/13/2007,5.2,5.2,5.0,5.1,73000,0
APX,09/14/2007,5.0,5.2,5.0,5.2,75000,0
APX,09/17/2007,5.2,5.2,5.2,5.2,127000,0
APX,09/18/2007,5.3,5.3,5.1,5.1,160000,0
APX,09/19/2007,5.4,5.4,5.2,5.3,517000,0
APX,09/20/2007,5.2,5.2,5.1,5.1,282000,0
APX,09/21/2007,5.3,6.0,5.3,5.9,2059000,0
APX,09/24/2007,6.0,6.4,6.0,6.2,877000,0
APX,09/25/2007,6.1,6.1,5.9,6.0,323000,0
APX,09/26/2007,6.0,6.0,5.8,5.9,285000,0
APX,09/27/2007,5.9,5.9,5.7,5.7,488000,0
APX,09/28/2007,5.8,5.8,5.6,5.7,347000,0
APX,10/01/2007,5.8,5.9,5.8,5.9,201000,0
APX,10/02/2007,6.1,6.1,5.9,5.9,753000,0
APX,10/03/2007,5.8,5.9,5.8,5.8,159000,0
APX,10/04/2007,5.7,5.8,5.7,5.7,390000,0
APX,10/05/2007,5.7,5.8,5.6,5.7,110000,0
APX,10/08/2007,5.8,5.8,5.7,5.8,172000,0
APX,10/09/2007,5.6,5.6,5.5,5.5,470000,0
APX,10/10/2007,5.5,5.5,5.5,5.5,603000,0
APX,10/11/2007,5.6,5.6,5.5,5.5,630000,0
APX,10/15/2007,5.6,5.9,5.5,5.8,1936000,0
APX,10/16/2007,5.8,6.0,5.7,5.7,2699000,0
APX,10/17/2007,5.7,5.7,5.5,5.6,2621000,0
APX,10/18/2007,5.5,5.7,5.5,5.5,3910000,0
APX,10/19/2007,5.6,5.6,5.6,5.6,310000,0
APX,10/22/2007,5.5,5.5,5.3,5.3,129000,0
APX,10/23/2007,5.3,5.3,5.3,5.3,341000,0
APX,10/24/2007,5.3,5.3,5.3,5.3,228000,0
APX,10/25/2007,5.4,5.5,5.4,5.5,484000,0
APX,10/26/2007,5.5,5.5,5.3,5.3,965000,0
APX,10/30/2007,5.5,5.7,5.5,5.7,535000,0
APX,10/31/2007,5.6,5.6,5.4,5.6,792000,0
APX,11/05/2007,5.6,5.8,5.6,5.8,469000,0
APX,11/06/2007,5.9,6.1,5.9,6.0,1241000,0
APX,11/07/2007,6.1,6.7,6.1,6.5,5866000,0
APX,11/08/2007,6.3,6.6,6.2,6.6,2589000,0
APX,11/09/2007,6.6,6.8,6.6,6.6,2048000,0
APX,11/12/2007,6.6,6.6,6.2,6.3,2310000,0
APX,11/13/2007,6.0,6.2,5.7,6.0,2334000,0
APX,11/14/2007,6.1,6.1,6.1,6.1,794000,0
APX,11/15/2007,6.1,6.4,6.0,6.3,816000,0
APX,11/16/2007,6.1,6.2,6.0,6.2,504000,0
APX,11/19/2007,6.2,6.2,6.0,6.0,471000,0
APX,11/20/2007,5.8,5.8,5.7,5.7,1143000,0
APX,11/21/2007,5.7,5.9,5.5,5.7,505000,0
APX,11/22/2007,5.5,5.6,5.5,5.5,967000,0
APX,11/23/2007,5.5,6.0,5.5,6.0,988000,0
APX,11/26/2007,6.2,6.4,6.2,6.4,1196000,0
APX,11/27/2007,6.1,7.0,6.1,6.9,5192000,0
APX,11/28/2007,6.9,7.2,6.7,6.7,4629000,0
APX,11/29/2007,6.7,7.0,6.3,6.5,5729000,0
APX,12/03/2007,6.5,7.0,6.5,6.7,986000,0
APX,12/04/2007,6.7,6.7,6.6,6.6,212000,0
APX,12/05/2007,6.7,6.8,6.6,6.7,763000,0
APX,12/06/2007,6.7,6.7,6.5,6.6,1227000,0
APX,12/07/2007,6.7,6.7,6.6,6.6,608000,0
APX,12/10/2007,6.5,6.5,6.4,6.4,192000,0
APX,12/11/2007,6.4,6.4,6.2,6.3,311000,0
APX,12/12/2007,6.3,6.3,6.1,6.2,166000,0
APX,12/13/2007,6.3,6.3,6.2,6.3,100000,0
APX,12/14/2007,6.2,6.2,6.1,6.2,444000,0
APX,12/17/2007,6.0,6.0,6.0,6.0,187000,0
APX,12/18/2007,5.9,6.0,5.8,6.0,251000,0
APX,12/19/2007,5.9,5.9,5.9,5.9,285000,0
APX,12/20/2007,5.9,5.9,5.9,5.9,31000,0
APX,12/21/2007,5.9,5.9,5.9,5.9,115000,0
APX,12/26/2007,5.9,6.0,5.9,6.0,128000,0
APX,12/27/2007,6.1,6.5,6.1,6.3,823000,0
APX,12/28/2007,6.2,6.4,6.2,6.4,314000,0
APX,01/02/2008,6.5,6.5,6.3,6.4,622000,0
APX,01/03/2008,6.4,6.7,6.3,6.3,626000,0
APX,01/04/2008,6.5,6.5,6.0,6.1,215000,0
APX,01/07/2008,6.0,6.1,6.0,6.1,571000,0
APX,01/08/2008,6.1,6.3,6.1,6.3,1181000,0
APX,01/09/2008,6.4,6.6,6.4,6.4,1216000,0
APX,01/10/2008,6.5,6.5,6.3,6.4,324000,0
APX,01/11/2008,6.5,6.5,6.4,6.4,496000,0
APX,01/14/2008,6.4,6.4,6.4,6.4,50000,0
APX,01/15/2008,6.5,6.5,6.3,6.3,484000,0
APX,01/16/2008,6.2,6.3,6.1,6.2,800000,0
APX,01/17/2008,6.1,6.1,5.8,5.9,313000,0
APX,01/18/2008,5.6,5.7,5.5,5.6,331000,0
APX,01/21/2008,5.5,5.5,5.3,5.3,176000,0
APX,01/22/2008,5.1,5.1,4.7,4.7,441000,0
APX,01/23/2008,4.7,5.0,4.7,5.0,292000,0
APX,01/24/2008,5.2,5.3,5.2,5.2,104000,0
APX,01/25/2008,5.2,5.6,5.2,5.5,182000,0
APX,01/28/2008,5.3,5.3,5.3,5.3,151000,0
APX,01/29/2008,5.6,5.6,5.4,5.4,115000,0
APX,01/30/2008,5.5,5.5,5.2,5.3,231000,0
APX,01/31/2008,5.1,5.1,5.1,5.1,12000,0
APX,02/01/2008,5.1,5.3,5.1,5.3,21000,0
APX,02/04/2008,5.2,5.2,5.2,5.2,19000,0
APX,02/05/2008,5.3,5.3,5.3,5.3,10000,0
APX,02/06/2008,5.1,5.1,5.1,5.1,10000,0
APX,02/07/2008,5.1,5.1,5.0,5.1,41000,0
APX,02/08/2008,5.1,5.1,5.1,5.1,40000,0
APX,02/11/2008,5.1,5.3,5.1,5.3,21000,0
APX,02/14/2008,5.2,5.2,5.2,5.2,12000,0
APX,02/18/2008,5.2,5.2,5.2,5.2,21000,0
APX,02/19/2008,5.2,5.2,5.1,5.1,20000,0
APX,02/20/2008,5.1,5.3,5.1,5.3,58000,0
APX,02/21/2008,5.3,5.4,5.3,5.3,55000,0
APX,02/22/2008,5.1,5.1,5.1,5.1,3000,0
APX,02/26/2008,5.1,5.1,5.1,5.1,13000,0
APX,02/27/2008,5.1,5.1,5.1,5.1,31000,0
APX,02/28/2008,5.1,5.2,5.1,5.2,49000,0
APX,02/29/2008,5.2,5.5,5.2,5.5,16000,0
APX,03/03/2008,5.3,5.4,5.2,5.2,35000,0
APX,03/04/2008,5.4,5.4,5.2,5.2,20000,0
APX,03/05/2008,5.2,5.3,5.2,5.3,24000,0
APX,03/07/2008,5.2,5.2,5.1,5.1,101000,0
APX,03/10/2008,5.0,5.0,4.9,4.9,20000,0
APX,03/12/2008,4.5,4.55,4.5,4.55,13000,0
APX,03/13/2008,4.6,4.6,4.6,4.6,21000,0
APX,03/14/2008,4.8,4.8,4.8,4.8,28000,0
APX,03/17/2008,5.0,5.0,4.8,4.8,100000,0
APX,03/18/2008,4.75,4.8,4.7,4.8,40000,0
APX,03/25/2008,4.7,4.8,4.7,4.8,203000,0
APX,03/26/2008,4.8,4.8,4.7,4.7,1398000,0
APX,03/27/2008,4.7,4.8,4.5,4.8,171000,0
APX,03/28/2008,4.8,4.8,4.8,4.8,81000,0
APX,03/31/2008,4.8,4.8,4.8,4.8,10000,0
APX,04/01/2008,4.8,4.8,4.8,4.8,20000,0
APX,04/02/2008,4.75,4.75,4.75,4.75,10000,0
APX,04/03/2008,4.6,4.6,4.6,4.6,40000,0
APX,04/11/2008,4.4,4.4,4.4,4.4,64000,0
APX,04/16/2008,4.4,4.4,4.3,4.3,30000,0
APX,04/17/2008,4.15,4.15,4.1,4.1,122000,0
APX,04/18/2008,4.1,4.15,4.1,4.15,218000,0
APX,04/21/2008,4.15,4.15,4.15,4.15,227000,0
APX,04/22/2008,4.1,4.1,4.1,4.1,25000,0
APX,04/24/2008,4.1,4.1,4.1,4.1,64000,0
APX,04/25/2008,4.1,4.1,4.0,4.0,70000,0
APX,04/29/2008,4.0,4.0,4.0,4.0,254000,0
APX,04/30/2008,3.9,3.9,3.9,3.9,50000,0
APX,05/05/2008,3.95,3.95,3.95,3.95,60000,0
APX,05/06/2008,3.95,3.95,3.95,3.95,100000,0
APX,05/07/2008,3.85,4.0,3.85,4.0,23000,0
APX,05/09/2008,5.0,5.0,4.1,4.1,177000,0
APX,05/12/2008,4.0,4.0,4.0,4.0,50000,0
APX,05/13/2008,4.1,4.1,4.1,4.1,40000,0
APX,05/14/2008,4.1,4.1,4.05,4.1,70000,0
APX,05/15/2008,4.05,4.15,4.05,4.15,12000,0
APX,05/16/2008,4.1,4.15,4.1,4.15,28000,0
APX,05/19/2008,4.3,4.5,4.15,4.5,58000,0
APX,05/20/2008,4.3,4.4,4.3,4.4,36000,0
APX,05/21/2008,4.3,4.4,4.3,4.4,200000,0
APX,05/22/2008,4.4,4.4,4.4,4.4,20000,0
APX,05/23/2008,4.5,4.5,4.4,4.4,20000,0
APX,05/26/2008,4.4,4.4,4.3,4.3,110000,0
APX,05/27/2008,4.3,4.3,4.25,4.25,185000,0
APX,05/28/2008,4.2,4.2,4.2,4.2,20000,0
APX,05/29/2008,4.15,4.15,4.15,4.15,20000,0
APX,05/30/2008,4.1,4.15,4.1,4.15,21000,0
APX,06/02/2008,4.2,4.2,4.2,4.2,40000,0
APX,06/04/2008,4.05,4.05,4.05,4.05,2000,0
APX,06/05/2008,4.15,4.15,4.1,4.1,25000,0
APX,06/06/2008,4.1,4.1,4.0,4.0,90000,0
APX,06/10/2008,3.9,3.9,3.9,3.9,21000,0
APX,06/11/2008,3.9,3.9,3.9,3.9,288000,0
APX,06/12/2008,3.9,4.5,3.9,4.5,301000,0
APX,06/16/2008,4.0,4.0,3.95,3.95,39000,0
APX,06/17/2008,4.05,4.05,4.0,4.0,60000,0
APX,06/18/2008,4.15,4.15,4.1,4.1,170000,0
APX,06/19/2008,3.95,3.95,3.9,3.9,288000,0
APX,06/20/2008,3.9,3.9,3.9,3.9,56000,0
APX,06/23/2008,3.8,3.8,3.7,3.7,230000,0
APX,06/24/2008,3.45,3.45,3.45,3.45,20000,0
APX,06/25/2008,3.15,3.8,3.1,3.75,32000,0
APX,06/26/2008,3.35,3.35,3.35,3.35,10000,0
APX,06/27/2008,3.3,3.3,3.25,3.25,20000,0
APX,07/01/2008,3.25,3.25,3.25,3.25,15000,0
APX,07/03/2008,3.25,3.25,3.25,3.25,10000,0
APX,07/04/2008,3.25,3.25,3.25,3.25,5000,0
APX,07/07/2008,3.3,3.3,3.3,3.3,3000,0
APX,07/11/2008,3.6,3.7,3.6,3.7,2000,0
APX,07/14/2008,3.4,3.4,3.4,3.4,1000,0
APX,07/15/2008,3.45,3.45,3.45,3.45,30000,0
APX,07/16/2008,3.8,3.8,3.7,3.7,3000,0
APX,07/21/2008,3.3,3.3,3.3,3.3,20000,0
APX,07/22/2008,3.55,3.55,3.55,3.55,5000,0
APX,07/23/2008,3.3,3.3,3.3,3.3,1000,0
APX,07/28/2008,3.2,3.2,3.2,3.2,4000,0
APX,07/30/2008,3.55,3.55,3.5,3.5,25000,0
APX,07/31/2008,3.3,3.3,3.3,3.3,90000,0
APX,08/01/2008,3.35,3.4,3.35,3.4,15000,0
APX,08/05/2008,3.3,3.4,3.3,3.4,37000,0
APX,08/06/2008,3.4,3.4,3.4,3.4,243000,0
APX,08/07/2008,3.75,3.75,3.75,3.75,40000,0
APX,08/12/2008,3.5,3.5,3.5,3.5,4000,0
APX,08/13/2008,3.5,3.5,3.5,3.5,150000,0
APX,08/14/2008,3.5,3.5,3.5,3.5,10000,0
APX,08/15/2008,3.4,3.4,3.35,3.35,40000,0
APX,08/21/2008,3.4,3.4,3.4,3.4,1000,0
APX,08/26/2008,3.4,3.65,3.4,3.6,160000,0
APX,08/27/2008,3.5,3.5,3.45,3.45,55000,0
APX,08/28/2008,3.4,3.4,3.35,3.35,84000,0
APX,08/29/2008,3.45,3.45,3.3,3.3,267000,0
APX,09/01/2008,3.25,3.25,3.25,3.25,20000,0
APX,09/02/2008,3.2,3.25,3.1,3.25,695000,0
APX,09/08/2008,3.05,3.05,3.05,3.05,15000,0
APX,09/09/2008,3.1,3.1,3.1,3.1,8000,0
APX,09/10/2008,3.05,3.05,3.05,3.05,62000,0
APX,09/11/2008,3.0,3.0,2.95,2.95,73000,0
APX,09/12/2008,2.9,2.9,2.85,2.85,106000,0
APX,09/15/2008,2.7,2.7,2.65,2.65,110000,0
APX,09/16/2008,2.65,2.65,2.5,2.5,163000,0
APX,09/17/2008,2.5,2.5,2.5,2.5,10000,0
APX,09/19/2008,2.5,2.75,2.5,2.7,445000,0
APX,09/24/2008,2.55,2.55,2.55,2.55,11000,0
APX,09/25/2008,2.55,2.6,2.55,2.6,52000,0
APX,09/26/2008,2.65,2.65,2.6,2.6,76000,0
APX,10/02/2008,2.48,2.48,2.4,2.4,170000,0
APX,10/03/2008,2.4,2.4,2.4,2.4,10000,0
APX,10/06/2008,2.4,2.4,2.3,2.3,38000,0
APX,10/07/2008,2.3,2.3,2.2,2.28,45000,0
APX,10/08/2008,2.1,2.1,2.1,2.1,10000,0
APX,10/09/2008,2.1,2.1,2.02,2.02,27000,0
APX,10/10/2008,2.0,2.0,1.9,1.9,148000,0
APX,10/13/2008,1.7,1.7,1.7,1.7,4000,0
APX,10/14/2008,1.9,1.9,1.9,1.9,60000,0
APX,10/15/2008,1.94,1.94,1.94,1.94,3000,0
APX,10/16/2008,1.9,1.9,1.8,1.8,35000,0
APX,10/17/2008,1.76,1.76,1.74,1.74,5000,0
APX,10/21/2008,1.74,1.74,1.74,1.74,100000,0
APX,10/22/2008,1.76,1.76,1.76,1.76,2000,0
APX,10/27/2008,1.52,1.52,1.48,1.48,23000,0
APX,10/28/2008,1.5,1.5,1.5,1.5,50000,0
APX,10/29/2008,1.8,1.8,1.8,1.8,10000,0
APX,11/05/2008,1.8,1.8,1.8,1.8,20000,0
APX,11/06/2008,1.76,1.76,1.76,1.76,15000,0
APX,11/10/2008,1.74,1.74,1.74,1.74,25000,0
APX,11/11/2008,1.76,1.76,1.76,1.76,30000,0
APX,11/12/2008,1.74,1.74,1.74,1.74,5000,0
APX,11/18/2008,1.58,1.58,1.52,1.52,63000,0
APX,11/19/2008,1.54,1.54,1.52,1.52,190000,0
APX,11/20/2008,1.5,1.5,1.36,1.36,92000,0
APX,11/21/2008,1.36,1.36,1.2,1.2,92000,0
APX,11/24/2008,1.3,1.3,1.3,1.3,23000,0
APX,11/25/2008,1.24,1.24,1.18,1.18,178000,0
APX,11/26/2008,1.18,1.18,1.12,1.12,51000,0
APX,11/28/2008,1.3,1.3,1.3,1.3,15000,0
APX,12/02/2008,1.2,1.2,1.2,1.2,50000,0
APX,12/03/2008,1.28,1.28,1.1,1.1,308000,0
APX,12/05/2008,1.1,1.1,1.06,1.06,115000,0
APX,12/09/2008,1.14,1.14,1.1,1.1,35000,0
APX,12/11/2008,1.2,1.2,1.1,1.1,110000,0
APX,12/12/2008,1.1,1.1,1.1,1.1,2000,0
APX,12/15/2008,1.08,1.08,1.08,1.08,28000,0
APX,12/16/2008,1.06,1.06,1.04,1.04,83000,0
APX,12/18/2008,1.04,1.04,1.04,1.04,150000,0
APX,12/22/2008,1.04,1.04,1.04,1.04,13000,0
APX,12/23/2008,1.1,1.12,1.1,1.1,117000,0
APX,12/24/2008,1.1,1.1,1.1,1.1,69000,0
APX,01/05/2009,1.12,1.12,1.12,1.12,1000,0
APX,01/06/2009,1.18,1.3,1.18,1.24,261000,0
APX,01/07/2009,1.28,1.36,1.28,1.32,921000,0
APX,01/08/2009,1.3,1.42,1.3,1.42,248000,0
APX,01/09/2009,1.42,2.0,1.42,1.92,1982000,0
APX,01/12/2009,1.92,2.46,1.92,2.34,1020000,0
APX,01/13/2009,2.3,2.55,2.2,2.4,952000,0
APX,01/14/2009,2.44,2.48,2.36,2.36,864000,0
APX,01/15/2009,2.18,2.26,2.18,2.2,707000,0
APX,01/16/2009,2.28,2.3,2.16,2.16,492000,0
APX,01/19/2009,2.22,2.22,1.98,1.98,173000,0
APX,01/20/2009,1.9,1.9,1.74,1.82,552000,0
APX,01/21/2009,1.72,1.72,1.7,1.7,51000,0
APX,01/22/2009,1.8,1.86,1.8,1.86,305000,0
APX,01/23/2009,1.8,1.96,1.8,1.96,118000,0
APX,01/26/2009,2.0,2.24,2.0,2.24,822000,0
APX,01/27/2009,2.3,2.4,2.24,2.24,973000,0
APX,01/28/2009,2.3,2.4,2.24,2.24,575000,0
APX,01/29/2009,2.2,2.2,2.1,2.1,409000,0
APX,01/30/2009,2.18,2.18,2.1,2.18,214000,0
APX,02/02/2009,2.2,2.26,2.1,2.2,180000,0
APX,02/03/2009,2.18,2.18,2.12,2.12,6000,0
APX,02/04/2009,2.12,2.12,2.08,2.1,115000,0
APX,02/05/2009,2.2,2.2,2.14,2.2,114000,0
APX,02/06/2009,2.26,2.36,2.26,2.36,845000,0
APX,02/09/2009,2.4,2.44,2.4,2.4,603000,0
APX,02/10/2009,2.4,2.4,2.3,2.4,46000,0
APX,02/11/2009,2.42,2.46,2.38,2.4,421000,0
APX,02/12/2009,2.46,2.8,2.46,2.7,991000,0
APX,02/13/2009,2.8,3.1,2.8,2.95,1455000,0
APX,02/16/2009,2.95,3.3,2.95,3.25,1048000,0
APX,02/17/2009,3.3,3.55,3.3,3.5,2019000,0
APX,02/18/2009,3.55,4.0,3.55,4.0,2778000,0
APX,02/19/2009,4.15,4.3,3.95,4.05,3199000,0
APX,02/20/2009,4.05,4.05,3.55,3.6,1207000,0
APX,02/23/2009,3.65,3.9,3.65,3.75,321000,0
APX,02/24/2009,3.75,3.9,3.6,3.75,647000,0
APX,02/25/2009,3.65,3.65,3.45,3.45,1829000,0
APX,02/26/2009,3.35,3.65,3.35,3.5,299000,0
APX,02/27/2009,3.5,3.75,3.45,3.65,526000,0
APX,03/02/2009,3.6,3.8,3.6,3.65,732000,0
APX,03/03/2009,3.6,3.6,3.45,3.45,301000,0
APX,03/04/2009,3.4,3.45,3.25,3.25,394000,0
APX,03/05/2009,3.3,3.4,3.3,3.3,446000,0
APX,03/06/2009,3.45,3.55,3.35,3.5,479000,0
APX,03/09/2009,3.4,3.4,3.25,3.25,348000,0
APX,03/10/2009,3.2,3.2,3.1,3.15,216000,0
APX,03/11/2009,3.0,3.05,2.85,2.9,1277000,0
APX,03/12/2009,3.05,3.05,3.0,3.0,84000,0
APX,03/13/2009,3.05,3.1,3.0,3.1,119000,0
APX,03/16/2009,3.0,3.2,2.95,2.95,128000,0
APX,03/17/2009,2.9,2.95,2.9,2.95,97000,0
APX,03/18/2009,2.95,2.95,2.9,2.95,192000,0
APX,03/19/2009,3.0,3.0,2.8,2.8,158000,0
APX,03/20/2009,2.9,3.0,2.9,3.0,343000,0
APX,03/23/2009,2.95,2.95,2.9,2.9,75000,0
APX,03/24/2009,2.9,3.1,2.9,2.95,95000,0
APX,03/25/2009,3.1,3.1,2.9,3.0,153000,0
APX,03/26/2009,3.2,3.2,3.15,3.2,226000,0
APX,03/27/2009,3.2,3.3,3.2,3.2,330000,0
APX,03/30/2009,3.05,3.1,3.0,3.1,81000,0
APX,03/31/2009,3.0,3.1,3.0,3.1,380000,0
APX,04/01/2009,3.1,3.1,2.95,2.95,153000,0
APX,04/02/2009,2.95,2.95,2.9,2.95,17000,0
APX,04/03/2009,3.0,3.0,3.0,3.0,65000,0
APX,04/07/2009,2.9,3.0,2.9,2.95,138000,0
APX,04/08/2009,3.15,3.15,2.95,3.05,75000,0
APX,04/13/2009,3.5,3.5,3.0,3.05,13000,0
APX,04/14/2009,3.0,3.0,2.95,2.95,100000,0
APX,04/15/2009,3.05,3.05,3.0,3.0,51000,0
APX,04/16/2009,3.0,3.15,3.0,3.05,93000,0
APX,04/17/2009,3.2,3.2,3.1,3.2,165000,0
APX,04/20/2009,3.3,3.3,3.1,3.1,124000,0
APX,04/21/2009,3.1,3.2,3.05,3.1,112000,0
APX,04/22/2009,3.1,3.1,3.0,3.0,85000,0
APX,04/23/2009,3.0,3.0,3.0,3.0,35000,0
APX,04/24/2009,2.95,3.0,2.95,3.0,26000,0
APX,04/27/2009,3.0,3.0,2.95,2.95,120000,0
APX,04/30/2009,2.9,2.95,2.9,2.95,136000,0
APX,05/04/2009,2.9,2.9,2.9,2.9,30000,0
APX,05/05/2009,2.9,2.95,2.9,2.9,133000,0
APX,05/06/2009,2.9,2.9,2.85,2.85,94000,0
APX,05/07/2009,2.9,2.9,2.85,2.85,42000,0
APX,05/08/2009,2.85,3.1,2.8,3.1,147000,0
APX,05/11/2009,3.0,3.0,3.0,3.0,13000,0
APX,05/12/2009,3.0,3.0,3.0,3.0,50000,0
APX,05/13/2009,3.0,3.0,2.95,2.95,154000,0
APX,05/15/2009,3.0,3.35,3.0,3.3,394000,0
APX,05/18/2009,3.3,3.3,3.2,3.2,115000,0
APX,05/19/2009,3.1,3.1,3.1,3.1,5000,0
APX,05/20/2009,3.1,3.15,3.1,3.15,600000,0
APX,05/21/2009,3.25,3.55,3.25,3.35,539000,0
APX,05/22/2009,3.35,3.45,3.35,3.45,648000,0
APX,05/25/2009,3.5,3.5,3.45,3.45,249000,0
APX,05/26/2009,3.45,3.45,3.2,3.3,122000,0
APX,05/27/2009,3.2,3.25,3.2,3.25,369000,0
APX,05/28/2009,3.2,3.35,3.1,3.25,262000,0
APX,05/29/2009,3.25,3.3,3.25,3.25,180000,0
APX,06/01/2009,3.45,3.5,3.35,3.4,580000,0
APX,06/02/2009,3.4,3.45,3.3,3.3,495000,0
APX,06/03/2009,3.3,3.35,3.2,3.2,462000,0
APX,06/04/2009,3.25,3.25,3.25,3.25,30000,0
APX,06/05/2009,3.25,3.3,3.15,3.3,144000,0
APX,06/08/2009,3.3,3.3,3.1,3.15,435000,0
APX,06/09/2009,3.2,3.2,3.1,3.1,276000,0
APX,06/10/2009,3.25,3.45,3.15,3.3,388000,0
APX,06/11/2009,3.25,3.35,3.25,3.35,128000,0
APX,06/15/2009,3.3,3.3,3.15,3.2,142000,0
APX,06/16/2009,3.05,3.15,2.95,3.15,143000,0
APX,06/17/2009,3.0,3.0,2.8,3.0,80000,0
APX,06/18/2009,3.05,3.05,3.05,3.05,3000,0
APX,06/19/2009,3.0,3.0,3.0,3.0,1000,0
APX,06/22/2009,2.85,2.85,2.8,2.8,125000,0
APX,06/23/2009,2.8,2.8,2.8,2.8,1000,0
APX,06/24/2009,2.8,2.85,2.8,2.85,35000,0
APX,06/25/2009,3.0,3.0,2.95,3.0,51000,0
APX,06/26/2009,2.85,2.9,2.85,2.85,44000,0
APX,06/29/2009,2.85,2.85,2.8,2.8,72000,0
APX,06/30/2009,2.8,2.8,2.75,2.75,55000,0
APX,07/02/2009,2.75,2.75,2.6,2.75,83000,0
APX,07/03/2009,2.65,2.7,2.6,2.7,61000,0
APX,07/06/2009,2.8,2.8,2.8,2.8,66000,0
APX,07/07/2009,2.8,2.8,2.75,2.75,11000,0
APX,07/08/2009,2.7,2.7,2.7,2.7,70000,0
APX,07/09/2009,2.7,2.75,2.7,2.75,53000,0
APX,07/10/2009,2.7,2.8,2.7,2.8,205000,0
APX,07/13/2009,2.8,2.8,2.7,2.8,297000,0
APX,07/14/2009,2.8,2.85,2.8,2.85,222000,0
APX,07/15/2009,2.8,2.9,2.75,2.9,14000,0
APX,07/16/2009,2.5,3.0,2.5,2.95,160000,0
APX,07/20/2009,2.95,2.95,2.9,2.95,122000,0
APX,07/21/2009,2.85,2.85,2.85,2.85,5000,0
APX,07/22/2009,2.95,3.2,2.95,3.15,452000,0
APX,07/23/2009,3.1,3.2,3.1,3.2,85000,0
APX,07/24/2009,3.2,3.2,3.1,3.1,83000,0
APX,07/27/2009,3.1,3.1,3.1,3.1,258000,0
APX,07/28/2009,3.1,3.1,2.95,2.95,22000,0
APX,07/29/2009,3.2,3.2,2.95,2.95,19000,0
APX,07/30/2009,2.9,3.0,2.85,2.85,83000,0
APX,07/31/2009,2.85,2.85,2.85,2.85,114000,0
APX,08/04/2009,3.0,3.0,2.9,2.9,60000,0
APX,08/06/2009,2.95,3.0,2.95,3.0,107000,0
APX,08/07/2009,3.0,3.15,3.0,3.1,226000,0
APX,08/10/2009,3.2,3.3,3.2,3.3,201000,0
APX,08/11/2009,3.3,3.35,3.3,3.3,234000,0
APX,08/12/2009,3.3,3.3,3.2,3.2,32000,0
APX,08/13/2009,3.35,3.35,3.2,3.2,99000,0
APX,08/14/2009,3.2,3.2,3.1,3.15,37000,0
APX,08/18/2009,3.0,3.0,2.9,2.9,69000,0
APX,08/19/2009,2.95,3.1,2.9,3.1,23000,0
APX,08/20/2009,3.2,3.2,2.9,2.9,120000,0
APX,08/24/2009,3.1,3.1,3.0,3.0,139000,0
APX,08/25/2009,3.05,3.1,3.05,3.05,127000,0
APX,08/26/2009,3.05,3.1,2.9,3.05,9000,0
APX,08/27/2009,3.0,3.0,3.0,3.0,223000,0
APX,08/28/2009,2.95,3.1,2.95,3.1,76000,0
APX,09/01/2009,2.95,3.1,2.95,3.0,98000,0
APX,09/02/2009,2.95,2.95,2.9,2.9,309000,0
APX,09/03/2009,3.0,3.0,2.9,2.9,209000,0
APX,09/04/2009,3.0,3.05,3.0,3.05,123000,0
APX,09/08/2009,3.05,3.1,3.0,3.0,45000,0
APX,09/09/2009,3.0,3.0,3.0,3.0,30000,0
APX,09/10/2009,3.0,3.05,3.0,3.05,61000,0
APX,09/11/2009,3.05,3.05,3.0,3.0,106000,0
APX,09/14/2009,3.1,3.15,3.1,3.15,387000,0
APX,09/15/2009,3.2,3.4,3.15,3.25,539000,0
APX,09/16/2009,3.25,3.25,3.2,3.2,33000,0
APX,09/17/2009,3.3,3.4,3.3,3.4,67000,0
APX,09/18/2009,3.35,3.85,3.3,3.8,3912000,0
APX,09/22/2009,3.7,3.7,3.2,3.3,835000,0
APX,09/23/2009,3.3,3.3,3.2,3.25,304000,0
APX,09/24/2009,3.2,3.2,3.15,3.15,226000,0
APX,09/25/2009,3.1,3.15,3.0,3.1,149000,0
APX,09/28/2009,3.0,3.0,2.95,3.0,577000,0
APX,09/29/2009,3.05,3.05,2.9,2.9,196000,0
APX,09/30/2009,2.6,2.9,2.6,2.9,78000,0
APX,10/01/2009,2.9,2.9,2.9,2.9,88000,0
APX,10/02/2009,2.7,2.85,2.7,2.7,306000,0
APX,10/05/2009,2.75,2.8,2.75,2.75,115000,0
APX,10/06/2009,2.95,3.0,2.8,3.0,63000,0
APX,10/07/2009,3.15,3.2,3.0,3.1,169000,0
APX,10/08/2009,3.1,3.1,3.0,3.1,163000,0
APX,10/09/2009,3.0,3.15,3.0,3.15,162000,0
APX,10/12/2009,3.1,3.1,3.0,3.0,500000,0
APX,10/13/2009,3.0,3.0,3.0,3.0,20000,0
APX,10/14/2009,3.2,3.2,3.05,3.05,13000,0
APX,10/15/2009,3.05,3.05,3.05,3.05,1000,0
APX,10/16/2009,3.05,3.05,3.05,3.05,15000,0
APX,10/19/2009,2.95,3.05,2.95,3.0,9000,0
APX,10/20/2009,3.0,3.0,3.0,3.0,100000,0
APX,10/21/2009,3.0,3.0,3.0,3.0,22000,0
APX,10/22/2009,3.0,3.0,3.0,3.0,5000,0
APX,10/23/2009,3.15,3.2,3.05,3.05,80000,0
APX,10/26/2009,3.1,3.1,3.1,3.1,50000,0
APX,10/27/2009,3.0,3.0,3.0,3.0,100000,0
APX,10/28/2009,3.0,3.05,3.0,3.05,240000,0
APX,10/29/2009,2.9,2.95,2.9,2.9,380000,0
APX,10/30/2009,3.05,3.05,2.95,2.95,306000,0
APX,11/03/2009,2.95,2.95,2.95,2.95,104000,0
APX,11/04/2009,3.1,3.4,3.1,3.15,451000,0
APX,11/05/2009,3.1,3.1,3.0,3.05,142000,0
APX,11/06/2009,3.0,3.0,3.0,3.0,124000,0
APX,11/09/2009,3.0,3.2,3.0,3.2,416000,0
APX,11/10/2009,3.3,3.3,3.1,3.2,546000,0
APX,11/11/2009,3.2,3.4,3.2,3.3,422000,0
APX,11/12/2009,3.35,3.35,3.2,3.3,396000,0
APX,11/13/2009,3.25,3.25,3.15,3.15,54000,0
APX,11/16/2009,3.15,3.15,3.15,3.15,92000,0
APX,11/17/2009,3.2,3.2,3.1,3.1,96000,0
APX,11/18/2009,3.05,3.1,3.0,3.05,94000,0
APX,11/19/2009,3.0,3.05,3.0,3.0,54000,0
APX,11/20/2009,3.0,3.0,3.0,3.0,212000,0
APX,11/23/2009,3.05,3.05,3.05,3.05,70000,0
APX,11/24/2009,3.05,3.05,3.05,3.05,49000,0
APX,11/25/2009,3.1,3.1,3.05,3.05,34000,0
APX,11/26/2009,3.1,3.1,2.9,2.9,904000,0
APX,11/27/2009,2.85,2.9,2.85,2.9,125000,0
APX,12/01/2009,3.0,3.0,3.0,3.0,2000,0
APX,12/02/2009,3.0,3.0,3.0,3.0,20000,0
APX,12/03/2009,3.0,3.0,3.0,3.0,3000,0
APX,12/04/2009,2.95,2.95,2.95,2.95,1000,0
APX,12/07/2009,2.95,2.95,2.9,2.9,66000,0
APX,12/08/2009,2.9,2.9,2.85,2.85,210000,0
APX,12/09/2009,2.8,2.85,2.8,2.8,95000,0
APX,12/11/2009,2.9,2.9,2.9,2.9,7000,0
APX,12/14/2009,2.8,2.8,2.8,2.8,170000,0
APX,12/15/2009,2.8,2.8,2.8,2.8,1000,0
APX,12/16/2009,2.85,2.85,2.85,2.85,5000,0
APX,12/17/2009,2.9,2.95,2.9,2.95,36000,0
APX,12/18/2009,2.8,2.8,2.8,2.8,22000,0
APX,12/21/2009,2.8,2.8,2.8,2.8,20000,0
APX,12/22/2009,2.9,3.0,2.9,3.0,148000,0
APX,12/23/2009,3.0,3.0,2.85,2.85,21000,0
APX,01/04/2010,2.85,2.85,2.85,2.85,1000,0
APX,01/05/2010,2.8,2.8,2.75,2.8,128000,0
APX,01/06/2010,2.75,2.75,2.75,2.75,10000,0
APX,01/08/2010,2.75,2.75,2.75,2.75,204000,0
APX,01/11/2010,2.75,2.75,2.75,2.75,31000,0
APX,01/12/2010,2.75,2.75,2.75,2.75,44000,0
APX,01/14/2010,2.75,3.0,2.75,3.0,28000,0
APX,01/15/2010,2.95,2.95,2.75,2.75,154000,0
APX,01/18/2010,2.8,2.8,2.8,2.8,31000,0
APX,01/19/2010,2.8,2.8,2.75,2.75,119000,0
APX,01/20/2010,2.75,2.8,2.75,2.75,250000,0
APX,01/22/2010,2.7,2.7,2.7,2.7,86000,0
APX,02/01/2010,2.5,2.6,2.5,2.6,88000,0
APX,02/02/2010,2.5,2.5,2.5,2.5,85000,0
APX,02/03/2010,2.5,2.5,2.4,2.4,21000,0
APX,02/04/2010,2.4,2.65,2.4,2.65,7000,0
APX,02/05/2010,2.5,2.5,2.46,2.46,14000,0
APX,02/08/2010,2.44,2.44,2.44,2.44,3000,0
APX,02/10/2010,2.32,2.32,2.32,2.32,9000,0
APX,02/12/2010,2.4,2.4,2.4,2.4,9000,0
APX,02/16/2010,2.38,2.38,2.34,2.38,66000,0
APX,02/17/2010,2.38,2.38,2.3,2.3,19000,0
APX,02/22/2010,2.34,2.34,2.24,2.34,25000,0
APX,02/25/2010,2.22,2.26,2.22,2.26,60000,0
APX,02/26/2010,2.4,2.4,2.4,2.4,2000,0
APX,03/01/2010,2.55,2.55,2.55,2.55,2000,0
APX,03/02/2010,2.3,2.3,2.3,2.3,2000,0
APX,03/03/2010,2.4,2.4,2.4,2.4,2000,0
APX,03/04/2010,2.4,2.42,2.4,2.4,62000,0
APX,03/05/2010,2.34,2.34,2.34,2.34,50000,0
APX,03/08/2010,2.42,2.42,2.42,2.42,15000,0
APX,03/09/2010,2.42,2.44,2.42,2.44,95000,0
APX,03/10/2010,2.4,2.4,2.4,2.4,52000,0
APX,03/11/2010,2.46,2.46,2.4,2.46,17000,0
APX,03/15/2010,2.46,2.5,2.44,2.44,70000,0
APX,03/16/2010,2.44,2.44,2.44,2.44,30000,0
APX,03/17/2010,2.44,2.44,2.44,2.44,15000,0
APX,03/18/2010,2.4,2.4,2.4,2.4,1000,0
APX,03/19/2010,2.4,2.4,2.4,2.4,51000,0
APX,03/23/2010,2.4,2.4,2.4,2.4,7000,0
APX,03/24/2010,2.42,2.46,2.42,2.46,6000,0
APX,03/25/2010,2.44,2.44,2.44,2.44,15000,0
APX,03/26/2010,2.44,2.44,2.44,2.44,7000,0
APX,03/29/2010,2.42,2.42,2.3,2.32,146000,0
APX,03/30/2010,2.4,2.4,2.4,2.4,20000,0
APX,03/31/2010,2.38,2.38,2.36,2.36,32000,0
APX,04/05/2010,2.38,2.4,2.38,2.4,15000,0
APX,04/06/2010,2.38,2.5,2.38,2.5,31000,0
APX,04/07/2010,2.4,2.4,2.4,2.4,1000,0
APX,04/08/2010,2.38,2.38,2.38,2.38,6000,0
APX,04/13/2010,2.4,2.42,2.4,2.4,376000,0
APX,04/14/2010,2.4,2.4,2.4,2.4,101000,0
APX,04/15/2010,2.4,2.4,2.4,2.4,46000,0
APX,04/16/2010,2.38,2.38,2.38,2.38,6000,0
APX,04/19/2010,2.38,2.38,2.38,2.38,20000,0
APX,04/20/2010,2.38,2.38,2.38,2.38,2000,0
APX,04/21/2010,2.38,2.38,2.38,2.38,15000,0
APX,04/22/2010,2.36,2.36,2.36,2.36,150000,0
APX,04/26/2010,2.34,2.34,2.3,2.32,157000,0
APX,04/27/2010,2.32,2.4,2.3,2.3,188000,0
APX,04/28/2010,2.3,2.3,2.3,2.3,80000,0
APX,04/30/2010,2.4,2.42,2.26,2.26,58000,0
APX,05/05/2010,2.26,2.26,2.26,2.26,120000,0
APX,05/07/2010,2.24,2.24,2.24,2.24,90000,0
APX,05/11/2010,2.24,2.24,2.24,2.24,50000,0
APX,05/14/2010,2.28,2.3,2.28,2.3,25000,0
APX,05/17/2010,2.3,2.3,2.3,2.3,70000,0
APX,05/18/2010,2.26,2.3,2.26,2.3,21000,0
APX,05/19/2010,2.3,2.32,2.28,2.28,304000,0
APX,05/24/2010,2.36,2.36,2.34,2.36,32000,0
APX,05/26/2010,2.26,2.26,2.26,2.26,67000,0
APX,05/28/2010,2.24,2.24,2.24,2.24,5000,0
APX,06/01/2010,2.3,2.3,2.3,2.3,1000,0
APX,06/02/2010,2.2,2.2,2.2,2.2,70000,0
APX,06/03/2010,2.2,2.2,2.2,2.2,1000,0
APX,06/08/2010,2.24,2.24,2.24,2.24,30000,0
APX,06/09/2010,2.26,2.3,2.26,2.3,15000,0
APX,06/11/2010,2.22,2.22,2.22,2.22,10000,0
APX,06/16/2010,2.26,2.26,2.24,2.26,110000,0
APX,06/17/2010,2.3,2.34,2.3,2.3,394000,0
APX,06/21/2010,2.3,2.36,2.3,2.36,61000,0
APX,06/22/2010,2.36,2.36,2.34,2.34,69000,0
APX,06/23/2010,2.34,2.34,2.34,2.34,10000,0
APX,06/24/2010,2.34,2.34,2.34,2.34,70000,0
APX,06/25/2010,2.36,2.36,2.36,2.36,10000,0
APX,06/28/2010,2.38,2.4,2.38,2.38,63000,0
APX,06/29/2010,2.38,2.38,2.38,2.38,20000,0
APX,07/02/2010,2.34,2.34,2.34,2.34,60000,0
APX,07/08/2010,2.3,2.3,2.3,2.3,93000,0
APX,07/09/2010,2.26,2.26,2.26,2.26,100000,0
APX,07/12/2010,2.4,2.4,2.4,2.4,126000,0
APX,07/13/2010,2.5,2.9,2.5,2.55,46000,0
APX,07/15/2010,2.55,2.55,2.55,2.55,65000,0
APX,07/16/2010,2.55,2.6,2.55,2.6,22000,0
APX,07/19/2010,2.55,2.7,2.5,2.7,120000,0
APX,07/22/2010,4.0,4.05,3.75,4.05,6673000,0
APX,07/23/2010,4.1,4.4,3.55,3.55,4598000,0
APX,07/26/2010,3.55,3.55,3.31,3.37,165000,0
APX,07/27/2010,3.2,3.5,3.2,3.5,360000,0
APX,07/28/2010,3.5,3.6,3.38,3.4,336000,0
APX,07/29/2010,3.5,3.6,3.4,3.4,308000,0
APX,07/30/2010,3.6,3.6,3.42,3.5,144000,0
APX,08/02/2010,3.4,3.42,3.4,3.4,41000,0
APX,08/03/2010,3.5,3.5,3.2,3.3,60000,0
APX,08/04/2010,3.2,3.2,3.06,3.2,37000,0
APX,08/05/2010,3.49,3.49,3.2,3.2,41000,0
APX,08/06/2010,3.18,3.4,3.15,3.15,60000,0
APX,08/09/2010,3.44,3.44,3.01,3.01,118000,0
APX,08/10/2010,3.38,3.38,3.1,3.1,93000,0
APX,08/11/2010,3.03,3.04,3.02,3.03,109000,0
APX,08/12/2010,3.2,3.2,3.01,3.1,28000,0
APX,08/13/2010,3.1,3.1,3.01,3.1,182000,0
APX,08/16/2010,3.1,3.1,3.06,3.06,18000,0
APX,08/17/2010,3.1,3.1,3.0,3.0,250000,0
APX,08/18/2010,3.19,3.19,3.0,3.0,94000,0
APX,08/19/2010,3.01,3.1,3.01,3.1,66000,0
APX,08/20/2010,3.18,3.2,3.1,3.1,56000,0
APX,08/23/2010,3.05,3.1,3.05,3.05,70000,0
APX,08/24/2010,3.1,3.1,3.04,3.04,135000,0
APX,08/25/2010,3.05,3.1,3.05,3.1,36000,0
APX,08/27/2010,3.1,3.14,3.1,3.12,66000,0
APX,08/31/2010,3.19,3.2,3.19,3.2,62000,0
APX,09/01/2010,3.2,3.2,3.2,3.2,86000,0
APX,09/02/2010,3.2,3.2,3.2,3.2,24000,0
APX,09/03/2010,3.2,3.65,3.2,3.65,446000,0
APX,09/06/2010,3.65,3.65,3.4,3.4,124000,0
APX,09/07/2010,3.27,3.4,3.27,3.39,7000,0
APX,09/08/2010,3.39,3.57,3.39,3.5,235000,0
APX,09/09/2010,3.5,3.65,3.45,3.6,510000,0
APX,09/13/2010,3.5,3.61,3.5,3.51,117000,0
APX,09/14/2010,3.51,3.51,3.48,3.5,255000,0
APX,09/15/2010,3.6,3.69,3.6,3.68,67000,0
APX,09/16/2010,3.68,3.7,3.66,3.7,220000,0
APX,09/17/2010,3.65,3.7,3.6,3.6,788000,0
APX,09/20/2010,3.75,4.2,3.65,3.85,305000,0
APX,09/21/2010,3.85,3.95,3.7,3.7,423000,0
APX,09/22/2010,3.8,3.85,3.7,3.85,265000,0
APX,09/23/2010,3.85,3.95,3.85,3.92,102000,0
APX,09/24/2010,3.9,3.95,3.72,3.72,381000,0
APX,09/27/2010,3.8,3.8,3.74,3.75,338000,0
APX,09/28/2010,3.75,3.8,3.75,3.75,214000,0
APX,09/29/2010,3.7,3.7,3.7,3.7,13000,0
APX,09/30/2010,3.8,3.8,3.7,3.7,304000,0
APX,10/01/2010,3.7,3.7,3.7,3.7,125000,0
APX,10/04/2010,3.85,3.85,3.72,3.74,70000,0
APX,10/05/2010,3.73,3.75,3.7,3.75,55000,0
APX,10/06/2010,3.71,3.85,3.71,3.85,158000,0
APX,10/07/2010,3.8,3.8,3.8,3.8,34000,0
APX,10/08/2010,3.75,3.8,3.75,3.8,53000,0
APX,10/11/2010,3.8,3.8,3.75,3.75,74000,0
APX,10/12/2010,3.76,3.9,3.76,3.88,305000,0
APX,10/13/2010,3.9,3.9,3.77,3.77,81000,0
APX,10/14/2010,3.85,3.9,3.84,3.9,558000,0
APX,10/15/2010,3.9,4.5,3.9,4.24,1328000,0
APX,10/18/2010,4.26,4.35,4.1,4.12,235000,0
APX,10/19/2010,4.1,4.1,4.0,4.0,169000,0
APX,10/20/2010,3.95,4.01,3.95,4.01,211000,0
APX,10/21/2010,4.0,4.05,4.0,4.05,65000,0
APX,10/22/2010,4.2,4.5,4.2,4.5,2290000,0
APX,10/26/2010,4.5,5.3,4.5,5.3,5232000,0
APX,10/27/2010,5.38,5.38,5.25,5.26,2333600,0
APX,10/28/2010,5.25,5.25,4.7,4.7,656200,0
APX,10/29/2010,4.5,4.7,4.5,4.7,32000,0
APX,11/02/2010,4.7,4.7,4.7,4.7,469000,0
APX,11/03/2010,4.65,4.65,4.3,4.3,841000,0
APX,11/04/2010,4.5,4.75,4.5,4.75,522000,0
APX,11/05/2010,4.8,4.8,4.7,4.7,700000,0
APX,11/08/2010,4.8,4.9,4.8,4.8,400000,0
APX,11/09/2010,4.9,5.05,4.9,4.98,471000,0
APX,11/10/2010,4.98,4.98,4.55,4.55,68000,0
APX,11/11/2010,4.55,4.55,4.4,4.4,345000,0
APX,11/12/2010,4.45,4.5,4.2,4.45,345000,0
APX,11/15/2010,4.5,4.55,4.5,4.55,216000,0
APX,11/17/2010,4.1,4.7,4.1,4.65,87000,0
APX,11/18/2010,4.65,4.65,4.32,4.55,98000,0
APX,11/19/2010,4.7,4.7,4.45,4.5,451000,0
APX,11/22/2010,4.6,4.6,4.48,4.48,132000,0
APX,11/24/2010,4.07,4.23,4.07,4.2,285000,0
APX,11/25/2010,4.2,4.35,4.15,4.15,555000,0
APX,11/26/2010,4.15,4.15,4.0,4.0,148000,0
APX,11/30/2010,3.98,3.98,3.8,3.8,523000,0
APX,12/01/2010,3.9,3.9,3.9,3.9,28000,0
APX,12/02/2010,4.2,4.2,3.9,4.1,70000,0
APX,12/03/2010,4.2,4.2,3.95,4.0,363000,0
APX,12/06/2010,4.2,4.2,4.05,4.1,41000,0
APX,12/07/2010,4.2,4.2,4.11,4.2,69000,0
APX,12/08/2010,4.18,4.18,4.18,4.18,10000,0
APX,12/09/2010,4.15,4.16,4.15,4.16,86000,0
APX,12/13/2010,4.1,4.1,4.1,4.1,12000,0
APX,12/14/2010,4.0,4.0,4.0,4.0,9000,0
APX,12/15/2010,4.1,4.1,4.1,4.1,50000,0
APX,12/16/2010,4.1,4.1,4.0,4.0,47000,0
APX,12/17/2010,3.8,4.05,3.8,4.05,152000,0
APX,12/20/2010,4.1,4.1,4.1,4.1,20000,0
APX,12/22/2010,4.08,4.1,4.08,4.1,215000,0
APX,12/28/2010,3.9,3.9,3.9,3.9,20000,0
APX,12/29/2010,3.96,4.0,3.96,4.0,38000,0
APX,12/30/2010,3.99,4.05,3.99,4.0,160000,0
APX,01/03/2011,4.0,4.0,3.9,3.9,92000,0
APX,01/04/2011,3.95,3.95,3.9,3.9,186000,0
APX,01/06/2011,3.9,4.01,3.9,4.0,165000,0
APX,01/07/2011,3.99,4.0,3.9,3.9,555000,0
APX,01/10/2011,3.9,3.9,3.85,3.85,43000,0
APX,01/11/2011,3.8,4.0,3.8,4.0,150000,0
APX,01/12/2011,3.8,3.82,3.7,3.8,188000,0
APX,01/13/2011,3.8,3.8,3.8,3.8,4000,0
APX,01/14/2011,3.8,3.85,3.8,3.85,20000,0
APX,01/18/2011,3.85,3.85,3.85,3.85,38000,0
APX,01/21/2011,3.5,3.8,3.5,3.8,21000,0
APX,01/25/2011,3.77,3.77,3.77,3.77,10000,0
APX,02/01/2011,3.1,3.5,3.1,3.5,58000,0
APX,02/02/2011,3.4,3.5,3.4,3.5,41000,0
APX,02/03/2011,3.5,3.5,3.5,3.5,82000,0
APX,02/04/2011,3.41,3.5,3.41,3.5,99000,0
APX,02/07/2011,3.5,3.5,3.5,3.5,24000,0
APX,02/09/2011,3.41,3.41,3.41,3.41,70000,0
APX,02/11/2011,3.41,3.41,3.41,3.41,8000,0
APX,02/14/2011,3.3,3.3,3.25,3.3,45000,0
APX,02/15/2011,3.25,3.25,3.25,3.25,93000,0
APX,02/17/2011,3.3,3.3,3.3,3.3,11000,0
APX,02/18/2011,3.35,3.35,3.35,3.35,24000,0
APX,02/22/2011,3.35,3.35,3.35,3.35,1000,0
APX,02/25/2011,3.35,3.35,3.35,3.35,10000,0
APX,03/01/2011,3.6,3.6,3.6,3.6,63000,0
APX,03/02/2011,3.3,3.6,3.3,3.6,11000,0
APX,03/04/2011,3.5,3.5,3.3,3.3,109000,0
APX,03/07/2011,3.65,3.65,3.65,3.65,48000,0
APX,03/08/2011,3.7,3.7,3.7,3.7,10000,0
APX,03/16/2011,3.5,3.5,3.42,3.42,16000,0
APX,03/17/2011,3.4,3.4,3.4,3.4,61000,0
APX,03/18/2011,3.45,3.45,3.45,3.45,10000,0
APX,03/21/2011,3.35,3.35,3.35,3.35,80000,0
APX,03/22/2011,3.45,3.45,3.45,3.45,3000,0
APX,03/23/2011,3.42,3.45,3.42,3.45,60000,0
APX,03/24/2011,3.5,3.5,3.5,3.5,73000,0
APX,03/29/2011,3.4,3.4,3.4,3.4,50000,0
APX,03/30/2011,3.4,3.4,3.4,3.4,46000,0
APX,03/31/2011,3.42,3.5,3.42,3.5,197000,0
APX,04/01/2011,3.5,3.5,3.5,3.5,10000,0
APX,04/04/2011,3.9,4.0,3.5,3.95,112000,0
APX,04/05/2011,3.55,3.55,3.55,3.55,69000,0
APX,04/07/2011,3.55,3.55,3.55,3.55,60000,0
APX,04/11/2011,3.55,3.55,3.5,3.5,422000,0
APX,04/13/2011,3.6,3.6,3.6,3.6,69000,0
APX,04/15/2011,4.0,4.0,3.75,3.75,40000,0
APX,04/19/2011,3.7,3.75,3.7,3.75,91000,0
APX,04/20/2011,3.99,4.1,3.98,3.98,84000,0
APX,04/25/2011,4.1,4.1,3.9,4.02,91000,0
APX,04/26/2011,4.02,4.02,4.02,4.02,27000,0
APX,04/27/2011,3.8,3.8,3.8,3.8,11000,0
APX,04/28/2011,3.8,4.0,3.8,4.0,32000,0
APX,05/02/2011,4.0,4.0,4.0,4.0,130000,0
APX,05/04/2011,3.96,3.96,3.96,3.96,3000,0
APX,05/05/2011,3.8,3.8,3.72,3.72,69000,0
APX,05/06/2011,3.58,3.58,3.5,3.52,300000,0
APX,05/09/2011,3.5,3.5,3.5,3.5,333000,0
APX,05/10/2011,3.5,3.6,3.5,3.6,160000,0
APX,05/11/2011,3.6,3.71,3.6,3.7,77000,0
APX,05/12/2011,3.7,3.7,3.7,3.7,9000,0
APX,05/13/2011,3.5,3.85,3.5,3.85,100000,0
APX,05/16/2011,3.61,3.61,3.6,3.6,50000,0
APX,05/17/2011,3.65,3.85,3.6,3.85,85000,0
APX,05/18/2011,3.86,3.86,3.65,3.65,50000,0
APX,05/19/2011,3.7,4.0,3.7,3.95,7000,0
APX,05/20/2011,3.9,3.95,3.85,3.85,64000,0
APX,05/24/2011,3.6,3.6,3.6,3.6,65000,0
APX,05/25/2011,3.51,3.51,3.5,3.51,7000,0
APX,05/26/2011,3.55,3.55,3.55,3.55,2000,0
APX,05/27/2011,3.58,3.58,3.58,3.58,10000,0
APX,06/02/2011,3.58,3.58,3.58,3.58,1000,0
APX,06/06/2011,3.58,3.58,3.4,3.55,90000,0
APX,06/07/2011,3.45,3.45,3.45,3.45,5000,0
APX,06/08/2011,3.45,3.45,3.4,3.4,266000,0
APX,06/10/2011,3.4,3.4,3.38,3.38,21000,0
APX,06/13/2011,3.4,3.41,3.4,3.41,13000,0
APX,06/14/2011,3.45,3.45,3.4,3.4,35000,0
APX,06/15/2011,3.4,3.4,3.4,3.4,175000,0
APX,06/17/2011,3.4,3.4,3.4,3.4,15000,0
APX,06/22/2011,3.5,3.5,3.5,3.5,4000,0
APX,06/23/2011,3.3,3.3,3.3,3.3,2000,0
APX,06/24/2011,3.5,3.5,3.5,3.5,10000,0
APX,06/28/2011,3.4,3.41,3.21,3.4,202000,0
APX,06/29/2011,3.4,3.4,3.4,3.4,10000,0
APX,06/30/2011,3.4,3.75,3.4,3.75,18000,0
APX,07/01/2011,3.5,3.52,3.5,3.52,26000,0
APX,07/04/2011,3.55,3.6,3.55,3.6,93000,0
APX,07/05/2011,3.6,3.6,3.5,3.6,92000,0
APX,07/07/2011,3.58,3.58,3.58,3.58,25000,0
APX,07/08/2011,3.4,3.4,3.4,3.4,1000,0
APX,07/13/2011,3.6,3.8,3.6,3.8,60000,0
APX,07/14/2011,3.75,3.8,3.7,3.8,119000,0
APX,07/18/2011,3.7,3.95,3.7,3.9,235000,0
APX,07/19/2011,3.95,4.1,3.9,4.0,566000,0
APX,07/20/2011,3.98,3.98,3.85,3.9,81000,0
APX,07/21/2011,4.04,4.04,3.72,3.85,100000,0
APX,07/22/2011,3.8,3.85,3.75,3.85,82000,0
APX,07/25/2011,3.8,3.8,3.8,3.8,110000,0
APX,07/26/2011,4.0,4.0,3.7,3.7,21000,0
APX,07/27/2011,3.55,3.55,3.55,3.55,100000,0
APX,07/28/2011,3.5,3.55,3.5,3.55,9000,0
APX,07/29/2011,3.58,3.8,3.58,3.78,160000,0
APX,08/01/2011,3.75,3.99,3.75,3.99,11000,0
APX,08/02/2011,4.0,4.05,3.9,3.95,277000,0
APX,08/03/2011,4.0,4.05,4.0,4.0,99000,0
APX,08/04/2011,4.0,4.0,3.95,3.95,116000,0
APX,08/05/2011,3.45,3.8,3.45,3.8,146000,0
APX,08/08/2011,3.49,3.7,3.49,3.7,98000,0
APX,08/09/2011,3.5,3.55,3.48,3.5,158000,0
APX,08/10/2011,3.55,3.8,3.55,3.8,186000,0
APX,08/11/2011,4.0,4.45,3.8,4.29,1775000,0
APX,08/12/2011,4.37,4.55,4.3,4.45,2185000,0
APX,08/15/2011,4.55,4.6,4.32,4.4,725000,0
APX,08/16/2011,4.35,4.4,4.25,4.38,427000,0
APX,08/17/2011,4.25,4.3,4.18,4.18,260000,0
APX,08/18/2011,4.18,4.2,4.18,4.2,106000,0
APX,08/19/2011,4.3,4.3,4.2,4.2,84000,0
APX,08/22/2011,4.2,4.4,4.2,4.4,581000,0
APX,08/23/2011,4.55,4.68,4.38,4.4,1365000,0
APX,08/24/2011,4.35,4.48,4.15,4.15,232000,0
APX,08/25/2011,4.15,4.33,4.05,4.05,81000,0
APX,08/26/2011,4.0,4.1,3.8,3.82,112000,0
APX,08/31/2011,3.92,4.09,3.92,3.95,57000,0
APX,09/01/2011,4.0,4.25,4.0,4.25,183000,0
APX,09/02/2011,4.5,4.6,4.16,4.16,1221000,0
APX,09/05/2011,4.5,4.5,4.1,4.28,181000,0
APX,09/06/2011,4.35,4.35,3.95,3.95,163000,0
APX,09/07/2011,4.0,4.0,3.8,3.8,364000,0
APX,09/08/2011,3.8,4.0,3.8,4.0,40000,0
APX,09/09/2011,4.0,4.0,4.0,4.0,31000,0
APX,09/12/2011,4.0,4.0,4.0,4.0,74000,0
APX,09/13/2011,3.8,4.0,3.8,4.0,8000,0
APX,09/14/2011,3.95,3.95,3.8,3.8,191000,0
APX,09/15/2011,3.8,3.8,3.8,3.8,11000,0
APX,09/16/2011,3.8,3.85,3.8,3.85,107000,0
APX,09/19/2011,3.86,3.86,3.86,3.86,51000,0
APX,09/20/2011,3.86,3.9,3.81,3.9,19000,0
APX,09/21/2011,3.9,3.9,3.9,3.9,4000,0
APX,09/22/2011,3.8,3.8,3.8,3.8,100000,0
APX,09/23/2011,3.71,3.71,3.35,3.5,334000,0
APX,09/26/2011,3.5,3.5,3.25,3.25,274000,0
APX,09/28/2011,3.79,3.79,3.01,3.5,874000,0
APX,09/29/2011,3.6,3.6,3.22,3.26,170000,0
APX,09/30/2011,3.55,3.55,3.4,3.4,33000,0
APX,10/03/2011,3.4,3.6,3.4,3.58,166000,0
APX,10/04/2011,3.4,4.0,3.4,3.7,807000,0
APX,10/05/2011,3.88,3.88,3.6,3.6,113000,0
APX,10/06/2011,3.8,3.8,3.6,3.6,157000,0
APX,10/07/2011,3.61,3.62,3.61,3.61,107000,0
APX,10/10/2011,3.6,3.8,3.6,3.65,121000,0
APX,10/11/2011,3.75,3.8,3.75,3.75,182000,0
APX,10/12/2011,3.8,3.8,3.6,3.8,183000,0
APX,10/13/2011,3.85,3.85,3.8,3.8,58000,0
APX,10/14/2011,3.85,3.85,3.85,3.85,51000,0
APX,10/17/2011,3.9,3.9,3.8,3.8,8000,0
APX,10/18/2011,3.6,3.6,3.6,3.6,50000,0
APX,10/19/2011,3.6,3.6,3.6,3.6,187000,0
APX,10/20/2011,3.6,3.8,3.6,3.8,51000,0
APX,10/21/2011,3.8,3.9,3.7,3.7,262000,0
APX,10/24/2011,3.85,4.02,3.85,4.02,170000,0
APX,10/25/2011,3.8,3.95,3.75,3.95,302000,0
APX,10/26/2011,3.82,3.82,3.78,3.81,32000,0
APX,10/27/2011,3.99,4.1,3.99,4.0,279000,0
APX,10/28/2011,3.85,4.0,3.85,3.99,81000,0
APX,11/02/2011,3.85,3.85,3.7,3.8,32000,0
APX,11/04/2011,3.65,3.65,3.65,3.65,160000,0
APX,11/08/2011,3.65,3.8,3.65,3.8,53000,0
APX,11/09/2011,3.7,3.8,3.65,3.8,270000,0
APX,11/10/2011,3.76,3.76,3.76,3.76,13000,0
APX,11/11/2011,3.76,3.76,3.76,3.76,4000,0
APX,11/14/2011,3.9,5.4,3.9,4.94,11397000,0
APX,11/15/2011,4.94,5.0,4.4,4.55,3613000,0
APX,11/16/2011,4.65,4.65,4.15,4.25,868000,0
APX,11/17/2011,4.25,4.85,4.2,4.64,1360000,0
APX,11/18/2011,4.64,4.85,4.51,4.75,1536000,0
APX,11/21/2011,4.72,4.85,4.56,4.6,584000,0
APX,11/22/2011,4.6,4.65,4.45,4.49,178000,0
APX,11/23/2011,4.31,4.6,4.31,4.6,493000,0
APX,11/24/2011,4.5,4.5,4.45,4.45,493000,0
APX,11/25/2011,4.4,4.4,4.4,4.4,100000,0
APX,11/28/2011,4.32,4.32,4.32,4.32,2000,0
APX,11/29/2011,4.4,4.5,4.31,4.35,168000,0
APX,12/01/2011,4.4,4.5,4.35,4.35,95000,0
APX,12/02/2011,4.4,4.4,4.31,4.4,128000,0
APX,12/05/2011,4.32,4.5,4.2,4.5,274000,0
APX,12/06/2011,4.59,4.6,4.32,4.32,466000,0
APX,12/07/2011,4.3,4.3,4.17,4.2,451000,0
APX,12/08/2011,4.21,4.21,4.15,4.2,393000,0
APX,12/09/2011,4.1,4.2,4.0,4.0,953000,0
APX,12/12/2011,4.1,4.1,4.0,4.0,289000,0
APX,12/13/2011,4.01,4.01,4.0,4.01,27000,0
APX,12/14/2011,4.0,4.02,4.0,4.01,347000,0
APX,12/15/2011,4.01,4.01,3.96,3.96,248000,0
APX,12/16/2011,3.96,4.0,3.85,3.9,476000,0
APX,12/19/2011,4.18,4.18,4.1,4.1,3000,0
APX,12/20/2011,3.95,3.95,3.9,3.9,50000,0
APX,12/21/2011,3.9,3.9,3.9,3.9,92000,0
APX,12/22/2011,3.9,3.9,3.9,3.9,51000,0
APX,12/23/2011,3.85,3.86,3.85,3.85,13000,0
APX,12/26/2011,3.9,4.0,3.9,3.9,50000,0
APX,12/27/2011,3.9,3.9,3.9,3.9,218000,0
APX,12/28/2011,3.9,3.92,3.9,3.9,19000,0
APX,12/29/2011,3.9,4.0,3.9,4.0,70000,0
APX,01/02/2012,4.0,4.0,4.0,4.0,200000,0
APX,01/03/2012,4.0,4.0,3.87,4.0,427000,0
APX,01/04/2012,4.2,4.2,4.15,4.2,353000,0
APX,01/05/2012,4.17,4.17,4.01,4.1,89000,0
APX,01/06/2012,4.13,4.15,4.05,4.15,51000,0
APX,01/09/2012,4.1,4.1,4.1,4.1,20000,0
APX,01/10/2012,4.1,4.15,4.08,4.1,271000,0
APX,01/11/2012,4.05,4.17,4.01,4.16,127000,0
APX,01/12/2012,4.16,4.17,4.03,4.15,179000,0
APX,01/13/2012,4.15,4.15,4.15,4.15,1000,0
APX,01/16/2012,4.03,4.13,4.03,4.13,49000,0
APX,01/17/2012,4.13,4.13,4.03,4.04,315000,0
APX,01/18/2012,4.03,4.08,4.02,4.03,394000,0
APX,01/19/2012,4.03,4.05,4.03,4.04,130000,0
APX,01/20/2012,4.02,4.02,4.02,4.02,15000,0
APX,01/24/2012,4.25,4.95,4.25,4.78,7123000,0
APX,01/25/2012,4.85,4.9,4.5,4.69,1227000,0
APX,01/26/2012,4.79,4.8,4.5,4.5,816000,0
APX,01/27/2012,4.6,5.8,4.6,5.75,15260000,0
APX,01/30/2012,6.09,6.17,5.5,5.79,7486800,0
APX,01/31/2012,5.76,6.01,5.51,5.53,2702600,0
APX,02/01/2012,5.6,5.83,5.6,5.78,1952100,0
APX,02/02/2012,5.8,6.2,5.6,5.6,4512800,0
APX,02/03/2012,5.8,5.8,5.55,5.65,665200,0
APX,02/06/2012,5.7,5.93,5.51,5.6,1439400,0
APX,02/07/2012,5.74,5.75,5.55,5.56,357100,0
