GMA7,07/30/2007,8.7,10.5,8.7,10.5,57372000,0
GMA7,07/31/2007,11.5,11.5,10.25,10.75,19690200,0
GMA7,08/01/2007,10.5,11.75,10.25,11.0,12664900,0
GMA7,08/02/2007,11.5,11.5,10.25,10.5,5575600,0
GMA7,08/03/2007,10.75,10.75,9.7,10.25,2945000,0
GMA7,08/06/2007,10.0,10.25,9.7,10.25,3838500,0
GMA7,08/07/2007,10.5,10.5,10.25,10.25,1993500,0
GMA7,08/08/2007,10.25,10.5,10.0,10.25,487600,0
GMA7,08/09/2007,10.25,10.25,10.0,10.0,924200,0
GMA7,08/10/2007,9.9,10.0,9.7,9.9,1046000,0
GMA7,08/13/2007,9.9,10.0,9.8,9.8,734000,0
GMA7,08/14/2007,9.8,10.0,9.5,9.8,1698000,0
GMA7,08/15/2007,9.5,9.6,9.4,9.5,1079000,0
GMA7,08/16/2007,9.5,9.5,9.0,9.2,929000,0
GMA7,08/17/2007,9.0,9.2,8.8,8.8,1343000,0
GMA7,08/21/2007,9.3,9.6,9.3,9.4,2117000,0
GMA7,08/22/2007,9.4,9.4,9.3,9.4,519000,0
GMA7,08/23/2007,9.5,9.8,9.5,9.7,823000,0
GMA7,08/24/2007,9.7,9.7,9.5,9.6,596000,0
GMA7,08/28/2007,9.6,9.7,9.6,9.7,247000,0
GMA7,08/29/2007,9.7,9.7,9.4,9.5,712000,0
GMA7,08/30/2007,9.5,10.0,9.5,10.0,1925000,0
GMA7,08/31/2007,10.0,10.25,9.9,10.0,1253000,0
GMA7,09/03/2007,10.0,10.0,10.0,10.0,446000,0
GMA7,09/04/2007,10.0,10.0,9.6,9.9,472000,0
GMA7,09/05/2007,9.9,10.0,9.7,10.0,563000,0
GMA7,09/06/2007,9.6,9.8,9.6,9.8,555000,0
GMA7,09/07/2007,9.6,9.6,9.5,9.6,755000,0
GMA7,09/10/2007,9.4,9.4,9.1,9.3,531000,0
GMA7,09/11/2007,9.2,9.4,9.2,9.3,337000,0
GMA7,09/12/2007,9.4,9.5,9.4,9.4,249000,0
GMA7,09/13/2007,9.5,9.5,9.3,9.3,186000,0
GMA7,09/14/2007,9.4,9.5,9.4,9.5,208000,0
GMA7,09/17/2007,9.3,9.5,9.3,9.5,197000,0
GMA7,09/18/2007,9.5,9.5,9.1,9.1,1616000,0
GMA7,09/19/2007,9.4,9.5,9.4,9.5,290000,0
GMA7,09/20/2007,9.5,9.5,9.2,9.5,630000,0
GMA7,09/21/2007,9.5,9.5,9.3,9.5,215000,0
GMA7,09/24/2007,9.4,9.4,9.2,9.4,482000,0
GMA7,09/25/2007,9.2,9.5,9.2,9.5,326000,0
GMA7,09/26/2007,9.4,9.4,9.0,9.1,1324000,0
GMA7,09/27/2007,9.1,9.2,9.0,9.2,620000,0
GMA7,09/28/2007,9.2,9.5,9.2,9.5,849000,0
GMA7,10/01/2007,9.3,9.4,9.3,9.3,631000,0
GMA7,10/02/2007,9.4,9.6,9.4,9.5,1567000,0
GMA7,10/03/2007,9.5,9.5,9.3,9.3,621000,0
GMA7,10/04/2007,9.2,9.5,9.2,9.5,537000,0
GMA7,10/05/2007,9.5,9.5,9.1,9.1,921000,0
GMA7,10/08/2007,9.1,9.3,9.1,9.1,2305000,0
GMA7,10/09/2007,9.1,9.2,8.9,9.0,1602000,0
GMA7,10/10/2007,9.0,9.2,8.9,8.9,2790000,0
GMA7,10/11/2007,8.9,9.0,8.9,8.9,283000,0
GMA7,10/15/2007,8.9,9.0,8.8,8.8,1148000,0
GMA7,10/16/2007,8.8,8.8,8.7,8.7,582000,0
GMA7,10/17/2007,8.7,8.7,8.5,8.6,1846000,0
GMA7,10/18/2007,8.6,8.6,8.4,8.5,1115000,0
GMA7,10/19/2007,8.5,8.6,8.4,8.6,1060000,0
GMA7,10/22/2007,8.4,8.4,8.0,8.1,1228000,0
GMA7,10/23/2007,8.2,8.3,8.1,8.1,924000,0
GMA7,10/24/2007,8.2,8.3,8.2,8.3,220000,0
GMA7,10/25/2007,8.5,8.5,8.4,8.5,332000,0
GMA7,10/26/2007,8.5,9.0,8.5,8.9,745000,0
GMA7,10/30/2007,9.0,9.0,8.8,8.9,505000,0
GMA7,10/31/2007,8.9,8.9,8.7,8.8,119000,0
GMA7,11/05/2007,8.6,8.6,8.5,8.5,179000,0
GMA7,11/06/2007,8.6,8.6,8.4,8.4,200000,0
GMA7,11/07/2007,8.5,8.5,8.4,8.4,578000,0
GMA7,11/08/2007,8.4,8.4,8.2,8.3,299000,0
GMA7,11/09/2007,8.3,8.4,8.2,8.2,1554000,0
GMA7,11/12/2007,8.2,8.2,8.1,8.1,319000,0
GMA7,11/13/2007,8.1,8.1,7.9,8.1,4181000,0
GMA7,11/14/2007,8.2,8.2,8.1,8.2,1742000,0
GMA7,11/15/2007,8.2,8.2,8.1,8.1,80000,0
GMA7,11/16/2007,8.1,8.1,8.0,8.0,122000,0
GMA7,11/19/2007,8.0,8.1,7.9,8.0,396000,0
GMA7,11/20/2007,8.0,8.0,7.8,7.8,501000,0
GMA7,11/21/2007,7.8,7.8,7.7,7.7,790000,0
GMA7,11/22/2007,7.6,7.7,7.6,7.7,471000,0
GMA7,11/23/2007,7.7,7.7,7.6,7.7,92000,0
GMA7,11/26/2007,7.7,7.8,7.7,7.7,203000,0
GMA7,11/27/2007,7.6,7.7,7.5,7.6,708000,0
GMA7,11/28/2007,7.6,7.6,7.6,7.6,97000,0
GMA7,11/29/2007,7.7,7.9,7.7,7.8,472000,0
GMA7,12/03/2007,7.9,8.0,7.8,7.9,210000,0
GMA7,12/04/2007,8.0,8.2,8.0,8.2,314000,0
GMA7,12/05/2007,8.3,8.4,8.3,8.4,48000,0
GMA7,12/06/2007,8.3,8.4,8.2,8.3,768000,0
GMA7,12/07/2007,8.4,8.4,8.1,8.2,2416000,0
GMA7,12/10/2007,8.2,8.2,8.1,8.1,95000,0
GMA7,12/11/2007,8.1,8.1,8.1,8.1,40000,0
GMA7,12/12/2007,8.1,8.1,8.0,8.0,118000,0
GMA7,12/13/2007,8.0,8.1,8.0,8.0,33000,0
GMA7,12/14/2007,7.9,8.0,7.9,7.9,1101000,0
GMA7,12/17/2007,7.8,7.8,7.7,7.7,569000,0
GMA7,12/18/2007,7.6,7.8,7.5,7.8,2086000,0
GMA7,12/19/2007,7.8,7.9,7.8,7.8,58000,0
GMA7,12/20/2007,7.8,7.8,7.8,7.8,326000,0
GMA7,12/21/2007,7.8,7.8,7.7,7.7,615000,0
GMA7,12/26/2007,7.8,7.9,7.8,7.8,468000,0
GMA7,12/27/2007,7.9,7.9,7.7,7.8,1027000,0
GMA7,12/28/2007,7.7,7.7,7.6,7.7,1533000,0
GMA7,01/02/2008,7.8,7.8,7.7,7.7,47000,0
GMA7,01/03/2008,7.7,7.7,7.6,7.6,154000,0
GMA7,01/04/2008,7.6,7.6,7.5,7.5,276000,0
GMA7,01/07/2008,7.5,7.5,7.3,7.3,236000,0
GMA7,01/08/2008,7.4,7.5,7.4,7.4,711000,0
GMA7,01/09/2008,7.3,7.4,7.3,7.4,591000,0
GMA7,01/10/2008,7.4,7.5,7.4,7.4,276000,0
GMA7,01/11/2008,7.5,7.5,7.4,7.4,14877000,0
GMA7,01/14/2008,7.4,7.7,7.4,7.7,286000,0
GMA7,01/15/2008,7.6,7.7,7.5,7.5,107000,0
GMA7,01/16/2008,7.5,7.5,7.3,7.3,90000,0
GMA7,01/17/2008,7.4,7.4,7.2,7.2,253000,0
GMA7,01/18/2008,7.2,7.2,6.8,7.0,165000,0
GMA7,01/21/2008,7.0,7.0,6.9,7.0,197000,0
GMA7,01/22/2008,6.8,6.8,6.0,6.2,501000,0
GMA7,01/23/2008,6.2,6.4,6.2,6.4,188000,0
GMA7,01/24/2008,6.4,6.4,6.3,6.3,417000,0
GMA7,01/25/2008,6.2,6.3,6.0,6.3,919000,0
GMA7,01/28/2008,6.2,6.2,5.9,6.0,191000,0
GMA7,01/29/2008,6.1,6.1,6.1,6.1,139000,0
GMA7,01/30/2008,6.1,6.2,6.0,6.0,584000,0
GMA7,01/31/2008,6.0,6.1,6.0,6.0,138000,0
GMA7,02/01/2008,6.1,6.1,6.0,6.0,390000,0
GMA7,02/04/2008,6.1,6.3,6.1,6.3,2014000,0
GMA7,02/05/2008,6.3,6.4,6.3,6.4,617000,0
GMA7,02/06/2008,6.2,6.4,6.2,6.2,69000,0
GMA7,02/07/2008,6.2,6.3,6.2,6.2,65000,0
GMA7,02/08/2008,6.2,6.2,6.2,6.2,51000,0
GMA7,02/11/2008,6.2,6.2,6.0,6.0,136000,0
GMA7,02/12/2008,6.0,6.0,6.0,6.0,307000,0
GMA7,02/13/2008,6.0,6.0,6.0,6.0,126000,0
GMA7,02/14/2008,6.0,6.1,6.0,6.1,508000,0
GMA7,02/15/2008,6.1,6.2,6.1,6.2,273000,0
GMA7,02/18/2008,6.2,6.2,6.2,6.2,148000,0
GMA7,02/19/2008,6.3,6.5,6.3,6.5,544000,0
GMA7,02/20/2008,6.5,6.7,6.5,6.5,893000,0
GMA7,02/21/2008,6.5,6.5,6.5,6.5,353000,0
GMA7,02/22/2008,6.4,6.5,6.3,6.4,338000,0
GMA7,02/26/2008,6.4,6.4,6.2,6.2,259000,0
GMA7,02/27/2008,6.2,6.7,6.2,6.7,1057000,0
GMA7,02/28/2008,6.9,7.2,6.8,7.2,709000,0
GMA7,02/29/2008,7.2,7.3,7.2,7.3,644000,0
GMA7,03/03/2008,7.1,7.2,7.1,7.2,578000,0
GMA7,03/04/2008,7.1,7.2,7.1,7.2,48000,0
GMA7,03/05/2008,7.2,7.3,7.2,7.3,791000,0
GMA7,03/06/2008,7.2,7.2,7.1,7.1,272000,0
GMA7,03/07/2008,7.1,7.1,6.8,6.8,681000,0
GMA7,03/10/2008,6.6,6.7,6.6,6.7,30000,0
GMA7,03/11/2008,6.7,6.7,6.7,6.7,109000,0
GMA7,03/12/2008,6.9,7.1,6.9,7.0,79000,0
GMA7,03/13/2008,7.0,7.0,6.9,6.9,35000,0
GMA7,03/14/2008,6.9,6.9,6.8,6.8,129000,0
GMA7,03/17/2008,6.8,6.8,6.5,6.5,211000,0
GMA7,03/18/2008,6.3,6.4,6.3,6.4,126000,0
GMA7,03/19/2008,6.6,6.6,6.5,6.6,106000,0
GMA7,03/24/2008,6.6,6.7,6.6,6.7,136000,0
GMA7,03/25/2008,6.8,6.8,6.8,6.8,88000,0
GMA7,03/26/2008,6.9,7.1,6.9,7.0,343000,0
GMA7,03/27/2008,7.0,7.0,7.0,7.0,810000,0
GMA7,03/28/2008,7.1,7.2,7.1,7.2,310000,0
GMA7,03/31/2008,7.2,7.3,7.2,7.2,334000,0
GMA7,04/01/2008,7.3,7.4,7.3,7.4,255000,0
GMA7,04/02/2008,7.4,7.4,7.4,7.4,184000,0
GMA7,04/03/2008,7.4,7.5,7.3,7.5,293000,0
GMA7,04/04/2008,7.4,7.4,7.3,7.3,895000,0
GMA7,04/08/2008,7.4,7.5,7.4,7.5,795000,0
GMA7,04/09/2008,7.4,7.5,7.3,7.3,273000,0
GMA7,04/10/2008,7.3,7.5,7.3,7.4,1224000,0
GMA7,04/11/2008,7.5,7.5,7.4,7.4,171000,0
GMA7,04/14/2008,7.3,7.3,7.2,7.2,410000,0
GMA7,04/15/2008,7.2,7.2,7.2,7.2,214000,0
GMA7,04/16/2008,7.2,7.3,7.2,7.3,138000,0
GMA7,04/17/2008,7.3,7.5,7.3,7.5,1165000,0
GMA7,04/18/2008,7.3,7.5,7.3,7.4,454000,0
GMA7,04/21/2008,7.3,7.5,7.3,7.5,1994000,0
GMA7,04/22/2008,7.4,7.5,7.3,7.3,753000,0
GMA7,04/23/2008,7.4,7.4,7.3,7.3,679000,0
GMA7,04/24/2008,7.3,7.5,7.3,7.5,2036000,0
GMA7,04/25/2008,7.5,7.5,7.5,7.5,1449000,0
GMA7,04/28/2008,7.4,7.5,7.4,7.5,1055000,0
GMA7,04/29/2008,7.5,7.6,7.5,7.5,1521000,0
GMA7,04/30/2008,7.5,7.5,7.4,7.5,579000,0
GMA7,05/02/2008,7.5,7.5,7.5,7.5,1050000,0
GMA7,05/05/2008,7.5,7.6,7.5,7.6,370000,0
GMA7,05/06/2008,7.5,7.6,7.5,7.5,416000,0
GMA7,05/07/2008,7.5,7.5,7.4,7.5,390000,0
GMA7,05/08/2008,7.4,7.4,7.4,7.4,2219000,0
GMA7,05/09/2008,7.5,7.6,7.5,7.6,396000,0
GMA7,05/12/2008,7.5,7.5,7.5,7.5,174000,0
GMA7,05/13/2008,7.6,7.6,7.5,7.5,48000,0
GMA7,05/14/2008,7.5,7.5,7.5,7.5,371000,0
GMA7,05/15/2008,7.5,7.5,7.5,7.5,19000,0
GMA7,05/16/2008,7.5,7.5,7.5,7.5,59000,0
GMA7,05/19/2008,7.5,7.5,7.5,7.5,67000,0
GMA7,05/20/2008,7.5,7.5,7.5,7.5,109000,0
GMA7,05/21/2008,7.5,7.5,7.5,7.5,273000,0
GMA7,05/22/2008,7.5,7.7,7.5,7.7,430000,0
GMA7,05/23/2008,7.6,7.6,7.6,7.6,353000,0
GMA7,05/26/2008,7.6,7.6,7.5,7.6,484000,0
GMA7,05/27/2008,7.5,7.6,7.5,7.6,8000,0
GMA7,05/28/2008,7.5,7.6,7.5,7.5,155000,0
GMA7,05/29/2008,7.5,7.5,7.5,7.5,32000,0
GMA7,05/30/2008,7.5,7.5,7.5,7.5,49000,0
GMA7,06/02/2008,7.5,7.7,7.5,7.7,224000,0
GMA7,06/03/2008,7.7,7.8,7.7,7.7,817000,0
GMA7,06/04/2008,7.7,7.8,7.7,7.7,205000,0
GMA7,06/05/2008,7.7,7.7,7.6,7.7,1639000,0
GMA7,06/06/2008,7.7,7.7,7.7,7.7,274000,0
GMA7,06/10/2008,7.6,7.7,7.6,7.7,964000,0
GMA7,06/11/2008,7.7,7.7,7.6,7.7,2822000,0
GMA7,06/12/2008,7.7,7.7,7.5,7.6,1085000,0
GMA7,06/13/2008,7.7,7.7,7.6,7.7,2178000,0
GMA7,06/16/2008,7.7,7.7,7.7,7.7,27000,0
GMA7,06/17/2008,7.7,7.7,7.7,7.7,966000,0
GMA7,06/18/2008,7.6,7.7,7.6,7.7,426000,0
GMA7,06/19/2008,7.5,7.7,7.5,7.6,748000,0
GMA7,06/20/2008,7.5,7.6,7.5,7.6,453000,0
GMA7,06/23/2008,7.6,7.6,7.5,7.5,721000,0
GMA7,06/24/2008,7.5,7.5,7.4,7.5,552000,0
GMA7,06/25/2008,7.5,7.5,7.4,7.4,248000,0
GMA7,06/26/2008,7.4,7.4,7.4,7.4,528000,0
GMA7,06/27/2008,7.4,7.4,7.3,7.3,960000,0
GMA7,06/30/2008,7.2,7.3,7.2,7.3,1243000,0
GMA7,07/01/2008,7.2,7.2,7.1,7.1,1345000,0
GMA7,07/02/2008,7.1,7.1,7.1,7.1,623000,0
GMA7,07/03/2008,7.0,7.1,7.0,7.1,544000,0
GMA7,07/04/2008,6.9,7.1,6.9,7.1,622000,0
GMA7,07/07/2008,7.1,7.1,7.1,7.1,157000,0
GMA7,07/08/2008,7.0,7.0,6.7,6.7,1550000,0
GMA7,07/09/2008,6.7,6.7,6.6,6.6,64000,0
GMA7,07/10/2008,6.5,6.7,6.5,6.6,84000,0
GMA7,07/11/2008,6.6,6.6,6.3,6.3,228000,0
GMA7,07/14/2008,6.3,6.3,6.3,6.3,32000,0
GMA7,07/15/2008,6.3,6.3,6.2,6.2,63000,0
GMA7,07/16/2008,6.2,6.2,5.9,5.9,449000,0
GMA7,07/17/2008,6.0,6.0,5.9,5.9,587000,0
GMA7,07/18/2008,5.9,5.9,5.9,5.9,396000,0
GMA7,07/21/2008,6.0,6.0,5.9,5.9,209000,0
GMA7,07/22/2008,5.9,5.9,5.8,5.9,484000,0
GMA7,07/23/2008,6.0,6.1,6.0,6.1,555000,0
GMA7,07/24/2008,6.1,6.3,6.1,6.2,182000,0
GMA7,07/25/2008,6.2,6.2,6.1,6.1,85000,0
GMA7,07/28/2008,6.1,6.1,6.1,6.1,260000,0
GMA7,07/29/2008,6.1,6.3,6.1,6.3,209000,0
GMA7,07/30/2008,6.4,6.6,6.4,6.6,259000,0
GMA7,07/31/2008,6.6,6.7,6.5,6.5,217000,0
GMA7,08/01/2008,6.4,6.4,6.4,6.4,10000,0
GMA7,08/04/2008,6.4,6.5,6.4,6.4,69000,0
GMA7,08/05/2008,6.4,6.4,6.4,6.4,2000,0
GMA7,08/06/2008,6.4,6.6,6.4,6.5,759000,0
GMA7,08/07/2008,6.5,6.5,6.3,6.3,105000,0
GMA7,08/08/2008,6.3,6.4,6.3,6.4,17000,0
GMA7,08/11/2008,6.4,6.5,6.4,6.5,123000,0
GMA7,08/12/2008,6.5,6.5,6.3,6.3,257000,0
GMA7,08/13/2008,6.3,6.3,6.3,6.3,256000,0
GMA7,08/14/2008,6.3,6.4,6.3,6.3,120000,0
GMA7,08/15/2008,6.3,6.3,6.2,6.3,617000,0
GMA7,08/19/2008,6.3,6.3,6.3,6.3,413000,0
GMA7,08/20/2008,6.3,6.4,6.3,6.3,364000,0
GMA7,08/21/2008,6.3,6.3,6.3,6.3,462000,0
GMA7,08/22/2008,6.3,6.4,6.3,6.4,124000,0
GMA7,08/26/2008,6.2,6.3,6.2,6.3,72000,0
GMA7,08/27/2008,6.3,6.3,6.2,6.3,30000,0
GMA7,08/28/2008,6.2,6.3,6.2,6.3,32000,0
GMA7,08/29/2008,6.3,6.3,6.3,6.3,56000,0
GMA7,09/01/2008,6.3,6.3,6.3,6.3,111000,0
GMA7,09/02/2008,6.3,6.4,6.3,6.4,24000,0
GMA7,09/03/2008,6.4,6.4,6.3,6.3,10000,0
GMA7,09/04/2008,6.3,6.3,6.2,6.2,66000,0
GMA7,09/05/2008,6.2,6.2,6.2,6.2,177000,0
GMA7,09/08/2008,6.2,6.2,6.2,6.2,63000,0
GMA7,09/09/2008,6.2,6.2,6.1,6.1,133000,0
GMA7,09/10/2008,6.1,6.1,6.1,6.1,39000,0
GMA7,09/11/2008,6.1,6.1,6.1,6.1,69000,0
GMA7,09/12/2008,6.0,6.1,6.0,6.1,6000,0
GMA7,09/15/2008,6.0,6.0,5.9,5.9,155000,0
GMA7,09/16/2008,5.9,5.9,5.8,5.9,308000,0
GMA7,09/17/2008,5.9,6.0,5.9,6.0,28000,0
GMA7,09/18/2008,6.0,6.0,5.7,5.7,206000,0
GMA7,09/19/2008,5.8,5.8,5.7,5.8,97000,0
GMA7,09/22/2008,5.9,5.9,5.8,5.8,113000,0
GMA7,09/23/2008,5.7,5.8,5.7,5.7,268000,0
GMA7,09/24/2008,5.7,5.8,5.7,5.7,368000,0
GMA7,09/25/2008,5.8,5.8,5.7,5.7,116000,0
GMA7,09/26/2008,5.7,5.7,5.7,5.7,64000,0
GMA7,09/29/2008,5.7,5.7,5.7,5.7,166000,0
GMA7,09/30/2008,5.7,5.7,5.4,5.6,272000,0
GMA7,10/02/2008,5.7,5.7,5.6,5.6,68000,0
GMA7,10/03/2008,5.6,5.6,5.6,5.6,37000,0
GMA7,10/06/2008,5.6,5.6,5.4,5.4,16000,0
GMA7,10/07/2008,5.6,5.6,5.3,5.3,479000,0
GMA7,10/08/2008,5.3,5.3,5.1,5.2,88000,0
GMA7,10/09/2008,5.2,5.2,5.1,5.2,74000,0
GMA7,10/10/2008,5.0,5.0,5.0,5.0,118000,0
GMA7,10/13/2008,4.9,5.2,4.9,5.0,115000,0
GMA7,10/14/2008,5.2,5.3,5.1,5.1,219000,0
GMA7,10/15/2008,5.2,5.3,5.2,5.3,129000,0
GMA7,10/16/2008,5.2,5.2,5.1,5.2,350000,0
GMA7,10/17/2008,5.1,5.1,5.0,5.1,432000,0
GMA7,10/20/2008,5.0,5.0,4.9,4.9,136000,0
GMA7,10/21/2008,5.0,5.0,4.85,4.85,349000,0
GMA7,10/22/2008,4.85,4.85,4.65,4.7,73000,0
GMA7,10/23/2008,4.75,4.75,4.55,4.55,216000,0
GMA7,10/24/2008,4.4,4.55,4.4,4.55,148000,0
GMA7,10/27/2008,4.5,4.5,4.1,4.1,182000,0
GMA7,10/28/2008,4.1,4.1,4.0,4.0,216000,0
GMA7,10/29/2008,4.2,4.2,4.05,4.1,467000,0
GMA7,10/30/2008,4.2,4.2,4.15,4.15,104000,0
GMA7,10/31/2008,4.5,4.5,4.3,4.35,328000,0
GMA7,11/03/2008,4.4,4.4,4.3,4.3,532000,0
GMA7,11/04/2008,4.4,4.4,4.3,4.35,392000,0
GMA7,11/05/2008,4.35,4.35,4.3,4.35,133000,0
GMA7,11/06/2008,4.25,4.35,4.25,4.35,75000,0
GMA7,11/07/2008,4.25,4.45,4.25,4.4,135000,0
GMA7,11/10/2008,4.4,4.45,4.4,4.4,64000,0
GMA7,11/11/2008,4.4,4.5,4.4,4.45,218000,0
GMA7,11/12/2008,4.4,4.45,4.35,4.45,196000,0
GMA7,11/13/2008,4.45,4.45,4.35,4.4,274000,0
GMA7,11/14/2008,4.4,4.45,4.4,4.45,158000,0
GMA7,11/17/2008,4.45,4.5,4.25,4.25,22000,0
GMA7,11/18/2008,4.25,4.25,4.0,4.0,367000,0
GMA7,11/19/2008,4.1,4.1,4.0,4.1,54000,0
GMA7,11/20/2008,4.05,4.1,4.0,4.1,34000,0
GMA7,11/21/2008,4.0,4.1,3.95,4.0,336000,0
GMA7,11/24/2008,4.0,4.0,3.95,3.95,179000,0
GMA7,11/25/2008,4.0,4.0,4.0,4.0,248000,0
GMA7,11/26/2008,4.1,4.1,4.0,4.05,195000,0
GMA7,11/27/2008,4.1,4.15,4.05,4.05,205000,0
GMA7,11/28/2008,4.0,4.05,4.0,4.0,142000,0
GMA7,12/02/2008,3.95,3.95,3.9,3.95,173000,0
GMA7,12/03/2008,3.95,4.0,3.9,3.9,462000,0
GMA7,12/04/2008,3.95,3.95,3.9,3.95,203000,0
GMA7,12/05/2008,3.95,3.95,3.9,3.9,143000,0
GMA7,12/08/2008,3.9,3.9,3.9,3.9,1000,0
GMA7,12/09/2008,4.0,4.0,3.9,3.9,127000,0
GMA7,12/10/2008,3.95,3.95,3.95,3.95,62000,0
GMA7,12/11/2008,3.95,4.1,3.95,3.95,128000,0
GMA7,12/12/2008,3.95,3.95,3.95,3.95,103000,0
GMA7,12/15/2008,3.95,3.95,3.95,3.95,66000,0
GMA7,12/16/2008,3.9,3.9,3.8,3.85,201000,0
GMA7,12/17/2008,3.95,3.95,3.85,3.85,264000,0
GMA7,12/18/2008,3.85,3.85,3.8,3.8,124000,0
GMA7,12/19/2008,3.75,3.75,3.65,3.65,119000,0
GMA7,12/22/2008,3.75,3.75,3.6,3.6,108000,0
GMA7,12/23/2008,3.5,3.5,3.3,3.45,135000,0
GMA7,12/24/2008,3.5,3.5,3.4,3.45,459000,0
GMA7,01/05/2009,3.6,3.6,3.55,3.55,52000,0
GMA7,01/06/2009,3.55,3.6,3.55,3.6,103000,0
GMA7,01/07/2009,3.6,3.75,3.6,3.75,629000,0
GMA7,01/08/2009,3.95,3.95,3.7,3.75,98000,0
GMA7,01/09/2009,3.7,3.75,3.7,3.7,48000,0
GMA7,01/12/2009,3.75,3.75,3.65,3.75,126000,0
GMA7,01/13/2009,3.75,3.75,3.65,3.75,84000,0
GMA7,01/14/2009,3.7,3.75,3.65,3.65,149000,0
GMA7,01/15/2009,3.65,3.65,3.6,3.6,195000,0
GMA7,01/16/2009,3.7,3.7,3.6,3.6,103000,0
GMA7,01/19/2009,3.6,3.6,3.55,3.55,175000,0
GMA7,01/20/2009,3.6,3.6,3.45,3.5,311000,0
GMA7,01/21/2009,3.4,3.5,3.4,3.45,120000,0
GMA7,01/22/2009,3.5,3.5,3.4,3.4,101000,0
GMA7,01/23/2009,3.45,3.45,3.4,3.4,353000,0
GMA7,01/26/2009,3.4,3.4,3.35,3.4,285000,0
GMA7,01/27/2009,3.4,3.55,3.4,3.4,155000,0
GMA7,01/28/2009,3.45,3.45,3.35,3.35,299000,0
GMA7,01/29/2009,3.35,3.4,3.35,3.35,309000,0
GMA7,01/30/2009,3.35,3.5,3.35,3.35,486000,0
GMA7,02/02/2009,3.35,3.5,3.35,3.4,359000,0
GMA7,02/03/2009,3.45,3.45,3.45,3.45,146000,0
GMA7,02/04/2009,3.45,3.65,3.45,3.65,166000,0
GMA7,02/05/2009,3.65,3.65,3.65,3.65,12000,0
GMA7,02/06/2009,3.65,3.65,3.6,3.6,128000,0
GMA7,02/09/2009,3.65,3.65,3.65,3.65,129000,0
GMA7,02/10/2009,3.65,3.65,3.65,3.65,123000,0
GMA7,02/11/2009,3.6,3.6,3.55,3.55,29000,0
GMA7,02/12/2009,3.6,3.6,3.6,3.6,10000,0
GMA7,02/13/2009,3.65,3.65,3.65,3.65,121000,0
GMA7,02/16/2009,3.65,3.7,3.65,3.65,61000,0
GMA7,02/17/2009,3.7,3.7,3.6,3.65,120000,0
GMA7,02/18/2009,3.6,3.65,3.6,3.6,188000,0
GMA7,02/19/2009,3.65,3.65,3.65,3.65,40000,0
GMA7,02/20/2009,3.6,3.65,3.6,3.6,175000,0
GMA7,02/23/2009,3.65,3.65,3.55,3.6,110000,0
GMA7,02/24/2009,3.6,3.65,3.55,3.65,170000,0
GMA7,02/25/2009,3.65,3.65,3.65,3.65,276000,0
GMA7,02/26/2009,3.65,3.65,3.65,3.65,118000,0
GMA7,02/27/2009,3.65,3.65,3.65,3.65,105000,0
GMA7,03/02/2009,3.65,3.65,3.6,3.6,39000,0
GMA7,03/03/2009,3.6,3.6,3.45,3.45,72000,0
GMA7,03/04/2009,3.6,3.6,3.6,3.6,5000,0
GMA7,03/05/2009,3.65,3.65,3.65,3.65,10000,0
GMA7,03/06/2009,3.6,3.6,3.6,3.6,232000,0
GMA7,03/09/2009,3.4,3.45,3.4,3.45,3000,0
GMA7,03/10/2009,3.6,3.6,3.6,3.6,13000,0
GMA7,03/11/2009,3.5,3.6,3.5,3.55,73000,0
GMA7,03/12/2009,3.55,3.6,3.55,3.55,51000,0
GMA7,03/13/2009,3.6,3.6,3.6,3.6,152000,0
GMA7,03/16/2009,3.55,3.55,3.5,3.55,255000,0
GMA7,03/17/2009,3.5,3.55,3.5,3.55,90000,0
GMA7,03/18/2009,3.55,3.6,3.5,3.55,698000,0
GMA7,03/19/2009,3.6,3.65,3.6,3.65,309000,0
GMA7,03/20/2009,3.65,3.7,3.6,3.7,127000,0
GMA7,03/23/2009,3.7,3.8,3.7,3.8,191000,0
GMA7,03/24/2009,3.85,4.0,3.85,3.95,581000,0
GMA7,03/25/2009,3.95,4.0,3.95,4.0,99000,0
GMA7,03/26/2009,4.0,4.1,4.0,4.0,73000,0
GMA7,03/27/2009,4.1,4.3,4.1,4.2,361000,0
GMA7,03/30/2009,4.2,4.4,4.2,4.35,311000,0
GMA7,03/31/2009,4.3,4.35,4.25,4.3,105000,0
GMA7,04/01/2009,4.35,4.35,4.25,4.25,447000,0
GMA7,04/02/2009,4.3,4.3,4.25,4.25,421000,0
GMA7,04/03/2009,4.45,4.5,4.45,4.5,1446000,0
GMA7,04/07/2009,4.5,4.7,4.5,4.6,719000,0
GMA7,04/08/2009,4.6,4.7,4.6,4.65,6710000,0
GMA7,04/13/2009,4.8,4.8,4.65,4.7,268000,0
GMA7,04/14/2009,4.65,4.7,4.6,4.65,266000,0
GMA7,04/15/2009,4.65,4.7,4.5,4.65,1015000,0
GMA7,04/16/2009,4.5,4.5,4.2,4.25,651000,0
GMA7,04/17/2009,4.35,4.4,4.3,4.35,223000,0
GMA7,04/20/2009,4.5,4.55,4.45,4.55,488000,0
GMA7,04/21/2009,4.45,4.45,4.4,4.4,308000,0
GMA7,04/22/2009,4.4,4.5,4.4,4.45,468000,0
GMA7,04/23/2009,4.45,4.45,4.4,4.4,153000,0
GMA7,04/24/2009,4.5,4.6,4.45,4.6,783000,0
GMA7,04/27/2009,4.6,4.6,4.45,4.45,754000,0
GMA7,04/28/2009,4.45,4.45,4.4,4.4,760000,0
GMA7,04/29/2009,4.5,4.5,4.35,4.4,326000,0
GMA7,04/30/2009,4.45,4.45,4.4,4.45,344000,0
GMA7,05/04/2009,4.45,4.65,4.45,4.65,397000,0
GMA7,05/05/2009,4.7,4.75,4.7,4.7,508000,0
GMA7,05/06/2009,4.7,4.85,4.65,4.85,1421000,0
GMA7,05/07/2009,4.9,4.95,4.85,4.9,355000,0
GMA7,05/08/2009,4.9,4.9,4.8,4.85,697000,0
GMA7,05/11/2009,4.9,4.95,4.9,4.9,440000,0
GMA7,05/12/2009,4.85,4.9,4.85,4.9,181000,0
GMA7,05/13/2009,4.85,4.9,4.85,4.9,215000,0
GMA7,05/14/2009,4.8,4.95,4.8,4.85,664000,0
GMA7,05/15/2009,4.85,5.0,4.85,4.95,515000,0
GMA7,05/18/2009,5.1,5.2,5.1,5.1,1088000,0
GMA7,05/19/2009,5.2,5.4,5.1,5.3,1082000,0
GMA7,05/20/2009,5.3,5.9,5.3,5.9,1037000,0
GMA7,05/21/2009,6.0,6.2,6.0,6.1,660000,0
GMA7,05/22/2009,6.0,6.0,6.0,6.0,269000,0
GMA7,05/25/2009,6.0,6.1,6.0,6.0,489000,0
GMA7,05/26/2009,6.1,6.2,5.8,6.0,909000,0
GMA7,05/27/2009,6.0,6.7,6.0,6.6,1749000,0
GMA7,05/28/2009,6.6,7.1,6.6,7.0,1852000,0
GMA7,05/29/2009,7.0,7.4,7.0,7.2,2075000,0
GMA7,06/01/2009,7.3,7.3,6.8,7.1,1215000,0
GMA7,06/02/2009,7.2,7.2,6.8,6.8,874000,0
GMA7,06/03/2009,6.8,6.8,6.6,6.6,1405000,0
GMA7,06/04/2009,6.5,6.9,6.5,6.9,1024000,0
GMA7,06/05/2009,6.9,6.9,6.8,6.9,215000,0
GMA7,06/08/2009,6.8,6.8,6.6,6.6,505000,0
GMA7,06/09/2009,6.6,6.9,6.6,6.6,221000,0
GMA7,06/10/2009,6.7,6.7,6.6,6.7,292000,0
GMA7,06/11/2009,6.6,6.6,6.6,6.6,129000,0
GMA7,06/15/2009,6.6,6.7,6.5,6.7,674000,0
GMA7,06/16/2009,6.6,6.6,6.5,6.5,430000,0
GMA7,06/17/2009,6.5,6.5,6.3,6.3,290000,0
GMA7,06/18/2009,6.2,6.4,6.1,6.4,1465000,0
GMA7,06/19/2009,6.3,6.3,6.2,6.2,1314000,0
GMA7,06/22/2009,6.1,6.2,6.1,6.2,63000,0
GMA7,06/23/2009,6.2,6.2,6.0,6.0,527000,0
GMA7,06/24/2009,6.0,6.2,5.9,6.2,213000,0
GMA7,06/25/2009,6.1,6.4,6.1,6.3,187000,0
GMA7,06/26/2009,6.4,6.5,6.4,6.4,560000,0
GMA7,06/29/2009,6.4,6.4,6.3,6.4,511000,0
GMA7,06/30/2009,6.4,6.4,6.4,6.4,463000,0
GMA7,07/01/2009,6.4,6.4,6.3,6.3,56000,0
GMA7,07/02/2009,6.3,6.4,6.1,6.3,308000,0
GMA7,07/03/2009,6.2,6.4,6.0,6.4,352000,0
GMA7,07/06/2009,6.2,6.2,6.2,6.2,128000,0
GMA7,07/07/2009,6.2,6.3,6.1,6.3,253000,0
GMA7,07/08/2009,6.2,6.3,6.2,6.2,101000,0
GMA7,07/09/2009,6.2,6.4,6.2,6.2,399000,0
GMA7,07/10/2009,6.2,6.3,6.2,6.3,153000,0
GMA7,07/13/2009,6.4,6.4,6.2,6.2,651000,0
GMA7,07/14/2009,6.2,6.2,6.2,6.2,123000,0
GMA7,07/15/2009,6.3,6.3,6.2,6.3,207000,0
GMA7,07/16/2009,6.3,6.3,6.1,6.2,763000,0
GMA7,07/20/2009,6.2,6.3,6.2,6.3,357000,0
GMA7,07/21/2009,6.3,6.4,6.2,6.4,450000,0
GMA7,07/22/2009,6.4,6.6,6.4,6.4,1627000,0
GMA7,07/23/2009,6.3,6.5,6.3,6.3,987000,0
GMA7,07/24/2009,6.4,6.8,6.4,6.8,2786000,0
GMA7,07/27/2009,6.8,6.9,6.7,6.7,904000,0
GMA7,07/28/2009,6.7,6.7,6.6,6.7,589000,0
GMA7,07/29/2009,6.7,6.7,6.6,6.7,335000,0
GMA7,07/30/2009,6.6,6.6,6.6,6.6,252000,0
GMA7,07/31/2009,6.6,6.7,6.6,6.7,138000,0
GMA7,08/03/2009,6.8,6.8,6.7,6.8,431000,0
GMA7,08/04/2009,6.9,7.1,6.8,6.9,1670000,0
GMA7,08/06/2009,7.0,7.0,6.7,6.7,373000,0
GMA7,08/07/2009,6.8,6.8,6.7,6.7,559000,0
GMA7,08/10/2009,6.8,6.8,6.7,6.7,159000,0
GMA7,08/11/2009,6.7,6.9,6.7,6.7,345000,0
GMA7,08/12/2009,6.8,6.8,6.7,6.7,254000,0
GMA7,08/13/2009,6.8,7.8,6.8,7.8,4661000,0
GMA7,08/14/2009,7.8,8.0,7.4,7.4,1166000,0
GMA7,08/17/2009,7.5,7.5,7.2,7.2,569000,0
GMA7,08/18/2009,7.0,7.2,6.9,7.2,511000,0
GMA7,08/19/2009,7.2,7.4,7.1,7.4,950000,0
GMA7,08/20/2009,7.4,7.5,7.4,7.5,339000,0
GMA7,08/24/2009,7.6,7.6,7.5,7.6,390000,0
GMA7,08/25/2009,7.6,7.6,7.4,7.5,413000,0
GMA7,08/26/2009,7.5,7.6,7.5,7.6,570000,0
GMA7,08/27/2009,7.6,7.6,7.4,7.6,1151000,0
GMA7,08/28/2009,7.6,7.7,7.4,7.7,739000,0
GMA7,09/01/2009,7.6,7.8,7.6,7.8,440000,0
GMA7,09/02/2009,7.6,7.9,7.6,7.8,414000,0
GMA7,09/03/2009,7.8,7.9,7.7,7.9,431000,0
GMA7,09/04/2009,7.9,8.5,7.9,8.3,1918000,0
GMA7,09/08/2009,8.4,8.8,8.4,8.7,4061000,0
GMA7,09/09/2009,8.7,8.8,8.5,8.6,1566000,0
GMA7,09/10/2009,8.6,8.6,8.5,8.6,633000,0
GMA7,09/11/2009,8.6,8.6,8.5,8.6,390000,0
GMA7,09/14/2009,8.6,8.6,8.4,8.5,527000,0
GMA7,09/15/2009,8.5,8.5,8.1,8.2,463000,0
GMA7,09/16/2009,8.3,8.4,8.3,8.3,219000,0
GMA7,09/17/2009,8.3,8.3,8.2,8.2,175000,0
GMA7,09/18/2009,8.2,8.3,8.1,8.2,456000,0
GMA7,09/22/2009,8.3,8.3,8.2,8.3,196000,0
GMA7,09/23/2009,8.2,8.5,8.2,8.4,574000,0
GMA7,09/24/2009,8.4,8.5,8.2,8.5,561000,0
GMA7,09/25/2009,8.5,8.5,8.4,8.4,169000,0
GMA7,09/28/2009,8.2,8.2,8.0,8.1,217000,0
GMA7,09/29/2009,8.0,8.3,8.0,8.3,190000,0
GMA7,09/30/2009,8.2,8.2,8.1,8.2,601000,0
GMA7,10/01/2009,8.2,8.3,8.2,8.3,124000,0
GMA7,10/02/2009,8.2,8.2,8.1,8.2,259000,0
GMA7,10/05/2009,8.2,8.2,8.2,8.2,34000,0
GMA7,10/06/2009,8.3,8.3,8.1,8.2,338000,0
GMA7,10/07/2009,8.2,8.3,8.2,8.3,290000,0
GMA7,10/08/2009,8.3,8.4,8.3,8.4,431000,0
GMA7,10/09/2009,8.4,8.4,8.4,8.4,125000,0
GMA7,10/12/2009,8.3,8.3,8.3,8.3,119000,0
GMA7,10/13/2009,8.3,8.5,8.2,8.3,196000,0
GMA7,10/14/2009,8.3,8.4,8.3,8.4,180000,0
GMA7,10/15/2009,8.4,8.4,8.3,8.3,92000,0
GMA7,10/16/2009,8.3,8.4,8.3,8.4,397000,0
GMA7,10/19/2009,8.4,8.4,8.3,8.3,35000,0
GMA7,10/20/2009,8.4,8.4,8.3,8.3,587000,0
GMA7,10/21/2009,8.4,8.4,8.3,8.3,74000,0
GMA7,10/22/2009,8.4,8.4,8.2,8.2,256000,0
GMA7,10/23/2009,8.2,8.3,8.2,8.3,86000,0
GMA7,10/26/2009,8.3,8.3,8.0,8.2,198000,0
GMA7,10/27/2009,8.1,8.2,8.0,8.1,292000,0
GMA7,10/28/2009,8.0,8.1,8.0,8.0,40000,0
GMA7,10/29/2009,8.0,8.0,7.8,7.8,199000,0
GMA7,10/30/2009,8.0,8.1,8.0,8.0,354000,0
GMA7,11/03/2009,8.0,8.0,7.9,7.9,222000,0
GMA7,11/04/2009,7.8,7.9,7.8,7.8,66000,0
GMA7,11/05/2009,7.9,7.9,7.8,7.8,114000,0
GMA7,11/06/2009,7.9,8.0,7.8,7.9,183000,0
GMA7,11/09/2009,7.9,7.9,7.9,7.9,72000,0
GMA7,11/10/2009,7.9,8.0,7.9,8.0,686000,0
GMA7,11/11/2009,8.0,8.0,7.9,7.9,313000,0
GMA7,11/12/2009,7.9,8.0,7.9,8.0,312000,0
GMA7,11/13/2009,8.0,8.0,7.9,7.9,82000,0
GMA7,11/16/2009,7.8,7.9,7.8,7.9,235000,0
GMA7,11/17/2009,7.9,8.0,7.9,8.0,70000,0
GMA7,11/18/2009,8.0,8.0,8.0,8.0,5000,0
GMA7,11/19/2009,8.0,8.0,7.9,7.9,217000,0
GMA7,11/20/2009,7.9,7.9,7.9,7.9,527000,0
GMA7,11/23/2009,8.1,8.1,7.9,7.9,86000,0
GMA7,11/24/2009,7.9,7.9,7.9,7.9,127000,0
GMA7,11/25/2009,7.8,7.8,7.8,7.8,127000,0
GMA7,11/26/2009,7.8,7.9,7.8,7.9,92000,0
GMA7,11/27/2009,7.9,7.9,7.8,7.8,67000,0
GMA7,12/01/2009,7.7,8.0,7.7,7.9,409000,0
GMA7,12/02/2009,7.9,7.9,7.9,7.9,357000,0
GMA7,12/03/2009,7.9,7.9,7.8,7.9,302000,0
GMA7,12/04/2009,7.8,7.9,7.8,7.8,102000,0
GMA7,12/07/2009,7.8,7.8,7.8,7.8,51000,0
GMA7,12/08/2009,7.8,7.8,7.7,7.8,74000,0
GMA7,12/09/2009,7.7,7.8,7.7,7.8,53000,0
GMA7,12/10/2009,7.8,7.8,7.7,7.7,36000,0
GMA7,12/11/2009,7.7,7.7,7.7,7.7,301000,0
GMA7,12/14/2009,7.7,7.8,7.7,7.7,74000,0
GMA7,12/15/2009,7.7,7.8,7.7,7.8,20000,0
GMA7,12/16/2009,7.8,7.8,7.7,7.7,18000,0
GMA7,12/17/2009,7.7,7.7,7.7,7.7,96000,0
GMA7,12/18/2009,7.7,7.7,7.7,7.7,74000,0
GMA7,12/21/2009,7.8,7.8,7.7,7.7,37000,0
GMA7,12/22/2009,7.7,7.7,7.7,7.7,24000,0
GMA7,12/23/2009,7.7,7.8,7.7,7.7,138000,0
GMA7,12/28/2009,7.7,7.7,7.6,7.6,124000,0
GMA7,12/29/2009,7.6,7.8,7.6,7.8,413000,0
GMA7,01/04/2010,7.7,7.7,7.6,7.7,129000,0
GMA7,01/05/2010,7.8,7.8,7.7,7.7,545000,0
GMA7,01/06/2010,7.7,7.7,7.6,7.6,718000,0
GMA7,01/07/2010,7.6,7.6,7.5,7.6,438000,0
GMA7,01/08/2010,7.6,7.6,7.5,7.5,100000,0
GMA7,01/11/2010,7.6,7.7,7.6,7.6,514000,0
GMA7,01/12/2010,7.6,7.7,7.6,7.7,681000,0
GMA7,01/13/2010,7.7,7.7,7.7,7.7,133000,0
GMA7,01/14/2010,7.7,7.7,7.7,7.7,106000,0
GMA7,01/15/2010,7.7,7.7,7.6,7.7,113000,0
GMA7,01/18/2010,7.6,7.7,7.6,7.7,96000,0
GMA7,01/19/2010,7.6,7.6,7.6,7.6,281000,0
GMA7,01/20/2010,7.6,7.6,7.5,7.5,6000,0
GMA7,01/21/2010,7.5,7.6,7.5,7.6,269000,0
GMA7,01/22/2010,7.5,7.6,7.5,7.6,317000,0
GMA7,01/25/2010,7.5,7.5,7.3,7.4,276000,0
GMA7,01/26/2010,7.4,7.4,7.2,7.3,331000,0
GMA7,01/27/2010,7.3,7.3,7.0,7.1,305000,0
GMA7,01/28/2010,7.0,7.3,7.0,7.3,80000,0
GMA7,01/29/2010,7.3,7.4,7.3,7.4,128000,0
GMA7,02/01/2010,7.4,7.4,7.2,7.2,339000,0
GMA7,02/02/2010,7.6,7.6,7.3,7.3,164000,0
GMA7,02/03/2010,7.2,7.2,7.2,7.2,38000,0
GMA7,02/04/2010,7.2,7.2,7.1,7.1,293000,0
GMA7,02/05/2010,7.1,7.1,7.0,7.1,650000,0
GMA7,02/08/2010,7.1,7.1,7.1,7.1,200000,0
GMA7,02/09/2010,7.0,7.0,7.0,7.0,74000,0
GMA7,02/10/2010,7.0,7.1,7.0,7.1,83000,0
GMA7,02/11/2010,7.1,7.1,7.0,7.1,119000,0
GMA7,02/12/2010,7.1,7.2,7.1,7.2,195000,0
GMA7,02/15/2010,7.2,7.3,7.2,7.2,67000,0
GMA7,02/16/2010,7.2,7.4,7.2,7.4,339000,0
GMA7,02/17/2010,7.4,7.4,7.3,7.4,306000,0
GMA7,02/18/2010,7.3,7.3,7.3,7.3,30000,0
GMA7,02/19/2010,7.3,7.3,7.3,7.3,109000,0
GMA7,02/22/2010,7.2,7.3,7.2,7.3,210000,0
GMA7,02/23/2010,7.2,7.3,7.2,7.2,18000,0
GMA7,02/24/2010,7.2,7.3,7.2,7.3,227000,0
GMA7,02/25/2010,7.4,7.4,7.3,7.3,57000,0
GMA7,02/26/2010,7.2,7.3,7.2,7.3,55000,0
GMA7,03/01/2010,7.2,7.3,7.2,7.3,37000,0
GMA7,03/02/2010,7.3,7.3,7.3,7.3,85000,0
GMA7,03/03/2010,7.3,7.4,7.3,7.4,70000,0
GMA7,03/04/2010,7.4,7.4,7.3,7.4,201000,0
GMA7,03/05/2010,7.4,7.4,7.4,7.4,1000,0
GMA7,03/08/2010,7.4,7.5,7.4,7.5,85000,0
GMA7,03/09/2010,7.5,7.5,7.4,7.4,40000,0
GMA7,03/10/2010,7.4,7.4,7.4,7.4,242000,0
GMA7,03/11/2010,7.4,7.5,7.4,7.4,236000,0
GMA7,03/12/2010,7.4,7.4,7.4,7.4,66000,0
GMA7,03/15/2010,7.4,7.4,7.3,7.3,174000,0
GMA7,03/16/2010,7.3,7.3,7.3,7.3,29000,0
GMA7,03/17/2010,7.3,7.3,7.2,7.3,146000,0
GMA7,03/18/2010,7.3,7.5,7.3,7.5,724000,0
GMA7,03/19/2010,7.4,7.5,7.4,7.5,32000,0
GMA7,03/22/2010,7.4,7.4,7.3,7.3,266000,0
GMA7,03/23/2010,7.3,7.3,7.3,7.3,609000,0
GMA7,03/24/2010,7.4,7.4,7.3,7.3,188000,0
GMA7,03/25/2010,7.3,7.4,7.3,7.4,33000,0
GMA7,03/26/2010,7.5,7.7,7.5,7.7,5593000,0
GMA7,03/29/2010,7.8,7.8,7.6,7.6,1186000,0
GMA7,03/30/2010,7.7,7.7,7.5,7.6,805000,0
GMA7,03/31/2010,7.6,7.6,7.5,7.6,319000,0
GMA7,04/05/2010,7.6,7.6,7.5,7.6,302000,0
GMA7,04/06/2010,7.7,7.7,7.6,7.7,1030000,0
GMA7,04/07/2010,7.7,7.8,7.7,7.8,1400000,0
GMA7,04/08/2010,7.4,7.4,7.3,7.3,652000,0
GMA7,04/12/2010,7.3,7.3,7.2,7.3,500000,0
GMA7,04/13/2010,7.3,7.3,7.3,7.3,211000,0
GMA7,04/14/2010,7.3,7.4,7.2,7.3,254000,0
GMA7,04/15/2010,7.3,7.4,7.3,7.3,241000,0
GMA7,04/16/2010,7.3,7.3,7.0,7.0,248000,0
GMA7,04/19/2010,7.0,7.0,6.9,7.0,174000,0
GMA7,04/20/2010,7.0,7.1,6.9,6.9,458000,0
GMA7,04/21/2010,7.0,7.0,6.9,7.0,108000,0
GMA7,04/22/2010,7.0,7.0,6.9,6.9,162000,0
GMA7,04/23/2010,7.0,7.0,7.0,7.0,35000,0
GMA7,04/26/2010,7.1,7.1,7.0,7.0,100000,0
GMA7,04/27/2010,7.0,7.0,7.0,7.0,129000,0
GMA7,04/28/2010,6.9,6.9,6.9,6.9,276000,0
GMA7,04/29/2010,6.9,7.0,6.9,6.9,409000,0
GMA7,04/30/2010,6.9,7.0,6.9,6.9,169000,0
GMA7,05/04/2010,7.0,7.0,6.9,6.9,77000,0
GMA7,05/05/2010,6.8,6.8,6.5,6.5,395000,0
GMA7,05/06/2010,6.5,6.6,6.5,6.6,135000,0
GMA7,05/07/2010,6.5,7.0,6.5,6.8,529000,0
GMA7,05/11/2010,7.0,7.1,6.9,6.9,146000,0
GMA7,05/12/2010,6.9,6.9,6.8,6.8,287000,0
GMA7,05/13/2010,6.8,6.9,6.7,6.8,805000,0
GMA7,05/14/2010,6.9,7.0,6.9,6.9,68000,0
GMA7,05/17/2010,6.9,6.9,6.9,6.9,95000,0
GMA7,05/18/2010,6.9,6.9,6.8,6.8,126000,0
GMA7,05/19/2010,6.8,6.8,6.8,6.8,107000,0
GMA7,05/20/2010,6.9,6.9,6.8,6.9,327000,0
GMA7,05/21/2010,6.7,6.8,6.7,6.7,300000,0
GMA7,05/24/2010,6.8,6.8,6.5,6.6,164000,0
GMA7,05/25/2010,6.6,6.7,6.5,6.6,120000,0
GMA7,05/26/2010,6.5,6.6,6.5,6.5,214000,0
GMA7,05/27/2010,6.4,6.5,6.4,6.4,152000,0
GMA7,05/28/2010,6.6,6.6,6.4,6.4,571000,0
GMA7,05/31/2010,6.6,6.6,6.4,6.4,480000,0
GMA7,06/01/2010,6.5,6.6,6.5,6.5,100000,0
GMA7,06/02/2010,6.5,6.6,6.4,6.5,126000,0
GMA7,06/03/2010,6.5,6.5,6.4,6.4,398000,0
GMA7,06/04/2010,6.5,6.7,6.4,6.6,603000,0
GMA7,06/07/2010,6.6,6.7,6.6,6.6,363000,0
GMA7,06/08/2010,6.5,6.6,6.4,6.4,118000,0
GMA7,06/09/2010,6.5,6.5,6.4,6.4,65000,0
GMA7,06/10/2010,6.5,6.6,6.4,6.4,163000,0
GMA7,06/11/2010,6.5,6.5,6.4,6.4,145000,0
GMA7,06/15/2010,6.5,6.5,6.4,6.5,78000,0
GMA7,06/16/2010,6.5,6.5,6.4,6.5,55000,0
GMA7,06/17/2010,6.5,6.5,6.4,6.4,147000,0
GMA7,06/18/2010,6.4,6.5,6.4,6.4,422000,0
GMA7,06/21/2010,6.4,6.5,6.4,6.5,67000,0
GMA7,06/22/2010,6.5,6.5,6.3,6.4,381000,0
GMA7,06/23/2010,6.4,6.4,6.3,6.3,393000,0
GMA7,06/24/2010,6.3,6.3,6.2,6.2,515000,0
GMA7,06/25/2010,6.2,6.3,6.2,6.3,60000,0
GMA7,06/28/2010,6.3,6.3,6.2,6.3,205000,0
GMA7,06/29/2010,6.3,6.3,6.3,6.3,634000,0
GMA7,07/01/2010,6.3,6.3,6.2,6.2,370000,0
GMA7,07/02/2010,6.2,6.2,6.2,6.2,141000,0
GMA7,07/05/2010,6.2,6.2,6.1,6.2,230000,0
GMA7,07/06/2010,6.1,6.1,6.0,6.0,113000,0
GMA7,07/07/2010,6.0,6.1,6.0,6.1,7503000,0
GMA7,07/08/2010,6.2,6.2,6.1,6.1,325000,0
GMA7,07/09/2010,6.1,6.2,6.1,6.1,879000,0
GMA7,07/12/2010,6.1,6.2,6.0,6.0,1209000,0
GMA7,07/13/2010,6.1,6.1,5.9,5.9,6970000,0
GMA7,07/14/2010,6.0,6.1,6.0,6.1,197000,0
GMA7,07/15/2010,6.1,6.1,6.0,6.0,117000,0
GMA7,07/16/2010,6.0,6.0,6.0,6.0,205000,0
GMA7,07/19/2010,6.0,6.1,5.9,6.0,577000,0
GMA7,07/20/2010,6.0,6.2,6.0,6.2,560000,0
GMA7,07/21/2010,6.2,6.2,6.1,6.1,557000,0
GMA7,07/22/2010,6.1,6.2,5.9,5.9,1098000,0
GMA7,07/23/2010,5.9,5.9,5.8,5.9,922000,0
GMA7,07/26/2010,5.9,5.95,5.6,5.81,167300,0
GMA7,07/27/2010,5.85,5.85,5.7,5.83,312500,0
GMA7,07/28/2010,5.8,5.8,5.7,5.77,460000,0
GMA7,07/29/2010,5.8,5.8,5.7,5.77,345200,0
GMA7,07/30/2010,5.76,5.8,5.76,5.8,272800,0
GMA7,08/02/2010,5.8,5.9,5.8,5.8,67400,0
GMA7,08/03/2010,5.8,5.8,5.77,5.79,282200,0
GMA7,08/04/2010,5.8,5.8,5.7,5.7,621800,0
GMA7,08/05/2010,5.7,5.79,5.7,5.75,347700,0
GMA7,08/06/2010,5.8,6.1,5.78,5.95,1608700,0
GMA7,08/09/2010,5.95,6.1,5.95,6.07,725700,0
GMA7,08/10/2010,6.1,6.3,6.1,6.2,1317500,0
GMA7,08/11/2010,6.25,6.45,6.25,6.34,1892900,0
GMA7,08/12/2010,6.34,6.35,6.3,6.3,977500,0
GMA7,08/13/2010,6.3,6.3,6.0,6.15,1144200,0
GMA7,08/16/2010,6.1,6.1,6.0,6.05,524600,0
GMA7,08/17/2010,6.06,6.1,6.0,6.05,382600,0
GMA7,08/18/2010,6.06,6.1,6.05,6.1,272700,0
GMA7,08/19/2010,6.2,6.2,5.9,6.1,716200,0
GMA7,08/20/2010,6.1,6.1,6.02,6.1,120500,0
GMA7,08/23/2010,6.02,6.15,6.02,6.15,250800,0
GMA7,08/24/2010,6.15,6.15,6.12,6.14,192800,0
GMA7,08/25/2010,6.14,6.15,6.1,6.15,482500,0
GMA7,08/26/2010,6.15,6.4,6.15,6.4,818300,0
GMA7,08/27/2010,6.4,6.45,6.25,6.26,552500,0
GMA7,08/31/2010,6.3,6.3,6.26,6.3,356100,0
GMA7,09/01/2010,6.36,6.38,6.26,6.38,546000,0
GMA7,09/02/2010,6.38,6.58,6.38,6.58,1063400,0
GMA7,09/03/2010,6.85,7.1,6.85,7.02,3822100,0
GMA7,09/06/2010,7.1,7.45,7.1,7.4,2548200,0
GMA7,09/07/2010,7.4,7.5,7.25,7.4,3280000,0
GMA7,09/08/2010,7.39,7.44,7.36,7.44,779500,0
GMA7,09/09/2010,7.44,8.1,7.44,7.75,1878400,0
GMA7,09/13/2010,7.8,8.0,7.6,7.7,1064600,0
GMA7,09/14/2010,7.7,7.75,7.3,7.5,935700,0
GMA7,09/15/2010,7.48,7.6,7.48,7.48,939200,0
GMA7,09/16/2010,7.86,7.86,7.48,7.5,402400,0
GMA7,09/17/2010,7.4,7.44,7.3,7.4,382900,0
GMA7,09/20/2010,7.4,7.45,7.0,7.4,408500,0
GMA7,09/21/2010,7.45,7.7,7.45,7.45,736200,0
GMA7,09/22/2010,7.45,7.6,7.4,7.46,384100,0
GMA7,09/23/2010,7.6,7.6,7.45,7.45,191100,0
GMA7,09/24/2010,7.46,7.46,7.3,7.34,246700,0
GMA7,09/27/2010,7.34,7.45,7.34,7.38,484200,0
GMA7,09/28/2010,7.4,7.4,7.35,7.38,538600,0
GMA7,09/29/2010,7.4,7.4,7.28,7.28,594500,0
GMA7,09/30/2010,7.22,7.22,7.04,7.1,378400,0
GMA7,10/01/2010,7.05,7.33,7.0,7.2,89500,0
GMA7,10/04/2010,7.21,7.21,7.0,7.08,386400,0
GMA7,10/05/2010,7.1,7.14,7.05,7.14,590100,0
GMA7,10/06/2010,7.14,7.16,7.12,7.12,319100,0
GMA7,10/07/2010,7.12,7.3,7.12,7.3,658400,0
GMA7,10/08/2010,7.35,7.6,7.35,7.58,1626800,0
GMA7,10/11/2010,7.58,7.58,7.4,7.46,257400,0
GMA7,10/12/2010,7.46,7.5,7.2,7.4,299300,0
GMA7,10/13/2010,7.4,7.4,7.21,7.25,73300,0
GMA7,10/14/2010,7.3,7.38,7.3,7.3,305200,0
GMA7,10/15/2010,7.35,7.4,7.31,7.4,259800,0
GMA7,10/18/2010,7.4,7.49,7.38,7.4,262300,0
GMA7,10/19/2010,7.5,7.55,7.4,7.4,660300,0
GMA7,10/20/2010,7.4,7.45,7.36,7.45,424800,0
GMA7,10/21/2010,7.34,7.52,7.34,7.5,179000,0
GMA7,10/22/2010,7.55,7.7,7.5,7.65,1126600,0
GMA7,10/26/2010,7.7,7.71,7.58,7.6,1302200,0
GMA7,10/27/2010,7.65,7.67,7.6,7.63,250600,0
GMA7,10/28/2010,7.63,7.63,7.32,7.35,724100,0
GMA7,10/29/2010,7.38,7.5,7.31,7.36,787700,0
GMA7,11/02/2010,7.36,7.52,7.36,7.44,325700,0
GMA7,11/03/2010,7.54,7.54,7.46,7.46,418700,0
GMA7,11/04/2010,7.48,7.5,7.43,7.5,208400,0
GMA7,11/05/2010,7.5,7.54,7.48,7.52,376500,0
GMA7,11/08/2010,7.55,7.59,7.5,7.5,146100,0
GMA7,11/09/2010,7.5,7.5,7.4,7.42,659100,0
GMA7,11/10/2010,7.43,7.5,7.39,7.4,202000,0
GMA7,11/11/2010,7.4,7.4,7.3,7.3,546200,0
GMA7,11/12/2010,7.11,7.3,7.11,7.24,479400,0
GMA7,11/15/2010,7.15,7.24,7.15,7.2,342100,0
GMA7,11/17/2010,7.29,7.3,7.2,7.25,129800,0
GMA7,11/18/2010,7.25,7.25,7.21,7.25,272800,0
GMA7,11/19/2010,7.2,7.3,7.2,7.26,176300,0
GMA7,11/22/2010,7.3,7.3,7.28,7.28,227500,0
GMA7,11/23/2010,7.3,7.3,7.1,7.15,175400,0
GMA7,11/24/2010,7.1,7.1,7.03,7.08,173000,0
GMA7,11/25/2010,7.08,7.08,6.98,7.0,556500,0
GMA7,11/26/2010,7.0,7.1,7.0,7.0,54400,0
GMA7,11/30/2010,7.0,7.0,6.8,7.0,262800,0
GMA7,12/01/2010,7.2,7.2,6.85,6.87,869800,0
GMA7,12/02/2010,7.0,7.12,6.9,7.01,103900,0
GMA7,12/03/2010,7.15,7.15,6.96,7.0,757200,0
GMA7,12/06/2010,7.0,7.12,7.0,7.0,128600,0
GMA7,12/07/2010,7.0,7.0,6.95,6.95,40100,0
GMA7,12/08/2010,6.95,6.95,6.95,6.95,124000,0
GMA7,12/09/2010,6.95,7.0,6.95,7.0,93700,0
GMA7,12/10/2010,6.95,7.0,6.9,7.0,41200,0
GMA7,12/13/2010,7.0,7.0,7.0,7.0,28300,0
GMA7,12/14/2010,7.0,7.1,7.0,7.0,497200,0
GMA7,12/15/2010,7.0,7.0,6.98,6.98,79000,0
GMA7,12/16/2010,7.0,7.0,6.7,6.7,216100,0
GMA7,12/17/2010,7.0,7.0,6.7,6.72,135400,0
GMA7,12/20/2010,7.09,7.09,6.75,7.0,560900,0
GMA7,12/21/2010,7.09,7.09,6.8,6.9,559900,0
GMA7,12/22/2010,6.9,6.9,6.78,6.9,50400,0
GMA7,12/23/2010,7.0,7.0,6.75,7.0,342600,0
GMA7,12/28/2010,7.0,7.0,6.9,7.0,369000,0
GMA7,12/29/2010,7.0,7.0,6.9,6.91,82700,0
GMA7,12/30/2010,7.0,7.2,6.9,7.2,338300,0
GMA7,01/03/2011,7.0,7.0,7.0,7.0,177900,0
GMA7,01/04/2011,7.0,7.0,6.98,6.99,118600,0
GMA7,01/05/2011,6.98,6.99,6.98,6.98,57500,0
GMA7,01/06/2011,6.96,7.0,6.95,6.99,137700,0
GMA7,01/07/2011,6.92,6.98,6.9,6.98,40900,0
GMA7,01/10/2011,6.95,6.95,6.95,6.95,14000,0
GMA7,01/11/2011,6.95,6.95,6.85,6.9,142800,0
GMA7,01/12/2011,6.9,6.92,6.9,6.92,71800,0
GMA7,01/13/2011,6.95,6.98,6.9,6.98,70800,0
GMA7,01/14/2011,6.98,6.98,6.93,6.98,61600,0
GMA7,01/17/2011,7.0,7.1,6.98,7.05,363100,0
GMA7,01/18/2011,7.1,7.1,6.85,6.85,148700,0
GMA7,01/19/2011,6.9,6.9,6.85,6.85,291500,0
GMA7,01/20/2011,6.86,6.86,6.86,6.86,113600,0
GMA7,01/21/2011,6.86,6.86,6.82,6.82,486700,0
GMA7,01/24/2011,6.82,6.82,6.8,6.8,280500,0
GMA7,01/25/2011,6.8,6.8,6.78,6.8,149400,0
GMA7,01/26/2011,6.78,6.9,6.78,6.9,66300,0
GMA7,01/27/2011,6.9,7.0,6.9,7.0,513100,0
GMA7,01/28/2011,7.0,7.0,6.8,6.83,68500,0
GMA7,01/31/2011,6.81,7.09,6.8,7.0,511600,0
GMA7,02/01/2011,7.01,7.01,6.8,7.0,8400,0
GMA7,02/02/2011,6.9,6.98,6.9,6.98,46000,0
GMA7,02/03/2011,7.0,7.0,6.9,6.9,67900,0
GMA7,02/04/2011,6.95,6.95,6.93,6.94,30600,0
GMA7,02/07/2011,6.98,6.98,6.94,6.94,18100,0
GMA7,02/08/2011,6.94,6.94,6.9,6.94,78900,0
GMA7,02/09/2011,6.94,6.94,6.87,6.87,78400,0
GMA7,02/10/2011,6.85,6.85,6.75,6.75,42600,0
GMA7,02/11/2011,6.75,6.8,6.74,6.74,65300,0
GMA7,02/14/2011,6.74,6.8,6.73,6.8,58500,0
GMA7,02/15/2011,6.8,6.8,6.8,6.8,17000,0
GMA7,02/16/2011,6.8,6.8,6.8,6.8,59500,0
GMA7,02/17/2011,6.8,6.8,6.75,6.75,18800,0
GMA7,02/18/2011,6.76,6.81,6.76,6.81,72900,0
GMA7,02/21/2011,6.81,6.81,6.75,6.75,78700,0
GMA7,02/22/2011,6.85,6.85,6.7,6.75,79400,0
GMA7,02/23/2011,6.8,6.8,6.7,6.7,82500,0
GMA7,02/24/2011,6.75,6.75,6.5,6.5,64200,0
GMA7,02/25/2011,6.55,6.65,6.55,6.65,23400,0
GMA7,02/28/2011,6.65,6.65,6.6,6.65,71800,0
GMA7,03/01/2011,6.6,6.65,6.5,6.65,9700,0
GMA7,03/02/2011,6.55,6.65,6.55,6.65,37800,0
GMA7,03/03/2011,6.86,6.86,6.5,6.74,55600,0
GMA7,03/04/2011,6.87,6.87,6.62,6.8,165200,0
GMA7,03/07/2011,6.8,6.86,6.8,6.86,29200,0
GMA7,03/08/2011,6.88,7.0,6.88,6.91,127800,0
GMA7,03/09/2011,6.91,6.95,6.9,6.95,112200,0
GMA7,03/10/2011,6.95,6.99,6.81,6.89,186900,0
GMA7,03/11/2011,6.9,6.9,6.8,6.89,111300,0
GMA7,03/14/2011,6.99,7.1,6.99,7.08,450900,0
GMA7,03/15/2011,7.12,7.15,7.06,7.06,287800,0
GMA7,03/16/2011,7.04,7.1,7.04,7.08,134300,0
GMA7,03/17/2011,7.08,7.08,7.0,7.0,158200,0
GMA7,03/18/2011,7.08,7.08,7.0,7.0,160800,0
GMA7,03/21/2011,7.0,7.06,7.0,7.05,185600,0
GMA7,03/22/2011,7.02,7.06,7.01,7.01,63200,0
GMA7,03/23/2011,7.05,7.05,6.92,7.0,160900,0
GMA7,03/24/2011,7.04,7.04,6.88,6.95,18500,0
GMA7,03/25/2011,7.0,7.03,7.0,7.02,76800,0
GMA7,03/28/2011,7.04,7.04,7.0,7.0,248700,0
GMA7,03/29/2011,7.0,7.02,7.0,7.01,277700,0
GMA7,03/30/2011,7.02,7.03,7.0,7.01,499900,0
GMA7,03/31/2011,7.02,7.08,7.01,7.01,277600,0
GMA7,04/01/2011,7.05,7.08,7.02,7.08,356800,0
GMA7,04/04/2011,7.15,7.2,7.1,7.18,326700,0
GMA7,04/05/2011,6.96,6.96,6.8,6.95,739300,0
GMA7,04/06/2011,6.97,6.97,6.88,6.89,199800,0
GMA7,04/07/2011,6.89,6.91,6.85,6.9,244600,0
GMA7,04/08/2011,6.9,6.9,6.8,6.89,279400,0
GMA7,04/11/2011,6.8,6.89,6.8,6.89,342800,0
GMA7,04/12/2011,6.95,6.95,6.85,6.85,9600,0
GMA7,04/13/2011,6.84,6.84,6.8,6.8,72000,0
GMA7,04/14/2011,6.75,6.85,6.75,6.85,81900,0
GMA7,04/15/2011,6.88,6.88,6.8,6.8,58200,0
GMA7,04/18/2011,6.8,6.8,6.75,6.77,64800,0
GMA7,04/19/2011,6.76,6.85,6.75,6.85,246100,0
GMA7,04/20/2011,6.85,6.85,6.8,6.81,45200,0
GMA7,04/25/2011,6.81,6.88,6.81,6.82,118800,0
GMA7,04/26/2011,6.89,6.89,6.8,6.82,1663200,0
GMA7,04/27/2011,6.8,6.89,6.65,6.88,69900,0
GMA7,04/28/2011,6.75,6.8,6.75,6.75,130000,0
GMA7,04/29/2011,6.75,6.75,6.75,6.75,46700,0
GMA7,05/02/2011,6.8,6.85,6.8,6.85,73100,0
GMA7,05/03/2011,6.85,6.85,6.8,6.8,52600,0
GMA7,05/04/2011,6.8,6.8,6.8,6.8,49300,0
GMA7,05/05/2011,6.76,6.89,6.75,6.83,158100,0
GMA7,05/06/2011,6.8,6.8,6.75,6.8,140300,0
GMA7,05/09/2011,6.8,6.8,6.8,6.8,18600,0
GMA7,05/10/2011,6.8,6.82,6.8,6.82,34300,0
GMA7,05/11/2011,6.82,6.82,6.79,6.8,132600,0
GMA7,05/12/2011,6.8,6.8,6.76,6.78,52000,0
GMA7,05/13/2011,6.78,6.8,6.75,6.8,69400,0
GMA7,05/16/2011,6.82,6.82,6.75,6.8,46400,0
GMA7,05/17/2011,6.76,6.76,6.7,6.72,383600,0
GMA7,05/18/2011,6.73,6.76,6.72,6.76,74600,0
GMA7,05/19/2011,6.8,6.85,6.8,6.8,213600,0
GMA7,05/20/2011,6.8,6.8,6.73,6.75,19000,0
GMA7,05/23/2011,6.8,6.8,6.7,6.7,115700,0
GMA7,05/24/2011,6.75,6.75,6.7,6.7,229400,0
GMA7,05/25/2011,6.68,6.7,6.65,6.7,98100,0
GMA7,05/26/2011,6.7,6.72,6.65,6.7,81400,0
GMA7,05/27/2011,6.8,6.8,6.75,6.8,19600,0
GMA7,05/30/2011,6.8,6.8,6.7,6.71,56100,0
GMA7,05/31/2011,6.72,6.72,6.68,6.72,42300,0
GMA7,06/01/2011,6.72,6.8,6.7,6.79,29700,0
GMA7,06/02/2011,6.75,6.79,6.72,6.72,31500,0
GMA7,06/03/2011,6.72,6.75,6.72,6.75,71800,0
GMA7,06/06/2011,6.74,6.75,6.74,6.74,70200,0
GMA7,06/07/2011,6.73,6.85,6.7,6.82,218700,0
GMA7,06/08/2011,6.74,6.82,6.74,6.76,17100,0
GMA7,06/09/2011,6.76,6.8,6.75,6.76,19800,0
GMA7,06/10/2011,6.79,6.79,6.76,6.76,10300,0
GMA7,06/13/2011,6.76,6.77,6.75,6.77,45800,0
GMA7,06/14/2011,6.78,6.78,6.67,6.67,170800,0
GMA7,06/15/2011,6.7,6.75,6.69,6.7,496900,0
GMA7,06/16/2011,6.8,6.85,6.8,6.8,130800,0
GMA7,06/17/2011,6.85,6.88,6.75,6.75,32500,0
GMA7,06/21/2011,6.75,6.77,6.68,6.75,126400,0
GMA7,06/22/2011,6.77,6.77,6.75,6.75,10500,0
GMA7,06/23/2011,6.77,6.77,6.75,6.76,102400,0
GMA7,06/24/2011,6.76,6.77,6.72,6.77,145300,0
GMA7,06/27/2011,6.76,6.77,6.74,6.74,211700,0
GMA7,06/28/2011,6.76,6.76,6.75,6.75,49400,0
GMA7,06/29/2011,6.74,6.76,6.74,6.75,58300,0
GMA7,06/30/2011,6.77,6.78,6.77,6.78,242600,0
GMA7,07/01/2011,6.73,6.77,6.73,6.77,135100,0
GMA7,07/04/2011,6.77,6.8,6.77,6.77,132200,0
GMA7,07/05/2011,6.77,6.9,6.76,6.88,736500,0
GMA7,07/06/2011,6.9,6.9,6.84,6.88,264800,0
GMA7,07/07/2011,6.82,6.9,6.8,6.88,33800,0
GMA7,07/08/2011,6.81,7.0,6.78,6.9,588700,0
GMA7,07/11/2011,6.9,6.9,6.9,6.9,35800,0
GMA7,07/12/2011,6.9,6.91,6.88,6.88,217500,0
GMA7,07/13/2011,6.8,6.99,6.8,6.99,29800,0
GMA7,07/14/2011,6.99,6.99,6.9,6.9,122000,0
GMA7,07/15/2011,6.9,6.91,6.9,6.9,57800,0
GMA7,07/18/2011,6.9,6.91,6.9,6.91,21300,0
GMA7,07/19/2011,7.0,7.0,6.9,6.94,6900,0
GMA7,07/20/2011,6.93,6.93,6.9,6.9,72700,0
GMA7,07/21/2011,6.92,6.92,6.9,6.92,164300,0
GMA7,07/22/2011,6.92,6.95,6.9,6.95,100600,0
GMA7,07/25/2011,6.95,6.95,6.9,6.9,546200,0
GMA7,07/26/2011,6.9,6.9,6.88,6.9,12400,0
GMA7,07/27/2011,6.9,6.95,6.87,6.88,154600,0
GMA7,07/28/2011,6.88,6.94,6.88,6.88,13300,0
GMA7,07/29/2011,6.9,6.9,6.88,6.88,138200,0
GMA7,08/01/2011,6.91,6.91,6.88,6.9,321100,0
GMA7,08/02/2011,6.88,6.9,6.88,6.9,25500,0
GMA7,08/03/2011,6.85,6.9,6.81,6.85,316500,0
GMA7,08/04/2011,6.85,6.85,6.82,6.82,118500,0
GMA7,08/05/2011,6.8,6.83,6.8,6.8,677900,0
GMA7,08/08/2011,6.78,6.8,6.75,6.8,69000,0
GMA7,08/09/2011,6.75,6.75,6.55,6.62,430000,0
GMA7,08/10/2011,6.68,6.68,6.65,6.68,101000,0
GMA7,08/11/2011,6.68,6.78,6.61,6.68,99000,0
GMA7,08/12/2011,6.65,6.8,6.65,6.68,138300,0
GMA7,08/15/2011,6.7,6.7,6.61,6.63,273100,0
GMA7,08/16/2011,6.7,6.8,6.7,6.8,446700,0
GMA7,08/17/2011,6.8,6.81,6.79,6.8,362200,0
GMA7,08/18/2011,6.8,6.81,6.8,6.8,230800,0
GMA7,08/19/2011,6.79,6.8,6.78,6.8,295300,0
GMA7,08/22/2011,6.8,6.8,6.79,6.79,494800,0
GMA7,08/23/2011,6.8,6.8,6.79,6.79,8900,0
GMA7,08/24/2011,6.79,6.8,6.79,6.8,40300,0
GMA7,08/25/2011,6.75,6.75,6.75,6.75,37300,0
GMA7,08/26/2011,6.83,6.83,6.75,6.76,43000,0
GMA7,08/31/2011,6.78,6.78,6.76,6.76,57100,0
GMA7,09/01/2011,6.78,6.8,6.75,6.78,21400,0
GMA7,09/02/2011,6.7,6.7,6.7,6.7,19000,0
GMA7,09/05/2011,6.7,6.71,6.7,6.71,236200,0
GMA7,09/06/2011,6.82,6.82,6.75,6.75,110400,0
GMA7,09/07/2011,6.79,6.79,6.75,6.75,32900,0
GMA7,09/08/2011,6.75,6.75,6.75,6.75,107000,0
GMA7,09/09/2011,6.75,6.8,6.75,6.8,45800,0
GMA7,09/12/2011,6.8,6.8,6.8,6.8,2600,0
GMA7,09/13/2011,6.8,6.8,6.75,6.75,11400,0
GMA7,09/14/2011,6.75,6.78,6.7,6.75,92100,0
GMA7,09/15/2011,6.8,6.9,6.75,6.79,141000,0
GMA7,09/16/2011,6.9,6.9,6.7,6.7,140200,0
GMA7,09/19/2011,6.7,6.74,6.7,6.72,30200,0
GMA7,09/20/2011,6.72,6.75,6.72,6.72,10000,0
GMA7,09/21/2011,6.71,6.75,6.71,6.71,5600,0
GMA7,09/22/2011,6.71,6.71,6.6,6.65,176300,0
GMA7,09/23/2011,6.65,6.65,6.5,6.5,147300,0
GMA7,09/26/2011,6.52,6.54,6.47,6.47,481700,0
GMA7,09/28/2011,6.6,6.6,6.47,6.47,101100,0
GMA7,09/29/2011,6.5,6.69,6.45,6.69,244400,0
GMA7,09/30/2011,6.65,6.65,6.5,6.5,553500,0
GMA7,10/03/2011,6.5,6.5,6.45,6.47,819800,0
GMA7,10/04/2011,6.45,6.5,6.4,6.5,63800,0
GMA7,10/05/2011,6.5,6.5,6.45,6.5,74700,0
GMA7,10/06/2011,6.6,6.6,6.45,6.5,66000,0
GMA7,10/07/2011,6.5,6.55,6.5,6.55,81500,0
GMA7,10/10/2011,6.55,6.55,6.5,6.55,42000,0
GMA7,10/11/2011,6.59,6.59,6.5,6.51,67600,0
GMA7,10/12/2011,6.5,6.6,6.5,6.55,8000,0
GMA7,10/13/2011,6.55,6.6,6.55,6.6,276600,0
GMA7,10/14/2011,6.6,6.65,6.6,6.6,41500,0
GMA7,10/17/2011,6.7,6.7,6.5,6.68,94200,0
GMA7,10/18/2011,6.64,6.64,6.5,6.55,32900,0
GMA7,10/19/2011,6.65,6.65,6.5,6.55,14900,0
GMA7,10/20/2011,6.55,6.55,6.5,6.55,31500,0
GMA7,10/21/2011,6.6,6.6,6.5,6.5,125000,0
GMA7,10/24/2011,6.51,6.65,6.5,6.65,120000,0
GMA7,10/25/2011,6.65,6.65,6.45,6.5,68000,0
GMA7,10/26/2011,6.5,6.55,6.5,6.52,10800,0
GMA7,10/27/2011,6.52,6.52,6.48,6.5,112700,0
GMA7,10/28/2011,6.5,6.58,6.5,6.55,66400,0
GMA7,11/02/2011,6.55,6.55,6.5,6.5,78300,0
GMA7,11/03/2011,6.55,6.6,6.5,6.5,15100,0
GMA7,11/04/2011,6.5,6.6,6.5,6.52,57400,0
GMA7,11/08/2011,6.5,6.5,6.5,6.5,3500,0
GMA7,11/09/2011,6.55,6.6,6.5,6.5,10600,0
GMA7,11/10/2011,6.5,6.55,6.48,6.51,10600,0
GMA7,11/11/2011,6.5,6.5,6.48,6.5,254300,0
GMA7,11/14/2011,6.48,6.5,6.48,6.48,41000,0
GMA7,11/15/2011,6.5,6.5,6.48,6.48,53100,0
GMA7,11/16/2011,6.5,6.5,6.49,6.5,18300,0
GMA7,11/17/2011,6.49,6.49,6.42,6.47,76900,0
GMA7,11/18/2011,6.5,6.5,6.43,6.44,479000,0
GMA7,11/21/2011,6.48,6.48,6.4,6.44,98000,0
GMA7,11/22/2011,6.45,6.45,6.45,6.45,42800,0
GMA7,11/23/2011,6.45,6.45,6.38,6.38,46100,0
GMA7,11/24/2011,6.38,6.38,6.34,6.34,32200,0
GMA7,11/25/2011,6.34,6.34,6.34,6.34,10200,0
GMA7,11/28/2011,6.35,6.4,6.34,6.34,62400,0
GMA7,11/29/2011,6.35,6.4,6.3,6.4,11800,0
GMA7,12/01/2011,6.4,6.4,6.34,6.4,29300,0
GMA7,12/02/2011,6.45,6.45,6.4,6.41,25400,0
GMA7,12/05/2011,6.42,6.42,6.4,6.41,55100,0
GMA7,12/06/2011,6.41,6.45,6.3,6.4,123800,0
GMA7,12/07/2011,6.4,6.44,6.35,6.35,24800,0
GMA7,12/08/2011,6.42,6.42,6.37,6.38,25000,0
GMA7,12/09/2011,6.38,6.38,6.37,6.37,32400,0
GMA7,12/12/2011,6.37,6.37,6.29,6.3,93900,0
GMA7,12/13/2011,6.3,6.36,6.3,6.3,23000,0
GMA7,12/14/2011,6.36,6.36,6.2,6.21,91500,0
GMA7,12/15/2011,6.36,6.36,6.2,6.3,56600,0
GMA7,12/16/2011,6.3,6.3,6.2,6.21,250200,0
GMA7,12/19/2011,6.21,6.3,6.2,6.29,51200,0
GMA7,12/20/2011,6.29,6.3,6.23,6.29,20900,0
GMA7,12/21/2011,6.3,6.3,6.2,6.2,112800,0
GMA7,12/22/2011,6.18,6.24,6.18,6.22,52300,0
GMA7,12/23/2011,6.25,6.25,6.2,6.2,55100,0
GMA7,12/26/2011,6.2,6.2,6.2,6.2,31500,0
GMA7,12/27/2011,6.3,6.55,6.25,6.5,606600,0
GMA7,12/28/2011,6.5,6.6,6.47,6.47,399200,0
GMA7,12/29/2011,6.5,6.6,6.46,6.6,267300,0
GMA7,01/02/2012,6.47,6.67,6.45,6.6,53600,0
GMA7,01/03/2012,6.7,6.88,6.7,6.88,336100,0
GMA7,01/04/2012,6.88,6.9,6.75,6.79,182000,0
GMA7,01/05/2012,6.8,6.8,6.6,6.7,128100,0
GMA7,01/06/2012,6.7,6.77,6.7,6.77,132400,0
GMA7,01/09/2012,6.7,6.74,6.66,6.7,100800,0
GMA7,01/10/2012,6.7,6.71,6.67,6.7,77700,0
GMA7,01/11/2012,6.7,6.7,6.63,6.64,54600,0
GMA7,01/12/2012,6.64,6.7,6.64,6.7,110600,0
GMA7,01/13/2012,6.7,6.7,6.64,6.65,29900,0
GMA7,01/16/2012,6.63,6.7,6.63,6.65,57900,0
GMA7,01/17/2012,6.65,6.7,6.65,6.68,52400,0
GMA7,01/18/2012,6.7,6.7,6.67,6.67,131200,0
GMA7,01/19/2012,6.8,7.2,6.79,6.88,2006100,0
GMA7,01/20/2012,7.1,7.4,7.1,7.28,1048800,0
GMA7,01/24/2012,7.28,8.1,7.2,8.06,5005700,0
GMA7,01/25/2012,8.06,8.34,7.99,7.99,6618600,0
GMA7,01/26/2012,7.99,8.03,7.8,7.8,1133600,0
GMA7,01/27/2012,7.8,8.04,7.7,8.0,1260400,0
GMA7,01/30/2012,7.85,7.95,7.85,7.88,358700,0
GMA7,01/31/2012,7.88,8.2,7.88,8.0,4097300,0
GMA7,02/01/2012,8.17,8.17,8.0,8.0,989300,0
GMA7,02/02/2012,8.0,8.6,7.98,8.22,4614600,0
GMA7,02/03/2012,8.26,9.62,8.26,9.62,9479000,0
GMA7,02/06/2012,10.0,10.2,9.65,9.92,14083300,0
GMA7,02/07/2012,9.92,9.92,8.5,8.75,5986000,0
