MAC,02/04/1999,2.5,2.55,2.32,2.38,836000,0
MAC,02/05/1999,2.4,2.4,2.32,2.36,620000,0
MAC,02/08/1999,2.4,2.4,2.32,2.36,620000,0
MAC,02/09/1999,2.4,2.4,2.32,2.36,620000,0
MAC,02/10/1999,2.4,2.4,2.32,2.36,620000,0
MAC,02/11/1999,2.4,2.4,2.32,2.36,620000,0
MAC,02/12/1999,2.2,2.22,2.12,2.14,650000,0
MAC,02/15/1999,2.1,2.12,2.08,2.1,645000,0
MAC,02/16/1999,2.1,2.1,2.1,2.1,10000,0
MAC,02/17/1999,2.1,2.12,2.08,2.08,423000,0
MAC,02/18/1999,2.16,2.22,2.08,2.12,580000,0
MAC,02/19/1999,2.14,2.14,2.1,2.1,71000,0
MAC,02/22/1999,2.1,2.1,2.1,2.1,50000,0
MAC,02/23/1999,2.08,2.08,2.08,2.08,70000,0
MAC,02/24/1999,2.06,2.06,2.06,2.06,16000,0
MAC,02/25/1999,2.08,2.1,2.08,2.1,255000,0
MAC,02/26/1999,2.14,2.22,2.14,2.16,150000,0
MAC,03/01/1999,2.16,2.16,2.1,2.1,400000,0
MAC,03/02/1999,2.1,2.1,2.1,2.1,10000,0
MAC,03/03/1999,2.16,2.2,2.14,2.2,559000,0
MAC,03/04/1999,2.22,2.24,2.22,2.22,125000,0
MAC,03/05/1999,2.24,2.26,2.22,2.26,150000,0
MAC,03/08/1999,2.22,2.38,2.22,2.38,592000,0
MAC,03/09/1999,2.4,2.44,2.32,2.32,490000,0
MAC,03/10/1999,2.32,2.38,2.24,2.38,650000,0
MAC,03/11/1999,2.38,2.38,2.32,2.38,605000,0
MAC,03/12/1999,2.3,2.6,2.3,2.6,3485000,0
MAC,03/15/1999,2.6,2.7,2.46,2.46,3659000,0
MAC,03/16/1999,2.48,2.5,2.48,2.5,450000,0
MAC,03/17/1999,2.48,2.55,2.48,2.48,785000,0
MAC,03/18/1999,2.5,2.55,2.5,2.55,2201000,0
MAC,03/19/1999,2.6,2.6,2.5,2.6,1155000,0
MAC,03/22/1999,2.55,2.55,2.55,2.55,270000,0
MAC,03/23/1999,2.6,2.65,2.6,2.65,1978000,0
MAC,03/24/1999,2.6,2.6,2.5,2.5,3004000,0
MAC,03/25/1999,2.6,2.6,2.5,2.5,1380000,0
MAC,03/26/1999,2.5,2.5,2.44,2.44,1653000,0
MAC,03/29/1999,2.44,2.46,2.42,2.42,1320000,0
MAC,03/30/1999,2.4,2.4,2.4,2.4,260000,0
MAC,03/31/1999,2.4,2.4,2.36,2.36,441000,0
MAC,04/05/1999,2.4,2.4,2.4,2.4,100000,0
MAC,04/06/1999,2.4,2.4,2.36,2.38,330000,0
MAC,04/07/1999,2.38,2.48,2.38,2.48,2487000,0
MAC,04/08/1999,2.42,2.46,2.42,2.46,68000,0
MAC,04/12/1999,2.42,2.44,2.42,2.44,2195000,0
MAC,04/13/1999,2.42,2.44,2.42,2.44,1342000,0
MAC,04/14/1999,2.4,2.4,2.38,2.38,880000,0
MAC,04/15/1999,2.44,2.44,2.3,2.3,965000,0
MAC,04/16/1999,2.34,2.38,2.34,2.38,530000,0
MAC,04/19/1999,2.38,2.42,2.38,2.42,1336000,0
MAC,04/20/1999,2.4,2.44,2.4,2.42,2195000,0
MAC,04/21/1999,2.4,2.4,2.38,2.38,555000,0
MAC,04/22/1999,2.4,2.4,2.4,2.4,307000,0
MAC,04/23/1999,2.4,2.4,2.4,2.4,1060000,0
MAC,04/26/1999,2.4,2.44,2.4,2.44,855000,0
MAC,04/27/1999,2.46,2.46,2.42,2.42,1037000,0
MAC,04/28/1999,2.4,2.42,2.38,2.42,1245000,0
MAC,04/29/1999,2.42,2.42,2.36,2.4,1570000,0
MAC,04/30/1999,2.34,2.4,2.34,2.4,853000,0
MAC,05/03/1999,2.34,2.34,2.32,2.34,2180000,0
MAC,05/04/1999,2.34,2.42,2.34,2.42,2100000,0
MAC,05/05/1999,2.36,2.4,2.36,2.4,1965000,0
MAC,05/06/1999,2.38,2.44,2.34,2.44,3162000,0
MAC,05/07/1999,2.44,2.46,2.4,2.42,2402000,0
MAC,05/10/1999,2.44,2.48,2.42,2.48,3679000,0
MAC,05/11/1999,2.46,2.8,2.46,2.8,7424000,0
MAC,05/12/1999,2.9,3.15,2.9,3.15,11179000,0
MAC,05/13/1999,3.1,3.1,2.95,3.0,3730000,0
MAC,05/14/1999,3.0,3.5,2.85,3.4,9696000,0
MAC,05/17/1999,3.5,3.5,3.1,3.15,4692000,0
MAC,05/18/1999,3.3,3.3,3.0,3.15,3303000,0
MAC,05/19/1999,3.05,3.05,2.85,2.85,2965000,0
MAC,05/20/1999,2.8,2.95,2.75,2.85,1210000,0
MAC,05/21/1999,2.9,2.9,2.85,2.85,1645000,0
MAC,05/24/1999,2.75,2.85,2.65,2.7,1594000,0
MAC,05/25/1999,2.75,3.05,2.75,2.9,3837000,0
MAC,05/26/1999,2.85,2.85,2.75,2.8,927000,0
MAC,05/27/1999,2.7,2.9,2.6,2.85,3045000,0
MAC,05/28/1999,2.85,2.85,2.8,2.8,1514000,0
MAC,05/31/1999,2.8,2.9,2.75,2.85,3343000,0
MAC,06/01/1999,2.85,2.9,2.85,2.85,1841000,0
MAC,06/02/1999,2.8,2.9,2.8,2.85,970000,0
MAC,06/03/1999,2.85,2.85,2.7,2.8,1260000,0
MAC,06/04/1999,2.8,3.05,2.8,2.95,3312000,0
MAC,06/07/1999,2.9,3.15,2.85,3.15,9592000,0
MAC,06/08/1999,3.3,3.75,3.3,3.6,15176000,0
MAC,06/09/1999,3.65,3.9,3.65,3.7,5264000,0
MAC,06/10/1999,3.7,4.0,3.7,3.95,15053000,0
MAC,06/11/1999,4.1,4.1,3.85,4.0,12473000,0
MAC,06/14/1999,4.2,4.35,4.1,4.2,14442000,0
MAC,06/15/1999,4.2,4.2,3.95,4.0,6126000,0
MAC,06/16/1999,4.0,4.15,3.9,4.1,4462000,0
MAC,06/17/1999,4.1,4.15,4.0,4.0,4275000,0
MAC,06/18/1999,4.0,4.5,3.95,4.5,11152000,0
MAC,06/21/1999,4.5,4.85,4.5,4.85,20207000,0
MAC,06/22/1999,5.2,5.3,4.9,5.3,24837000,0
MAC,06/23/1999,5.5,6.2,5.5,6.2,20936000,0
MAC,06/24/1999,6.5,8.7,6.5,8.6,52527000,0
MAC,06/25/1999,8.9,9.5,8.4,8.4,46126000,0
MAC,06/28/1999,8.2,8.2,7.5,8.1,34062000,0
MAC,06/29/1999,8.4,8.7,8.1,8.5,30187000,0
MAC,06/30/1999,8.7,8.7,8.1,8.2,15589000,0
MAC,07/01/1999,8.3,8.3,7.7,8.2,16247000,0
MAC,07/02/1999,8.2,8.2,7.8,8.0,3342000,0
MAC,07/05/1999,7.9,7.9,7.0,7.5,9821000,0
MAC,07/06/1999,7.0,7.4,6.9,7.4,4113000,0
MAC,07/07/1999,7.4,7.8,7.4,7.8,8774000,0
MAC,07/08/1999,7.7,7.8,7.5,7.6,3104000,0
MAC,07/09/1999,7.6,7.6,7.3,7.4,3143000,0
MAC,07/12/1999,7.4,7.4,7.0,7.0,3884000,0
MAC,07/13/1999,6.9,6.9,6.7,6.8,921000,0
MAC,07/14/1999,6.7,6.7,6.4,6.7,3968000,0
MAC,07/15/1999,6.7,7.3,6.7,7.0,7953000,0
MAC,07/16/1999,7.2,7.6,7.2,7.6,7159000,0
MAC,07/19/1999,7.7,7.7,7.3,7.5,3413000,0
MAC,07/20/1999,7.4,7.6,7.1,7.6,4010000,0
MAC,07/21/1999,7.3,7.5,7.2,7.3,3255000,0
MAC,07/22/1999,7.3,7.4,6.8,7.2,4150000,0
MAC,07/23/1999,7.0,7.1,6.9,6.9,1882000,0
MAC,07/26/1999,6.8,6.8,6.5,6.8,1532000,0
MAC,07/27/1999,6.5,6.6,6.2,6.5,3647000,0
MAC,07/28/1999,6.6,7.1,6.6,7.1,6893000,0
MAC,07/29/1999,7.1,7.4,7.1,7.3,3907000,0
MAC,07/30/1999,7.1,7.1,6.9,7.0,1626000,0
MAC,08/02/1999,7.0,7.0,6.9,7.0,1170000,0
MAC,08/04/1999,7.0,7.2,7.0,7.2,2022000,0
MAC,08/05/1999,7.0,7.0,6.8,6.8,2682000,0
MAC,08/06/1999,6.8,7.1,6.7,7.0,1735000,0
MAC,08/09/1999,6.7,7.0,6.7,7.0,991000,0
MAC,08/10/1999,6.8,6.9,6.8,6.8,1235000,0
MAC,08/11/1999,6.8,6.8,6.4,6.5,2452000,0
MAC,08/12/1999,6.7,6.7,6.4,6.4,1963000,0
MAC,08/13/1999,6.5,6.5,6.3,6.4,462000,0
MAC,08/16/1999,6.4,6.5,6.4,6.5,259000,0
MAC,08/17/1999,6.5,6.5,6.1,6.1,622000,0
MAC,08/18/1999,6.1,6.3,6.1,6.3,407000,0
MAC,08/19/1999,6.5,6.7,6.5,6.6,1626000,0
MAC,08/20/1999,6.6,6.7,6.6,6.6,898000,0
MAC,08/23/1999,6.6,6.6,6.6,6.6,503000,0
MAC,08/24/1999,6.6,6.8,6.6,6.8,1468000,0
MAC,08/25/1999,6.8,7.0,6.7,6.8,2467000,0
MAC,08/26/1999,6.8,6.8,6.6,6.7,557000,0
MAC,08/27/1999,6.5,6.7,6.5,6.6,1588000,0
MAC,08/30/1999,6.6,6.6,6.4,6.5,1343000,0
MAC,08/31/1999,6.4,6.5,6.3,6.3,361000,0
MAC,09/01/1999,6.4,6.4,6.2,6.2,689000,0
MAC,09/02/1999,6.3,6.6,6.0,6.4,2485000,0
MAC,09/03/1999,6.4,6.4,6.2,6.2,882000,0
MAC,09/06/1999,6.4,6.5,6.3,6.5,513000,0
MAC,09/07/1999,6.5,6.8,6.5,6.7,1389000,0
MAC,09/08/1999,6.7,6.7,6.5,6.5,2665000,0
MAC,09/09/1999,6.6,6.6,6.4,6.5,554000,0
MAC,09/10/1999,6.6,6.6,6.4,6.4,512000,0
MAC,09/13/1999,6.4,6.4,6.4,6.4,262000,0
MAC,09/14/1999,6.3,6.4,6.3,6.4,165000,0
MAC,09/17/1999,6.4,6.4,6.3,6.3,433000,0
MAC,09/20/1999,6.3,6.3,6.3,6.3,63000,0
MAC,09/21/1999,6.3,6.3,6.2,6.2,681000,0
MAC,09/22/1999,6.1,6.2,6.1,6.2,160000,0
MAC,09/23/1999,6.2,6.4,6.2,6.4,1295000,0
MAC,09/24/1999,6.4,6.4,6.2,6.4,520000,0
MAC,09/27/1999,6.4,6.4,6.3,6.3,309000,0
MAC,09/28/1999,6.3,6.4,6.3,6.3,643000,0
MAC,09/29/1999,6.2,6.3,6.1,6.3,238000,0
MAC,09/30/1999,6.3,6.3,6.2,6.2,160000,0
MAC,10/01/1999,6.1,6.2,6.1,6.1,835000,0
MAC,10/04/1999,6.2,6.3,6.1,6.1,1582000,0
MAC,10/05/1999,6.3,6.3,6.1,6.1,251000,0
MAC,10/06/1999,6.1,6.2,6.1,6.2,855000,0
MAC,10/07/1999,6.2,6.3,6.2,6.3,560000,0
MAC,10/08/1999,6.4,6.6,6.2,6.3,1980000,0
MAC,10/11/1999,6.4,6.4,6.2,6.2,899000,0
MAC,10/12/1999,6.3,7.8,6.3,7.8,18844000,0
MAC,10/13/1999,7.6,7.9,7.2,7.2,18347000,0
MAC,10/14/1999,7.1,7.1,6.3,6.5,7614000,0
MAC,10/15/1999,6.5,6.8,6.5,6.5,613000,0
MAC,10/18/1999,6.5,6.5,6.1,6.1,1328000,0
MAC,10/19/1999,6.2,6.4,6.2,6.3,1679000,0
MAC,10/20/1999,6.4,6.4,6.3,6.3,384000,0
MAC,10/21/1999,6.3,6.4,6.2,6.2,779000,0
MAC,10/22/1999,6.2,6.2,6.1,6.1,1007000,0
MAC,10/25/1999,6.2,6.2,5.3,5.4,2424000,0
MAC,10/26/1999,5.4,5.8,5.2,5.6,2475000,0
MAC,10/27/1999,5.5,6.0,5.5,6.0,867000,0
MAC,10/28/1999,5.8,6.0,5.8,5.9,617000,0
MAC,11/03/1999,5.9,6.1,5.9,6.0,449000,0
MAC,11/04/1999,5.8,6.0,5.6,5.6,1192000,0
MAC,11/05/1999,5.7,5.7,5.5,5.5,1459000,0
MAC,11/08/1999,5.5,5.5,5.0,5.2,11792000,0
MAC,11/09/1999,5.4,5.6,5.3,5.6,3165000,0
MAC,11/10/1999,5.7,6.1,5.7,5.8,3857000,0
MAC,11/11/1999,5.9,6.0,5.9,6.0,1153000,0
MAC,11/12/1999,6.0,6.0,5.9,6.0,425000,0
MAC,11/15/1999,6.1,6.4,6.1,6.2,3591000,0
MAC,11/16/1999,6.2,6.3,6.2,6.2,1136000,0
MAC,11/17/1999,6.2,6.2,6.1,6.2,874000,0
MAC,11/18/1999,6.2,6.2,6.1,6.2,363000,0
MAC,11/19/1999,6.2,6.3,6.2,6.3,1071000,0
MAC,11/22/1999,6.3,6.4,6.2,6.2,200000,0
MAC,11/23/1999,6.2,6.2,6.1,6.1,605000,0
MAC,11/24/1999,6.1,6.2,6.1,6.1,114000,0
MAC,11/25/1999,6.1,6.1,6.0,6.0,609000,0
MAC,11/26/1999,6.0,6.3,6.0,6.2,405000,0
MAC,11/29/1999,6.0,6.2,6.0,6.2,276000,0
MAC,12/01/1999,6.0,6.0,6.0,6.0,485000,0
MAC,12/02/1999,6.0,6.0,5.7,5.7,390000,0
MAC,12/03/1999,5.7,5.9,5.7,5.9,115000,0
MAC,12/06/1999,5.8,5.9,5.8,5.8,70000,0
MAC,12/07/1999,5.8,5.8,5.5,5.5,184000,0
MAC,12/08/1999,5.6,5.7,5.6,5.7,197000,0
MAC,12/09/1999,5.8,6.0,5.7,5.8,601000,0
MAC,12/10/1999,5.8,6.1,5.8,5.8,1632000,0
MAC,12/13/1999,5.8,5.8,5.7,5.7,147000,0
MAC,12/14/1999,5.7,5.8,5.6,5.6,439000,0
MAC,12/15/1999,5.6,5.6,5.4,5.4,775000,0
MAC,12/16/1999,5.4,5.5,5.4,5.4,70000,0
MAC,12/17/1999,5.4,5.6,5.4,5.6,224000,0
MAC,12/20/1999,5.5,5.5,5.5,5.5,102000,0
MAC,12/21/1999,5.6,5.6,5.5,5.5,54000,0
MAC,12/22/1999,5.6,5.7,5.6,5.7,139000,0
MAC,12/23/1999,5.7,5.9,5.7,5.9,350000,0
MAC,12/24/1999,5.8,5.9,5.8,5.9,150000,0
MAC,12/27/1999,5.7,5.7,5.7,5.7,180000,0
MAC,12/28/1999,5.8,5.9,5.8,5.9,138000,0
MAC,12/29/1999,5.9,5.9,5.7,5.7,244000,0
MAC,01/03/2000,5.8,5.8,5.8,5.8,16000,0
MAC,01/04/2000,5.8,6.1,5.8,5.9,519000,0
MAC,01/05/2000,5.8,5.8,5.6,5.8,579000,0
MAC,01/06/2000,5.7,5.9,5.7,5.9,432000,0
MAC,01/07/2000,5.8,6.0,5.8,6.0,804000,0
MAC,01/10/2000,6.1,6.2,5.6,5.8,865000,0
MAC,01/11/2000,5.8,5.8,5.6,5.7,369000,0
MAC,01/12/2000,5.7,5.8,5.7,5.8,518000,0
MAC,01/13/2000,6.0,6.1,5.9,6.0,1800000,0
MAC,01/14/2000,5.8,5.9,5.8,5.9,1543000,0
MAC,01/17/2000,5.8,5.8,5.7,5.8,725000,0
MAC,01/18/2000,5.8,5.8,5.7,5.7,407000,0
MAC,01/19/2000,5.6,5.8,5.6,5.8,212000,0
MAC,01/20/2000,5.6,5.6,5.6,5.6,130000,0
MAC,01/21/2000,5.5,5.6,5.4,5.6,610000,0
MAC,01/24/2000,5.7,5.7,5.6,5.6,63000,0
MAC,01/25/2000,5.6,5.6,5.5,5.5,621000,0
MAC,01/26/2000,5.5,5.5,5.4,5.4,35000,0
MAC,01/27/2000,5.4,5.4,5.4,5.4,182000,0
MAC,01/28/2000,5.4,5.4,5.1,5.1,333000,0
MAC,01/31/2000,5.2,5.2,5.1,5.2,132000,0
MAC,02/01/2000,5.3,5.4,5.3,5.3,30000,0
MAC,02/02/2000,5.5,5.5,5.3,5.3,44000,0
MAC,02/03/2000,5.4,5.4,5.4,5.4,62000,0
MAC,02/04/2000,5.4,5.4,5.4,5.4,50000,0
MAC,02/07/2000,5.3,5.4,5.3,5.4,250000,0
MAC,02/08/2000,5.4,5.4,5.3,5.4,172000,0
MAC,02/09/2000,5.5,5.6,5.5,5.5,315000,0
MAC,02/10/2000,5.4,5.4,5.3,5.3,11000,0
MAC,02/11/2000,5.4,5.6,5.3,5.6,436000,0
MAC,02/14/2000,5.5,5.5,5.3,5.4,182000,0
MAC,02/15/2000,5.5,5.5,5.1,5.1,540000,0
MAC,02/16/2000,5.2,5.2,4.9,5.0,398000,0
MAC,02/17/2000,4.8,4.9,4.8,4.8,415000,0
MAC,02/18/2000,5.0,5.0,4.8,4.95,218000,0
MAC,02/21/2000,4.95,4.95,4.9,4.95,325000,0
MAC,02/22/2000,4.6,4.95,4.6,4.95,116000,0
MAC,02/23/2000,4.9,4.9,4.85,4.85,5000,0
MAC,02/24/2000,4.8,4.8,4.7,4.7,225000,0
MAC,02/28/2000,5.0,5.5,5.0,5.2,483000,0
MAC,02/29/2000,5.2,5.2,4.8,4.9,798000,0
MAC,03/01/2000,4.8,4.8,4.8,4.8,169000,0
MAC,03/02/2000,4.7,4.75,4.7,4.75,53000,0
MAC,03/03/2000,4.8,4.85,4.8,4.85,50000,0
MAC,03/06/2000,4.85,4.85,4.7,4.75,140000,0
MAC,03/07/2000,4.75,4.75,4.65,4.65,323000,0
MAC,03/09/2000,4.55,4.55,4.0,4.0,374000,0
MAC,03/10/2000,4.3,4.3,4.1,4.2,235000,0
MAC,03/13/2000,4.2,4.2,4.0,4.1,91000,0
MAC,03/15/2000,4.0,4.05,4.0,4.05,18000,0
MAC,03/16/2000,4.0,4.05,4.0,4.05,78000,0
MAC,03/17/2000,3.9,4.05,3.8,4.05,301000,0
MAC,03/20/2000,4.0,4.0,3.8,3.8,220000,0
MAC,03/21/2000,3.9,3.9,3.9,3.9,60000,0
MAC,03/22/2000,3.9,4.0,3.9,4.0,189000,0
MAC,03/23/2000,4.1,4.15,4.05,4.15,115000,0
MAC,03/24/2000,4.2,4.95,4.2,4.55,15656000,0
MAC,03/27/2000,4.55,4.55,4.3,4.3,184000,0
MAC,03/28/2000,4.2,4.2,4.1,4.1,287000,0
MAC,03/29/2000,4.2,4.3,4.1,4.3,452000,0
MAC,03/30/2000,4.3,4.85,4.3,4.8,404000,0
MAC,03/31/2000,4.9,4.95,4.6,4.6,215000,0
MAC,04/03/2000,4.6,4.7,4.6,4.6,275000,0
MAC,04/04/2000,4.6,4.6,4.3,4.3,174000,0
MAC,04/05/2000,4.3,4.3,4.15,4.25,1667000,0
MAC,04/06/2000,4.05,4.05,4.0,4.0,183000,0
MAC,04/07/2000,4.0,4.0,3.9,3.9,182000,0
MAC,04/10/2000,3.9,3.95,3.9,3.95,120000,0
MAC,04/11/2000,3.9,3.9,3.9,3.9,99000,0
MAC,04/12/2000,3.9,3.9,3.9,3.9,51000,0
MAC,04/13/2000,3.9,3.95,3.85,3.85,248000,0
MAC,04/14/2000,3.85,3.95,3.85,3.95,193000,0
MAC,04/17/2000,3.8,3.8,3.6,3.7,205000,0
MAC,04/18/2000,3.6,3.6,3.25,3.25,327000,0
MAC,04/19/2000,3.25,3.25,3.25,3.25,9000,0
MAC,04/24/2000,3.25,3.25,3.2,3.2,967000,0
MAC,04/25/2000,3.2,3.2,3.1,3.1,523000,0
MAC,04/26/2000,3.1,3.1,3.1,3.1,301000,0
MAC,04/27/2000,3.2,3.2,3.2,3.2,227000,0
MAC,04/28/2000,3.1,3.1,3.05,3.05,218000,0
MAC,05/02/2000,3.1,3.1,3.05,3.05,297000,0
MAC,05/03/2000,3.05,3.2,3.05,3.05,85000,0
MAC,05/04/2000,3.0,3.0,2.9,2.95,285000,0
MAC,05/05/2000,2.7,2.7,2.5,2.5,139000,0
MAC,05/08/2000,2.3,2.3,2.3,2.3,75000,0
MAC,05/09/2000,2.4,2.5,2.3,2.3,655000,0
MAC,05/10/2000,2.85,2.85,2.3,2.4,500000,0
MAC,05/12/2000,2.65,2.7,2.65,2.7,100000,0
MAC,05/15/2000,2.4,2.4,2.4,2.4,115000,0
MAC,05/17/2000,2.8,2.8,2.8,2.8,13000,0
MAC,05/19/2000,2.5,2.5,2.4,2.4,57000,0
MAC,05/22/2000,2.32,2.32,2.32,2.32,5000,0
MAC,05/23/2000,2.4,2.4,2.32,2.32,160000,0
MAC,05/24/2000,1.78,1.98,1.76,1.88,64000,0
MAC,05/25/2000,2.5,2.55,2.5,2.55,24000,0
MAC,05/26/2000,2.55,2.55,2.5,2.5,565716000,0
MAC,05/29/2000,1.7,1.7,1.6,1.7,92000,0
MAC,05/30/2000,3.0,3.0,2.8,2.8,194000,0
MAC,06/01/2000,2.9,2.9,2.9,2.9,15000,0
MAC,06/02/2000,2.9,3.3,2.9,3.3,391000,0
MAC,06/05/2000,3.4,3.85,3.25,3.5,1166000,0
MAC,06/06/2000,3.45,3.85,3.35,3.85,2086000,0
MAC,06/07/2000,3.8,4.1,3.8,3.9,2857000,0
MAC,06/08/2000,3.9,4.1,3.9,4.0,1198000,0
MAC,06/09/2000,3.95,3.95,3.9,3.9,288000,0
MAC,06/13/2000,3.95,4.2,3.95,4.2,4308000,0
MAC,06/14/2000,4.3,4.3,4.1,4.1,23314000,0
MAC,06/15/2000,4.2,4.6,4.2,4.6,5116000,0
MAC,06/16/2000,4.8,4.8,4.5,4.65,5380000,0
MAC,06/19/2000,4.65,4.65,4.3,4.3,1853000,0
MAC,06/20/2000,4.3,4.45,4.25,4.4,358000,0
MAC,06/21/2000,4.4,4.65,4.35,4.6,5210000,0
MAC,06/22/2000,4.7,4.75,4.4,4.4,3573000,0
MAC,06/23/2000,4.35,4.35,4.3,4.35,2535000,0
MAC,06/26/2000,4.3,4.4,4.0,4.0,1058000,0
MAC,06/27/2000,4.1,4.1,3.75,3.75,921000,0
MAC,06/28/2000,3.7,3.7,3.55,3.65,525000,0
MAC,06/29/2000,3.7,3.7,3.45,3.45,363000,0
MAC,06/30/2000,3.25,3.35,3.25,3.35,501000,0
MAC,07/03/2000,3.35,3.35,3.3,3.35,125000,0
MAC,07/04/2000,3.35,3.35,3.25,3.25,115000,0
MAC,07/05/2000,3.25,3.25,3.25,3.25,44000,0
MAC,07/06/2000,3.2,3.25,3.15,3.25,279000,0
MAC,07/07/2000,3.2,3.2,3.2,3.2,60000,0
MAC,07/10/2000,3.2,3.6,3.2,3.45,812000,0
MAC,07/11/2000,3.4,3.6,3.4,3.45,1139000,0
MAC,07/12/2000,3.55,3.7,3.5,3.6,1719000,0
MAC,07/13/2000,3.65,3.75,3.65,3.7,1061000,0
MAC,07/14/2000,3.7,3.7,3.65,3.65,335000,0
MAC,07/19/2000,3.45,3.45,3.45,3.45,71000,0
MAC,07/20/2000,3.35,3.35,3.15,3.15,349000,0
MAC,07/21/2000,3.25,3.25,2.9,3.05,10384000,0
MAC,07/24/2000,3.15,3.15,3.0,3.0,123000,0
MAC,07/25/2000,3.0,3.0,3.0,3.0,307000,0
MAC,07/26/2000,3.1,3.2,3.1,3.15,634000,0
MAC,07/27/2000,3.15,3.25,3.15,3.15,416000,0
MAC,07/31/2000,3.0,3.0,2.95,2.95,73000,0
MAC,08/01/2000,2.95,2.95,2.95,2.95,295000,0
MAC,08/02/2000,2.9,2.9,2.9,2.9,5000,0
MAC,08/03/2000,3.0,3.0,3.0,3.0,30000,0
MAC,08/07/2000,2.85,2.85,2.85,2.85,46000,0
MAC,08/08/2000,2.85,2.9,2.85,2.9,11000,0
MAC,08/09/2000,2.95,3.0,2.95,3.0,1509000,0
MAC,08/10/2000,3.05,3.05,3.0,3.0,72000,0
MAC,08/14/2000,2.9,2.9,2.85,2.85,13000,0
MAC,08/15/2000,2.9,2.95,2.9,2.9,139000,0
MAC,08/16/2000,2.9,2.9,2.9,2.9,110000,0
MAC,08/17/2000,2.95,2.95,2.95,2.95,9000,0
MAC,08/18/2000,2.95,3.15,2.95,3.05,794000,0
MAC,08/21/2000,3.1,3.1,3.0,3.0,490000,0
MAC,08/22/2000,3.0,3.0,3.0,3.0,74000,0
MAC,08/24/2000,3.0,3.0,2.95,2.95,376000,0
MAC,08/25/2000,3.0,3.0,2.95,3.0,198000,0
MAC,08/28/2000,3.0,3.0,3.0,3.0,2277000,0
MAC,08/29/2000,3.0,3.0,3.0,3.0,3278000,0
MAC,08/30/2000,2.95,3.0,2.95,3.0,5346000,0
MAC,08/31/2000,3.0,3.1,3.0,3.05,1062000,0
MAC,09/01/2000,3.1,3.15,3.1,3.1,462000,0
MAC,09/04/2000,3.1,3.1,3.0,3.0,30000,0
MAC,09/05/2000,3.05,3.15,3.05,3.05,187000,0
MAC,09/06/2000,3.0,3.0,3.0,3.0,118000,0
MAC,09/07/2000,3.0,3.05,3.0,3.0,70000,0
MAC,09/08/2000,2.95,2.95,2.95,2.95,97000,0
MAC,09/11/2000,3.0,3.0,2.95,2.95,51000,0
MAC,09/12/2000,2.95,2.95,2.95,2.95,22000,0
MAC,09/13/2000,3.0,3.0,2.95,2.95,170000,0
MAC,09/14/2000,2.9,2.9,2.85,2.9,157000,0
MAC,09/27/2000,2.8,2.85,2.8,2.85,50000,0
MAC,09/28/2000,2.6,2.6,2.6,2.6,42000,0
MAC,09/29/2000,2.95,2.95,2.85,2.85,97000,0
MAC,10/02/2000,2.6,2.6,2.6,2.6,60000,0
MAC,10/03/2000,2.6,2.6,2.55,2.55,120000,0
MAC,10/04/2000,2.3,2.4,2.3,2.4,21000,0
MAC,10/09/2000,2.5,2.5,2.5,2.5,73000,0
MAC,10/10/2000,2.3,2.32,2.3,2.3,140000,0
MAC,10/12/2000,2.3,2.3,2.3,2.3,12000,0
MAC,10/13/2000,2.12,2.3,2.12,2.3,70000,0
MAC,10/17/2000,2.0,2.0,2.0,2.0,143000,0
MAC,10/18/2000,2.4,2.4,2.4,2.4,50000,0
MAC,10/27/2000,2.0,2.0,2.0,2.0,300000,0
MAC,10/31/2000,2.0,2.0,2.0,2.0,10000,0
MAC,11/06/2000,2.55,2.55,2.55,2.55,11000,0
MAC,11/10/2000,2.1,2.1,2.1,2.1,10000,0
MAC,11/17/2000,2.1,2.1,2.1,2.1,60000,0
MAC,11/20/2000,2.1,2.1,2.1,2.1,10000,0
MAC,11/23/2000,2.0,2.0,1.98,2.0,30000,0
MAC,11/24/2000,2.0,2.0,2.0,2.0,20000,0
MAC,11/28/2000,2.0,2.0,2.0,2.0,10000,0
MAC,11/29/2000,2.1,2.1,2.1,2.1,10000,0
MAC,12/06/2000,2.1,2.4,2.1,2.4,36000,0
MAC,12/11/2000,2.4,2.55,2.4,2.55,176103000,0
MAC,12/12/2000,2.4,2.4,2.3,2.3,18000,0
MAC,12/13/2000,2.18,2.18,2.18,2.18,15000,0
MAC,12/19/2000,2.12,2.12,2.08,2.08,50000,0
MAC,12/21/2000,2.1,2.1,2.1,2.1,525000,0
MAC,12/27/2000,2.12,2.12,2.1,2.1,40000,0
MAC,12/28/2000,2.04,2.1,2.04,2.1,30000,0
MAC,12/29/2000,2.1,2.1,2.1,2.1,40000,0
MAC,01/03/2001,2.06,2.06,2.06,2.06,4000,0
MAC,01/05/2001,2.1,2.1,2.1,2.1,35000,0
MAC,01/08/2001,2.12,2.12,2.12,2.12,10000,0
MAC,01/09/2001,2.12,2.2,2.12,2.2,120000,0
MAC,01/10/2001,2.2,2.2,2.2,2.2,30000,0
MAC,01/11/2001,2.18,2.2,2.18,2.2,76000,0
MAC,01/15/2001,2.24,2.24,2.24,2.24,20000,0
MAC,01/17/2001,2.06,2.06,2.06,2.06,20000,0
MAC,01/22/2001,2.2,2.9,2.2,2.22,123000,0
MAC,01/23/2001,2.1,2.12,2.1,2.1,112000,0
MAC,01/24/2001,2.1,2.1,2.1,2.1,130000,0
MAC,01/25/2001,2.12,2.12,2.1,2.1,10000,0
MAC,01/26/2001,2.2,2.3,2.2,2.3,140000,0
MAC,01/29/2001,2.3,2.3,2.3,2.3,9000,0
MAC,01/30/2001,2.3,2.3,2.26,2.26,65000,0
MAC,02/01/2001,2.26,2.26,2.26,2.26,74000,0
MAC,02/02/2001,2.22,2.22,2.2,2.22,237000,0
MAC,02/05/2001,2.18,2.18,2.1,2.1,500000,0
MAC,02/06/2001,2.2,2.2,2.2,2.2,4000,0
MAC,02/07/2001,2.2,2.2,2.2,2.2,16000,0
MAC,02/09/2001,2.2,2.2,2.2,2.2,25000,0
MAC,02/12/2001,2.2,2.2,2.2,2.2,2000,0
MAC,02/13/2001,2.2,2.2,2.2,2.2,10000,0
MAC,02/16/2001,2.02,2.02,2.0,2.0,125000,0
MAC,02/19/2001,2.0,2.04,2.0,2.02,224000,0
MAC,02/20/2001,2.04,2.04,2.0,2.0,157000,0
MAC,02/21/2001,2.0,2.04,2.0,2.0,210000,0
MAC,02/22/2001,2.0,2.0,1.98,1.98,85000,0
MAC,02/23/2001,1.98,1.98,1.98,1.98,13000,0
MAC,02/26/2001,2.0,2.0,2.0,2.0,3000,0
MAC,02/27/2001,2.0,2.0,2.0,2.0,16000,0
MAC,02/28/2001,2.0,2.0,2.0,2.0,5000,0
MAC,03/01/2001,1.98,1.98,1.98,1.98,10000,0
MAC,03/02/2001,2.0,2.0,2.0,2.0,30000,0
MAC,03/05/2001,2.0,2.0,2.0,2.0,65000,0
MAC,03/06/2001,2.0,2.0,2.0,2.0,75000,0
MAC,03/07/2001,1.8,1.8,1.8,1.8,3000,0
MAC,03/08/2001,1.96,1.96,1.96,1.96,10000,0
MAC,03/09/2001,1.9,1.98,1.9,1.98,40000,0
MAC,03/12/2001,1.96,1.96,1.92,1.92,105000,0
MAC,03/13/2001,1.9,1.9,1.86,1.86,15000,0
MAC,03/16/2001,1.86,1.86,1.86,1.86,100000,0
MAC,03/21/2001,1.76,1.76,1.76,1.76,15000,0
MAC,03/23/2001,1.74,1.74,1.74,1.74,16000,0
MAC,03/26/2001,1.74,1.74,1.74,1.74,5000,0
MAC,03/27/2001,1.7,1.7,1.7,1.7,120000,0
MAC,03/28/2001,1.7,1.7,1.7,1.7,5000,0
MAC,03/29/2001,1.7,1.7,1.7,1.7,10000,0
MAC,04/18/2001,1.7,1.7,1.7,1.7,15000,0
MAC,04/25/2001,1.7,1.7,1.7,1.7,3000,0
MAC,04/30/2001,1.6,1.6,1.6,1.6,10000,0
MAC,05/03/2001,1.6,1.6,1.6,1.6,10000,0
MAC,05/17/2001,1.6,1.6,1.6,1.6,18000,0
MAC,05/21/2001,1.64,1.64,1.6,1.6,87000,0
MAC,05/23/2001,1.8,1.8,1.68,1.8,165000,0
MAC,05/24/2001,1.78,1.98,1.76,1.88,64000,0
MAC,05/25/2001,1.8,1.8,1.8,1.8,20000,0
MAC,05/29/2001,1.7,1.7,1.6,1.7,92000,0
MAC,06/05/2001,1.64,1.64,1.6,1.6,72000,0
MAC,06/07/2001,1.5,1.5,1.5,1.5,100000,0
MAC,06/08/2001,1.4,1.5,1.4,1.5,53000,0
MAC,06/13/2001,1.6,1.68,1.6,1.6,48000,0
MAC,06/14/2001,1.44,1.44,1.44,1.44,10000,0
MAC,06/15/2001,1.6,1.6,1.6,1.6,10000,0
MAC,06/19/2001,1.5,1.5,1.5,1.5,5000,0
MAC,06/21/2001,1.5,1.5,1.5,1.5,190000,0
MAC,06/22/2001,1.48,1.48,1.48,1.48,20000,0
MAC,06/28/2001,1.46,1.46,1.42,1.42,460000,0
MAC,06/29/2001,1.42,1.42,1.4,1.42,1440000,0
MAC,07/02/2001,1.4,1.42,1.4,1.42,200000,0
MAC,07/03/2001,1.42,1.42,1.42,1.42,92000,0
MAC,07/04/2001,1.44,1.46,1.44,1.46,150000,0
MAC,07/05/2001,1.48,1.52,1.48,1.52,230000,0
MAC,07/16/2001,1.52,1.54,1.52,1.54,14000,0
MAC,07/18/2001,1.5,1.54,1.5,1.54,30000,0
MAC,07/19/2001,1.54,1.56,1.54,1.56,208000,0
MAC,07/20/2001,1.58,1.58,1.58,1.58,10000,0
MAC,07/23/2001,1.58,1.58,1.58,1.58,22000,0
MAC,07/24/2001,1.6,1.6,1.54,1.54,5631000,0
MAC,07/25/2001,1.52,1.54,1.52,1.52,10837000,0
MAC,07/27/2001,1.5,1.5,1.5,1.5,30000,0
MAC,07/30/2001,1.5,1.5,1.5,1.5,100000,0
MAC,07/31/2001,1.48,1.48,1.48,1.48,100000,0
MAC,08/01/2001,1.46,1.46,1.44,1.44,8882000,0
MAC,08/02/2001,1.42,1.42,1.42,1.42,10145000,0
MAC,08/03/2001,1.4,1.4,1.4,1.4,5060000,0
MAC,08/06/2001,1.4,1.4,1.38,1.38,10105000,0
MAC,08/07/2001,1.38,1.38,1.38,1.38,10000000,0
MAC,08/08/2001,1.44,1.44,1.44,1.44,53000,0
MAC,08/10/2001,1.46,1.46,1.46,1.46,145000,0
MAC,08/15/2001,1.46,1.46,1.46,1.46,2000,0
MAC,08/20/2001,1.46,1.46,1.4,1.4,123000,0
MAC,08/28/2001,1.32,1.36,1.32,1.36,65000,0
MAC,08/29/2001,1.32,1.32,1.32,1.32,60000,0
MAC,08/31/2001,1.32,1.32,1.32,1.32,180000,0
MAC,09/03/2001,1.32,1.32,1.32,1.32,127000,0
MAC,09/05/2001,1.32,1.32,1.32,1.32,46000,0
MAC,09/06/2001,1.2,1.2,1.2,1.2,40000,0
MAC,09/25/2001,1.2,1.2,1.2,1.2,17000,0
MAC,09/28/2001,1.5,1.5,1.5,1.5,1000,0
MAC,10/08/2001,0.9,0.9,0.9,0.9,313000,0
MAC,10/10/2001,0.8,0.8,0.8,0.8,210000,0
MAC,10/15/2001,0.82,0.82,0.82,0.82,60000,0
MAC,10/17/2001,0.83,0.85,0.83,0.85,110000,0
MAC,11/23/2001,0.88,0.88,0.88,0.88,100000,0
MAC,11/28/2001,1.1,1.1,1.1,1.1,120000,0
MAC,11/29/2001,1.0,1.0,1.0,1.0,62000,0
MAC,12/05/2001,1.1,1.2,1.1,1.2,330000,0
MAC,12/06/2001,1.22,1.22,1.22,1.22,10000,0
MAC,12/10/2001,1.24,1.24,1.24,1.24,100000,0
MAC,12/11/2001,1.2,1.2,1.2,1.2,1000,0
MAC,12/12/2001,1.2,1.2,1.2,1.2,7000,0
MAC,12/19/2001,1.2,1.2,1.2,1.2,50000,0
MAC,01/04/2002,1.1,1.2,1.1,1.2,10000,0
MAC,01/07/2002,1.2,1.2,1.2,1.2,68000,0
MAC,01/08/2002,1.2,1.2,1.2,1.2,60000,0
MAC,01/09/2002,1.2,1.2,1.2,1.2,25000,0
MAC,01/14/2002,1.18,1.2,1.18,1.18,107000,0
MAC,01/17/2002,1.18,1.2,1.18,1.2,95000,0
MAC,01/18/2002,1.24,1.32,1.24,1.32,420000,0
MAC,01/21/2002,1.32,1.32,1.32,1.32,85000,0
MAC,01/22/2002,1.36,1.36,1.36,1.36,25000,0
MAC,01/23/2002,1.38,1.4,1.36,1.4,176000,0
MAC,01/24/2002,1.44,1.44,1.44,1.44,5000,0
MAC,01/25/2002,1.5,1.54,1.5,1.54,93000,0
MAC,01/29/2002,1.54,1.54,1.5,1.5,50000,0
MAC,01/31/2002,1.4,1.4,1.4,1.4,10000,0
MAC,02/01/2002,1.52,1.54,1.52,1.52,148000,0
MAC,02/05/2002,1.42,1.42,1.4,1.4,200000,0
MAC,02/07/2002,1.4,1.4,1.4,1.4,56000,0
MAC,02/08/2002,1.3,1.3,1.3,1.3,50000,0
MAC,02/11/2002,1.3,1.3,1.3,1.3,5000,0
MAC,02/14/2002,1.4,1.44,1.4,1.4,819000,0
MAC,02/15/2002,1.4,1.4,1.4,1.4,136000,0
MAC,02/18/2002,1.4,1.4,1.4,1.4,135000,0
MAC,02/19/2002,1.42,1.42,1.4,1.4,300000,0
MAC,02/20/2002,1.4,1.4,1.3,1.3,25000,0
MAC,02/21/2002,1.32,1.32,1.32,1.32,31000,0
MAC,02/26/2002,1.3,1.3,1.3,1.3,37000,0
MAC,02/27/2002,1.3,1.3,1.3,1.3,29000,0
MAC,03/11/2002,1.24,1.24,1.24,1.24,10000,0
MAC,03/13/2002,1.2,1.2,1.2,1.2,5000,0
MAC,03/14/2002,1.2,1.2,1.2,1.2,55000,0
MAC,03/18/2002,1.2,1.2,1.2,1.2,40000,0
MAC,03/21/2002,1.2,1.2,1.2,1.2,40000,0
MAC,03/22/2002,1.2,1.2,1.2,1.2,150000,0
MAC,04/04/2002,1.2,1.2,1.2,1.2,30000,0
MAC,04/05/2002,1.2,1.2,1.2,1.2,10000,0
MAC,04/09/2002,1.2,1.2,1.2,1.2,20000,0
MAC,04/10/2002,1.2,1.2,1.2,1.2,15000,0
MAC,04/17/2002,1.14,1.14,1.14,1.14,10000,0
MAC,04/18/2002,1.14,1.14,1.14,1.14,14000,0
MAC,04/19/2002,1.14,1.14,1.14,1.14,1000,0
MAC,04/25/2002,1.1,1.1,1.1,1.1,100000,0
MAC,04/26/2002,1.1,1.1,1.1,1.1,140000,0
MAC,05/03/2002,1.0,1.0,1.0,1.0,50000,0
MAC,05/06/2002,1.0,1.0,1.0,1.0,20000,0
MAC,05/07/2002,1.0,1.0,1.0,1.0,20000,0
MAC,05/08/2002,1.0,1.0,1.0,1.0,50000,0
MAC,05/27/2002,0.96,0.96,0.95,0.95,80000,0
MAC,06/20/2002,0.9,0.9,0.9,0.9,20000,0
MAC,06/27/2002,0.8,0.8,0.8,0.8,20000,0
MAC,06/28/2002,0.8,0.8,0.8,0.8,40000,0
MAC,07/01/2002,0.8,0.8,0.8,0.8,50000,0
MAC,07/03/2002,0.75,0.75,0.7,0.7,100000,0
MAC,07/11/2002,0.7,0.7,0.7,0.7,120000,0
MAC,07/16/2002,0.7,0.7,0.7,0.7,150000,0
MAC,07/17/2002,0.7,0.7,0.7,0.7,550000,0
MAC,07/30/2002,0.65,0.65,0.65,0.65,100000,0
MAC,07/31/2002,0.65,0.65,0.65,0.65,10000,0
MAC,08/29/2002,0.7,0.72,0.7,0.72,40000,0
MAC,09/02/2002,0.72,0.72,0.7,0.7,100000,0
MAC,09/26/2002,0.7,0.7,0.7,0.7,50000,0
MAC,09/27/2002,0.7,0.73,0.7,0.73,320000,0
MAC,10/02/2002,0.67,0.67,0.67,0.67,10000,0
MAC,10/09/2002,0.67,0.67,0.67,0.67,10000,0
MAC,10/10/2002,0.65,0.65,0.65,0.65,50000,0
MAC,10/15/2002,0.61,0.61,0.6,0.6,120000,0
MAC,10/16/2002,0.55,0.55,0.5,0.5,370000,0
MAC,10/17/2002,0.44,0.44,0.44,0.44,50000,0
MAC,10/18/2002,0.5,0.5,0.5,0.5,80000,0
MAC,10/25/2002,0.45,0.45,0.45,0.45,20000,0
MAC,10/28/2002,0.48,0.48,0.48,0.48,10000,0
MAC,10/29/2002,0.5,0.55,0.5,0.55,120000,0
MAC,11/21/2002,0.4,0.45,0.4,0.45,160000,0
MAC,11/28/2002,0.45,0.45,0.45,0.45,10000,0
MAC,12/02/2002,0.46,0.48,0.46,0.48,120000,0
MAC,12/03/2002,0.5,0.5,0.5,0.5,170000,0
MAC,12/04/2002,0.45,0.45,0.45,0.45,160000,0
MAC,01/22/2003,0.5,0.5,0.5,0.5,100000,0
MAC,01/23/2003,0.45,0.45,0.45,0.45,200000,0
MAC,01/28/2003,0.4,0.4,0.4,0.4,90000,0
MAC,01/30/2003,0.45,0.45,0.45,0.45,100000,0
MAC,02/04/2003,0.6,0.6,0.6,0.6,100000,0
MAC,02/06/2003,0.55,0.55,0.55,0.55,100000,0
MAC,02/10/2003,0.55,0.55,0.55,0.55,20000,0
MAC,02/12/2003,0.55,0.55,0.55,0.55,160000,0
MAC,02/20/2003,0.42,0.45,0.42,0.45,80000,0
MAC,02/24/2003,0.45,0.45,0.45,0.45,240000,0
MAC,02/26/2003,0.45,0.45,0.45,0.45,30000,0
MAC,02/27/2003,0.45,0.45,0.45,0.45,20000,0
MAC,03/07/2003,0.45,0.45,0.45,0.45,50000,0
MAC,03/11/2003,0.45,0.45,0.45,0.45,300000,0
MAC,03/13/2003,0.45,0.45,0.45,0.45,10000,0
MAC,03/21/2003,0.45,0.45,0.45,0.45,30000,0
MAC,03/24/2003,0.45,0.45,0.45,0.45,170000,0
MAC,04/02/2003,0.45,0.45,0.45,0.45,220000,0
MAC,04/03/2003,0.46,0.46,0.46,0.46,50000,0
MAC,04/04/2003,0.45,0.45,0.45,0.45,50000,0
MAC,04/09/2003,0.46,0.46,0.46,0.46,30000,0
MAC,04/14/2003,0.5,0.5,0.5,0.5,100000,0
MAC,04/16/2003,0.56,0.56,0.56,0.56,50000,0
MAC,04/21/2003,0.58,0.58,0.57,0.57,120000,0
MAC,04/22/2003,0.6,0.67,0.6,0.67,490000,0
MAC,04/23/2003,0.6,0.6,0.6,0.6,190000,0
MAC,04/24/2003,0.58,0.58,0.58,0.58,150000,0
MAC,04/25/2003,0.57,0.57,0.56,0.56,120000,0
MAC,04/28/2003,0.56,0.56,0.53,0.53,110000,0
MAC,04/30/2003,0.52,0.52,0.52,0.52,60000,0
MAC,05/06/2003,0.52,0.52,0.52,0.52,150000,0
MAC,05/16/2003,0.48,0.48,0.48,0.48,20000,0
MAC,05/19/2003,0.48,0.48,0.48,0.48,80000,0
MAC,05/22/2003,0.45,0.48,0.45,0.48,100000,0
MAC,06/02/2003,0.48,0.48,0.48,0.48,50000,0
MAC,06/04/2003,0.5,0.5,0.5,0.5,50000,0
MAC,06/09/2003,0.52,0.55,0.52,0.55,450000,0
MAC,06/10/2003,0.55,0.55,0.55,0.55,50000,0
MAC,06/11/2003,0.55,0.55,0.55,0.55,170000,0
MAC,06/12/2003,0.55,0.55,0.55,0.55,20000,0
MAC,06/20/2003,0.55,0.55,0.55,0.55,40000,0
MAC,06/24/2003,0.56,0.57,0.56,0.57,100000,0
MAC,06/30/2003,0.6,0.6,0.6,0.6,10000,0
MAC,07/02/2003,0.6,0.6,0.6,0.6,100000,0
MAC,07/07/2003,0.6,0.6,0.6,0.6,10000,0
MAC,07/11/2003,0.56,0.56,0.56,0.56,80000,0
MAC,07/14/2003,0.52,0.52,0.52,0.52,30000,0
MAC,08/04/2003,0.5,0.5,0.5,0.5,20000,0
MAC,08/07/2003,0.52,0.52,0.52,0.52,30000,0
MAC,08/11/2003,0.51,0.51,0.51,0.51,30000,0
MAC,08/26/2003,0.52,0.52,0.52,0.52,30000,0
MAC,08/27/2003,0.53,0.53,0.53,0.53,20000,0
MAC,08/28/2003,0.53,0.53,0.53,0.53,50000,0
MAC,09/01/2003,0.53,0.53,0.53,0.53,40000,0
MAC,09/05/2003,0.53,0.53,0.53,0.53,30000,0
MAC,09/08/2003,0.55,0.55,0.55,0.55,90000,0
MAC,09/09/2003,0.62,0.62,0.62,0.62,50000,0
MAC,09/10/2003,0.66,0.66,0.66,0.66,10000,0
MAC,09/12/2003,0.65,0.69,0.64,0.69,120000,0
MAC,09/15/2003,0.69,0.69,0.69,0.69,90000,0
MAC,09/16/2003,0.8,0.81,0.8,0.81,120000,0
MAC,09/17/2003,0.8,0.85,0.8,0.85,40000,0
MAC,09/18/2003,0.87,0.87,0.87,0.87,10000,0
MAC,09/26/2003,0.75,0.75,0.75,0.75,10000,0
MAC,10/06/2003,0.75,0.75,0.75,0.75,70000,0
MAC,10/09/2003,0.75,0.75,0.75,0.75,360000,0
MAC,10/10/2003,0.75,0.75,0.75,0.75,150000,0
MAC,10/16/2003,0.75,0.75,0.75,0.75,100000,0
MAC,10/17/2003,0.7,0.7,0.7,0.7,10000,0
MAC,10/29/2003,0.65,0.65,0.65,0.65,10000,0
MAC,10/30/2003,0.65,0.65,0.62,0.62,200000,0
MAC,11/04/2003,0.62,0.62,0.62,0.62,90000,0
MAC,11/05/2003,0.6,0.6,0.6,0.6,50000,0
MAC,11/07/2003,0.62,0.62,0.62,0.62,20000,0
MAC,11/19/2003,0.58,0.58,0.58,0.58,10000,0
MAC,11/24/2003,0.6,0.6,0.6,0.6,50000,0
MAC,11/27/2003,0.6,0.6,0.6,0.6,20000,0
MAC,12/04/2003,0.6,0.6,0.6,0.6,100000,0
MAC,12/09/2003,0.6,0.6,0.6,0.6,50000,0
MAC,12/10/2003,0.6,0.6,0.6,0.6,50000,0
MAC,12/12/2003,0.6,0.6,0.6,0.6,100000,0
MAC,12/17/2003,0.61,0.61,0.6,0.61,60000,0
MAC,12/19/2003,0.6,0.6,0.6,0.6,100000,0
MAC,12/29/2003,0.58,0.58,0.58,0.58,60000,0
MAC,01/06/2004,0.58,0.58,0.58,0.58,250000,0
MAC,01/07/2004,0.58,0.58,0.58,0.58,200000,0
MAC,01/08/2004,0.58,0.58,0.58,0.58,200000,0
MAC,01/13/2004,0.61,0.61,0.61,0.61,110000,0
MAC,01/14/2004,0.58,0.58,0.55,0.55,300000,0
MAC,01/19/2004,0.55,0.55,0.55,0.55,230000,0
MAC,01/23/2004,0.55,0.55,0.55,0.55,200000,0
MAC,02/04/2004,0.53,0.53,0.51,0.51,60000,0
MAC,02/12/2004,0.52,0.52,0.5,0.5,200000,0
MAC,02/13/2004,0.5,0.5,0.5,0.5,210000,0
MAC,02/17/2004,0.52,0.52,0.52,0.52,10000,0
MAC,02/23/2004,0.52,0.52,0.5,0.5,60000,0
MAC,03/01/2004,0.5,0.5,0.5,0.5,150000,0
MAC,03/02/2004,0.5,0.5,0.5,0.5,130000,0
MAC,03/04/2004,0.5,0.5,0.5,0.5,80000,0
MAC,03/05/2004,0.45,0.48,0.45,0.48,40000,0
MAC,03/08/2004,0.47,0.47,0.47,0.47,20000,0
MAC,03/09/2004,0.45,0.47,0.45,0.47,80000,0
MAC,04/05/2004,0.5,0.5,0.5,0.5,10000,0
MAC,04/06/2004,0.49,0.5,0.49,0.5,30000,0
MAC,04/13/2004,0.45,0.45,0.45,0.45,20000,0
MAC,04/16/2004,0.45,0.45,0.45,0.45,20000,0
MAC,04/19/2004,0.45,0.45,0.45,0.45,40000,0
MAC,04/21/2004,0.46,0.46,0.46,0.46,120000,0
MAC,04/22/2004,0.5,0.5,0.5,0.5,590000,0
MAC,04/23/2004,0.5,0.55,0.5,0.52,60000,0
MAC,04/27/2004,0.54,0.54,0.54,0.54,10000,0
MAC,04/28/2004,0.54,0.54,0.54,0.54,20000,0
MAC,04/30/2004,0.52,0.52,0.52,0.52,100000,0
MAC,05/05/2004,0.54,0.54,0.53,0.53,130000,0
MAC,05/07/2004,0.43,0.5,0.43,0.5,80000,0
MAC,05/12/2004,0.46,0.46,0.46,0.46,100000,0
MAC,05/19/2004,0.49,0.51,0.49,0.51,90000,0
MAC,05/21/2004,0.49,0.49,0.49,0.49,60000,0
MAC,05/24/2004,0.55,0.55,0.55,0.55,70000,0
MAC,05/25/2004,0.55,0.55,0.55,0.55,30000,0
MAC,05/26/2004,0.56,0.56,0.56,0.56,10000,0
MAC,05/31/2004,0.51,0.51,0.5,0.5,650000,0
MAC,06/01/2004,0.56,0.56,0.56,0.56,50000,0
MAC,06/03/2004,0.56,0.56,0.56,0.56,10000,0
MAC,06/08/2004,0.56,0.58,0.56,0.58,30000,0
MAC,06/10/2004,0.6,0.6,0.6,0.6,10000,0
MAC,06/14/2004,0.6,0.6,0.6,0.6,10000,0
MAC,06/16/2004,0.57,0.57,0.57,0.57,50000,0
MAC,06/17/2004,0.56,0.56,0.56,0.56,200000,0
MAC,06/18/2004,0.56,0.6,0.56,0.6,160000,0
MAC,06/21/2004,0.6,0.67,0.6,0.66,740000,0
MAC,06/22/2004,0.7,0.7,0.7,0.7,10000,0
MAC,06/29/2004,0.61,0.62,0.6,0.62,530000,0
MAC,06/30/2004,0.62,0.62,0.62,0.62,780000,0
MAC,07/01/2004,0.62,0.62,0.62,0.62,440000,0
MAC,07/02/2004,0.63,0.63,0.63,0.63,50000,0
MAC,07/05/2004,0.62,0.62,0.62,0.62,480000,0
MAC,07/07/2004,0.65,0.65,0.65,0.65,20000,0
MAC,07/09/2004,0.62,0.62,0.62,0.62,200000,0
MAC,07/14/2004,0.63,0.64,0.63,0.64,70000,0
MAC,07/16/2004,0.62,0.62,0.62,0.62,20000,0
MAC,07/19/2004,0.65,0.78,0.65,0.78,1290000,0
MAC,07/20/2004,0.8,0.87,0.8,0.82,580000,0
MAC,07/21/2004,0.83,0.97,0.83,0.97,1090000,0
MAC,07/22/2004,0.99,1.08,0.99,1.0,1310000,0
MAC,07/23/2004,1.02,1.04,1.0,1.02,390000,0
MAC,07/26/2004,1.02,1.08,1.02,1.08,672000,0
MAC,07/27/2004,1.08,1.56,1.08,1.48,4853000,0
MAC,07/28/2004,1.58,1.82,1.58,1.68,5660000,0
MAC,07/29/2004,1.62,1.62,1.48,1.54,1547000,0
MAC,07/30/2004,1.52,1.52,1.36,1.38,1064000,0
MAC,08/02/2004,1.38,1.64,1.36,1.6,1085000,0
MAC,08/03/2004,1.62,1.74,1.6,1.6,2131000,0
MAC,08/04/2004,1.62,1.64,1.58,1.6,772000,0
MAC,08/05/2004,1.6,1.6,1.5,1.54,463000,0
MAC,08/06/2004,1.5,1.6,1.5,1.6,1014000,0
MAC,08/09/2004,1.6,1.64,1.58,1.58,340000,0
MAC,08/10/2004,1.56,1.56,1.5,1.5,207000,0
MAC,08/11/2004,1.5,1.5,1.4,1.4,457000,0
MAC,08/13/2004,1.44,1.44,1.36,1.36,209000,0
MAC,08/16/2004,1.34,1.34,1.26,1.28,229000,0
MAC,08/18/2004,1.24,1.24,1.2,1.2,60000,0
MAC,08/20/2004,1.2,1.42,1.2,1.42,770000,0
MAC,08/23/2004,1.44,1.54,1.36,1.44,705000,0
MAC,08/24/2004,1.3,1.3,1.3,1.3,15000,0
MAC,08/25/2004,1.3,1.32,1.3,1.3,78000,0
MAC,08/26/2004,1.32,1.34,1.32,1.34,14000,0
MAC,08/27/2004,1.32,1.32,1.3,1.3,34000,0
MAC,08/30/2004,1.34,1.34,1.34,1.34,10000,0
MAC,08/31/2004,1.36,1.36,1.3,1.34,77000,0
MAC,09/01/2004,1.34,1.34,1.3,1.34,35000,0
MAC,09/03/2004,1.26,1.3,1.26,1.26,203000,0
MAC,09/06/2004,1.26,1.26,1.2,1.2,171000,0
MAC,09/07/2004,1.28,1.38,1.26,1.38,130000,0
MAC,09/08/2004,1.42,1.42,1.34,1.34,90000,0
MAC,09/09/2004,1.36,1.36,1.28,1.28,52000,0
MAC,09/10/2004,1.32,1.42,1.32,1.4,445000,0
MAC,09/13/2004,1.44,1.52,1.34,1.34,468000,0
MAC,09/14/2004,1.32,1.38,1.32,1.38,40000,0
MAC,09/15/2004,1.4,1.4,1.4,1.4,60000,0
MAC,09/16/2004,1.5,1.56,1.5,1.52,1745000,0
MAC,09/17/2004,1.56,1.66,1.56,1.64,3083000,0
MAC,09/20/2004,1.7,1.76,1.6,1.6,1964000,0
MAC,09/21/2004,1.6,1.64,1.6,1.64,503000,0
MAC,09/22/2004,1.66,1.68,1.6,1.6,360000,0
MAC,09/23/2004,1.62,1.62,1.58,1.58,270000,0
MAC,09/24/2004,1.58,1.58,1.54,1.54,50000,0
MAC,09/27/2004,1.52,1.6,1.5,1.6,112000,0
MAC,10/01/2004,1.48,1.52,1.48,1.52,121000,0
MAC,10/04/2004,1.56,1.56,1.52,1.54,165000,0
MAC,10/05/2004,1.52,1.52,1.5,1.5,155000,0
MAC,10/06/2004,1.52,1.52,1.52,1.52,202000,0
MAC,10/07/2004,1.5,1.5,1.5,1.5,20000,0
MAC,10/08/2004,1.48,1.5,1.46,1.48,252000,0
MAC,10/11/2004,1.48,1.48,1.48,1.48,13000,0
MAC,10/12/2004,1.4,1.42,1.4,1.42,20000,0
MAC,10/13/2004,1.44,1.44,1.4,1.4,35000,0
MAC,10/14/2004,1.44,1.48,1.4,1.4,90000,0
MAC,10/15/2004,1.4,1.42,1.4,1.42,350000,0
MAC,10/18/2004,1.46,1.48,1.46,1.46,60000,0
MAC,10/20/2004,1.42,1.46,1.38,1.42,205000,0
MAC,10/22/2004,1.38,1.38,1.38,1.38,150000,0
MAC,10/26/2004,1.38,1.4,1.38,1.4,11000,0
MAC,10/28/2004,1.38,1.38,1.38,1.38,20000,0
MAC,10/29/2004,1.4,1.4,1.4,1.4,27000,0
MAC,11/04/2004,1.4,1.4,1.38,1.4,85000,0
MAC,11/09/2004,1.4,1.44,1.4,1.4,94000,0
MAC,11/10/2004,1.36,1.44,1.36,1.38,1035000,0
MAC,11/11/2004,1.36,1.38,1.36,1.36,240000,0
MAC,11/12/2004,1.38,1.4,1.36,1.4,1637000,0
MAC,11/16/2004,1.42,1.46,1.42,1.42,576000,0
MAC,11/17/2004,1.44,1.44,1.4,1.4,111000,0
MAC,11/18/2004,1.42,1.42,1.4,1.4,250000,0
MAC,11/19/2004,1.38,1.38,1.36,1.38,615000,0
MAC,11/23/2004,1.36,1.38,1.36,1.36,361000,0
MAC,11/24/2004,1.38,1.38,1.36,1.38,241000,0
MAC,11/25/2004,1.3,1.3,1.3,1.3,120000,0
MAC,11/26/2004,1.3,1.3,1.3,1.3,50000,0
MAC,11/30/2004,1.3,1.34,1.3,1.34,310000,0
MAC,12/01/2004,1.36,1.46,1.36,1.44,1771000,0
MAC,12/02/2004,1.44,1.56,1.44,1.5,1440000,0
MAC,12/06/2004,1.52,1.54,1.48,1.52,1270000,0
MAC,12/07/2004,1.54,1.76,1.52,1.74,4753000,0
MAC,12/08/2004,1.7,1.78,1.68,1.76,2906000,0
MAC,12/09/2004,1.74,1.76,1.66,1.68,775000,0
MAC,12/10/2004,1.6,1.6,1.54,1.56,495000,0
MAC,12/13/2004,1.58,1.6,1.56,1.56,220000,0
MAC,12/14/2004,1.56,2.02,1.56,2.02,5958000,0
MAC,12/15/2004,2.1,2.95,2.1,2.9,18051000,0
MAC,12/16/2004,3.15,3.3,2.4,2.42,14314000,0
MAC,12/17/2004,2.5,2.5,2.14,2.16,4216000,0
MAC,12/20/2004,2.12,2.22,2.1,2.1,1337000,0
MAC,12/21/2004,2.08,2.18,2.02,2.18,2348000,0
MAC,12/22/2004,2.22,2.42,2.16,2.4,2523000,0
MAC,12/28/2004,2.4,2.5,2.32,2.32,717000,0
MAC,12/29/2004,2.4,2.48,2.32,2.34,410000,0
MAC,01/03/2005,2.34,2.44,2.26,2.44,1431000,0
MAC,01/04/2005,2.44,2.5,2.42,2.44,366000,0
MAC,01/05/2005,2.44,2.48,2.42,2.42,481000,0
MAC,01/06/2005,2.44,2.48,2.38,2.38,618000,0
MAC,01/07/2005,2.4,2.4,2.28,2.28,1362000,0
MAC,01/10/2005,2.28,2.32,2.28,2.28,626000,0
MAC,01/11/2005,2.3,2.32,2.26,2.3,615000,0
MAC,01/12/2005,2.3,2.3,2.26,2.3,211000,0
MAC,01/13/2005,2.3,2.3,2.3,2.3,280000,0
MAC,01/14/2005,2.3,2.44,2.28,2.42,3505000,0
MAC,01/17/2005,2.42,2.55,2.42,2.48,1642000,0
MAC,01/18/2005,2.46,2.55,2.46,2.48,1196000,0
MAC,01/19/2005,2.5,2.7,2.5,2.7,4739000,0
MAC,01/20/2005,2.65,2.75,2.46,2.48,1848000,0
MAC,01/21/2005,2.5,2.6,2.5,2.55,1902000,0
MAC,01/24/2005,2.6,2.65,2.46,2.46,1970000,0
MAC,01/25/2005,2.48,2.48,2.42,2.44,1666000,0
MAC,01/26/2005,2.6,2.6,2.46,2.46,2667000,0
MAC,01/27/2005,2.5,2.5,2.44,2.44,245000,0
MAC,01/28/2005,2.5,2.65,2.48,2.5,2534000,0
MAC,01/31/2005,2.55,2.55,2.44,2.44,264000,0
MAC,02/01/2005,2.44,2.46,2.42,2.46,232000,0
MAC,02/02/2005,2.44,2.44,2.4,2.4,477000,0
MAC,02/03/2005,2.4,2.42,2.4,2.4,169000,0
MAC,02/04/2005,2.36,2.36,2.36,2.36,270000,0
MAC,02/07/2005,2.32,2.32,2.24,2.24,618000,0
MAC,02/08/2005,2.24,2.24,2.24,2.24,84000,0
MAC,02/10/2005,2.22,2.24,2.22,2.24,350000,0
MAC,02/11/2005,2.22,2.22,2.2,2.2,668000,0
MAC,02/14/2005,2.2,2.28,2.2,2.28,440000,0
MAC,02/15/2005,2.24,2.32,2.24,2.28,300000,0
MAC,02/16/2005,2.32,2.38,2.26,2.26,990000,0
MAC,02/17/2005,2.28,2.32,2.26,2.26,330000,0
MAC,02/18/2005,2.24,2.26,2.22,2.22,305000,0
MAC,02/21/2005,2.22,2.22,2.2,2.2,171000,0
MAC,02/22/2005,2.16,2.16,2.1,2.16,227000,0
MAC,02/23/2005,2.1,2.2,2.1,2.2,156000,0
MAC,02/24/2005,2.08,2.16,2.08,2.14,150000,0
MAC,02/28/2005,2.12,2.12,2.1,2.1,220000,0
MAC,03/01/2005,2.12,2.12,2.02,2.02,535000,0
MAC,03/02/2005,2.1,2.1,2.02,2.02,258000,0
MAC,03/03/2005,2.0,2.04,2.0,2.02,339000,0
MAC,03/07/2005,2.0,2.04,2.0,2.0,430000,0
MAC,03/08/2005,2.02,2.02,2.0,2.02,237000,0
MAC,03/09/2005,2.0,2.04,2.0,2.04,274000,0
MAC,03/10/2005,2.02,2.1,2.0,2.06,868000,0
MAC,03/11/2005,2.06,2.08,2.06,2.08,430000,0
MAC,03/14/2005,2.12,2.24,2.12,2.22,604000,0
MAC,03/15/2005,2.2,2.2,2.14,2.18,138000,0
MAC,03/16/2005,2.24,2.32,2.16,2.16,160000,0
MAC,03/17/2005,2.16,2.16,2.12,2.12,160000,0
MAC,03/18/2005,2.08,2.1,2.06,2.1,178000,0
MAC,03/21/2005,2.0,2.06,2.0,2.06,130000,0
MAC,03/22/2005,2.04,2.04,2.02,2.02,118000,0
MAC,03/28/2005,2.02,2.02,2.0,2.02,76000,0
MAC,03/29/2005,2.0,2.0,2.0,2.0,165000,0
MAC,03/30/2005,2.0,2.0,2.0,2.0,20000,0
MAC,03/31/2005,2.04,2.04,2.0,2.0,76000,0
MAC,04/01/2005,2.0,2.0,2.0,2.0,10000,0
MAC,04/07/2005,1.84,1.98,1.84,1.98,12000,0
MAC,04/08/2005,1.9,1.9,1.9,1.9,10000,0
MAC,04/13/2005,1.94,2.0,1.94,1.98,150000,0
MAC,04/14/2005,1.98,1.98,1.96,1.96,23000,0
MAC,04/15/2005,1.9,1.9,1.9,1.9,50000,0
MAC,04/19/2005,1.7,1.7,1.7,1.7,5000,0
MAC,04/20/2005,1.9,1.9,1.84,1.84,62000,0
MAC,04/21/2005,1.88,1.88,1.8,1.8,190000,0
MAC,04/22/2005,1.82,1.86,1.82,1.86,98000,0
MAC,04/25/2005,1.84,1.84,1.8,1.8,108000,0
MAC,04/26/2005,1.8,1.8,1.8,1.8,53000,0
MAC,04/27/2005,1.8,1.82,1.78,1.78,160000,0
MAC,04/28/2005,1.7,1.7,1.7,1.7,10000,0
MAC,05/05/2005,1.76,1.76,1.76,1.76,17000,0
MAC,05/11/2005,1.86,1.86,1.86,1.86,4000,0
MAC,05/17/2005,1.68,1.68,1.68,1.68,42000,0
MAC,05/20/2005,1.72,1.74,1.72,1.72,25000,0
MAC,05/26/2005,1.72,1.74,1.7,1.74,32000,0
MAC,05/31/2005,1.8,1.8,1.8,1.8,65000,0
MAC,06/01/2005,1.86,1.86,1.86,1.86,10000,0
MAC,06/02/2005,1.9,1.9,1.86,1.9,130000,0
MAC,06/03/2005,1.92,1.96,1.92,1.94,138000,0
MAC,06/06/2005,1.96,2.0,1.94,2.0,241000,0
MAC,06/08/2005,1.94,1.94,1.9,1.9,85000,0
MAC,06/10/2005,1.82,1.82,1.82,1.82,50000,0
MAC,06/15/2005,1.9,1.94,1.9,1.9,121000,0
MAC,06/16/2005,1.9,1.9,1.9,1.9,5000,0
MAC,06/17/2005,1.88,1.9,1.84,1.86,132000,0
MAC,06/29/2005,1.9,1.9,1.9,1.9,50000,0
MAC,06/30/2005,1.9,1.9,1.9,1.9,30000,0
MAC,07/01/2005,1.9,1.9,1.9,1.9,47000,0
MAC,07/05/2005,1.9,1.9,1.8,1.8,37000,0
MAC,07/06/2005,1.9,1.92,1.9,1.92,190000,0
MAC,07/07/2005,1.8,1.82,1.8,1.82,102000,0
MAC,07/08/2005,1.8,1.8,1.8,1.8,130000,0
MAC,07/15/2005,1.8,1.82,1.8,1.82,325000,0
MAC,07/18/2005,1.82,1.82,1.8,1.8,285000,0
MAC,07/19/2005,1.7,1.7,1.7,1.7,50000,0
MAC,07/21/2005,1.8,1.8,1.8,1.8,10000,0
MAC,07/22/2005,1.7,1.8,1.7,1.76,31000,0
MAC,07/26/2005,1.8,1.8,1.8,1.8,5000,0
MAC,07/27/2005,1.76,1.8,1.76,1.8,147000,0
MAC,07/28/2005,1.8,1.8,1.8,1.8,10000,0
MAC,07/29/2005,1.8,1.82,1.8,1.8,155000,0
MAC,08/04/2005,1.8,1.84,1.8,1.8,776000,0
MAC,08/05/2005,1.84,1.86,1.82,1.82,401000,0
MAC,08/08/2005,1.84,1.84,1.82,1.84,35000,0
MAC,08/09/2005,1.8,1.84,1.8,1.84,110000,0
MAC,08/10/2005,1.84,1.86,1.84,1.84,334000,0
MAC,08/11/2005,1.84,1.86,1.84,1.86,112000,0
MAC,08/12/2005,1.82,1.82,1.82,1.82,30000,0
MAC,08/15/2005,1.8,1.8,1.8,1.8,160000,0
MAC,08/17/2005,1.74,1.74,1.74,1.74,1000,0
MAC,08/18/2005,1.78,1.78,1.74,1.74,22000,0
MAC,08/19/2005,1.74,1.74,1.74,1.74,12000,0
MAC,08/22/2005,1.74,1.74,1.74,1.74,28000,0
MAC,08/23/2005,1.74,1.74,1.74,1.74,20000,0
MAC,08/24/2005,1.72,1.72,1.72,1.72,82000,0
MAC,08/25/2005,1.68,1.68,1.68,1.68,1000,0
MAC,08/26/2005,1.72,1.76,1.72,1.76,15000,0
MAC,08/30/2005,1.8,1.8,1.76,1.76,85000,0
MAC,09/01/2005,1.78,1.78,1.78,1.78,5000,0
MAC,09/02/2005,1.8,1.8,1.8,1.8,5000,0
MAC,09/05/2005,1.78,1.92,1.78,1.9,1255000,0
MAC,09/06/2005,1.82,1.82,1.82,1.82,15000,0
MAC,09/07/2005,1.86,1.86,1.82,1.82,127000,0
MAC,09/08/2005,1.82,1.82,1.8,1.8,245000,0
MAC,09/09/2005,1.82,1.82,1.82,1.82,170000,0
MAC,09/12/2005,1.82,1.82,1.82,1.82,45000,0
MAC,09/13/2005,1.82,1.82,1.8,1.8,100000,0
MAC,09/14/2005,1.8,1.8,1.8,1.8,115000,0
MAC,09/16/2005,1.8,1.8,1.8,1.8,3000,0
MAC,09/19/2005,1.8,1.8,1.76,1.8,42000,0
MAC,09/21/2005,1.8,1.82,1.78,1.78,65000,0
MAC,09/26/2005,1.74,1.74,1.74,1.74,32000,0
MAC,09/27/2005,1.8,1.8,1.8,1.8,5000,0
MAC,09/28/2005,1.74,1.8,1.74,1.8,14000,0
MAC,09/29/2005,1.8,1.8,1.8,1.8,5000,0
MAC,10/05/2005,1.78,1.78,1.78,1.78,81000,0
MAC,10/06/2005,1.76,1.76,1.76,1.76,10000,0
MAC,10/07/2005,1.76,1.76,1.76,1.76,10000,0
MAC,10/10/2005,1.74,1.78,1.74,1.78,17000,0
MAC,10/12/2005,1.78,1.78,1.76,1.76,10000,0
MAC,10/13/2005,1.74,1.74,1.74,1.74,33000,0
MAC,10/17/2005,1.76,1.76,1.76,1.76,5000,0
MAC,10/21/2005,1.76,1.76,1.76,1.76,50000,0
MAC,10/24/2005,1.74,1.74,1.74,1.74,32000,0
MAC,10/25/2005,1.74,1.74,1.74,1.74,6000,0
MAC,10/26/2005,1.74,1.74,1.74,1.74,240000,0
MAC,10/27/2005,1.74,1.74,1.74,1.74,10000,0
MAC,11/02/2005,1.76,1.76,1.76,1.76,5000,0
MAC,11/03/2005,1.78,1.78,1.78,1.78,10000,0
MAC,11/07/2005,1.7,1.7,1.7,1.7,5000,0
MAC,11/08/2005,1.7,1.7,1.7,1.7,1000,0
MAC,11/10/2005,1.78,1.78,1.72,1.72,25000,0
MAC,11/16/2005,1.7,1.7,1.7,1.7,10000,0
MAC,11/18/2005,1.68,1.7,1.68,1.68,317000,0
MAC,11/21/2005,1.68,1.76,1.68,1.68,311000,0
MAC,11/22/2005,1.74,1.76,1.7,1.7,106000,0
MAC,11/23/2005,1.7,1.7,1.68,1.68,130000,0
MAC,11/25/2005,1.68,1.68,1.68,1.68,35000,0
MAC,11/30/2005,1.66,1.66,1.66,1.66,5000,0
MAC,12/02/2005,1.64,1.64,1.64,1.64,11000,0
MAC,12/05/2005,1.64,1.68,1.64,1.68,228000,0
MAC,12/06/2005,1.6,1.64,1.58,1.64,106000,0
MAC,12/07/2005,1.7,1.7,1.6,1.64,73000,0
MAC,12/08/2005,1.56,1.62,1.54,1.62,282000,0
MAC,12/09/2005,1.58,1.58,1.54,1.56,202000,0
MAC,12/12/2005,1.56,1.58,1.54,1.58,370000,0
MAC,12/13/2005,1.56,1.56,1.52,1.52,150000,0
MAC,12/15/2005,1.46,1.46,1.46,1.46,50000,0
MAC,12/19/2005,1.46,1.46,1.46,1.46,12000,0
MAC,12/20/2005,1.46,1.5,1.46,1.5,80000,0
MAC,12/21/2005,1.46,1.46,1.46,1.46,70000,0
MAC,12/23/2005,1.48,1.48,1.48,1.48,5000,0
MAC,12/27/2005,1.44,1.44,1.44,1.44,10000,0
MAC,01/06/2006,1.4,1.42,1.4,1.42,165000,0
MAC,01/09/2006,1.42,1.42,1.4,1.4,173000,0
MAC,01/11/2006,1.38,1.38,1.38,1.38,42000,0
MAC,01/12/2006,1.4,1.44,1.4,1.4,339000,0
MAC,01/13/2006,1.4,1.4,1.38,1.4,344000,0
MAC,01/16/2006,1.4,1.4,1.4,1.4,20000,0
MAC,01/18/2006,1.38,1.38,1.38,1.38,195000,0
MAC,01/20/2006,1.38,1.38,1.34,1.34,92000,0
MAC,02/01/2006,1.36,1.36,1.32,1.32,15000,0
MAC,02/03/2006,1.32,1.32,1.2,1.28,32000,0
MAC,02/06/2006,1.3,1.34,1.3,1.34,307000,0
MAC,02/07/2006,1.34,1.4,1.34,1.4,81000,0
MAC,02/09/2006,1.4,1.4,1.4,1.4,5000,0
MAC,02/14/2006,1.4,1.4,1.36,1.36,63000,0
MAC,02/17/2006,1.36,1.36,1.36,1.36,20000,0
MAC,02/23/2006,1.36,1.36,1.36,1.36,30000,0
MAC,03/08/2006,1.4,1.4,1.4,1.4,2000,0
MAC,03/09/2006,1.4,1.44,1.38,1.44,193000,0
MAC,03/10/2006,1.5,1.56,1.44,1.44,172000,0
MAC,03/13/2006,1.4,1.4,1.4,1.4,20000,0
MAC,03/14/2006,1.4,1.4,1.4,1.4,57000,0
MAC,03/15/2006,1.48,1.48,1.46,1.48,200000,0
MAC,03/16/2006,1.5,1.6,1.5,1.6,266000,0
MAC,03/17/2006,1.6,1.7,1.6,1.6,255000,0
MAC,03/20/2006,1.6,1.6,1.6,1.6,5000,0
MAC,03/21/2006,1.6,1.66,1.6,1.64,176000,0
MAC,03/22/2006,1.6,1.6,1.58,1.6,64000,0
MAC,03/23/2006,1.6,1.6,1.56,1.58,32000,0
MAC,03/24/2006,1.58,1.58,1.56,1.58,220000,0
MAC,03/27/2006,1.6,1.6,1.6,1.6,110000,0
MAC,03/28/2006,1.7,1.9,1.7,1.78,2588000,0
MAC,03/29/2006,1.78,1.8,1.78,1.8,70000,0
MAC,03/30/2006,1.86,2.06,1.86,2.02,3142000,0
MAC,03/31/2006,2.08,2.1,2.0,2.0,1021000,0
MAC,04/03/2006,1.94,1.94,1.88,1.88,182000,0
MAC,04/04/2006,1.88,1.94,1.88,1.88,436000,0
MAC,04/05/2006,1.9,1.92,1.84,1.86,590000,0
MAC,04/06/2006,1.88,1.88,1.74,1.74,1172000,0
MAC,04/07/2006,1.72,1.86,1.72,1.74,59000,0
MAC,04/10/2006,1.84,1.84,1.78,1.78,154000,0
MAC,04/11/2006,1.88,1.88,1.8,1.84,697000,0
MAC,04/12/2006,1.88,1.9,1.8,1.84,290000,0
MAC,04/17/2006,1.84,1.84,1.8,1.8,311000,0
MAC,04/18/2006,1.88,1.94,1.82,1.82,293000,0
MAC,04/19/2006,1.9,1.9,1.84,1.84,171000,0
MAC,04/20/2006,1.9,2.1,1.84,2.08,3632000,0
MAC,04/21/2006,2.1,2.2,2.04,2.08,3176000,0
MAC,04/24/2006,2.02,2.08,2.0,2.0,950000,0
MAC,04/25/2006,2.02,2.04,1.92,2.02,607000,0
MAC,04/26/2006,2.04,2.04,2.0,2.02,85000,0
MAC,04/27/2006,2.02,2.02,1.94,1.94,139000,0
MAC,04/28/2006,1.96,2.04,1.96,2.02,1549000,0
MAC,05/02/2006,2.02,2.12,2.02,2.06,1104000,0
MAC,05/03/2006,2.12,2.14,2.08,2.08,2100000,0
MAC,05/04/2006,2.14,2.18,2.06,2.16,2387000,0
MAC,05/05/2006,2.18,2.24,2.16,2.16,2102000,0
MAC,05/08/2006,2.2,2.3,2.14,2.16,1403000,0
MAC,05/09/2006,2.2,2.32,2.14,2.26,3718000,0
MAC,05/10/2006,2.26,2.6,2.26,2.6,6894000,0
MAC,05/11/2006,2.65,2.85,2.5,2.75,9525000,0
MAC,05/12/2006,2.75,2.9,2.65,2.85,4152000,0
MAC,05/15/2006,2.8,2.8,2.55,2.7,1472000,0
MAC,05/16/2006,2.55,2.65,2.5,2.5,1965000,0
MAC,05/17/2006,2.55,2.6,2.42,2.42,947000,0
MAC,05/18/2006,2.4,2.4,2.3,2.3,691000,0
MAC,05/19/2006,2.3,2.3,2.3,2.3,95000,0
MAC,05/22/2006,2.2,2.2,2.18,2.18,175000,0
MAC,05/23/2006,2.12,2.12,2.06,2.08,190000,0
MAC,05/24/2006,2.08,2.1,2.0,2.0,185000,0
MAC,05/25/2006,1.96,2.06,1.96,2.0,634000,0
MAC,05/26/2006,2.1,2.22,2.1,2.1,421000,0
MAC,05/29/2006,2.14,2.2,2.12,2.12,228000,0
MAC,05/30/2006,2.1,2.1,2.1,2.1,350000,0
MAC,05/31/2006,2.08,2.08,2.06,2.06,80000,0
MAC,06/01/2006,2.1,2.14,2.06,2.14,339000,0
MAC,06/02/2006,2.14,2.16,2.1,2.16,408000,0
MAC,06/05/2006,2.12,2.12,2.1,2.1,76000,0
MAC,06/06/2006,2.04,2.06,2.02,2.06,110000,0
MAC,06/07/2006,2.0,2.0,1.98,2.0,249000,0
MAC,06/08/2006,1.96,1.96,1.88,1.88,150000,0
MAC,06/09/2006,1.9,2.0,1.9,1.94,485000,0
MAC,06/13/2006,1.88,1.9,1.84,1.84,52000,0
MAC,06/14/2006,1.86,1.86,1.86,1.86,32000,0
MAC,06/15/2006,1.9,1.9,1.9,1.9,10000,0
MAC,06/16/2006,1.98,2.02,1.98,2.0,370000,0
MAC,06/19/2006,2.06,2.16,2.06,2.12,331000,0
MAC,06/20/2006,2.02,2.02,1.98,1.98,240000,0
MAC,06/21/2006,2.0,2.04,1.98,2.02,297000,0
MAC,06/22/2006,2.06,2.08,2.0,2.0,300000,0
MAC,06/23/2006,2.02,2.02,1.98,1.98,88000,0
MAC,06/26/2006,1.96,2.0,1.94,1.94,161000,0
MAC,06/27/2006,1.94,1.96,1.9,1.94,250000,0
MAC,06/28/2006,1.94,1.94,1.9,1.9,310000,0
MAC,06/29/2006,1.92,1.94,1.88,1.94,188000,0
MAC,06/30/2006,2.0,2.0,1.98,1.98,209000,0
MAC,07/03/2006,2.0,2.02,2.0,2.02,181000,0
MAC,07/04/2006,2.02,2.08,2.02,2.06,352000,0
MAC,07/05/2006,2.02,2.02,2.02,2.02,45000,0
MAC,07/06/2006,1.98,1.98,1.98,1.98,60000,0
MAC,07/07/2006,2.02,2.02,2.0,2.0,120000,0
MAC,07/10/2006,2.0,2.0,1.98,2.0,58000,0
MAC,07/11/2006,1.98,2.0,1.98,2.0,30000,0
MAC,07/12/2006,1.98,2.02,1.98,2.0,102000,0
MAC,07/13/2006,1.98,1.98,1.98,1.98,15000,0
MAC,07/14/2006,1.98,1.98,1.98,1.98,61000,0
MAC,07/17/2006,2.04,2.1,2.0,2.1,208000,0
MAC,07/18/2006,2.08,2.18,2.08,2.16,1906000,0
MAC,07/19/2006,2.16,2.2,2.1,2.1,1981000,0
MAC,07/20/2006,2.16,2.16,2.12,2.12,386000,0
MAC,07/21/2006,2.12,2.14,2.12,2.12,111000,0
MAC,07/25/2006,2.16,2.16,2.12,2.14,650000,0
MAC,07/26/2006,2.16,2.16,2.14,2.14,75000,0
MAC,07/27/2006,2.16,2.26,2.16,2.2,774000,0
MAC,07/28/2006,2.24,2.32,2.24,2.3,684000,0
MAC,07/31/2006,2.34,2.44,2.32,2.42,1647000,0
MAC,08/01/2006,2.46,2.46,2.26,2.28,902000,0
MAC,08/02/2006,2.22,2.22,2.16,2.16,268000,0
MAC,08/03/2006,2.22,2.26,2.16,2.2,328000,0
MAC,08/04/2006,2.24,2.24,2.16,2.16,218000,0
MAC,08/07/2006,2.18,2.18,2.14,2.14,47000,0
MAC,08/08/2006,2.16,2.16,2.1,2.1,376000,0
MAC,08/09/2006,2.08,2.08,2.04,2.08,318000,0
MAC,08/10/2006,2.04,2.12,2.04,2.12,258000,0
MAC,08/11/2006,2.1,2.1,2.06,2.08,215000,0
MAC,08/14/2006,2.08,2.1,2.08,2.1,12000,0
MAC,08/15/2006,2.1,2.1,2.06,2.06,211000,0
MAC,08/16/2006,2.06,2.08,2.06,2.06,157000,0
MAC,08/17/2006,2.06,2.06,2.04,2.06,307000,0
MAC,08/18/2006,2.08,2.22,2.08,2.22,756000,0
MAC,08/22/2006,2.22,2.22,2.16,2.16,11000,0
MAC,08/23/2006,2.65,2.65,2.38,2.4,3459000,0
MAC,08/24/2006,2.4,2.42,2.28,2.28,788000,0
MAC,08/25/2006,2.3,2.32,2.24,2.24,314000,0
MAC,08/28/2006,2.26,2.26,2.24,2.24,85000,0
MAC,08/29/2006,2.24,2.28,2.22,2.26,214000,0
MAC,08/30/2006,2.26,2.32,2.2,2.2,322000,0
MAC,08/31/2006,2.24,2.24,2.24,2.24,121000,0
MAC,09/01/2006,2.24,2.34,2.24,2.28,942000,0
MAC,09/04/2006,2.34,2.38,2.3,2.32,270000,0
MAC,09/05/2006,2.28,2.28,2.2,2.2,712000,0
MAC,09/06/2006,2.2,2.2,2.2,2.2,127000,0
MAC,09/07/2006,2.2,2.2,2.1,2.14,1109000,0
MAC,09/08/2006,2.1,2.1,2.06,2.06,355000,0
MAC,09/11/2006,2.08,2.1,2.08,2.1,166000,0
MAC,09/12/2006,2.08,2.08,2.0,2.0,676000,0
MAC,09/13/2006,2.0,2.0,1.9,1.9,1249000,0
MAC,09/14/2006,2.0,2.02,1.92,1.92,352000,0
MAC,09/15/2006,1.98,2.04,1.98,2.04,101000,0
MAC,09/18/2006,2.08,2.14,2.08,2.12,364000,0
MAC,09/19/2006,2.3,2.3,2.06,2.08,134000,0
MAC,09/20/2006,2.12,2.12,2.04,2.04,124000,0
MAC,09/21/2006,2.04,2.12,1.96,1.98,2411000,0
MAC,09/22/2006,1.96,2.04,1.96,1.98,1823000,0
MAC,09/25/2006,2.02,2.12,2.0,2.08,6465000,0
MAC,09/26/2006,2.08,2.1,2.06,2.08,188000,0
MAC,09/27/2006,2.08,2.12,2.06,2.06,2620000,0
MAC,10/02/2006,2.1,2.1,2.04,2.06,482000,0
MAC,10/03/2006,2.06,2.06,2.02,2.02,636000,0
MAC,10/04/2006,2.06,2.06,2.0,2.0,357000,0
MAC,10/05/2006,2.04,2.04,2.0,2.0,450000,0
MAC,10/06/2006,2.04,2.04,1.96,2.0,668000,0
MAC,10/09/2006,2.0,2.0,1.98,1.98,728000,0
MAC,10/10/2006,1.98,1.98,1.96,1.96,693000,0
MAC,10/11/2006,1.98,2.0,1.96,1.98,1158000,0
MAC,10/12/2006,2.0,2.0,1.96,1.96,248000,0
MAC,10/13/2006,1.96,1.98,1.94,1.96,1531000,0
MAC,10/16/2006,1.98,2.0,1.98,2.0,587000,0
MAC,10/17/2006,2.0,2.02,1.96,1.96,356000,0
MAC,10/18/2006,1.96,2.0,1.96,1.96,397000,0
MAC,10/19/2006,1.96,1.98,1.96,1.98,165000,0
MAC,10/20/2006,2.0,2.04,2.0,2.0,132000,0
MAC,10/23/2006,2.02,2.06,1.98,1.98,345000,0
MAC,10/25/2006,2.02,2.02,1.98,1.98,671000,0
MAC,10/26/2006,1.96,2.0,1.96,2.0,1417000,0
MAC,10/27/2006,1.98,2.02,1.96,1.98,1331000,0
MAC,10/30/2006,2.02,2.02,1.98,1.98,397000,0
MAC,10/31/2006,2.0,2.12,2.0,2.12,2362000,0
MAC,11/02/2006,2.12,2.12,2.04,2.04,808000,0
MAC,11/03/2006,2.0,2.04,2.0,2.04,96000,0
MAC,11/06/2006,2.0,2.0,2.0,2.0,160000,0
MAC,11/07/2006,2.0,2.02,2.0,2.02,171000,0
MAC,11/08/2006,2.02,2.02,2.0,2.0,389000,0
MAC,11/09/2006,2.0,2.02,2.0,2.0,390000,0
MAC,11/10/2006,2.02,2.06,2.02,2.04,276000,0
MAC,11/13/2006,2.1,2.1,2.04,2.06,238000,0
MAC,11/14/2006,2.06,2.06,2.04,2.04,167000,0
MAC,11/15/2006,2.06,2.06,2.0,2.02,1349000,0
MAC,11/16/2006,2.02,2.14,2.02,2.12,1395000,0
MAC,11/17/2006,2.16,2.16,2.08,2.12,176000,0
MAC,11/20/2006,2.16,2.16,2.12,2.12,680000,0
MAC,11/21/2006,2.14,2.14,2.08,2.08,248000,0
MAC,11/22/2006,2.12,2.14,2.1,2.12,830000,0
MAC,11/23/2006,2.12,2.34,2.12,2.34,2284000,0
MAC,11/24/2006,2.4,2.6,2.34,2.36,8033000,0
MAC,11/27/2006,2.4,2.5,2.2,2.3,4270000,0
MAC,11/28/2006,2.26,2.26,2.22,2.24,592000,0
MAC,11/29/2006,2.24,2.24,2.22,2.22,1122000,0
MAC,11/30/2006,2.24,2.28,2.22,2.28,372000,0
MAC,12/04/2006,2.24,2.24,2.18,2.22,204000,0
MAC,12/05/2006,2.26,2.26,2.24,2.24,13000,0
MAC,12/06/2006,2.2,2.22,2.1,2.1,921000,0
MAC,12/07/2006,2.12,2.24,2.12,2.22,867000,0
MAC,12/08/2006,2.26,2.26,2.18,2.18,338000,0
MAC,12/11/2006,2.14,2.14,2.12,2.14,413000,0
MAC,12/12/2006,2.14,2.14,2.12,2.14,66000,0
MAC,12/13/2006,2.12,2.14,2.1,2.1,302000,0
MAC,12/14/2006,2.12,2.14,2.08,2.08,1145000,0
MAC,12/15/2006,2.08,2.1,2.06,2.06,328000,0
MAC,12/18/2006,2.08,2.12,2.08,2.1,578000,0
MAC,12/19/2006,2.08,2.12,2.06,2.06,543000,0
MAC,12/20/2006,2.12,2.2,2.08,2.12,1918000,0
MAC,12/21/2006,2.12,2.12,2.1,2.12,551000,0
MAC,12/22/2006,2.12,2.12,2.08,2.08,377000,0
MAC,12/28/2006,2.06,2.12,2.06,2.12,323000,0
MAC,12/29/2006,2.12,2.14,2.08,2.1,185000,0
MAC,01/02/2007,2.14,2.14,2.1,2.1,8000,0
MAC,01/03/2007,2.14,2.14,2.06,2.06,1035000,0
MAC,01/04/2007,2.1,2.12,2.1,2.1,818000,0
MAC,01/05/2007,2.12,2.14,2.1,2.1,356000,0
MAC,01/08/2007,2.12,2.12,2.08,2.08,174000,0
MAC,01/09/2007,2.08,2.12,2.08,2.1,412000,0
MAC,01/10/2007,2.08,2.08,2.08,2.08,152000,0
MAC,01/11/2007,2.08,2.14,2.08,2.12,249000,0
MAC,01/12/2007,2.1,2.1,2.08,2.08,321000,0
MAC,01/15/2007,2.06,2.12,2.06,2.12,97000,0
MAC,01/16/2007,2.12,2.12,2.1,2.1,165000,0
MAC,01/17/2007,2.08,2.1,2.08,2.1,280000,0
MAC,01/18/2007,2.12,2.12,2.1,2.1,104000,0
MAC,01/19/2007,2.1,2.1,2.08,2.1,382000,0
MAC,01/22/2007,2.08,2.1,2.08,2.1,221000,0
MAC,01/23/2007,2.1,2.16,2.1,2.12,597000,0
MAC,01/24/2007,2.16,2.16,2.1,2.1,551000,0
MAC,01/25/2007,2.1,2.1,2.1,2.1,230000,0
MAC,01/26/2007,2.1,2.1,2.1,2.1,412000,0
MAC,01/29/2007,2.12,2.14,2.06,2.08,804000,0
MAC,01/30/2007,2.1,2.1,2.04,2.04,820000,0
MAC,01/31/2007,2.06,2.06,2.04,2.06,92000,0
MAC,02/01/2007,2.06,2.06,2.06,2.06,424000,0
MAC,02/02/2007,2.06,2.06,2.04,2.04,732000,0
MAC,02/05/2007,2.06,2.08,2.06,2.06,990000,0
MAC,02/06/2007,2.16,2.16,2.1,2.12,1999000,0
MAC,02/07/2007,2.16,2.2,2.14,2.18,938000,0
MAC,02/08/2007,2.2,2.2,2.12,2.14,1530000,0
MAC,02/09/2007,2.14,2.16,2.14,2.14,960000,0
MAC,02/12/2007,2.14,2.18,2.14,2.16,648000,0
MAC,02/13/2007,2.22,2.32,2.22,2.32,4951000,0
MAC,02/14/2007,2.42,2.8,2.42,2.75,22280000,0
MAC,02/15/2007,2.8,2.9,2.65,2.65,9562000,0
MAC,02/16/2007,2.7,2.7,2.55,2.6,3433000,0
MAC,02/19/2007,2.55,2.6,2.5,2.55,1758000,0
MAC,02/20/2007,2.6,2.6,2.5,2.55,943000,0
MAC,02/21/2007,2.6,2.65,2.5,2.5,1585000,0
MAC,02/22/2007,2.48,2.8,2.48,2.8,2517000,0
MAC,02/23/2007,2.85,2.85,2.7,2.7,3193000,0
MAC,02/26/2007,2.75,2.85,2.7,2.8,2472000,0
MAC,02/27/2007,2.9,3.15,2.8,3.15,10495000,0
MAC,02/28/2007,2.55,3.0,2.55,2.75,8556000,0
MAC,03/01/2007,2.95,3.05,2.85,2.85,4056000,0
MAC,03/02/2007,2.8,2.95,2.7,2.95,2385000,0
MAC,03/05/2007,2.9,2.9,2.48,2.65,1684000,0
MAC,03/06/2007,2.65,2.65,2.46,2.5,2295000,0
MAC,03/07/2007,2.65,2.7,2.5,2.55,1310000,0
MAC,03/08/2007,2.6,2.6,2.5,2.55,1887000,0
MAC,03/09/2007,2.65,2.8,2.65,2.7,4130000,0
MAC,03/12/2007,2.8,2.85,2.65,2.65,1504000,0
MAC,03/13/2007,2.7,2.75,2.7,2.7,527000,0
MAC,03/14/2007,2.55,2.65,2.55,2.55,767000,0
MAC,03/15/2007,2.6,2.6,2.6,2.6,45000,0
MAC,03/16/2007,2.65,2.65,2.55,2.6,324000,0
MAC,03/19/2007,2.65,2.65,2.55,2.55,301000,0
MAC,03/20/2007,2.6,2.7,2.6,2.6,385000,0
MAC,03/21/2007,2.6,2.65,2.6,2.65,351000,0
MAC,03/22/2007,2.75,2.75,2.65,2.65,470000,0
MAC,03/23/2007,2.65,2.75,2.6,2.75,778000,0
MAC,03/26/2007,2.9,3.15,2.9,2.95,5616000,0
MAC,03/27/2007,3.0,3.0,2.85,2.85,563000,0
MAC,03/28/2007,2.8,2.9,2.8,2.8,466000,0
MAC,03/29/2007,2.8,2.9,2.8,2.9,368000,0
MAC,03/30/2007,3.0,3.4,3.0,3.4,17052000,0
MAC,04/02/2007,3.4,3.55,3.3,3.45,5940000,0
MAC,04/03/2007,3.5,3.85,3.5,3.8,11776000,0
MAC,04/04/2007,3.85,4.0,3.75,3.95,20545000,0
MAC,04/10/2007,4.0,4.0,3.75,3.8,3145000,0
MAC,04/11/2007,3.85,3.95,3.85,3.9,2202000,0
MAC,04/12/2007,3.9,3.9,3.8,3.8,854000,0
MAC,04/13/2007,3.9,3.9,3.7,3.75,1817000,0
MAC,04/16/2007,3.7,3.75,3.65,3.7,2178000,0
MAC,04/17/2007,3.8,3.9,3.75,3.9,3012000,0
MAC,04/18/2007,3.9,4.2,3.85,4.15,6186000,0
MAC,04/19/2007,4.2,4.3,4.05,4.15,4307000,0
MAC,04/20/2007,4.05,4.15,4.05,4.15,1621000,0
MAC,04/23/2007,4.2,4.35,4.2,4.25,2666000,0
MAC,04/24/2007,4.25,4.25,4.2,4.25,3225000,0
MAC,04/25/2007,4.25,4.25,4.15,4.15,1459000,0
MAC,04/26/2007,4.2,4.25,4.1,4.1,666000,0
MAC,04/27/2007,4.15,4.15,4.1,4.1,1027000,0
MAC,04/30/2007,4.1,4.1,4.05,4.05,917000,0
MAC,05/02/2007,4.0,4.05,4.0,4.0,430000,0
MAC,05/03/2007,4.1,4.25,4.1,4.1,756000,0
MAC,05/04/2007,4.1,4.1,3.9,3.95,2035000,0
MAC,05/07/2007,4.0,4.05,3.9,3.95,279000,0
MAC,05/08/2007,3.95,4.0,3.85,3.95,2444000,0
MAC,05/09/2007,3.9,4.0,3.9,3.95,1087000,0
MAC,05/10/2007,3.95,4.0,3.9,3.95,554000,0
MAC,05/11/2007,3.9,3.95,3.9,3.95,1136000,0
MAC,05/15/2007,3.95,4.1,3.95,4.1,4018000,0
MAC,05/16/2007,4.15,4.15,4.05,4.05,1386000,0
MAC,05/17/2007,4.1,4.25,4.05,4.2,4143000,0
MAC,05/18/2007,4.3,4.4,4.2,4.25,2162000,0
MAC,05/21/2007,4.3,4.5,4.25,4.4,2909000,0
MAC,05/22/2007,4.4,4.4,4.25,4.25,2937000,0
MAC,05/23/2007,4.3,4.4,4.3,4.4,2114000,0
MAC,05/24/2007,4.4,4.65,4.4,4.65,6234000,0
MAC,05/25/2007,4.6,4.75,4.5,4.7,4054000,0
MAC,05/28/2007,4.75,4.95,4.75,4.95,4959000,0
MAC,05/29/2007,4.95,5.2,4.95,5.2,5063000,0
MAC,05/30/2007,5.1,5.1,4.75,4.85,3276000,0
MAC,05/31/2007,5.0,5.1,4.9,5.0,2945000,0
MAC,06/01/2007,5.1,5.2,5.0,5.1,2333000,0
MAC,06/04/2007,5.1,5.2,5.1,5.1,1288000,0
MAC,06/05/2007,5.1,5.1,4.95,5.0,1274000,0
MAC,06/06/2007,5.0,5.0,4.95,4.95,1283000,0
MAC,06/07/2007,4.95,4.95,4.85,4.9,1227000,0
MAC,06/08/2007,4.8,4.9,4.75,4.85,543000,0
MAC,06/12/2007,4.95,4.95,4.85,4.9,1102000,0
MAC,06/13/2007,4.9,4.95,4.8,4.9,1833000,0
MAC,06/14/2007,4.95,4.95,4.8,4.9,1063000,0
MAC,06/15/2007,4.9,4.95,4.75,4.75,764000,0
MAC,06/18/2007,4.8,4.9,4.8,4.9,263000,0
MAC,06/19/2007,4.9,4.95,4.9,4.95,841000,0
MAC,06/20/2007,5.0,5.0,4.9,4.9,865000,0
MAC,06/21/2007,4.9,4.95,4.85,4.95,739000,0
MAC,06/22/2007,5.0,5.3,5.0,5.0,3294000,0
MAC,06/25/2007,5.0,5.0,4.95,4.95,358000,0
MAC,06/26/2007,5.0,5.2,5.0,5.0,1662000,0
MAC,06/27/2007,5.0,5.0,4.8,4.95,2230000,0
MAC,06/28/2007,4.95,5.0,4.9,4.9,1608000,0
MAC,06/29/2007,4.9,4.9,4.85,4.85,1378000,0
MAC,07/02/2007,4.9,5.1,4.8,4.85,1906000,0
MAC,07/03/2007,4.9,4.9,4.8,4.85,1968000,0
MAC,07/04/2007,4.9,5.8,4.9,5.8,12866000,0
MAC,07/05/2007,5.9,5.9,5.2,5.2,6994000,0
MAC,07/06/2007,5.2,5.6,5.2,5.3,4423000,0
MAC,07/09/2007,5.3,5.5,5.2,5.3,1470000,0
MAC,07/10/2007,5.2,5.7,5.2,5.5,6508000,0
MAC,07/11/2007,5.5,6.0,5.5,5.6,10984000,0
MAC,07/12/2007,5.8,5.8,5.5,5.6,1487000,0
MAC,07/13/2007,5.7,5.7,5.3,5.3,1500000,0
MAC,07/16/2007,5.3,5.5,5.3,5.4,502000,0
MAC,07/17/2007,5.5,5.5,5.3,5.3,674000,0
MAC,07/18/2007,5.4,5.4,5.2,5.3,482000,0
MAC,07/19/2007,5.3,5.3,5.3,5.3,557000,0
MAC,07/20/2007,5.4,5.6,5.4,5.5,2816000,0
MAC,07/23/2007,5.7,5.9,5.5,5.6,2408000,0
MAC,07/24/2007,5.6,5.6,5.5,5.5,731000,0
MAC,07/25/2007,5.5,5.5,5.3,5.3,1495000,0
MAC,07/26/2007,5.4,5.4,5.4,5.4,591000,0
MAC,07/27/2007,5.3,5.3,5.0,5.2,3101000,0
MAC,07/30/2007,5.0,5.1,4.9,5.1,872000,0
MAC,07/31/2007,5.2,5.2,4.95,4.95,866000,0
MAC,08/01/2007,4.9,4.95,4.8,4.95,2248000,0
MAC,08/02/2007,5.0,5.1,4.5,4.7,611000,0
MAC,08/03/2007,4.8,4.8,4.1,4.2,778000,0
MAC,08/06/2007,4.2,4.3,4.0,4.3,852000,0
MAC,08/07/2007,4.3,4.9,4.3,4.9,1950000,0
MAC,08/08/2007,4.7,5.1,4.7,5.0,89052000,0
MAC,08/09/2007,5.1,5.3,4.9,4.95,49111000,0
MAC,08/10/2007,4.8,4.95,4.7,4.9,89324000,0
MAC,08/13/2007,4.9,5.0,4.75,4.8,100858000,0
MAC,08/14/2007,4.85,4.85,4.5,4.55,50337000,0
MAC,08/15/2007,4.4,4.4,4.2,4.4,340000,0
MAC,08/16/2007,4.25,4.3,4.05,4.25,30000,0
MAC,08/17/2007,4.35,4.6,4.2,4.2,1659000,0
MAC,08/21/2007,4.5,4.65,4.25,4.4,693000,0
MAC,08/22/2007,4.4,4.4,4.25,4.25,570000,0
MAC,08/23/2007,4.4,4.45,4.15,4.2,362000,0
MAC,08/24/2007,4.3,4.35,4.15,4.2,1394000,0
MAC,08/28/2007,4.2,4.25,4.2,4.25,168000,0
MAC,08/29/2007,4.2,4.2,4.15,4.2,145000,0
MAC,08/30/2007,4.35,4.45,4.25,4.3,427000,0
MAC,08/31/2007,4.3,4.45,4.3,4.3,875000,0
MAC,09/03/2007,4.3,4.3,4.25,4.25,200000,0
MAC,09/04/2007,4.2,4.2,4.15,4.2,326000,0
MAC,09/05/2007,4.25,4.3,4.25,4.25,604000,0
MAC,09/06/2007,4.25,4.35,4.25,4.3,411000,0
MAC,09/07/2007,4.3,4.35,4.25,4.3,278000,0
MAC,09/10/2007,4.2,4.35,4.2,4.3,620000,0
MAC,09/11/2007,4.35,4.35,4.2,4.25,231000,0
MAC,09/12/2007,4.25,4.35,4.25,4.3,169000,0
MAC,09/13/2007,4.3,4.3,4.2,4.25,368000,0
MAC,09/14/2007,4.35,4.35,4.2,4.3,1277000,0
MAC,09/17/2007,4.4,4.55,4.4,4.5,1028000,0
MAC,09/18/2007,4.55,4.6,4.5,4.55,604000,0
MAC,09/19/2007,4.6,4.7,4.6,4.65,397000,0
MAC,09/20/2007,4.7,4.8,4.7,4.7,640000,0
MAC,09/21/2007,4.7,4.75,4.7,4.75,555000,0
MAC,09/24/2007,4.75,4.75,4.65,4.7,279000,0
MAC,09/25/2007,4.7,4.75,4.6,4.65,394000,0
MAC,09/26/2007,4.7,4.7,4.55,4.55,137000,0
MAC,09/27/2007,4.55,4.55,4.5,4.55,198000,0
MAC,09/28/2007,4.6,4.6,4.5,4.6,199000,0
MAC,10/01/2007,4.65,4.7,4.6,4.7,353000,0
MAC,10/02/2007,4.7,4.75,4.7,4.7,345000,0
MAC,10/03/2007,4.8,4.8,4.7,4.7,396000,0
MAC,10/04/2007,4.8,5.4,4.8,5.1,3900000,0
MAC,10/05/2007,5.3,5.3,5.0,5.1,1315000,0
MAC,10/08/2007,5.2,5.2,5.0,5.0,427000,0
MAC,10/09/2007,5.1,5.1,4.9,5.0,196000,0
MAC,10/10/2007,5.0,5.0,4.9,4.95,510000,0
MAC,10/11/2007,5.0,5.1,4.95,5.1,348000,0
MAC,10/15/2007,5.1,5.2,5.0,5.1,950000,0
MAC,10/16/2007,5.1,5.4,5.0,5.2,1242000,0
MAC,10/17/2007,5.3,5.4,5.2,5.4,2568000,0
MAC,10/18/2007,5.5,5.7,5.3,5.5,2479000,0
MAC,10/19/2007,5.5,5.6,5.3,5.3,1562000,0
MAC,10/22/2007,5.0,5.1,4.9,4.95,1614000,0
MAC,10/23/2007,4.95,5.2,4.95,4.95,476000,0
MAC,10/24/2007,5.1,5.2,5.0,5.2,294000,0
MAC,10/25/2007,5.2,5.4,5.2,5.4,1467000,0
MAC,10/26/2007,5.4,5.4,5.3,5.3,42000,0
MAC,10/30/2007,5.4,5.5,5.2,5.3,592000,0
MAC,10/31/2007,5.3,5.4,5.2,5.3,973000,0
MAC,11/05/2007,5.3,5.3,5.2,5.2,285000,0
MAC,11/06/2007,5.2,5.4,5.2,5.2,129000,0
MAC,11/07/2007,5.2,5.3,5.1,5.2,415000,0
MAC,11/08/2007,5.2,5.2,5.1,5.1,435000,0
MAC,11/09/2007,5.1,5.3,5.1,5.1,236000,0
MAC,11/12/2007,5.0,5.0,4.8,4.95,458000,0
MAC,11/13/2007,4.95,5.0,4.9,4.95,97000,0
MAC,11/14/2007,5.0,5.1,5.0,5.1,145000,0
MAC,11/15/2007,5.1,5.1,4.95,5.0,629000,0
MAC,11/16/2007,5.1,5.1,5.1,5.1,1000,0
MAC,11/19/2007,5.0,5.0,4.9,4.9,145000,0
MAC,11/20/2007,4.8,4.9,4.8,4.8,617000,0
MAC,11/21/2007,4.85,4.85,4.8,4.8,156000,0
MAC,11/22/2007,4.4,4.75,4.4,4.75,16000,0
MAC,11/23/2007,4.75,4.75,4.75,4.75,1000,0
MAC,11/26/2007,4.75,4.8,4.75,4.75,21000,0
MAC,11/27/2007,4.7,4.7,4.7,4.7,8000,0
MAC,11/28/2007,4.75,4.75,4.7,4.7,44000,0
MAC,11/29/2007,4.85,4.85,4.5,4.55,67000,0
MAC,12/03/2007,4.7,4.8,4.7,4.8,108000,0
MAC,12/04/2007,4.7,4.8,4.7,4.8,11000,0
MAC,12/05/2007,4.7,4.7,4.65,4.65,511000,0
MAC,12/06/2007,4.75,4.85,4.75,4.8,764000,0
MAC,12/07/2007,4.8,4.8,4.7,4.8,365000,0
MAC,12/10/2007,4.9,5.0,4.85,4.9,381000,0
MAC,12/11/2007,4.7,4.8,4.7,4.8,230000,0
MAC,12/12/2007,4.7,4.7,4.7,4.7,6000,0
MAC,12/13/2007,4.6,4.7,4.6,4.7,337000,0
MAC,12/14/2007,4.7,4.75,4.7,4.7,1601000,0
MAC,12/17/2007,4.65,4.65,4.5,4.6,475000,0
MAC,12/18/2007,4.6,4.6,4.55,4.6,275000,0
MAC,12/19/2007,4.6,4.7,4.6,4.65,321000,0
MAC,12/20/2007,4.7,4.75,4.6,4.75,144000,0
MAC,12/21/2007,4.75,4.75,4.7,4.7,102000,0
MAC,12/26/2007,4.75,5.0,4.75,4.95,644000,0
MAC,12/27/2007,5.0,5.0,4.95,4.95,1373000,0
MAC,12/28/2007,5.0,5.0,4.9,5.0,206000,0
MAC,01/02/2008,5.0,5.0,5.0,5.0,16000,0
MAC,01/03/2008,5.0,5.2,5.0,5.1,2300000,0
MAC,01/04/2008,5.2,5.2,5.0,5.0,577000,0
MAC,01/07/2008,4.9,4.9,4.8,4.8,161000,0
MAC,01/08/2008,4.85,5.0,4.85,4.95,1030000,0
MAC,01/09/2008,4.95,4.95,4.9,4.95,279000,0
MAC,01/10/2008,4.95,4.95,4.9,4.9,93000,0
MAC,01/11/2008,4.95,4.95,4.85,4.85,91000,0
MAC,01/14/2008,4.8,4.9,4.75,4.75,154000,0
MAC,01/15/2008,4.9,4.9,4.85,4.85,4000,0
MAC,01/16/2008,4.8,4.8,4.8,4.8,145000,0
MAC,01/18/2008,4.3,4.45,4.2,4.45,239000,0
MAC,01/21/2008,4.4,4.5,4.4,4.5,194000,0
MAC,01/22/2008,4.4,4.4,4.2,4.3,163000,0
MAC,01/23/2008,4.55,4.65,4.3,4.3,150000,0
MAC,01/24/2008,4.5,4.5,4.3,4.3,103000,0
MAC,01/25/2008,4.2,4.2,4.15,4.2,349000,0
MAC,01/28/2008,4.15,4.15,4.15,4.15,265000,0
MAC,01/29/2008,4.2,4.2,4.1,4.15,203000,0
MAC,01/30/2008,4.15,4.2,4.15,4.15,202000,0
MAC,01/31/2008,4.05,4.05,4.05,4.05,10000,0
MAC,02/01/2008,4.15,4.15,4.05,4.05,108000,0
MAC,02/04/2008,4.1,4.1,4.0,4.0,209000,0
MAC,02/05/2008,4.05,4.05,3.95,4.0,37000,0
MAC,02/06/2008,4.05,4.05,4.05,4.05,12000,0
MAC,02/07/2008,4.15,4.2,4.1,4.15,138000,0
MAC,02/08/2008,4.2,4.2,4.1,4.15,78000,0
MAC,02/11/2008,4.05,4.15,4.05,4.1,38000,0
MAC,02/12/2008,4.1,4.1,4.0,4.05,104000,0
MAC,02/13/2008,4.15,4.15,4.0,4.05,232000,0
MAC,02/14/2008,4.1,4.1,4.0,4.0,35000,0
MAC,02/18/2008,4.1,4.15,4.1,4.15,144000,0
MAC,02/19/2008,4.3,4.3,4.2,4.2,55000,0
MAC,02/20/2008,4.2,4.3,4.2,4.3,10000,0
MAC,02/22/2008,4.3,4.3,4.15,4.15,192000,0
MAC,02/26/2008,4.0,4.05,4.0,4.0,32000,0
MAC,02/27/2008,4.0,4.0,4.0,4.0,2000,0
MAC,02/29/2008,4.0,4.0,3.95,4.0,38000,0
MAC,03/05/2008,3.95,4.0,3.9,4.0,63000,0
MAC,03/06/2008,3.95,4.0,3.95,3.95,122000,0
MAC,03/07/2008,3.9,3.9,3.85,3.85,123000,0
MAC,03/11/2008,3.75,3.9,3.75,3.9,2000,0
MAC,03/12/2008,4.0,4.0,3.9,3.95,12000,0
MAC,03/13/2008,3.75,3.75,3.65,3.65,190000,0
MAC,03/17/2008,3.6,3.65,3.5,3.5,160000,0
MAC,03/19/2008,3.6,3.6,3.6,3.6,8000,0
MAC,03/24/2008,3.8,3.8,3.8,3.8,1000,0
MAC,03/25/2008,3.8,3.8,3.65,3.8,102000,0
MAC,03/26/2008,3.7,3.85,3.7,3.85,11000,0
MAC,03/31/2008,3.75,3.75,3.75,3.75,15000,0
MAC,04/01/2008,3.75,3.75,3.75,3.75,11000,0
MAC,04/02/2008,3.9,3.9,3.5,3.5,21000,0
MAC,04/03/2008,3.7,3.8,3.65,3.7,181000,0
MAC,04/04/2008,3.7,3.7,3.7,3.7,92000,0
MAC,04/08/2008,3.8,3.9,3.8,3.9,33000,0
MAC,04/09/2008,3.9,3.9,3.9,3.9,2000,0
MAC,04/10/2008,3.9,3.9,3.9,3.9,9000,0
MAC,04/11/2008,3.9,3.9,3.8,3.8,8000,0
MAC,04/14/2008,3.75,3.75,3.75,3.75,4000,0
MAC,04/15/2008,3.9,3.9,3.9,3.9,2000,0
MAC,04/16/2008,3.9,3.9,3.8,3.8,17000,0
MAC,04/17/2008,3.7,3.7,3.7,3.7,88000,0
MAC,04/22/2008,3.65,3.75,3.6,3.6,157000,0
MAC,04/24/2008,3.6,3.6,3.6,3.6,8000,0
MAC,04/25/2008,3.6,3.6,3.5,3.5,30000,0
MAC,04/29/2008,3.5,3.5,3.5,3.5,1000,0
MAC,05/02/2008,3.4,3.4,3.4,3.4,22000,0
MAC,05/05/2008,3.4,3.4,3.4,3.4,2000,0
MAC,05/07/2008,3.4,3.4,3.4,3.4,7000,0
MAC,05/08/2008,3.4,3.4,3.4,3.4,2000,0
MAC,05/09/2008,3.4,3.5,3.3,3.5,44000,0
MAC,05/14/2008,3.5,3.5,3.5,3.5,17000,0
MAC,05/15/2008,3.5,3.5,3.5,3.5,5000,0
MAC,05/16/2008,3.5,3.55,3.45,3.55,45000,0
MAC,05/19/2008,3.55,3.55,3.55,3.55,13000,0
MAC,05/20/2008,3.55,3.65,3.55,3.65,22000,0
MAC,05/21/2008,3.7,3.9,3.7,3.9,149000,0
MAC,05/22/2008,3.95,3.95,3.9,3.95,38000,0
MAC,05/23/2008,4.0,4.3,4.0,4.3,640000,0
MAC,05/26/2008,4.4,4.4,4.1,4.1,60000,0
MAC,05/27/2008,4.15,4.3,4.1,4.3,413000,0
MAC,05/28/2008,4.25,4.35,4.25,4.35,678000,0
MAC,05/29/2008,4.35,4.45,4.3,4.3,447000,0
MAC,05/30/2008,4.4,4.4,4.3,4.3,190000,0
MAC,06/02/2008,4.3,4.35,4.3,4.3,181000,0
MAC,06/03/2008,4.2,4.2,3.9,4.1,138000,0
MAC,06/04/2008,4.2,4.2,4.1,4.1,60000,0
MAC,06/05/2008,4.15,4.2,4.1,4.15,153000,0
MAC,06/06/2008,4.2,4.25,4.15,4.15,83000,0
MAC,06/10/2008,4.05,4.15,4.05,4.15,273000,0
MAC,06/11/2008,4.15,4.15,3.9,4.1,512000,0
MAC,06/12/2008,4.05,4.1,4.05,4.1,211000,0
MAC,06/13/2008,4.1,4.1,4.0,4.1,1245000,0
MAC,06/16/2008,4.15,4.2,4.15,4.2,2000,0
MAC,06/17/2008,4.15,4.15,4.15,4.15,303000,0
MAC,06/18/2008,4.1,4.1,4.1,4.1,19000,0
MAC,06/19/2008,3.95,3.95,3.95,3.95,40000,0
MAC,06/24/2008,4.1,4.1,4.0,4.0,365000,0
MAC,06/25/2008,4.05,4.05,3.95,3.95,161000,0
MAC,06/26/2008,4.1,4.1,4.0,4.0,54000,0
MAC,06/27/2008,3.95,4.0,3.95,4.0,357000,0
MAC,07/01/2008,4.0,4.0,3.9,3.9,545000,0
MAC,07/02/2008,3.85,3.85,3.75,3.75,796000,0
MAC,07/04/2008,3.75,3.9,3.75,3.75,259000,0
MAC,07/07/2008,3.8,3.8,3.7,3.75,221000,0
MAC,07/08/2008,3.8,3.8,3.7,3.7,193000,0
MAC,07/09/2008,3.75,3.75,3.75,3.75,3000,0
MAC,07/10/2008,3.65,3.8,3.65,3.8,48000,0
MAC,07/11/2008,3.75,3.8,3.75,3.75,133000,0
MAC,07/14/2008,3.8,3.8,3.8,3.8,1000,0
MAC,07/16/2008,3.95,3.95,3.75,3.75,93000,0
MAC,07/17/2008,3.85,3.95,3.85,3.9,271000,0
MAC,07/18/2008,3.95,4.1,3.95,4.1,384000,0
MAC,07/21/2008,4.1,4.1,4.0,4.05,432000,0
MAC,07/22/2008,4.05,4.05,3.9,3.95,1172000,0
MAC,07/23/2008,4.05,4.05,4.05,4.05,1000,0
MAC,07/24/2008,4.05,4.15,4.0,4.15,844000,0
MAC,07/25/2008,4.05,4.15,4.05,4.1,1056000,0
MAC,07/28/2008,4.15,4.25,4.15,4.2,399000,0
MAC,07/29/2008,4.05,4.15,4.05,4.15,501000,0
MAC,07/30/2008,4.1,4.15,4.1,4.15,1236000,0
MAC,07/31/2008,4.05,4.05,4.0,4.0,82000,0
MAC,08/01/2008,4.0,4.05,3.9,3.9,52000,0
MAC,08/06/2008,4.05,4.05,4.05,4.05,1000,0
MAC,08/07/2008,3.95,4.05,3.9,4.0,2414000,0
MAC,08/08/2008,4.0,4.0,4.0,4.0,2000,0
MAC,08/11/2008,4.0,4.0,3.95,4.0,1310000,0
MAC,08/12/2008,4.05,4.05,4.0,4.0,3657000,0
MAC,08/13/2008,4.05,4.05,4.05,4.05,1000,0
MAC,08/14/2008,4.05,4.05,4.0,4.05,4998000,0
MAC,08/15/2008,4.15,4.2,4.15,4.15,1771000,0
MAC,08/21/2008,4.15,4.15,4.1,4.15,899000,0
MAC,08/26/2008,4.15,4.15,4.0,4.0,231000,0
MAC,08/27/2008,4.0,4.15,4.0,4.1,919000,0
MAC,08/29/2008,4.05,4.15,4.05,4.05,218000,0
MAC,09/01/2008,4.1,4.1,4.0,4.1,3000,0
MAC,09/02/2008,3.95,4.1,3.95,4.1,8000,0
MAC,09/08/2008,4.0,4.0,4.0,4.0,10000,0
MAC,09/09/2008,3.75,3.95,3.75,3.95,11000,0
MAC,09/10/2008,3.45,4.0,3.45,4.0,105000,0
MAC,09/16/2008,4.0,4.0,4.0,4.0,50000,0
MAC,09/17/2008,4.0,4.0,4.0,4.0,1000,0
MAC,09/22/2008,3.45,3.95,3.45,3.5,93000,0
MAC,09/24/2008,3.5,3.5,3.5,3.5,60000,0
MAC,09/25/2008,3.55,3.6,3.55,3.6,6000,0
MAC,09/26/2008,3.6,3.6,3.6,3.6,2000,0
MAC,09/30/2008,3.5,3.65,3.45,3.65,58000,0
MAC,10/02/2008,3.8,3.85,3.8,3.8,27000,0
MAC,10/03/2008,3.8,3.95,3.8,3.95,21000,0
MAC,10/08/2008,3.3,3.3,3.25,3.25,61000,0
MAC,10/09/2008,3.6,3.6,3.1,3.25,54000,0
MAC,10/10/2008,3.2,3.2,3.0,3.1,200000,0
MAC,10/13/2008,3.2,3.25,3.1,3.25,3000,0
MAC,10/14/2008,3.25,3.25,3.25,3.25,35000,0
MAC,10/16/2008,3.05,3.05,3.0,3.0,827000,0
MAC,10/17/2008,3.2,3.2,3.0,3.0,103000,0
MAC,10/20/2008,3.1,3.1,3.0,3.0,73000,0
MAC,10/21/2008,3.05,3.1,3.0,3.0,76000,0
MAC,10/22/2008,3.05,3.05,3.0,3.05,140000,0
MAC,10/23/2008,3.0,3.0,2.95,3.0,526000,0
MAC,10/24/2008,2.95,2.95,2.9,2.9,579000,0
MAC,10/27/2008,2.8,2.8,2.75,2.8,101000,0
MAC,10/28/2008,3.0,3.0,3.0,3.0,1000,0
MAC,10/29/2008,3.1,3.2,3.1,3.2,61000,0
MAC,10/30/2008,3.0,3.0,2.95,2.95,32000,0
MAC,10/31/2008,3.0,3.0,3.0,3.0,15000,0
MAC,11/03/2008,3.0,3.0,3.0,3.0,17000,0
MAC,11/04/2008,3.0,3.0,3.0,3.0,100000,0
MAC,11/05/2008,3.2,3.2,3.0,3.0,253000,0
MAC,11/07/2008,3.0,3.5,3.0,3.5,105000,0
MAC,11/10/2008,3.6,3.6,3.55,3.6,90000,0
MAC,11/11/2008,3.6,3.7,3.6,3.7,261000,0
MAC,11/12/2008,3.7,3.7,3.7,3.7,5000,0
MAC,11/13/2008,3.5,3.65,3.5,3.65,65000,0
MAC,11/14/2008,3.65,3.7,3.65,3.7,184000,0
MAC,11/17/2008,3.7,3.75,3.7,3.75,100000,0
MAC,11/18/2008,3.75,3.75,3.6,3.7,94000,0
MAC,11/19/2008,3.6,3.6,3.0,3.4,336000,0
MAC,11/20/2008,3.1,3.25,2.8,2.9,230000,0
MAC,11/21/2008,2.8,2.9,2.8,2.9,20000,0
MAC,11/24/2008,2.9,2.9,2.9,2.9,9000,0
MAC,11/25/2008,3.15,3.5,3.1,3.5,690000,0
MAC,11/26/2008,3.5,3.5,3.25,3.5,620000,0
MAC,11/27/2008,3.6,3.7,3.5,3.7,457000,0
MAC,11/28/2008,3.6,3.75,3.55,3.75,370000,0
MAC,12/02/2008,3.55,3.55,3.4,3.4,110000,0
MAC,12/03/2008,3.4,3.55,3.4,3.55,575000,0
MAC,12/04/2008,3.5,3.65,3.4,3.65,431000,0
MAC,12/05/2008,3.6,3.65,3.6,3.65,15000,0
MAC,12/08/2008,3.65,3.65,3.65,3.65,152000,0
MAC,12/09/2008,3.7,3.7,3.65,3.65,44000,0
MAC,12/10/2008,3.65,3.7,3.65,3.7,323000,0
MAC,12/11/2008,3.65,3.7,3.65,3.7,197000,0
MAC,12/15/2008,3.65,3.65,3.55,3.65,66000,0
MAC,12/16/2008,3.6,3.6,3.6,3.6,221000,0
MAC,12/17/2008,3.65,3.65,3.65,3.65,1000,0
MAC,12/18/2008,3.5,3.5,3.5,3.5,60000,0
MAC,12/19/2008,3.45,3.6,3.4,3.6,27000,0
MAC,12/23/2008,3.45,3.5,3.4,3.45,22000,0
MAC,12/24/2008,3.55,3.55,3.4,3.5,32000,0
MAC,01/05/2009,3.75,3.75,3.75,3.75,1000,0
MAC,01/06/2009,3.55,3.55,3.45,3.45,121000,0
MAC,01/07/2009,3.6,3.6,3.6,3.6,58000,0
MAC,01/08/2009,3.55,3.55,3.55,3.55,7000,0
MAC,01/09/2009,3.55,3.55,3.55,3.55,11000,0
MAC,01/12/2009,3.55,3.55,3.55,3.55,2000,0
MAC,01/13/2009,3.5,3.5,3.4,3.45,30000,0
MAC,01/14/2009,3.45,3.45,3.4,3.4,8000,0
MAC,01/16/2009,3.45,3.5,3.45,3.45,17000,0
MAC,01/19/2009,3.5,3.5,3.4,3.45,3000,0
MAC,01/20/2009,3.5,3.5,3.45,3.45,8000,0
MAC,01/21/2009,3.4,3.5,3.4,3.5,107000,0
MAC,01/22/2009,3.55,3.6,3.55,3.6,102000,0
MAC,01/23/2009,3.55,3.6,3.55,3.6,45000,0
MAC,01/26/2009,3.6,3.6,3.6,3.6,2000,0
MAC,01/27/2009,3.55,3.6,3.5,3.5,48000,0
MAC,01/28/2009,3.5,3.5,3.45,3.45,108000,0
MAC,01/29/2009,3.45,3.45,3.35,3.4,129000,0
MAC,01/30/2009,3.35,3.4,3.3,3.4,102000,0
MAC,02/02/2009,3.4,3.4,3.4,3.4,3000,0
MAC,02/03/2009,3.25,3.45,3.25,3.45,21000,0
MAC,02/04/2009,3.45,3.45,3.45,3.45,2000,0
MAC,02/05/2009,3.4,3.5,3.4,3.5,94000,0
MAC,02/06/2009,3.35,3.5,3.35,3.5,69000,0
MAC,02/11/2009,3.1,3.1,3.1,3.1,5000,0
MAC,02/12/2009,3.4,3.4,3.4,3.4,1000,0
MAC,02/13/2009,3.4,3.4,3.4,3.4,60000,0
MAC,02/17/2009,3.15,3.4,3.15,3.4,11000,0
MAC,02/19/2009,3.3,3.3,3.3,3.3,1000,0
MAC,02/20/2009,3.3,3.3,3.3,3.3,1000,0
MAC,02/25/2009,3.4,3.4,3.4,3.4,1000,0
MAC,02/26/2009,3.3,3.3,3.3,3.3,10000,0
MAC,03/02/2009,3.2,3.2,3.2,3.2,82000,0
MAC,03/03/2009,3.25,3.25,3.25,3.25,1000,0
MAC,03/05/2009,3.25,3.25,3.2,3.25,10000,0
MAC,03/09/2009,3.2,3.2,3.0,3.15,44000,0
MAC,03/10/2009,3.2,3.2,3.15,3.15,6000,0
MAC,03/11/2009,3.2,3.2,3.2,3.2,1000,0
MAC,03/17/2009,3.25,3.25,3.25,3.25,1000,0
MAC,03/18/2009,3.25,3.25,3.25,3.25,817000,0
MAC,03/20/2009,3.2,3.2,3.2,3.2,2000,0
MAC,03/23/2009,3.0,3.2,3.0,3.2,28000,0
MAC,03/25/2009,3.0,3.0,3.0,3.0,20000,0
MAC,03/26/2009,3.0,3.15,3.0,3.05,231000,0
MAC,03/27/2009,3.1,3.1,3.0,3.0,65000,0
MAC,03/30/2009,2.9,3.0,2.8,2.8,326000,0
MAC,03/31/2009,2.95,2.95,2.8,2.9,137000,0
MAC,04/01/2009,2.9,3.0,2.8,3.0,319000,0
MAC,04/02/2009,3.0,3.0,2.85,3.0,173000,0
MAC,04/03/2009,3.0,3.0,2.9,3.0,35000,0
MAC,04/07/2009,3.0,3.0,3.0,3.0,13000,0
MAC,04/08/2009,3.0,3.0,3.0,3.0,6000,0
MAC,04/13/2009,3.05,3.05,3.0,3.0,326000,0
MAC,04/14/2009,3.05,3.05,3.05,3.05,2000,0
MAC,04/15/2009,3.05,3.05,2.95,3.05,201000,0
MAC,04/16/2009,3.0,3.0,3.0,3.0,51000,0
MAC,04/17/2009,3.05,3.1,2.95,3.05,174000,0
MAC,04/20/2009,3.05,3.05,2.95,2.95,237000,0
MAC,04/21/2009,3.05,3.05,3.05,3.05,5000,0
MAC,04/22/2009,3.0,3.05,3.0,3.0,17000,0
MAC,04/23/2009,3.0,3.0,3.0,3.0,1000,0
MAC,04/24/2009,2.9,3.05,2.9,3.0,243000,0
MAC,04/27/2009,3.05,3.05,3.05,3.05,1000,0
MAC,04/28/2009,2.8,3.0,2.8,3.0,1130000,0
MAC,04/29/2009,3.0,3.0,3.0,3.0,2000,0
MAC,04/30/2009,2.95,2.95,2.9,2.95,13000,0
MAC,05/04/2009,3.0,3.0,3.0,3.0,5000,0
MAC,05/05/2009,3.0,3.0,2.9,2.9,55000,0
MAC,05/06/2009,2.9,2.95,2.9,2.9,173000,0
MAC,05/07/2009,3.0,3.0,2.85,2.85,83000,0
MAC,05/08/2009,2.85,2.9,2.85,2.9,329000,0
MAC,05/11/2009,3.0,3.0,2.95,2.95,276000,0
MAC,05/12/2009,2.95,3.1,2.95,3.1,132000,0
MAC,05/13/2009,3.1,3.2,3.1,3.1,265000,0
MAC,05/14/2009,3.15,3.15,3.15,3.15,5000,0
MAC,05/15/2009,3.1,3.1,3.1,3.1,161000,0
MAC,05/18/2009,3.0,3.0,3.0,3.0,5000,0
MAC,05/19/2009,3.0,3.0,2.9,2.9,125000,0
MAC,05/20/2009,2.85,2.9,2.85,2.9,83000,0
MAC,05/21/2009,2.9,2.9,2.9,2.9,85000,0
MAC,05/22/2009,2.9,2.9,2.85,2.9,120000,0
MAC,05/25/2009,2.9,2.9,2.85,2.85,182000,0
MAC,05/26/2009,2.85,2.85,2.85,2.85,53000,0
MAC,05/27/2009,2.8,2.85,2.8,2.8,85000,0
MAC,05/28/2009,2.8,2.9,2.8,2.85,229000,0
MAC,05/29/2009,2.85,2.85,2.8,2.8,126000,0
MAC,06/01/2009,2.8,2.8,2.8,2.8,141000,0
MAC,06/02/2009,2.9,2.9,2.9,2.9,100000,0
MAC,06/03/2009,2.9,2.9,2.85,2.85,251000,0
MAC,06/04/2009,2.9,3.2,2.9,2.95,686000,0
MAC,06/05/2009,3.0,3.0,2.85,2.9,491000,0
MAC,06/08/2009,2.95,2.95,2.85,2.85,242000,0
MAC,06/09/2009,2.9,2.9,2.85,2.85,35000,0
MAC,06/10/2009,2.8,2.85,2.8,2.8,290000,0
MAC,06/11/2009,2.8,2.8,2.8,2.8,529000,0
MAC,06/15/2009,2.8,2.8,2.8,2.8,55000,0
MAC,06/16/2009,2.75,2.8,2.7,2.8,77000,0
MAC,06/17/2009,2.7,2.85,2.7,2.85,48000,0
MAC,06/18/2009,2.85,2.85,2.85,2.85,4000,0
MAC,06/24/2009,3.0,3.0,2.7,2.75,139000,0
MAC,06/25/2009,2.85,2.85,2.85,2.85,52000,0
MAC,06/26/2009,2.75,2.75,2.75,2.75,30000,0
MAC,06/29/2009,2.85,2.85,2.85,2.85,130000,0
MAC,07/01/2009,2.85,2.9,2.7,2.9,206000,0
MAC,07/02/2009,2.9,2.9,2.9,2.9,106000,0
MAC,07/03/2009,2.8,2.8,2.7,2.75,233000,0
MAC,07/07/2009,2.75,2.8,2.75,2.8,111000,0
MAC,07/09/2009,2.85,2.85,2.85,2.85,1000,0
MAC,07/10/2009,2.85,2.85,2.75,2.75,22000,0
MAC,07/13/2009,2.8,2.8,2.75,2.75,48000,0
MAC,07/14/2009,2.85,2.85,2.85,2.85,1000,0
MAC,07/15/2009,2.8,2.85,2.8,2.8,81000,0
MAC,07/16/2009,2.85,2.85,2.8,2.85,13000,0
MAC,07/20/2009,2.9,2.9,2.9,2.9,2000,0
MAC,07/21/2009,2.85,2.85,2.8,2.8,14000,0
MAC,07/22/2009,2.8,2.8,2.5,2.75,647000,0
MAC,07/23/2009,2.85,2.9,2.8,2.85,438000,0
MAC,07/24/2009,2.95,2.95,2.85,2.9,290000,0
MAC,07/27/2009,2.95,3.05,2.85,2.9,658000,0
MAC,07/28/2009,2.95,2.95,2.8,2.85,63000,0
MAC,07/29/2009,2.9,2.9,2.85,2.85,100000,0
MAC,07/30/2009,2.8,2.8,2.75,2.75,100000,0
MAC,07/31/2009,2.8,2.8,2.75,2.8,193000,0
MAC,08/03/2009,2.75,2.8,2.75,2.75,445000,0
MAC,08/04/2009,2.85,2.85,2.75,2.8,80000,0
MAC,08/06/2009,2.8,2.85,2.8,2.8,273000,0
MAC,08/07/2009,2.8,2.8,2.75,2.75,166000,0
MAC,08/10/2009,2.75,2.75,2.7,2.75,246000,0
MAC,08/11/2009,2.75,2.75,2.7,2.7,210000,0
MAC,08/12/2009,2.8,2.9,2.8,2.85,1033000,0
MAC,08/13/2009,2.9,3.1,2.85,3.0,948000,0
MAC,08/14/2009,3.0,3.05,2.9,2.95,229000,0
MAC,08/17/2009,2.8,2.95,2.8,2.95,180000,0
MAC,08/18/2009,2.8,2.9,2.8,2.9,103000,0
MAC,08/19/2009,2.95,3.0,2.95,3.0,561000,0
MAC,08/20/2009,2.95,2.95,2.9,2.9,230000,0
MAC,08/24/2009,2.9,2.95,2.9,2.9,164000,0
MAC,08/25/2009,2.9,3.0,2.9,2.9,513000,0
MAC,08/26/2009,2.9,3.05,2.9,3.05,457000,0
MAC,08/27/2009,3.05,3.15,3.05,3.1,283000,0
MAC,08/28/2009,3.0,3.0,2.95,2.95,390000,0
MAC,09/01/2009,2.9,2.9,2.9,2.9,420000,0
MAC,09/02/2009,2.9,2.9,2.85,2.85,229000,0
MAC,09/03/2009,2.85,2.9,2.85,2.85,146000,0
MAC,09/04/2009,2.85,2.9,2.85,2.9,158000,0
MAC,09/08/2009,2.9,2.9,2.85,2.85,554000,0
MAC,09/09/2009,2.9,2.9,2.85,2.85,52000,0
MAC,09/10/2009,2.9,2.95,2.9,2.9,743000,0
MAC,09/11/2009,2.95,2.95,2.9,2.9,308000,0
MAC,09/14/2009,2.9,2.9,2.85,2.9,393000,0
MAC,09/15/2009,2.9,2.9,2.85,2.9,455000,0
MAC,09/16/2009,2.9,2.9,2.85,2.9,440000,0
MAC,09/17/2009,2.9,2.9,2.9,2.9,93000,0
MAC,09/18/2009,2.9,2.95,2.9,2.95,205000,0
MAC,09/22/2009,2.95,3.0,2.95,2.95,164000,0
MAC,09/23/2009,2.95,3.0,2.95,3.0,219000,0
MAC,09/24/2009,3.0,3.0,2.95,2.95,160000,0
MAC,09/25/2009,2.95,2.95,2.95,2.95,1000,0
MAC,09/28/2009,2.9,2.9,2.85,2.9,117000,0
MAC,09/29/2009,2.85,2.85,2.85,2.85,120000,0
MAC,09/30/2009,2.85,2.85,2.85,2.85,60000,0
MAC,10/01/2009,2.85,2.85,2.85,2.85,50000,0
MAC,10/02/2009,2.85,2.9,2.85,2.9,51000,0
MAC,10/07/2009,2.9,2.9,2.85,2.85,364000,0
MAC,10/08/2009,2.9,2.9,2.85,2.85,172000,0
MAC,10/09/2009,2.9,2.9,2.9,2.9,158000,0
MAC,10/12/2009,2.85,2.85,2.85,2.85,320000,0
MAC,10/13/2009,2.85,2.9,2.85,2.85,238000,0
MAC,10/14/2009,2.9,2.9,2.85,2.85,95000,0
MAC,10/15/2009,2.8,2.85,2.8,2.85,171000,0
MAC,10/16/2009,2.85,2.9,2.85,2.85,80000,0
MAC,10/19/2009,2.85,2.85,2.85,2.85,92000,0
MAC,10/20/2009,2.9,2.9,2.85,2.85,196000,0
MAC,10/21/2009,2.85,2.85,2.85,2.85,72000,0
MAC,10/22/2009,2.9,2.9,2.9,2.9,190000,0
MAC,10/23/2009,2.95,2.95,2.9,2.9,7000,0
MAC,10/26/2009,2.85,2.9,2.85,2.9,513000,0
MAC,10/27/2009,2.85,2.85,2.85,2.85,2000,0
MAC,10/28/2009,2.8,2.8,2.8,2.8,96000,0
MAC,10/29/2009,2.75,2.75,2.75,2.75,53000,0
MAC,10/30/2009,2.85,2.85,2.85,2.85,65000,0
MAC,11/03/2009,2.85,2.85,2.8,2.8,200000,0
MAC,11/04/2009,2.8,2.8,2.8,2.8,85000,0
MAC,11/06/2009,2.7,2.7,2.7,2.7,5000,0
MAC,11/09/2009,2.7,2.7,2.7,2.7,2000,0
MAC,11/10/2009,2.7,2.7,2.7,2.7,149000,0
MAC,11/11/2009,2.7,2.75,2.7,2.75,446000,0
MAC,11/12/2009,2.75,2.8,2.75,2.8,202000,0
MAC,11/13/2009,2.85,3.0,2.85,2.9,480000,0
MAC,11/16/2009,3.0,3.0,3.0,3.0,240000,0
MAC,11/17/2009,2.85,2.85,2.85,2.85,130000,0
MAC,11/18/2009,2.85,2.95,2.85,2.9,124000,0
MAC,11/19/2009,2.95,2.95,2.95,2.95,1000,0
MAC,11/24/2009,2.8,2.8,2.8,2.8,100000,0
MAC,11/25/2009,2.8,2.8,2.8,2.8,8000,0
MAC,11/26/2009,2.8,2.8,2.8,2.8,2000,0
MAC,11/27/2009,2.75,2.75,2.75,2.75,187000,0
MAC,12/01/2009,2.85,2.85,2.8,2.8,47000,0
MAC,12/03/2009,2.8,2.8,2.8,2.8,95000,0
MAC,12/04/2009,2.85,2.85,2.85,2.85,1000,0
MAC,12/07/2009,2.85,2.85,2.85,2.85,1000,0
MAC,12/09/2009,2.8,2.8,2.8,2.8,131000,0
MAC,12/10/2009,2.8,2.8,2.8,2.8,65000,0
MAC,12/11/2009,2.8,2.8,2.8,2.8,46000,0
MAC,12/15/2009,2.8,2.8,2.8,2.8,105000,0
MAC,12/17/2009,2.85,2.85,2.8,2.85,56000,0
MAC,12/18/2009,2.75,2.75,2.75,2.75,18000,0
MAC,12/21/2009,2.8,2.8,2.8,2.8,30000,0
MAC,12/28/2009,2.75,2.75,2.75,2.75,75000,0
MAC,12/29/2009,3.0,3.2,2.8,3.0,62000,0
MAC,01/05/2010,2.95,3.05,2.95,3.0,679000,0
MAC,01/06/2010,3.0,3.0,2.95,2.95,466000,0
MAC,01/07/2010,3.0,3.0,2.95,3.0,402000,0
MAC,01/08/2010,2.95,2.95,2.9,2.9,99000,0
MAC,01/11/2010,2.9,2.9,2.9,2.9,99000,0
MAC,01/12/2010,2.85,2.9,2.85,2.85,183000,0
MAC,01/13/2010,2.85,2.85,2.85,2.85,25000,0
MAC,01/14/2010,2.95,2.95,2.95,2.95,30000,0
MAC,01/15/2010,2.95,2.95,2.85,2.85,31000,0
MAC,01/18/2010,2.9,2.9,2.8,2.8,127000,0
MAC,01/19/2010,2.85,2.85,2.8,2.8,7000,0
MAC,01/21/2010,2.8,2.9,2.8,2.85,36000,0
MAC,01/26/2010,2.85,2.95,2.85,2.95,160000,0
MAC,01/27/2010,2.75,2.75,2.75,2.75,50000,0
MAC,01/28/2010,2.8,2.8,2.8,2.8,50000,0
MAC,01/29/2010,2.75,2.75,2.75,2.75,20000,0
MAC,02/01/2010,2.75,2.75,2.75,2.75,109000,0
MAC,02/02/2010,2.75,2.8,2.7,2.7,105000,0
MAC,02/03/2010,2.65,2.65,2.65,2.65,10000,0
MAC,02/08/2010,2.65,2.7,2.65,2.7,77000,0
MAC,02/09/2010,2.55,2.6,2.55,2.6,84000,0
MAC,02/10/2010,2.65,2.65,2.6,2.6,75000,0
MAC,02/12/2010,2.7,2.7,2.7,2.7,30000,0
MAC,02/16/2010,2.6,2.6,2.6,2.6,24000,0
MAC,02/17/2010,2.65,2.65,2.65,2.65,21000,0
MAC,02/18/2010,2.75,3.0,2.75,2.8,27000,0
MAC,02/19/2010,2.75,2.75,2.65,2.65,202000,0
MAC,02/23/2010,2.65,2.7,2.6,2.7,106000,0
MAC,02/24/2010,2.65,2.75,2.65,2.75,81000,0
MAC,02/25/2010,2.65,2.75,2.65,2.7,60000,0
MAC,02/26/2010,2.65,2.7,2.65,2.7,10000,0
MAC,03/01/2010,2.7,2.7,2.7,2.7,28000,0
MAC,03/02/2010,2.75,2.85,2.75,2.75,85000,0
MAC,03/03/2010,2.8,2.9,2.8,2.9,219000,0
MAC,03/04/2010,2.8,2.8,2.7,2.7,87000,0
MAC,03/05/2010,2.8,2.85,2.8,2.85,5000,0
MAC,03/08/2010,2.85,2.85,2.85,2.85,4000,0
MAC,03/09/2010,2.8,2.8,2.8,2.8,10000,0
MAC,03/15/2010,2.8,2.8,2.8,2.8,1000,0
MAC,03/16/2010,2.8,2.8,2.8,2.8,2000,0
MAC,03/17/2010,2.8,2.85,2.8,2.85,33000,0
MAC,03/22/2010,2.75,2.75,2.75,2.75,10000,0
MAC,03/23/2010,2.75,2.8,2.7,2.8,42000,0
MAC,03/24/2010,2.8,2.8,2.7,2.7,12000,0
MAC,03/26/2010,2.8,2.8,2.8,2.8,2000,0
MAC,03/29/2010,2.8,2.8,2.8,2.8,22000,0
MAC,03/30/2010,2.7,2.8,2.7,2.8,80000,0
MAC,03/31/2010,2.7,2.8,2.7,2.75,124000,0
MAC,04/05/2010,2.8,2.85,2.8,2.85,34000,0
MAC,04/06/2010,2.85,2.85,2.85,2.85,3000,0
MAC,04/07/2010,2.85,2.9,2.85,2.85,41000,0
MAC,04/08/2010,2.85,2.9,2.85,2.85,71000,0
MAC,04/12/2010,2.9,2.9,2.8,2.85,87000,0
MAC,04/13/2010,2.9,3.0,2.9,2.95,276000,0
MAC,04/14/2010,3.0,3.0,2.95,2.95,39000,0
MAC,04/15/2010,2.9,2.95,2.85,2.85,253000,0
MAC,04/16/2010,2.8,2.85,2.8,2.85,95000,0
MAC,04/19/2010,2.85,2.85,2.85,2.85,15000,0
MAC,04/20/2010,2.9,2.9,2.85,2.85,13000,0
MAC,04/21/2010,2.85,2.85,2.8,2.85,28000,0
MAC,04/22/2010,2.9,2.9,2.85,2.85,7000,0
MAC,04/23/2010,2.9,2.9,2.9,2.9,5000,0
MAC,04/26/2010,2.9,2.9,2.85,2.85,67000,0
MAC,04/27/2010,2.85,2.85,2.85,2.85,5000,0
MAC,04/29/2010,2.85,2.9,2.8,2.85,348000,0
MAC,04/30/2010,2.85,2.9,2.8,2.85,28000,0
MAC,05/04/2010,2.9,2.9,2.85,2.85,122000,0
MAC,05/11/2010,3.0,3.0,2.8,2.85,25000,0
MAC,05/14/2010,2.85,2.85,2.85,2.85,30000,0
MAC,05/20/2010,2.85,2.85,2.85,2.85,4000,0
MAC,05/24/2010,2.85,2.85,2.85,2.85,100000,0
MAC,05/25/2010,2.8,2.8,2.8,2.8,41000,0
MAC,05/27/2010,2.85,2.85,2.8,2.8,182000,0
MAC,05/28/2010,2.85,2.85,2.75,2.8,155000,0
MAC,05/31/2010,2.8,2.85,2.8,2.85,11000,0
MAC,06/03/2010,2.75,2.8,2.75,2.8,101000,0
MAC,06/04/2010,2.8,2.8,2.75,2.75,45000,0
MAC,06/08/2010,2.8,2.8,2.8,2.8,25000,0
MAC,06/11/2010,2.85,2.85,2.85,2.85,1000,0
MAC,06/16/2010,2.8,2.8,2.8,2.8,76000,0
MAC,06/18/2010,2.85,2.85,2.85,2.85,1000,0
MAC,06/21/2010,2.85,2.85,2.85,2.85,2000,0
MAC,06/28/2010,2.8,2.85,2.8,2.85,53000,0
MAC,07/02/2010,2.5,2.75,2.5,2.6,314000,0
MAC,07/05/2010,2.6,2.7,2.6,2.7,51000,0
MAC,07/06/2010,2.7,2.75,2.7,2.7,69000,0
MAC,07/07/2010,2.6,2.7,2.6,2.7,19000,0
MAC,07/08/2010,2.75,2.8,2.7,2.7,566000,0
MAC,07/09/2010,2.7,2.8,2.7,2.8,10000,0
MAC,07/12/2010,2.8,2.8,2.75,2.75,15000,0
MAC,07/13/2010,2.75,2.9,2.7,2.85,297000,0
MAC,07/14/2010,2.85,2.95,2.85,2.85,288000,0
MAC,07/15/2010,2.75,2.8,2.7,2.7,50000,0
MAC,07/16/2010,2.8,2.85,2.8,2.8,31000,0
MAC,07/19/2010,2.8,2.8,2.8,2.8,27000,0
MAC,07/20/2010,2.85,2.95,2.85,2.9,719000,0
MAC,07/21/2010,2.95,2.95,2.85,2.95,267000,0
MAC,07/22/2010,2.95,3.05,2.95,3.0,974000,0
MAC,07/23/2010,3.0,3.0,2.95,3.0,323000,0
MAC,07/26/2010,3.05,3.05,3.01,3.01,325000,0
MAC,07/27/2010,3.0,3.0,2.92,2.92,203000,0
MAC,07/28/2010,3.0,3.0,2.92,2.95,363000,0
MAC,07/29/2010,2.99,2.99,2.93,2.93,16000,0
MAC,07/30/2010,2.9,2.9,2.85,2.85,210000,0
MAC,08/02/2010,2.86,2.86,2.86,2.86,103000,0
MAC,08/03/2010,2.86,2.86,2.85,2.85,167000,0
MAC,08/04/2010,2.85,2.85,2.85,2.85,55000,0
MAC,08/05/2010,2.83,2.85,2.75,2.85,265000,0
MAC,08/06/2010,2.84,2.84,2.8,2.8,120000,0
MAC,08/09/2010,2.8,2.82,2.8,2.82,208000,0
MAC,08/10/2010,2.86,2.86,2.86,2.86,61000,0
MAC,08/11/2010,2.82,2.82,2.82,2.82,62000,0
MAC,08/12/2010,2.8,2.8,2.8,2.8,50000,0
MAC,08/13/2010,2.8,2.8,2.8,2.8,2000,0
MAC,08/16/2010,2.8,2.8,2.78,2.78,110000,0
MAC,08/17/2010,2.78,2.78,2.78,2.78,164000,0
MAC,08/18/2010,2.8,2.8,2.75,2.75,94000,0
MAC,08/19/2010,2.75,2.75,2.75,2.75,10000,0
MAC,08/20/2010,2.75,2.75,2.75,2.75,555000,0
MAC,08/23/2010,2.6,2.75,2.6,2.75,104000,0
MAC,08/24/2010,2.73,2.73,2.65,2.65,71000,0
MAC,08/25/2010,2.62,2.65,2.62,2.65,139000,0
MAC,08/26/2010,2.63,2.63,2.63,2.63,90000,0
MAC,08/27/2010,2.63,2.7,2.6,2.7,210000,0
MAC,08/31/2010,2.65,2.65,2.65,2.65,15000,0
MAC,09/01/2010,2.65,2.65,2.65,2.65,50000,0
MAC,09/02/2010,2.66,2.66,2.66,2.66,30000,0
MAC,09/06/2010,2.68,2.68,2.68,2.68,30000,0
MAC,09/07/2010,2.67,2.67,2.67,2.67,8000,0
MAC,09/08/2010,2.6,2.65,2.6,2.65,101000,0
MAC,09/09/2010,2.7,2.73,2.7,2.73,49000,0
MAC,09/13/2010,2.75,2.77,2.75,2.77,38000,0
MAC,09/14/2010,2.85,2.9,2.8,2.8,94000,0
MAC,09/15/2010,2.8,2.9,2.8,2.9,98000,0
MAC,09/16/2010,2.88,2.9,2.8,2.9,121000,0
MAC,09/17/2010,2.94,2.94,2.9,2.92,165000,0
MAC,09/20/2010,3.1,3.1,2.98,3.03,192000,0
MAC,09/21/2010,3.05,3.1,3.0,3.05,920000,0
MAC,09/22/2010,3.0,3.0,2.94,2.94,80000,0
MAC,09/23/2010,3.0,3.15,3.0,3.15,203000,0
MAC,09/24/2010,3.2,3.24,3.1,3.15,275000,0
MAC,09/27/2010,3.15,3.15,3.0,3.0,310000,0
MAC,09/28/2010,3.0,3.1,2.96,2.96,197000,0
MAC,09/29/2010,2.97,2.98,2.96,2.98,99000,0
MAC,09/30/2010,2.93,2.93,2.93,2.93,52000,0
MAC,10/01/2010,3.0,3.0,3.0,3.0,5000,0
MAC,10/05/2010,3.01,3.05,3.0,3.05,36000,0
MAC,10/06/2010,3.15,3.19,3.0,3.0,392000,0
MAC,10/07/2010,3.05,3.25,3.05,3.2,798000,0
MAC,10/08/2010,3.25,3.6,3.2,3.58,1131000,0
MAC,10/11/2010,3.5,3.5,3.35,3.4,165000,0
MAC,10/12/2010,3.25,3.4,3.25,3.4,102000,0
MAC,10/13/2010,3.35,3.4,3.25,3.37,517000,0
MAC,10/14/2010,3.25,3.4,3.2,3.3,169000,0
MAC,10/15/2010,3.32,3.32,3.21,3.25,21000,0
MAC,10/18/2010,3.35,3.35,3.25,3.3,69000,0
MAC,10/19/2010,3.35,3.35,3.25,3.33,64000,0
MAC,10/20/2010,3.2,3.2,3.2,3.2,17000,0
MAC,10/22/2010,3.2,3.2,3.2,3.2,49000,0
MAC,10/26/2010,3.25,3.25,3.2,3.2,11000,0
MAC,10/27/2010,3.4,3.4,3.25,3.34,96000,0
MAC,10/28/2010,3.34,3.4,3.25,3.32,67000,0
MAC,10/29/2010,3.3,3.3,3.25,3.3,14000,0
MAC,11/02/2010,3.2,3.3,3.2,3.3,14000,0
MAC,11/03/2010,3.3,3.3,3.3,3.3,1000,0
MAC,11/04/2010,3.2,3.2,3.2,3.2,25000,0
MAC,11/05/2010,3.2,3.26,3.2,3.2,62000,0
MAC,11/08/2010,3.22,3.22,3.19,3.19,39000,0
MAC,11/09/2010,3.15,3.2,3.15,3.2,63000,0
MAC,11/10/2010,3.2,3.2,3.1,3.19,41000,0
MAC,11/11/2010,3.15,3.15,3.05,3.1,96000,0
MAC,11/12/2010,3.05,3.15,3.05,3.15,39000,0
MAC,11/15/2010,3.05,3.05,3.05,3.05,30000,0
MAC,11/17/2010,3.15,3.2,3.15,3.15,111000,0
MAC,11/18/2010,3.15,3.15,3.05,3.05,85000,0
MAC,11/19/2010,3.2,3.2,3.1,3.2,95000,0
MAC,11/22/2010,3.06,3.06,3.05,3.05,110000,0
MAC,11/23/2010,3.06,3.06,3.06,3.06,50000,0
MAC,11/24/2010,3.06,3.06,3.05,3.06,60000,0
MAC,11/25/2010,3.06,3.06,3.05,3.05,201000,0
MAC,11/26/2010,3.05,3.05,3.05,3.05,60000,0
MAC,12/01/2010,3.02,3.02,3.02,3.02,80000,0
MAC,12/02/2010,3.03,3.06,3.03,3.03,93000,0
MAC,12/03/2010,3.06,3.1,3.04,3.1,77000,0
MAC,12/06/2010,3.1,3.1,3.08,3.08,14000,0
MAC,12/07/2010,3.03,3.03,3.02,3.02,66000,0
MAC,12/08/2010,3.04,3.1,3.04,3.08,83000,0
MAC,12/09/2010,3.1,3.1,3.1,3.1,104000,0
MAC,12/10/2010,3.1,3.1,3.1,3.1,10000,0
MAC,12/13/2010,3.1,3.1,3.1,3.1,1000,0
MAC,12/14/2010,3.1,3.1,3.02,3.08,11000,0
MAC,12/15/2010,3.06,3.06,3.06,3.06,5000,0
MAC,12/16/2010,3.0,3.0,3.0,3.0,10000,0
MAC,12/17/2010,3.03,3.05,3.03,3.05,76000,0
MAC,12/20/2010,3.08,3.08,3.05,3.05,68000,0
MAC,12/21/2010,3.05,3.1,3.0,3.0,149000,0
MAC,12/22/2010,3.02,3.08,3.0,3.02,383000,0
MAC,12/23/2010,3.02,3.02,3.02,3.02,178000,0
MAC,12/28/2010,3.02,3.02,3.02,3.02,192000,0
MAC,12/29/2010,3.02,3.02,3.0,3.0,363000,0
MAC,12/30/2010,3.0,3.0,3.0,3.0,326000,0
MAC,01/03/2011,3.0,3.0,3.0,3.0,2000,0
MAC,01/05/2011,3.1,3.1,3.1,3.1,96000,0
MAC,01/06/2011,3.19,3.25,3.19,3.25,295000,0
MAC,01/07/2011,3.2,3.2,3.1,3.1,90000,0
MAC,01/10/2011,3.1,3.19,3.1,3.1,132000,0
MAC,01/11/2011,3.1,3.1,3.07,3.1,220000,0
MAC,01/12/2011,3.08,3.2,3.08,3.2,124000,0
MAC,01/13/2011,3.3,3.45,3.22,3.43,511000,0
MAC,01/14/2011,3.45,3.75,3.45,3.63,1364000,0
MAC,01/17/2011,3.7,3.7,3.6,3.63,576000,0
MAC,01/18/2011,3.63,3.63,3.48,3.55,128000,0
MAC,01/19/2011,3.6,3.6,3.45,3.45,271000,0
MAC,01/20/2011,3.45,3.45,3.28,3.32,253000,0
MAC,01/21/2011,3.32,3.32,3.3,3.3,205000,0
MAC,01/24/2011,3.35,3.4,3.35,3.35,227000,0
MAC,01/25/2011,3.3,3.5,3.3,3.4,168000,0
MAC,01/26/2011,3.35,3.4,3.3,3.3,528000,0
MAC,01/27/2011,3.3,3.39,3.3,3.35,141000,0
MAC,01/28/2011,3.32,3.32,3.3,3.3,111000,0
MAC,01/31/2011,3.25,3.25,3.25,3.25,22000,0
MAC,02/01/2011,3.25,3.25,3.2,3.2,27000,0
MAC,02/02/2011,3.25,3.25,3.2,3.2,147000,0
MAC,02/03/2011,3.12,3.12,3.12,3.12,50000,0
MAC,02/04/2011,3.14,3.14,3.14,3.14,55000,0
MAC,02/07/2011,3.15,3.22,3.15,3.22,20000,0
MAC,02/08/2011,3.2,3.2,3.2,3.2,70000,0
MAC,02/09/2011,3.2,3.25,3.2,3.25,10000,0
MAC,02/10/2011,3.15,3.15,3.15,3.15,85000,0
MAC,02/11/2011,3.15,3.25,3.15,3.25,60000,0
MAC,02/14/2011,3.25,3.3,3.25,3.25,40000,0
MAC,02/15/2011,3.3,3.3,3.3,3.3,1000,0
MAC,02/17/2011,3.2,3.2,3.2,3.2,17000,0
MAC,02/21/2011,3.15,3.15,3.15,3.15,54000,0
MAC,02/22/2011,3.15,3.15,3.15,3.15,52000,0
MAC,02/23/2011,3.35,3.35,3.35,3.35,3000,0
MAC,02/24/2011,3.15,3.15,3.15,3.15,78000,0
MAC,02/25/2011,3.15,3.15,3.15,3.15,100000,0
MAC,02/28/2011,3.15,3.15,3.15,3.15,42000,0
MAC,03/01/2011,3.15,3.15,3.15,3.15,130000,0
MAC,03/03/2011,3.1,3.1,3.1,3.1,78000,0
MAC,03/04/2011,3.05,3.05,3.05,3.05,113000,0
MAC,03/07/2011,3.05,3.05,3.05,3.05,20000,0
MAC,03/08/2011,3.05,3.15,3.05,3.15,73000,0
MAC,03/09/2011,3.2,3.38,3.2,3.38,92000,0
MAC,03/10/2011,3.28,3.3,3.28,3.3,121000,0
MAC,03/15/2011,3.25,3.25,3.1,3.1,76000,0
MAC,03/22/2011,3.2,3.2,3.2,3.2,2000,0
MAC,03/30/2011,3.1,3.1,3.1,3.1,30000,0
MAC,03/31/2011,3.2,3.2,3.2,3.2,10000,0
MAC,04/04/2011,3.1,3.32,3.1,3.32,42000,0
MAC,04/05/2011,3.2,3.2,3.2,3.2,26000,0
MAC,04/06/2011,3.1,3.1,3.1,3.1,165000,0
MAC,04/07/2011,3.1,3.15,3.0,3.1,346000,0
MAC,04/08/2011,3.1,3.1,3.1,3.1,100000,0
MAC,04/11/2011,3.05,3.05,3.05,3.05,115000,0
MAC,04/12/2011,3.05,3.1,3.05,3.1,123000,0
MAC,04/13/2011,3.1,3.1,3.1,3.1,200000,0
MAC,04/14/2011,3.1,3.1,3.1,3.1,254000,0
MAC,04/15/2011,3.1,3.14,3.1,3.14,168000,0
MAC,04/18/2011,3.0,3.1,2.95,3.0,453000,0
MAC,04/19/2011,3.0,3.0,3.0,3.0,252000,0
MAC,04/20/2011,3.05,3.05,3.05,3.05,5000,0
MAC,04/26/2011,3.05,3.06,3.05,3.06,59000,0
MAC,04/27/2011,3.1,3.11,3.1,3.11,7000,0
MAC,04/29/2011,3.05,3.05,3.05,3.05,2000,0
MAC,05/02/2011,3.25,3.25,3.15,3.25,43000,0
MAC,05/03/2011,3.11,3.11,3.11,3.11,1000,0
MAC,05/09/2011,3.0,3.0,3.0,3.0,1000,0
MAC,05/13/2011,3.05,3.05,3.0,3.04,111000,0
MAC,05/16/2011,3.0,3.0,3.0,3.0,10000,0
MAC,05/18/2011,3.01,3.01,3.0,3.0,45000,0
MAC,05/19/2011,3.05,3.05,3.05,3.05,50000,0
MAC,05/20/2011,3.05,3.05,2.95,3.02,120000,0
MAC,05/23/2011,3.0,3.0,3.0,3.0,36000,0
MAC,05/24/2011,3.0,3.0,3.0,3.0,100000,0
MAC,05/26/2011,3.0,3.0,3.0,3.0,57000,0
MAC,05/27/2011,3.0,3.0,3.0,3.0,32000,0
MAC,05/30/2011,3.0,3.0,3.0,3.0,1000,0
MAC,05/31/2011,3.02,3.02,3.02,3.02,50000,0
MAC,06/01/2011,3.01,3.01,3.01,3.01,45000,0
MAC,06/07/2011,3.01,3.01,2.95,3.0,301000,0
MAC,06/10/2011,3.0,3.0,3.0,3.0,20000,0
MAC,06/13/2011,3.0,3.1,3.0,3.1,22000,0
MAC,06/15/2011,3.15,3.2,3.15,3.19,85000,0
MAC,06/16/2011,3.15,3.2,3.1,3.1,11000,0
MAC,06/17/2011,3.1,3.1,3.1,3.1,5000,0
MAC,06/21/2011,3.12,3.12,3.12,3.12,15000,0
MAC,06/23/2011,3.12,3.12,2.81,2.81,520000,0
MAC,06/27/2011,3.0,3.05,3.0,3.05,16000,0
MAC,06/28/2011,3.05,3.05,3.05,3.05,2000,0
MAC,06/29/2011,3.05,3.1,3.0,3.0,84000,0
MAC,06/30/2011,3.02,3.02,3.02,3.02,20000,0
MAC,07/01/2011,3.0,3.0,3.0,3.0,140000,0
MAC,07/04/2011,3.02,3.05,3.0,3.05,199000,0
MAC,07/05/2011,3.05,3.08,3.0,3.0,219000,0
MAC,07/07/2011,3.08,3.18,3.08,3.18,59000,0
MAC,07/08/2011,3.18,3.23,3.1,3.1,345000,0
MAC,07/11/2011,3.15,3.2,3.1,3.2,100000,0
MAC,07/12/2011,3.18,3.19,3.03,3.19,202000,0
MAC,07/13/2011,3.19,3.19,3.1,3.19,66000,0
MAC,07/14/2011,3.19,3.19,3.15,3.15,38000,0
MAC,07/15/2011,3.18,3.18,3.18,3.18,2000,0
MAC,07/18/2011,3.19,3.24,3.08,3.24,256000,0
MAC,07/19/2011,3.24,3.25,3.2,3.2,86000,0
MAC,07/20/2011,3.2,3.2,3.12,3.12,27000,0
MAC,07/22/2011,3.2,3.23,3.2,3.23,387000,0
MAC,07/25/2011,3.24,3.36,3.24,3.3,693000,0
MAC,07/26/2011,3.32,3.32,3.2,3.25,85000,0
MAC,07/27/2011,3.25,3.25,3.25,3.25,14000,0
MAC,07/28/2011,3.25,3.37,3.25,3.36,220000,0
MAC,07/29/2011,3.3,3.36,3.3,3.36,10000,0
MAC,08/01/2011,3.36,3.37,3.35,3.36,161000,0
MAC,08/02/2011,3.3,3.37,3.2,3.37,14000,0
MAC,08/03/2011,3.37,3.37,3.3,3.36,85000,0
MAC,08/04/2011,3.37,3.38,3.3,3.38,328000,0
MAC,08/05/2011,3.18,3.38,3.18,3.36,137000,0
MAC,08/08/2011,3.2,3.36,3.2,3.36,90000,0
MAC,08/09/2011,3.3,3.3,3.3,3.3,1000,0
MAC,08/10/2011,3.38,3.38,3.3,3.37,9000,0
MAC,08/11/2011,3.36,3.36,3.36,3.36,50000,0
MAC,08/12/2011,3.37,3.37,3.3,3.3,61000,0
MAC,08/15/2011,3.25,3.34,3.25,3.34,21000,0
MAC,08/16/2011,3.36,3.38,3.33,3.35,224000,0
MAC,08/17/2011,3.35,3.35,3.35,3.35,4000,0
MAC,08/18/2011,3.3,3.35,3.3,3.35,77000,0
MAC,08/19/2011,3.34,3.34,3.2,3.3,142000,0
MAC,08/22/2011,3.3,3.33,3.15,3.15,534000,0
MAC,08/23/2011,3.33,3.33,3.18,3.18,120000,0
MAC,08/24/2011,3.18,3.2,3.18,3.2,210000,0
MAC,08/26/2011,3.25,3.25,3.25,3.25,50000,0
MAC,08/31/2011,3.3,3.34,3.25,3.34,105000,0
MAC,09/01/2011,3.34,3.34,3.34,3.34,2000,0
MAC,09/02/2011,3.3,3.3,3.3,3.3,62000,0
MAC,09/05/2011,3.3,3.37,3.3,3.37,544000,0
MAC,09/06/2011,3.35,3.37,3.35,3.35,614000,0
MAC,09/07/2011,3.37,3.67,3.37,3.57,2404000,0
MAC,09/08/2011,3.75,3.96,3.75,3.81,2843000,0
MAC,09/09/2011,3.84,3.85,3.59,3.59,1459000,0
MAC,09/12/2011,3.56,3.56,3.4,3.41,1467000,0
MAC,09/13/2011,3.46,3.6,3.44,3.45,165000,0
MAC,09/14/2011,3.4,3.4,3.3,3.33,542000,0
MAC,09/15/2011,3.33,3.33,3.3,3.32,219000,0
MAC,09/16/2011,3.3,3.35,3.3,3.35,159000,0
MAC,09/19/2011,3.36,3.44,3.3,3.3,295000,0
MAC,09/20/2011,3.3,3.3,3.23,3.3,160000,0
MAC,09/21/2011,3.3,3.3,3.25,3.3,135000,0
MAC,09/22/2011,3.2,3.3,3.2,3.2,664000,0
MAC,09/23/2011,3.1,3.1,3.04,3.04,391000,0
MAC,09/26/2011,3.04,3.05,2.7,2.75,1338000,0
MAC,09/28/2011,2.95,3.05,2.95,3.02,72000,0
MAC,09/29/2011,3.15,3.15,3.15,3.15,2000,0
MAC,09/30/2011,3.15,3.15,2.8,2.99,1108000,0
MAC,10/03/2011,2.86,3.2,2.86,3.0,385000,0
MAC,10/04/2011,3.03,3.04,3.03,3.04,225000,0
MAC,10/05/2011,3.1,3.1,3.1,3.1,20000,0
MAC,10/07/2011,3.1,3.1,3.02,3.05,478000,0
MAC,10/10/2011,3.06,3.06,3.04,3.05,132000,0
MAC,10/11/2011,3.05,3.2,3.04,3.04,96000,0
MAC,10/12/2011,3.04,3.04,3.04,3.04,59000,0
MAC,10/13/2011,3.03,3.03,3.03,3.03,5000,0
MAC,10/14/2011,3.05,3.05,3.05,3.05,35000,0
MAC,10/18/2011,3.01,3.01,3.0,3.0,45000,0
MAC,10/19/2011,3.0,3.0,3.0,3.0,50000,0
MAC,10/21/2011,3.0,3.0,3.0,3.0,22000,0
MAC,10/25/2011,3.0,3.0,3.0,3.0,50000,0
MAC,10/26/2011,3.1,3.1,3.1,3.1,10000,0
MAC,10/27/2011,3.14,3.14,3.14,3.14,2000,0
MAC,10/28/2011,3.15,3.15,3.15,3.15,2000,0
MAC,11/04/2011,3.0,3.02,2.91,3.0,269000,0
MAC,11/08/2011,3.0,3.0,3.0,3.0,2000,0
MAC,11/09/2011,3.0,3.0,2.9,2.9,425000,0
MAC,11/10/2011,2.95,3.0,2.9,2.9,161000,0
MAC,11/11/2011,3.0,3.0,2.96,3.0,80000,0
MAC,11/14/2011,3.0,3.0,2.95,2.95,52000,0
MAC,11/15/2011,3.0,3.0,3.0,3.0,5000,0
MAC,11/16/2011,3.0,3.0,2.95,2.95,105000,0
MAC,11/17/2011,3.0,3.0,3.0,3.0,2000,0
MAC,11/18/2011,2.95,2.95,2.95,2.95,11000,0
MAC,11/21/2011,2.95,2.95,2.95,2.95,90000,0
MAC,11/22/2011,2.97,3.0,2.95,2.95,16000,0
MAC,11/23/2011,2.95,2.95,2.95,2.95,71000,0
MAC,11/24/2011,2.95,2.96,2.95,2.95,136000,0
MAC,11/25/2011,2.95,2.95,2.95,2.95,65000,0
MAC,11/28/2011,2.95,2.95,2.95,2.95,106000,0
MAC,11/29/2011,2.95,2.95,2.9,2.9,153000,0
MAC,12/01/2011,3.0,3.0,3.0,3.0,55000,0
MAC,12/02/2011,3.0,3.0,2.85,2.85,323000,0
MAC,12/05/2011,2.95,2.95,2.85,2.85,299000,0
MAC,12/06/2011,2.95,2.95,2.85,2.85,107000,0
MAC,12/07/2011,2.85,2.9,2.85,2.85,145000,0
MAC,12/08/2011,2.95,2.95,2.85,2.85,149000,0
MAC,12/09/2011,2.85,2.85,2.81,2.85,44000,0
MAC,12/12/2011,2.85,2.85,2.85,2.85,100000,0
MAC,12/13/2011,2.85,2.85,2.85,2.85,30000,0
MAC,12/14/2011,2.85,2.85,2.82,2.82,160000,0
MAC,12/15/2011,2.99,2.99,2.9,2.9,55000,0
MAC,12/16/2011,2.85,2.85,2.85,2.85,120000,0
MAC,12/19/2011,2.85,2.85,2.85,2.85,90000,0
MAC,12/20/2011,2.85,2.85,2.85,2.85,27000,0
MAC,12/21/2011,2.81,2.81,2.81,2.81,59000,0
MAC,12/22/2011,2.81,2.81,2.81,2.81,30000,0
MAC,12/23/2011,2.76,2.81,2.76,2.81,51000,0
MAC,12/27/2011,2.76,2.78,2.76,2.78,80000,0
MAC,12/28/2011,2.75,2.9,2.75,2.9,155000,0
MAC,12/29/2011,2.9,3.0,2.75,3.0,241000,0
MAC,01/04/2012,3.0,3.0,2.99,2.99,9000,0
MAC,01/05/2012,2.8,2.81,2.7,2.8,486000,0
MAC,01/06/2012,2.82,2.82,2.8,2.8,132000,0
MAC,01/09/2012,2.8,2.89,2.8,2.89,103000,0
MAC,01/10/2012,2.82,2.82,2.8,2.8,131000,0
MAC,01/11/2012,2.8,2.85,2.8,2.85,65000,0
MAC,01/12/2012,2.8,2.82,2.8,2.82,117000,0
MAC,01/13/2012,2.8,2.8,2.8,2.8,464000,0
MAC,01/16/2012,2.8,2.8,2.8,2.8,154000,0
MAC,01/17/2012,2.8,2.85,2.8,2.83,155000,0
MAC,01/18/2012,2.8,2.8,2.8,2.8,206000,0
MAC,01/19/2012,2.8,2.8,2.8,2.8,151000,0
MAC,01/20/2012,2.8,2.8,2.8,2.8,416000,0
MAC,01/24/2012,2.81,2.81,2.8,2.8,384000,0
MAC,01/25/2012,2.8,2.8,2.79,2.8,210000,0
MAC,01/26/2012,2.8,2.8,2.8,2.8,127000,0
MAC,01/27/2012,2.8,2.8,2.79,2.8,166000,0
MAC,01/30/2012,2.79,2.79,2.78,2.79,117000,0
MAC,01/31/2012,2.78,2.78,2.77,2.78,297000,0
MAC,02/01/2012,2.78,2.78,2.7,2.71,399000,0
MAC,02/02/2012,2.77,2.8,2.77,2.8,206000,0
MAC,02/03/2012,2.77,2.8,2.77,2.8,86000,0
MAC,02/06/2012,2.8,2.8,2.78,2.78,106000,0
MAC,02/07/2012,2.85,2.85,2.78,2.78,178000,0
