MJC,02/05/1999,14.5,14.5,14.5,14.5,1000,0
MJC,02/08/1999,14.5,14.5,14.5,14.5,1000,0
MJC,02/09/1999,14.5,14.5,14.5,14.5,1000,0
MJC,02/10/1999,14.5,14.5,14.5,14.5,1000,0
MJC,02/11/1999,14.5,14.5,14.5,14.5,1000,0
MJC,02/12/1999,10.0,10.0,10.0,10.0,23000,0
MJC,02/26/1999,10.5,10.5,10.0,10.0,25000,0
MJC,03/03/1999,10.0,10.0,10.0,10.0,10000,0
MJC,03/08/1999,10.0,10.0,10.0,10.0,30000,0
MJC,03/18/1999,9.5,10.0,9.5,10.0,56000,0
MJC,03/23/1999,10.0,10.0,10.0,10.0,10000,0
MJC,03/24/1999,10.0,10.0,10.0,10.0,19000,0
MJC,03/25/1999,10.0,10.0,10.0,10.0,10000,0
MJC,03/26/1999,10.25,10.25,10.25,10.25,10000,0
MJC,03/30/1999,9.5,10.0,9.5,10.0,35300,0
MJC,04/06/1999,10.0,10.0,10.0,10.0,20000,0
MJC,04/07/1999,10.0,10.0,10.0,10.0,10000,0
MJC,04/12/1999,10.0,10.0,10.0,10.0,10000,0
MJC,04/15/1999,10.0,10.0,10.0,10.0,10000,0
MJC,04/20/1999,10.0,10.25,10.0,10.25,22000,0
MJC,04/22/1999,9.9,9.9,9.9,9.9,500,0
MJC,04/26/1999,10.0,10.0,10.0,10.0,1000,0
MJC,04/28/1999,10.0,10.0,10.0,10.0,34000,0
MJC,04/29/1999,10.0,10.0,9.9,9.9,35000,0
MJC,04/30/1999,9.9,9.9,9.9,9.9,101000,0
MJC,06/09/1999,9.5,9.5,9.5,9.5,20000,0
MJC,06/14/1999,9.0,9.0,9.0,9.0,3000,0
MJC,06/16/1999,10.0,10.0,9.0,9.0,8000,0
MJC,06/24/1999,10.0,10.0,10.0,10.0,10000,0
MJC,06/25/1999,9.5,9.5,9.5,9.5,10000,0
MJC,06/28/1999,10.0,10.0,10.0,10.0,30000,0
MJC,06/29/1999,10.5,10.5,10.5,10.5,8000,0
MJC,06/30/1999,6.5,10.0,6.5,10.0,27000,0
MJC,07/01/1999,10.0,10.0,10.0,10.0,15000,0
MJC,07/05/1999,10.0,10.0,10.0,10.0,13000,0
MJC,07/06/1999,10.0,10.0,10.0,10.0,22000,0
MJC,07/07/1999,10.0,10.0,10.0,10.0,5000,0
MJC,07/08/1999,10.0,10.0,10.0,10.0,10000,0
MJC,07/09/1999,10.0,10.0,10.0,10.0,5000,0
MJC,07/12/1999,10.0,10.0,10.0,10.0,7000,0
MJC,07/16/1999,10.0,10.0,10.0,10.0,15000,0
MJC,07/22/1999,10.0,10.0,10.0,10.0,5000,0
MJC,07/23/1999,10.0,10.0,10.0,10.0,2000,0
MJC,07/26/1999,10.0,10.0,10.0,10.0,2000,0
MJC,08/04/1999,10.0,10.0,10.0,10.0,5000,0
MJC,08/25/1999,10.75,10.75,10.75,10.75,1000,0
MJC,08/27/1999,10.75,10.75,10.75,10.75,5000,0
MJC,08/30/1999,10.75,10.75,10.75,10.75,1100,0
MJC,09/01/1999,10.5,10.5,10.5,10.5,9000,0
MJC,09/21/1999,9.7,9.7,9.7,9.7,5000,0
MJC,09/22/1999,10.0,10.0,10.0,10.0,5000,0
MJC,09/29/1999,9.5,9.5,9.5,9.5,5000,0
MJC,10/01/1999,10.0,10.0,10.0,10.0,10000,0
MJC,10/04/1999,10.25,15.0,10.25,15.0,10000,0
MJC,10/07/1999,12.0,12.0,12.0,12.0,5000,0
MJC,10/08/1999,12.0,12.0,12.0,12.0,2000,0
MJC,10/13/1999,11.0,11.5,11.0,11.0,8000,0
MJC,10/21/1999,10.0,10.0,10.0,10.0,10000,0
MJC,10/25/1999,10.0,10.0,10.0,10.0,14000,0
MJC,10/26/1999,10.0,10.0,10.0,10.0,41000,0
MJC,10/27/1999,10.0,10.0,10.0,10.0,10000,0
MJC,10/28/1999,10.0,10.0,10.0,10.0,46000,0
MJC,11/05/1999,10.0,10.0,10.0,10.0,10000,0
MJC,11/09/1999,10.0,10.0,10.0,10.0,24000,0
MJC,11/11/1999,10.0,10.0,10.0,10.0,20000,0
MJC,12/16/1999,10.0,10.0,10.0,10.0,50000,0
MJC,12/17/1999,10.0,10.0,10.0,10.0,30000,0
MJC,12/24/1999,10.0,10.0,10.0,10.0,49000,0
MJC,12/28/1999,10.0,10.0,10.0,10.0,160000,0
MJC,01/12/2000,9.5,9.6,9.5,9.6,14000,0
MJC,01/13/2000,10.0,10.0,10.0,10.0,1000,0
MJC,01/27/2000,9.7,9.7,9.7,9.7,20000,0
MJC,02/09/2000,9.6,9.6,9.6,9.6,5000,0
MJC,02/11/2000,9.6,9.6,9.6,9.6,5000,0
MJC,02/14/2000,9.6,9.6,9.6,9.6,2000,0
MJC,02/17/2000,9.5,9.5,9.5,9.5,5000,0
MJC,02/22/2000,9.7,9.8,9.7,9.8,4000,0
MJC,02/23/2000,9.8,9.8,9.8,9.8,6000,0
MJC,02/29/2000,9.5,9.5,9.5,9.5,15000,0
MJC,03/06/2000,9.0,9.0,9.0,9.0,4242000,0
MJC,03/07/2000,9.0,9.0,9.0,9.0,10000,0
MJC,03/13/2000,9.5,9.5,9.0,9.0,10000,0
MJC,03/15/2000,9.5,9.5,9.5,9.5,22000,0
MJC,03/30/2000,9.0,9.0,7.5,7.5,120000,0
MJC,04/03/2000,7.5,7.5,6.5,6.5,152000,0
MJC,04/04/2000,7.0,7.0,7.0,7.0,8000,0
MJC,04/06/2000,7.5,7.5,7.1,7.5,109000,0
MJC,04/10/2000,7.5,7.7,7.5,7.7,15000,0
MJC,04/13/2000,8.0,8.0,8.0,8.0,10000,0
MJC,04/14/2000,8.0,8.0,8.0,8.0,58000,0
MJC,04/18/2000,8.0,8.0,8.0,8.0,10000,0
MJC,05/02/2000,10.0,10.0,10.0,10.0,750000,0
MJC,05/04/2000,6.0,8.5,6.0,8.5,2000,0
MJC,05/09/2000,9.8,10.0,9.8,10.0,1009000,0
MJC,05/16/2000,9.5,10.0,9.5,10.0,1018000,0
MJC,05/29/2000,13.0,13.0,13.0,13.0,1600,0
MJC,05/30/2000,10.0,10.0,10.0,10.0,839000,0
MJC,05/31/2000,13.0,13.25,13.0,13.25,904300,0
MJC,07/19/2000,9.0,9.0,9.0,9.0,4000,0
MJC,08/22/2000,9.0,9.0,9.0,9.0,7000,0
MJC,08/23/2000,9.0,9.0,9.0,9.0,2000,0
MJC,09/01/2000,10.0,10.0,10.0,10.0,1018000,0
MJC,09/25/2000,11.75,11.75,11.75,11.75,6000,0
MJC,09/26/2000,10.5,11.0,10.5,11.0,400,0
MJC,09/27/2000,12.0,12.0,12.0,12.0,10000,0
MJC,09/28/2000,12.0,13.5,12.0,13.5,2000,0
MJC,09/29/2000,14.0,14.0,14.0,14.0,200,0
MJC,10/04/2000,10.0,10.0,10.0,10.0,209400,0
MJC,10/12/2000,11.25,11.25,11.25,11.25,3000,0
MJC,10/16/2000,12.5,12.5,12.5,12.5,100,0
MJC,11/22/2000,10.0,10.0,10.0,10.0,6600,0
MJC,01/23/2001,14.0,15.0,14.0,15.0,30000,0
MJC,01/31/2001,15.0,15.0,15.0,15.0,15000,0
MJC,02/07/2001,15.0,15.0,15.0,15.0,1148100,0
MJC,02/08/2001,15.5,15.5,15.5,15.5,200,0
MJC,02/09/2001,15.5,20.0,15.5,20.0,32700,0
MJC,02/14/2001,15.0,17.0,15.0,17.0,21000,0
MJC,02/16/2001,16.5,16.5,16.5,16.5,15000,0
MJC,02/19/2001,17.0,17.0,17.0,17.0,54000,0
MJC,02/21/2001,17.0,17.0,17.0,17.0,2800,0
MJC,02/23/2001,17.5,17.5,17.0,17.0,8400,0
MJC,02/26/2001,17.0,17.5,17.0,17.5,76800,0
MJC,02/28/2001,20.0,20.0,20.0,20.0,1000,0
MJC,03/02/2001,18.0,18.0,18.0,18.0,20000,0
MJC,03/05/2001,19.5,19.5,19.5,19.5,200,0
MJC,03/06/2001,18.0,18.0,18.0,18.0,7900,0
MJC,03/07/2001,18.0,18.5,18.0,18.5,6100,0
MJC,03/08/2001,12.0,20.0,12.0,18.0,3000,0
MJC,03/12/2001,18.0,18.0,18.0,18.0,5000,0
MJC,03/13/2001,18.0,18.0,18.0,18.0,10000,0
MJC,03/15/2001,18.0,18.5,18.0,18.5,52000,0
MJC,03/16/2001,18.5,18.5,18.5,18.5,10000,0
MJC,03/19/2001,18.0,19.5,18.0,18.5,9100,0
MJC,03/21/2001,18.5,18.5,18.5,18.5,10000,0
MJC,03/23/2001,18.5,18.75,18.5,18.5,15300,0
MJC,03/26/2001,18.5,18.5,18.5,18.5,5000,0
MJC,03/28/2001,18.5,18.5,18.5,18.5,4000,0
MJC,03/30/2001,18.5,18.5,18.5,18.5,5000,0
MJC,04/04/2001,18.25,18.5,18.25,18.5,10000,0
MJC,04/19/2001,20.0,20.0,20.0,20.0,20000,0
MJC,04/23/2001,20.0,20.0,20.0,20.0,5000,0
MJC,04/24/2001,20.0,20.0,20.0,20.0,13400,0
MJC,04/27/2001,20.0,20.0,20.0,20.0,3000,0
MJC,05/07/2001,20.0,20.0,20.0,20.0,1000,0
MJC,05/29/2001,13.0,13.0,13.0,13.0,1600,0
MJC,05/31/2001,13.0,13.25,13.0,13.25,904300,0
MJC,06/07/2001,14.5,15.0,14.5,15.0,25000,0
MJC,06/11/2001,15.25,15.25,15.25,15.25,15000,0
MJC,06/13/2001,15.5,16.0,15.5,16.0,25000,0
MJC,06/15/2001,16.0,16.5,16.0,16.5,39000,0
MJC,06/18/2001,16.5,16.5,16.5,16.5,25000,0
MJC,06/19/2001,16.0,16.0,16.0,16.0,3000,0
MJC,06/20/2001,16.0,16.0,16.0,16.0,17000,0
MJC,06/25/2001,16.0,16.0,16.0,16.0,5000,0
MJC,06/26/2001,16.0,16.0,16.0,16.0,8000,0
MJC,06/27/2001,18.0,18.0,18.0,18.0,37000,0
MJC,07/04/2001,18.0,18.0,18.0,18.0,11000,0
MJC,07/23/2001,18.0,18.0,18.0,18.0,3867000,0
MJC,08/01/2001,18.0,18.0,18.0,18.0,3200,0
MJC,08/07/2001,18.0,18.0,18.0,18.0,1000,0
MJC,08/14/2001,18.0,18.0,18.0,18.0,100,0
MJC,08/24/2001,18.0,18.0,18.0,18.0,5000,0
MJC,08/27/2001,19.0,19.0,19.0,19.0,7000,0
MJC,08/31/2001,19.0,19.25,19.0,19.25,15000,0
MJC,09/03/2001,19.25,19.25,19.25,19.25,2000,0
MJC,09/06/2001,19.25,19.25,19.0,19.0,2500,0
MJC,09/11/2001,19.0,19.0,19.0,19.0,1000,0
MJC,09/13/2001,18.0,18.0,18.0,18.0,900,0
MJC,09/18/2001,18.0,18.0,18.0,18.0,2500,0
MJC,09/19/2001,18.5,18.75,18.5,18.75,187400,0
MJC,09/20/2001,18.5,18.5,18.5,18.5,10000,0
MJC,09/21/2001,19.0,19.0,19.0,19.0,900,0
MJC,09/24/2001,19.25,19.75,19.25,19.75,10000,0
MJC,09/27/2001,19.0,19.0,19.0,19.0,4000,0
MJC,09/28/2001,15.0,15.0,15.0,15.0,4000,0
MJC,10/03/2001,14.0,14.0,12.0,12.0,18000,0
MJC,10/10/2001,10.0,10.0,10.0,10.0,15000,0
MJC,10/11/2001,10.0,10.0,10.0,10.0,10000,0
MJC,10/19/2001,10.0,10.0,10.0,10.0,1000,0
MJC,10/22/2001,9.0,9.0,8.0,8.0,22000,0
MJC,10/23/2001,8.0,8.0,8.0,8.0,1000,0
MJC,10/25/2001,8.0,8.5,8.0,8.5,7000,0
MJC,10/26/2001,8.5,8.5,8.5,8.5,17000,0
MJC,10/29/2001,9.4,9.4,9.4,9.4,5000,0
MJC,11/06/2001,9.0,9.0,9.0,9.0,3000,0
MJC,12/03/2001,9.0,9.0,9.0,9.0,32000,0
MJC,12/07/2001,9.0,9.0,9.0,9.0,20000,0
MJC,12/10/2001,9.2,9.2,9.2,9.2,8000,0
MJC,12/18/2001,9.2,9.2,9.2,9.2,3000,0
MJC,12/19/2001,9.5,9.5,9.5,9.5,50000,0
MJC,12/20/2001,9.5,9.5,9.5,9.5,28000,0
MJC,12/26/2001,9.5,9.5,9.5,9.5,15000,0
MJC,01/11/2002,9.7,9.7,9.7,9.7,19000,0
MJC,03/04/2002,10.5,10.5,10.5,10.5,55400,0
MJC,03/08/2002,10.5,10.5,10.5,10.5,16000,0
MJC,03/11/2002,11.0,11.0,11.0,11.0,100,0
MJC,03/13/2002,10.5,10.5,10.5,10.5,10000,0
MJC,03/27/2002,11.5,11.5,11.5,11.5,16500,0
MJC,04/01/2002,11.5,11.5,11.5,11.5,11000,0
MJC,04/11/2002,11.5,12.0,11.0,11.0,77800,0
MJC,04/16/2002,12.0,12.0,12.0,12.0,5000,0
MJC,04/17/2002,12.0,12.0,12.0,12.0,3000,0
MJC,04/19/2002,12.5,13.0,12.0,13.0,25000,0
MJC,04/26/2002,13.0,13.0,13.0,13.0,3300,0
MJC,04/30/2002,13.0,13.0,13.0,13.0,4000,0
MJC,05/08/2002,12.0,12.0,12.0,12.0,1000,0
MJC,05/09/2002,12.75,12.75,12.75,12.75,5000,0
MJC,05/15/2002,12.5,12.5,12.5,12.5,2000,0
MJC,05/16/2002,12.5,12.5,12.5,12.5,1000,0
MJC,05/17/2002,13.0,13.0,13.0,13.0,300,0
MJC,05/22/2002,12.75,12.75,12.75,12.75,67600,0
MJC,06/19/2002,10.0,10.0,10.0,10.0,2000,0
MJC,06/24/2002,9.0,9.0,9.0,9.0,3000,0
MJC,06/27/2002,9.0,9.0,9.0,9.0,20000,0
MJC,07/09/2002,8.5,8.5,8.5,8.5,8000,0
MJC,07/17/2002,10.0,10.0,10.0,10.0,7000,0
MJC,07/18/2002,9.9,10.0,9.9,10.0,12000,0
MJC,07/26/2002,10.0,10.0,10.0,10.0,15000,0
MJC,07/30/2002,10.0,10.0,10.0,10.0,5000,0
MJC,08/22/2002,6.7,6.7,6.7,6.7,19000,0
MJC,08/30/2002,7.2,7.2,7.2,7.2,2000,0
MJC,09/11/2002,7.5,7.5,7.5,7.5,3000,0
MJC,09/13/2002,7.5,7.8,7.5,7.5,23000,0
MJC,09/27/2002,7.5,7.5,7.5,7.5,10000,0
MJC,10/01/2002,7.0,7.0,7.0,7.0,2000,0
MJC,10/02/2002,7.5,7.5,7.5,7.5,2000,0
MJC,11/26/2002,4.5,6.0,4.5,6.0,12000,0
MJC,12/19/2002,7.0,7.0,7.0,7.0,2000,0
MJC,12/26/2002,7.0,7.0,7.0,7.0,2000,0
MJC,01/09/2003,7.0,7.0,7.0,7.0,5000,0
MJC,01/10/2003,7.5,7.5,7.5,7.5,10000,0
MJC,01/15/2003,7.5,7.5,7.5,7.5,1000,0
MJC,01/28/2003,8.0,8.0,8.0,8.0,2000,0
MJC,01/29/2003,7.5,7.5,7.5,7.5,2000,0
MJC,01/30/2003,8.0,8.0,7.5,8.0,17000,0
MJC,02/04/2003,8.0,8.0,8.0,8.0,1000,0
MJC,02/10/2003,8.0,8.0,8.0,8.0,21000,0
MJC,02/11/2003,8.0,8.0,8.0,8.0,1041000,0
MJC,02/12/2003,8.0,8.0,8.0,8.0,3000,0
MJC,02/18/2003,8.0,8.0,8.0,8.0,1000,0
MJC,02/20/2003,8.0,8.0,8.0,8.0,1000,0
MJC,02/24/2003,7.0,7.0,7.0,7.0,12000,0
MJC,02/27/2003,8.0,8.0,8.0,8.0,16000,0
MJC,04/24/2003,6.5,6.5,6.5,6.5,12000,0
MJC,05/12/2003,7.0,7.0,7.0,7.0,1000,0
MJC,05/22/2003,7.5,7.5,7.5,7.5,4000,0
MJC,05/23/2003,8.0,8.0,8.0,8.0,20000,0
MJC,05/29/2003,8.0,8.0,8.0,8.0,62000,0
MJC,05/30/2003,8.0,8.0,8.0,8.0,46000,0
MJC,06/05/2003,8.0,8.0,8.0,8.0,5000,0
MJC,06/17/2003,7.0,8.0,7.0,8.0,141000,0
MJC,07/14/2003,8.0,8.0,8.0,8.0,3000,0
MJC,07/16/2003,7.5,7.5,7.5,7.5,8000,0
MJC,08/19/2003,8.0,8.0,8.0,8.0,10000,0
MJC,08/28/2003,8.0,8.0,8.0,8.0,1000,0
MJC,09/01/2003,7.5,7.5,7.5,7.5,18000,0
MJC,09/02/2003,8.0,8.0,7.5,7.5,20000,0
MJC,09/04/2003,8.0,8.0,8.0,8.0,8000,0
MJC,09/08/2003,8.0,8.0,8.0,8.0,15000,0
MJC,09/10/2003,8.0,8.0,8.0,8.0,1000,0
MJC,09/19/2003,8.0,8.0,8.0,8.0,1000,0
MJC,09/24/2003,8.0,8.0,8.0,8.0,4000,0
MJC,09/29/2003,8.0,8.0,8.0,8.0,10000,0
MJC,10/31/2003,9.0,9.0,9.0,9.0,16000,0
MJC,11/03/2003,9.1,9.1,9.1,9.1,5000,0
MJC,11/04/2003,10.0,10.0,10.0,10.0,2000,0
MJC,11/05/2003,10.25,10.25,10.25,10.25,2000,0
MJC,11/06/2003,10.5,11.5,10.5,11.5,25000,0
MJC,11/07/2003,12.0,12.5,12.0,12.5,15000,0
MJC,11/13/2003,12.0,12.0,12.0,12.0,9800,0
MJC,11/17/2003,12.0,12.0,12.0,12.0,6000,0
MJC,11/20/2003,12.0,12.0,12.0,12.0,1000,0
MJC,11/24/2003,12.0,12.0,11.5,11.5,4500,0
MJC,11/28/2003,11.5,11.5,11.5,11.5,5000,0
MJC,01/14/2004,11.5,11.5,11.5,11.5,2000,0
MJC,01/19/2004,10.0,10.0,10.0,10.0,1000,0
MJC,01/21/2004,10.0,10.0,8.0,8.0,6000,0
MJC,01/26/2004,10.5,10.5,10.5,10.5,1000,0
MJC,01/28/2004,11.0,11.0,11.0,11.0,300,0
MJC,01/29/2004,10.75,10.75,10.75,10.75,1000,0
MJC,01/30/2004,10.25,10.25,10.25,10.25,3200,0
MJC,02/02/2004,11.0,11.0,11.0,11.0,20000,0
MJC,02/20/2004,8.0,8.0,8.0,8.0,3000,0
MJC,02/23/2004,9.0,9.0,9.0,9.0,2000,0
MJC,02/27/2004,9.0,9.0,9.0,9.0,3000,0
MJC,03/04/2004,9.0,9.0,9.0,9.0,5000,0
MJC,03/26/2004,7.0,7.0,7.0,7.0,37000,0
MJC,03/30/2004,6.5,6.5,6.5,6.5,3323000,0
MJC,04/01/2004,7.0,7.0,7.0,7.0,1000,0
MJC,05/12/2004,7.0,7.0,7.0,7.0,10000,0
MJC,05/13/2004,7.0,7.0,7.0,7.0,5000,0
MJC,05/17/2004,7.0,7.0,7.0,7.0,10000,0
MJC,05/21/2004,7.5,7.5,7.5,7.5,11000,0
MJC,05/28/2004,7.5,7.5,7.5,7.5,2867000,0
MJC,06/03/2004,5.0,5.0,5.0,5.0,9000,0
MJC,06/04/2004,4.0,4.05,4.0,4.05,6000,0
MJC,06/07/2004,4.0,4.0,4.0,4.0,63000,0
MJC,06/08/2004,4.0,4.0,4.0,4.0,13000,0
MJC,06/09/2004,4.0,4.0,3.75,3.75,45000,0
MJC,06/10/2004,3.5,3.5,3.0,3.15,39000,0
MJC,06/11/2004,3.15,3.15,3.15,3.15,36000,0
MJC,06/15/2004,3.25,3.3,3.25,3.3,12000,0
MJC,06/16/2004,3.3,3.3,3.3,3.3,10000,0
MJC,06/18/2004,3.0,3.0,3.0,3.0,5000,0
MJC,06/21/2004,3.2,3.4,3.2,3.4,28000,0
MJC,06/22/2004,3.5,4.0,3.4,4.0,38000,0
MJC,06/23/2004,3.9,3.9,3.8,3.8,12000,0
MJC,06/24/2004,4.0,4.0,3.6,3.6,4000,0
MJC,06/25/2004,3.6,3.6,3.6,3.6,15000,0
MJC,06/29/2004,3.6,3.6,3.6,3.6,2000,0
MJC,06/30/2004,3.6,3.6,3.6,3.6,17000,0
MJC,07/06/2004,3.65,3.65,3.65,3.65,2000,0
MJC,07/09/2004,3.65,3.7,3.65,3.7,4000,0
MJC,07/13/2004,3.7,3.7,3.7,3.7,15000,0
MJC,07/14/2004,3.7,3.7,3.6,3.6,14000,0
MJC,07/15/2004,3.65,3.65,3.6,3.6,26000,0
MJC,07/16/2004,3.6,3.6,3.6,3.6,5000,0
MJC,07/19/2004,3.6,3.9,3.6,3.9,41000,0
MJC,07/20/2004,3.75,3.75,3.75,3.75,5000,0
MJC,07/22/2004,3.6,3.6,3.6,3.6,10000,0
MJC,07/26/2004,3.6,3.6,3.6,3.6,10000,0
MJC,07/29/2004,3.6,3.6,3.6,3.6,20000,0
MJC,07/30/2004,3.5,3.6,3.5,3.6,5544000,0
MJC,08/12/2004,3.6,3.6,3.6,3.6,100000,0
MJC,08/16/2004,3.4,3.4,3.4,3.4,25000,0
MJC,08/17/2004,3.4,3.4,3.2,3.2,60000,0
MJC,08/20/2004,3.4,3.4,3.4,3.4,20000,0
MJC,09/02/2004,3.4,3.4,3.4,3.4,5000,0
MJC,09/03/2004,3.4,3.4,3.4,3.4,10000,0
MJC,09/06/2004,3.4,3.4,3.4,3.4,15000,0
MJC,09/07/2004,3.4,3.4,3.4,3.4,14000,0
MJC,09/09/2004,3.1,3.1,3.1,3.1,15000,0
MJC,09/10/2004,3.4,3.4,3.4,3.4,15000,0
MJC,09/21/2004,3.3,3.3,3.2,3.25,80000,0
MJC,09/22/2004,3.2,3.25,3.1,3.1,270000,0
MJC,09/23/2004,3.4,3.4,3.4,3.4,50000,0
MJC,09/24/2004,3.4,3.4,3.4,3.4,22000,0
MJC,09/30/2004,3.4,3.4,3.4,3.4,50000,0
MJC,10/01/2004,3.9,3.9,3.9,3.9,1000,0
MJC,10/04/2004,3.4,3.4,3.4,3.4,117000,0
MJC,10/05/2004,3.4,3.4,3.4,3.4,21000,0
MJC,10/07/2004,3.4,3.4,3.4,3.4,51000,0
MJC,10/08/2004,3.1,3.1,3.1,3.1,50000,0
MJC,10/11/2004,3.0,3.0,3.0,3.0,81000,0
MJC,10/13/2004,3.0,3.0,3.0,3.0,3000,0
MJC,10/14/2004,3.0,3.0,3.0,3.0,10000,0
MJC,10/19/2004,3.0,3.0,3.0,3.0,20000,0
MJC,10/20/2004,3.0,3.0,3.0,3.0,7000,0
MJC,10/21/2004,3.0,3.0,3.0,3.0,30000,0
MJC,10/25/2004,3.25,3.25,3.25,3.25,140000,0
MJC,10/27/2004,3.3,3.3,3.3,3.3,12000,0
MJC,11/03/2004,3.1,3.1,3.1,3.1,10000,0
MJC,11/04/2004,3.1,3.1,3.1,3.1,50000,0
MJC,11/05/2004,3.1,3.1,3.1,3.1,50000,0
MJC,11/09/2004,3.1,3.1,3.1,3.1,98000,0
MJC,11/16/2004,3.1,3.1,3.0,3.0,35000,0
MJC,11/17/2004,3.1,3.1,3.0,3.0,245000,0
MJC,11/18/2004,2.9,2.9,2.8,2.8,155000,0
MJC,11/19/2004,3.0,3.0,3.0,3.0,35000,0
MJC,11/22/2004,3.0,3.0,3.0,3.0,25000,0
MJC,11/30/2004,3.0,3.0,3.0,3.0,20000,0
MJC,12/07/2004,2.7,2.7,2.7,2.7,1000,0
MJC,12/16/2004,2.85,2.85,2.85,2.85,20000,0
MJC,01/04/2005,2.75,2.75,2.75,2.75,11000,0
MJC,01/07/2005,2.75,2.8,2.75,2.8,21000,0
MJC,01/12/2005,2.8,2.8,2.8,2.8,26000,0
MJC,01/14/2005,2.95,3.1,2.95,3.1,12000,0
MJC,01/17/2005,3.1,3.1,3.1,3.1,63000,0
MJC,01/18/2005,3.2,3.2,3.2,3.2,51000,0
MJC,01/19/2005,3.3,3.4,3.3,3.4,27000,0
MJC,01/20/2005,3.0,3.0,3.0,3.0,10000,0
MJC,01/24/2005,3.0,3.1,3.0,3.1,50000,0
MJC,01/25/2005,2.9,2.9,2.9,2.9,26000,0
MJC,01/27/2005,3.0,3.0,3.0,3.0,130000,0
MJC,01/28/2005,3.0,3.0,3.0,3.0,52000,0
MJC,02/01/2005,3.0,3.0,3.0,3.0,30000,0
MJC,02/03/2005,3.0,3.0,3.0,3.0,30000,0
MJC,02/07/2005,3.1,3.45,3.1,3.45,110000,0
MJC,02/08/2005,3.7,3.7,3.7,3.7,1000,0
MJC,02/10/2005,3.7,4.3,3.7,4.3,138000,0
MJC,02/11/2005,4.4,4.6,4.3,4.6,297000,0
MJC,02/14/2005,4.5,4.7,4.5,4.5,344000,0
MJC,02/15/2005,4.5,4.6,4.5,4.6,71000,0
MJC,02/16/2005,4.6,4.6,4.5,4.5,37000,0
MJC,02/17/2005,4.8,5.0,4.8,4.9,282000,0
MJC,02/18/2005,5.0,5.3,4.9,4.9,65000,0
MJC,02/21/2005,5.0,5.0,4.8,4.9,56000,0
MJC,02/22/2005,4.8,4.8,4.6,4.6,41000,0
MJC,02/23/2005,4.6,4.7,4.6,4.6,1022000,0
MJC,02/24/2005,4.6,4.6,4.6,4.6,6000,0
MJC,02/28/2005,4.5,4.5,4.5,4.5,8000,0
MJC,03/01/2005,4.4,4.4,4.4,4.4,5000,0
MJC,03/02/2005,4.2,4.2,4.2,4.2,15000,0
MJC,03/07/2005,4.2,4.2,4.2,4.2,20000,0
MJC,04/15/2005,3.05,3.2,3.05,3.2,149000,0
MJC,04/19/2005,3.0,3.05,3.0,3.0,57000,0
MJC,04/20/2005,2.9,2.9,2.8,2.8,12000,0
MJC,04/22/2005,3.0,3.0,3.0,3.0,11000,0
MJC,04/26/2005,3.0,3.0,3.0,3.0,12000,0
MJC,04/27/2005,3.0,3.0,3.0,3.0,3000,0
MJC,04/28/2005,3.0,3.0,3.0,3.0,721000,0
MJC,05/04/2005,3.0,3.0,3.0,3.0,14000,0
MJC,05/05/2005,3.0,3.0,3.0,3.0,16000,0
MJC,05/06/2005,3.0,3.0,3.0,3.0,1000,0
MJC,05/12/2005,3.1,3.2,3.1,3.2,70000,0
MJC,05/17/2005,3.2,3.2,3.2,3.2,215000,0
MJC,05/18/2005,3.2,3.2,3.2,3.2,621000,0
MJC,05/23/2005,3.2,3.2,3.2,3.2,18000,0
MJC,05/24/2005,3.0,3.0,3.0,3.0,2000,0
MJC,05/25/2005,3.0,3.0,3.0,3.0,8000,0
MJC,05/26/2005,3.0,3.0,3.0,3.0,6948000,0
MJC,05/31/2005,3.0,3.0,3.0,3.0,19000,0
MJC,06/01/2005,3.2,3.2,3.2,3.2,39000,0
MJC,06/08/2005,3.2,3.2,3.2,3.2,15000,0
MJC,06/09/2005,3.2,3.2,3.2,3.2,20000,0
MJC,06/10/2005,3.05,3.05,3.05,3.05,5000,0
MJC,06/16/2005,3.2,3.2,3.2,3.2,30000,0
MJC,06/17/2005,3.2,3.2,3.2,3.2,10000,0
MJC,06/20/2005,3.2,3.2,3.2,3.2,17000,0
MJC,06/24/2005,3.2,3.2,3.2,3.2,45000,0
MJC,06/28/2005,3.2,3.2,3.2,3.2,24000,0
MJC,06/29/2005,3.2,3.2,3.2,3.2,62000,0
MJC,06/30/2005,3.1,3.2,3.1,3.2,75000,0
MJC,07/01/2005,3.2,3.2,3.2,3.2,16000,0
MJC,07/05/2005,3.15,3.15,3.1,3.1,70000,0
MJC,07/07/2005,3.1,3.1,3.1,3.1,30000,0
MJC,07/11/2005,3.1,3.1,3.1,3.1,20000,0
MJC,07/15/2005,3.1,3.1,3.1,3.1,20000,0
MJC,07/22/2005,3.2,3.2,3.2,3.2,16000,0
MJC,07/26/2005,3.0,3.0,3.0,3.0,20000,0
MJC,08/01/2005,3.0,3.0,3.0,3.0,60000,0
MJC,08/02/2005,3.0,3.0,3.0,3.0,44000,0
MJC,08/05/2005,3.1,3.1,3.1,3.1,20000,0
MJC,08/17/2005,3.0,3.0,3.0,3.0,1000,0
MJC,08/19/2005,3.0,3.0,3.0,3.0,120000,0
MJC,08/24/2005,3.0,3.0,3.0,3.0,3000,0
MJC,08/26/2005,3.0,3.0,3.0,3.0,87000,0
MJC,08/30/2005,3.0,3.0,3.0,3.0,20000,0
MJC,08/31/2005,3.0,3.0,3.0,3.0,20000,0
MJC,09/09/2005,2.9,2.9,2.9,2.9,50000,0
MJC,09/15/2005,2.9,2.9,2.9,2.9,50000,0
MJC,10/06/2005,3.0,3.0,3.0,3.0,20000,0
MJC,10/10/2005,2.9,2.9,2.9,2.9,10000,0
MJC,10/12/2005,2.9,2.9,2.9,2.9,715000,0
MJC,10/13/2005,2.8,2.9,2.8,2.9,24000,0
MJC,10/17/2005,2.8,2.8,2.8,2.8,150000,0
MJC,10/21/2005,2.7,2.7,2.7,2.7,68000,0
MJC,11/09/2005,2.85,2.85,2.85,2.85,5000,0
MJC,11/10/2005,2.9,2.9,2.9,2.9,20000,0
MJC,11/22/2005,2.85,2.85,2.85,2.85,531000,0
MJC,12/01/2005,2.95,2.95,2.95,2.95,10000,0
MJC,12/02/2005,2.95,2.95,2.95,2.95,180000,0
MJC,12/06/2005,2.8,2.9,2.8,2.8,160000,0
MJC,12/07/2005,2.8,2.8,2.8,2.8,93000,0
MJC,12/12/2005,2.9,2.9,2.75,2.9,136000,0
MJC,12/15/2005,2.75,2.75,2.7,2.7,18000,0
MJC,12/21/2005,2.85,2.85,2.85,2.85,1000,0
MJC,12/23/2005,2.65,2.65,2.65,2.65,5000,0
MJC,12/27/2005,2.8,2.8,2.8,2.8,5000,0
MJC,12/29/2005,2.85,2.85,2.85,2.85,4000,0
MJC,01/04/2006,2.85,2.9,2.85,2.9,109000,0
MJC,01/05/2006,2.9,2.9,2.9,2.9,140000,0
MJC,01/06/2006,2.7,2.9,2.7,2.9,57000,0
MJC,01/10/2006,2.8,2.9,2.8,2.9,120000,0
MJC,01/11/2006,2.8,2.8,2.8,2.8,100000,0
MJC,01/12/2006,2.85,2.85,2.85,2.85,123000,0
MJC,01/13/2006,2.9,2.9,2.85,2.85,176000,0
MJC,01/16/2006,2.9,2.9,2.9,2.9,643000,0
MJC,01/24/2006,2.85,2.85,2.8,2.8,21000,0
MJC,01/25/2006,3.0,3.0,3.0,3.0,1000,0
MJC,01/26/2006,3.0,3.0,3.0,3.0,2000,0
MJC,02/10/2006,2.95,2.95,2.95,2.95,119000,0
MJC,02/17/2006,2.95,3.0,2.95,3.0,21000,0
MJC,02/20/2006,3.0,3.0,3.0,3.0,21000,0
MJC,02/21/2006,3.0,3.05,3.0,3.05,20000,0
MJC,03/02/2006,3.05,3.05,3.05,3.05,10000,0
MJC,03/07/2006,3.05,3.1,3.05,3.1,30000,0
MJC,03/08/2006,3.0,3.0,3.0,3.0,22000,0
MJC,03/10/2006,3.0,3.05,3.0,3.05,11000,0
MJC,03/14/2006,3.0,3.0,3.0,3.0,117000,0
MJC,03/15/2006,3.0,3.0,3.0,3.0,1000,0
MJC,03/20/2006,3.0,3.0,3.0,3.0,5000,0
MJC,03/22/2006,3.0,3.0,3.0,3.0,60000,0
MJC,03/24/2006,3.0,3.0,3.0,3.0,10000,0
MJC,03/30/2006,3.0,3.05,3.0,3.05,20000,0
MJC,03/31/2006,3.0,3.0,3.0,3.0,5000,0
MJC,04/04/2006,3.05,3.05,3.05,3.05,10000,0
MJC,04/12/2006,3.0,3.0,3.0,3.0,117000,0
MJC,04/17/2006,3.0,3.0,3.0,3.0,5000,0
MJC,04/19/2006,3.0,3.0,3.0,3.0,15000,0
MJC,04/25/2006,3.0,3.0,3.0,3.0,11000,0
MJC,04/26/2006,3.0,3.0,3.0,3.0,17000,0
MJC,04/27/2006,3.0,3.0,3.0,3.0,10000,0
MJC,05/03/2006,3.0,3.1,3.0,3.1,2043000,0
MJC,05/04/2006,3.2,3.4,3.2,3.4,10000,0
MJC,05/05/2006,3.0,3.0,3.0,3.0,19000,0
MJC,05/09/2006,3.0,3.0,3.0,3.0,5131000,0
MJC,05/12/2006,3.0,3.0,3.0,3.0,226000,0
MJC,05/19/2006,2.9,2.9,2.8,2.8,40000,0
MJC,05/31/2006,2.9,2.9,2.9,2.9,10000,0
MJC,06/02/2006,2.8,2.8,2.8,2.8,47000,0
MJC,06/05/2006,2.8,2.8,2.8,2.8,20000,0
MJC,06/06/2006,2.8,3.0,2.7,3.0,81000,0
MJC,06/13/2006,2.9,2.9,2.9,2.9,112000,0
MJC,06/14/2006,2.7,2.7,2.7,2.7,12000,0
MJC,06/16/2006,2.9,2.9,2.9,2.9,8000,0
MJC,06/29/2006,2.8,2.8,2.8,2.8,13000,0
MJC,07/12/2006,2.9,2.9,2.9,2.9,800000,0
MJC,07/21/2006,2.9,2.9,2.9,2.9,121000,0
MJC,07/26/2006,2.8,2.8,2.8,2.8,6000,0
MJC,07/28/2006,3.0,3.0,3.0,3.0,48000,0
MJC,08/04/2006,2.8,2.8,2.8,2.8,20000,0
MJC,08/10/2006,2.7,2.7,2.7,2.7,10000,0
MJC,08/15/2006,2.7,2.9,2.7,2.9,181000,0
MJC,08/22/2006,2.7,2.7,2.7,2.7,7000,0
MJC,08/23/2006,2.7,2.7,2.7,2.7,39000,0
MJC,08/24/2006,2.7,2.7,2.7,2.7,2000,0
MJC,08/31/2006,2.7,2.7,2.7,2.7,2000,0
MJC,09/13/2006,2.85,2.85,2.85,2.85,123000,0
MJC,09/14/2006,2.7,2.7,2.7,2.7,3000,0
MJC,09/27/2006,2.8,2.8,2.8,2.8,10000,0
MJC,10/02/2006,2.8,2.8,2.8,2.8,10000,0
MJC,10/06/2006,2.7,2.7,2.7,2.7,47000,0
MJC,10/10/2006,2.7,2.7,2.7,2.7,15000,0
MJC,10/11/2006,2.9,2.9,2.9,2.9,20000,0
MJC,10/18/2006,2.7,2.7,2.7,2.7,5000,0
MJC,10/26/2006,2.7,2.7,2.7,2.7,19000,0
MJC,11/08/2006,2.7,2.7,2.7,2.7,10000,0
MJC,11/09/2006,2.7,2.7,2.7,2.7,5000,0
MJC,11/10/2006,2.7,2.7,2.7,2.7,15000,0
MJC,11/13/2006,2.7,2.7,2.7,2.7,151000,0
MJC,11/17/2006,2.8,2.8,2.8,2.8,3000,0
MJC,11/21/2006,2.8,2.8,2.8,2.8,2000,0
MJC,11/27/2006,2.7,2.7,2.7,2.7,10000,0
MJC,11/29/2006,2.8,2.8,2.8,2.8,2000,0
MJC,12/05/2006,2.8,2.8,2.8,2.8,30000,0
MJC,01/03/2007,2.7,2.7,2.7,2.7,43000,0
MJC,01/05/2007,2.8,2.8,2.8,2.8,25000,0
MJC,01/08/2007,3.0,3.0,3.0,3.0,102000,0
MJC,01/09/2007,2.9,2.9,2.9,2.9,60000,0
MJC,01/10/2007,2.9,2.9,2.9,2.9,58000,0
MJC,01/15/2007,3.0,3.0,3.0,3.0,32000,0
MJC,01/17/2007,3.0,3.0,3.0,3.0,241000,0
MJC,01/19/2007,3.0,3.0,3.0,3.0,50000,0
MJC,01/22/2007,3.0,3.5,3.0,3.4,134000,0
MJC,01/24/2007,3.1,3.5,3.1,3.5,63000,0
MJC,01/25/2007,3.55,4.0,3.55,3.8,57000,0
MJC,01/31/2007,3.9,3.9,3.9,3.9,5000,0
MJC,02/01/2007,3.9,3.9,3.9,3.9,4000,0
MJC,02/14/2007,3.7,3.7,3.7,3.7,24000,0
MJC,02/20/2007,3.7,3.7,3.7,3.7,18000,0
MJC,02/22/2007,3.7,3.7,3.7,3.7,10000,0
MJC,02/23/2007,3.6,3.6,3.6,3.6,10000,0
MJC,02/27/2007,3.7,3.7,3.7,3.7,647000,0
MJC,03/01/2007,3.7,3.7,3.7,3.7,160000,0
MJC,03/20/2007,3.7,3.7,3.5,3.5,113000,0
MJC,03/22/2007,3.6,3.6,3.6,3.6,15000,0
MJC,03/26/2007,3.6,3.6,3.5,3.6,400000,0
MJC,03/27/2007,3.6,3.6,3.6,3.6,300000,0
MJC,03/28/2007,3.5,3.5,3.5,3.5,251000,0
MJC,03/30/2007,3.6,3.6,3.6,3.6,20000,0
MJC,04/11/2007,3.5,3.5,3.2,3.2,156000,0
MJC,04/12/2007,3.6,3.6,3.6,3.6,20000,0
MJC,04/20/2007,3.6,3.6,3.6,3.6,40000,0
MJC,04/27/2007,3.6,3.6,3.6,3.6,36000,0
MJC,05/02/2007,3.6,3.6,3.6,3.6,2000,0
MJC,05/09/2007,3.7,3.7,3.7,3.7,244000,0
MJC,05/10/2007,3.8,4.0,3.8,4.0,47000,0
MJC,05/15/2007,4.3,4.3,4.3,4.3,8000,0
MJC,05/16/2007,4.4,5.0,4.4,5.0,14000,0
MJC,05/17/2007,4.8,5.0,4.8,4.9,65000,0
MJC,05/21/2007,5.0,5.0,5.0,5.0,26000,0
MJC,05/22/2007,4.5,5.0,4.5,5.0,35000,0
MJC,05/23/2007,5.0,5.0,5.0,5.0,95000,0
MJC,05/24/2007,5.0,5.0,5.0,5.0,45000,0
MJC,05/25/2007,5.0,5.0,5.0,5.0,100000,0
MJC,05/29/2007,5.0,5.0,4.7,5.0,120000,0
MJC,05/30/2007,4.55,4.6,4.55,4.6,86000,0
MJC,05/31/2007,4.9,4.9,4.6,4.6,15000,0
MJC,06/01/2007,4.6,4.6,4.6,4.6,90000,0
MJC,06/05/2007,4.8,4.8,4.8,4.8,65000,0
MJC,06/08/2007,4.9,5.0,4.9,5.0,253000,0
MJC,06/13/2007,5.2,5.2,4.9,4.9,190000,0
MJC,06/18/2007,5.0,5.0,5.0,5.0,10000,0
MJC,06/20/2007,5.0,5.0,5.0,5.0,58000,0
MJC,06/22/2007,5.0,5.0,5.0,5.0,130000,0
MJC,06/26/2007,5.0,5.0,4.9,5.0,862000,0
MJC,06/27/2007,4.9,4.9,4.8,4.8,1036000,0
MJC,06/28/2007,4.9,5.0,4.9,5.0,59000,0
MJC,06/29/2007,5.0,5.0,5.0,5.0,19000,0
MJC,07/04/2007,5.0,5.0,5.0,5.0,4000,0
MJC,07/05/2007,5.0,6.1,5.0,6.1,201000,0
MJC,07/06/2007,6.3,6.6,6.1,6.1,98000,0
MJC,07/10/2007,5.7,6.6,5.7,6.6,55000,0
MJC,07/11/2007,5.2,6.0,5.2,6.0,14000,0
MJC,07/19/2007,5.5,5.5,5.5,5.5,20000,0
MJC,08/03/2007,4.5,4.5,4.5,4.5,20000,0
MJC,08/28/2007,4.75,4.75,4.5,4.75,10000,0
MJC,08/29/2007,4.75,4.75,4.75,4.75,20000,0
MJC,09/17/2007,4.95,4.95,4.95,4.95,5000,0
MJC,10/01/2007,4.9,4.9,4.9,4.9,24000,0
MJC,10/02/2007,4.6,4.7,4.6,4.7,150000,0
MJC,10/03/2007,4.9,4.9,4.9,4.9,101000,0
MJC,10/04/2007,4.9,5.0,4.9,5.0,90000,0
MJC,10/08/2007,5.0,5.0,4.95,4.95,67000,0
MJC,10/11/2007,4.9,4.9,4.9,4.9,30000,0
MJC,10/15/2007,5.0,5.0,4.9,4.9,38000,0
MJC,10/17/2007,4.8,4.8,4.8,4.8,19000,0
MJC,10/25/2007,4.9,4.9,4.9,4.9,10000,0
MJC,10/26/2007,4.5,4.5,4.5,4.5,10000,0
MJC,10/30/2007,4.5,4.5,4.5,4.5,60000,0
MJC,10/31/2007,4.5,4.5,4.5,4.5,27000,0
MJC,11/21/2007,4.2,4.2,4.2,4.2,20000,0
MJC,11/23/2007,4.5,4.5,4.5,4.5,20000,0
MJC,11/28/2007,4.5,4.5,4.5,4.5,30000,0
MJC,12/10/2007,4.5,4.5,4.5,4.5,7000,0
MJC,12/18/2007,4.5,4.5,4.2,4.2,175000,0
MJC,12/28/2007,4.5,4.5,4.5,4.5,10000,0
MJC,01/08/2008,4.2,4.2,4.2,4.2,10000,0
MJC,01/10/2008,4.2,4.2,4.2,4.2,12000,0
MJC,01/23/2008,4.0,4.2,4.0,4.2,27000,0
MJC,01/24/2008,4.0,4.0,4.0,4.0,3000,0
MJC,01/25/2008,4.2,4.2,4.2,4.2,50000,0
MJC,01/31/2008,4.0,4.0,4.0,4.0,27000,0
MJC,02/01/2008,4.0,4.0,4.0,4.0,25000,0
MJC,02/20/2008,4.2,4.2,4.2,4.2,50000,0
MJC,02/22/2008,4.2,4.2,4.2,4.2,20000,0
MJC,02/27/2008,4.0,4.0,4.0,4.0,10000,0
MJC,02/28/2008,4.2,4.2,4.2,4.2,30000,0
MJC,03/03/2008,4.0,4.0,4.0,4.0,10000,0
MJC,03/04/2008,4.5,4.5,4.5,4.5,57000,0
MJC,03/13/2008,4.0,4.0,4.0,4.0,10000,0
MJC,03/27/2008,4.0,4.0,4.0,4.0,32000,0
MJC,03/31/2008,4.1,4.1,4.0,4.0,30000,0
MJC,04/01/2008,4.0,4.0,4.0,4.0,5000,0
MJC,04/14/2008,4.0,4.0,4.0,4.0,10000,0
MJC,04/18/2008,4.1,4.1,4.1,4.1,5000,0
MJC,04/22/2008,4.5,4.5,4.5,4.5,55000,0
MJC,04/25/2008,4.5,4.8,4.5,4.8,40000,0
MJC,05/14/2008,4.2,4.2,4.2,4.2,1000000,0
MJC,05/15/2008,4.2,4.2,4.2,4.2,62000,0
MJC,05/19/2008,4.5,4.5,4.5,4.5,30000,0
MJC,05/20/2008,4.5,4.5,4.5,4.5,88000,0
MJC,05/23/2008,4.5,4.5,4.5,4.5,46000,0
MJC,05/27/2008,4.5,4.5,4.5,4.5,30000,0
MJC,05/28/2008,4.5,4.5,4.5,4.5,130000,0
MJC,06/13/2008,4.2,4.2,4.2,4.2,2836000,0
MJC,06/18/2008,4.2,4.2,4.2,4.2,10000,0
MJC,06/19/2008,4.2,4.2,4.2,4.2,15000,0
MJC,06/26/2008,4.2,4.2,4.2,4.2,20000,0
MJC,06/27/2008,2.55,2.55,2.55,2.55,20000,0
MJC,06/30/2008,3.8,3.8,3.8,3.8,20000,0
MJC,07/01/2008,4.2,4.2,4.2,4.2,20000,0
MJC,07/02/2008,4.2,4.2,4.2,4.2,20000,0
MJC,07/17/2008,4.25,4.25,4.25,4.25,10000,0
MJC,07/23/2008,4.0,4.0,4.0,4.0,100000,0
MJC,07/24/2008,4.2,4.2,4.2,4.2,1075000,0
MJC,08/14/2008,4.25,4.4,4.25,4.4,1010000,0
MJC,08/22/2008,4.0,4.2,4.0,4.2,4000,0
MJC,09/09/2008,4.15,4.2,4.15,4.2,20000,0
MJC,09/10/2008,4.25,4.25,4.25,4.25,14000,0
MJC,09/15/2008,4.25,4.25,4.25,4.25,71000,0
MJC,09/17/2008,4.25,4.25,4.25,4.25,29000,0
MJC,09/18/2008,4.0,4.0,4.0,4.0,61000,0
MJC,09/19/2008,4.0,4.0,4.0,4.0,1000,0
MJC,09/30/2008,3.8,3.8,3.8,3.8,10000,0
MJC,10/07/2008,3.8,3.8,3.8,3.8,5000,0
MJC,10/10/2008,3.7,3.7,3.5,3.5,50000,0
MJC,10/23/2008,3.0,3.0,3.0,3.0,80000,0
MJC,10/24/2008,3.0,3.0,3.0,3.0,1000,0
MJC,10/27/2008,2.5,2.5,2.5,2.5,220000,0
MJC,10/28/2008,2.4,2.4,2.4,2.4,172000,0
MJC,10/29/2008,2.4,2.4,2.4,2.4,5000,0
MJC,11/03/2008,3.0,3.0,3.0,3.0,1000,0
MJC,11/04/2008,3.0,3.0,3.0,3.0,4000,0
MJC,11/12/2008,3.0,3.0,3.0,3.0,5000,0
MJC,11/24/2008,2.95,2.95,2.95,2.95,5000,0
MJC,11/25/2008,3.0,3.0,3.0,3.0,30000,0
MJC,12/02/2008,3.0,3.0,3.0,3.0,6000,0
MJC,12/09/2008,3.0,3.0,3.0,3.0,60000,0
MJC,12/11/2008,3.0,3.0,3.0,3.0,35000,0
MJC,12/22/2008,3.0,3.0,3.0,3.0,1000,0
MJC,12/23/2008,3.0,3.0,3.0,3.0,24000,0
MJC,12/24/2008,3.0,3.0,3.0,3.0,5000,0
MJC,01/16/2009,3.0,3.0,3.0,3.0,10000,0
MJC,01/29/2009,3.0,3.0,3.0,3.0,5000,0
MJC,01/30/2009,2.4,3.0,2.0,3.0,19016000,0
MJC,02/05/2009,3.0,3.0,3.0,3.0,20000,0
MJC,02/11/2009,3.0,3.0,3.0,3.0,20000,0
MJC,02/12/2009,3.0,3.0,3.0,3.0,32000,0
MJC,02/24/2009,3.0,3.0,3.0,3.0,45000,0
MJC,03/04/2009,3.0,3.0,3.0,3.0,2000,0
MJC,03/09/2009,2.8,2.8,2.8,2.8,1000,0
MJC,03/10/2009,3.0,3.0,3.0,3.0,28000,0
MJC,03/11/2009,3.0,3.0,3.0,3.0,20000,0
MJC,03/12/2009,3.0,3.0,3.0,3.0,2000,0
MJC,03/18/2009,3.0,3.0,3.0,3.0,25000,0
MJC,03/20/2009,3.0,3.0,3.0,3.0,10000,0
MJC,03/25/2009,3.0,3.0,3.0,3.0,10000,0
MJC,03/26/2009,3.1,3.1,3.1,3.1,1000,0
MJC,04/24/2009,3.2,3.5,3.2,3.5,2041000,0
MJC,05/25/2009,3.2,3.2,3.2,3.2,1000,0
MJC,05/26/2009,3.2,3.2,3.2,3.2,12000,0
MJC,06/01/2009,3.2,3.2,3.2,3.2,2000,0
MJC,06/03/2009,3.2,3.2,3.2,3.2,28000,0
MJC,06/08/2009,3.2,3.2,3.2,3.2,50000,0
MJC,06/18/2009,3.1,3.1,3.1,3.1,5000,0
MJC,06/30/2009,3.1,3.45,3.1,3.35,102000,0
MJC,07/01/2009,3.35,3.35,3.1,3.1,30000,0
MJC,07/03/2009,3.0,3.0,3.0,3.0,5000,0
MJC,07/06/2009,3.0,3.0,3.0,3.0,100000,0
MJC,07/07/2009,3.0,3.0,3.0,3.0,30000,0
MJC,07/09/2009,2.9,2.9,2.9,2.9,1000,0
MJC,07/13/2009,2.95,2.95,2.95,2.95,30000,0
MJC,07/14/2009,2.95,2.95,2.9,2.95,5000,0
MJC,08/20/2009,2.85,2.85,2.85,2.85,7000,0
MJC,08/27/2009,2.9,2.9,2.9,2.9,10000,0
MJC,08/28/2009,3.0,3.0,3.0,3.0,10000,0
MJC,09/02/2009,3.0,3.1,3.0,3.1,6000,0
MJC,09/04/2009,3.0,3.0,3.0,3.0,6000,0
MJC,09/10/2009,3.0,3.0,3.0,3.0,5000,0
MJC,09/18/2009,3.0,3.0,3.0,3.0,10000,0
MJC,09/22/2009,3.0,3.0,3.0,3.0,3933000,0
MJC,09/30/2009,3.0,3.0,3.0,3.0,6000,0
MJC,10/02/2009,3.0,3.0,3.0,3.0,10000,0
MJC,10/05/2009,3.0,3.0,3.0,3.0,5000,0
MJC,10/15/2009,2.95,2.95,2.95,2.95,12000,0
MJC,10/21/2009,2.95,3.0,2.95,3.0,40000,0
MJC,10/29/2009,3.0,3.0,3.0,3.0,31000,0
MJC,10/30/2009,3.0,3.4,3.0,3.4,34000,0
MJC,11/04/2009,3.05,3.05,3.05,3.05,50000,0
MJC,11/06/2009,3.0,3.1,3.0,3.1,11000,0
MJC,11/10/2009,3.0,3.0,3.0,3.0,2000,0
MJC,11/11/2009,3.0,3.0,3.0,3.0,5000,0
MJC,11/12/2009,2.95,2.95,2.95,2.95,5000,0
MJC,11/20/2009,3.0,3.0,3.0,3.0,9000,0
MJC,11/24/2009,3.0,3.0,3.0,3.0,5000,0
MJC,11/26/2009,3.0,3.0,2.9,2.9,32000,0
MJC,12/02/2009,3.35,3.35,3.35,3.35,1000,0
MJC,12/04/2009,3.1,3.1,3.1,3.1,287000,0
MJC,12/10/2009,3.0,3.0,3.0,3.0,1000,0
MJC,12/11/2009,3.0,3.0,3.0,3.0,2000,0
MJC,12/14/2009,3.0,3.0,3.0,3.0,2000,0
MJC,12/16/2009,3.0,3.0,3.0,3.0,3000,0
MJC,12/22/2009,3.0,3.0,3.0,3.0,5000,0
MJC,12/23/2009,3.0,3.0,3.0,3.0,1000,0
MJC,12/29/2009,3.0,3.0,3.0,3.0,1000,0
MJC,01/07/2010,2.95,2.95,2.9,2.9,40000,0
MJC,01/13/2010,3.0,3.0,3.0,3.0,50000,0
MJC,01/26/2010,2.9,3.0,2.9,3.0,36000,0
MJC,01/27/2010,2.8,2.95,2.8,2.95,21000,0
MJC,02/01/2010,2.8,2.8,2.6,2.6,4000,0
MJC,02/02/2010,2.5,2.8,2.5,2.8,5000,0
MJC,02/23/2010,2.5,2.55,2.5,2.55,10000,0
MJC,03/30/2010,2.7,2.7,2.7,2.7,37000,0
MJC,03/31/2010,2.7,2.7,2.7,2.7,10000,0
MJC,04/26/2010,2.8,2.8,2.8,2.8,6000,0
MJC,04/29/2010,2.8,2.8,2.8,2.8,81000,0
MJC,05/05/2010,2.7,2.7,2.7,2.7,8091000,0
MJC,05/19/2010,2.7,2.7,2.7,2.7,6000,0
MJC,06/09/2010,2.7,2.7,2.7,2.7,2000,0
MJC,06/18/2010,2.9,2.9,2.9,2.9,2000,0
MJC,06/21/2010,3.45,3.45,3.45,3.45,2000,0
MJC,06/24/2010,2.9,2.9,2.9,2.9,2000,0
MJC,06/25/2010,3.45,3.45,3.45,3.45,2000,0
MJC,07/07/2010,2.9,3.4,2.9,3.4,3295000,0
MJC,07/16/2010,3.0,3.0,3.0,3.0,2000,0
MJC,07/19/2010,3.0,3.0,3.0,3.0,12000,0
MJC,07/20/2010,2.9,2.9,2.9,2.9,5000,0
MJC,07/22/2010,2.9,3.05,2.9,3.05,19000,0
MJC,07/30/2010,3.0,3.0,3.0,3.0,10000,0
MJC,08/12/2010,3.25,3.25,3.25,3.25,10000,0
MJC,08/23/2010,3.0,3.0,3.0,3.0,10000,0
MJC,09/01/2010,3.0,3.0,3.0,3.0,1000,0
MJC,09/02/2010,3.49,3.49,3.49,3.49,1000,0
MJC,09/06/2010,3.0,3.0,3.0,3.0,50000,0
MJC,09/09/2010,3.02,3.02,3.02,3.02,173000,0
MJC,09/30/2010,3.0,3.0,3.0,3.0,10000,0
MJC,10/04/2010,3.0,3.0,3.0,3.0,10000,0
MJC,10/07/2010,3.0,3.0,3.0,3.0,46000,0
MJC,10/13/2010,3.3,3.4,3.3,3.4,3000,0
MJC,10/14/2010,3.5,3.5,3.5,3.5,6000,0
MJC,10/15/2010,3.6,3.6,3.6,3.6,3000,0
MJC,10/22/2010,3.5,3.5,3.5,3.5,20000,0
MJC,10/27/2010,3.75,3.75,3.75,3.75,12000,0
MJC,10/28/2010,3.5,3.5,3.5,3.5,4000,0
MJC,11/08/2010,3.75,3.75,3.75,3.75,4000,0
MJC,11/24/2010,3.01,3.72,3.01,3.72,12000,0
MJC,11/30/2010,3.05,3.05,3.05,3.05,5000,0
MJC,12/01/2010,3.06,3.06,3.06,3.06,4000,0
MJC,12/06/2010,3.05,3.05,3.05,3.05,40000,0
MJC,12/08/2010,3.05,3.05,3.05,3.05,5000,0
MJC,12/09/2010,3.0,3.0,3.0,3.0,3000,0
MJC,12/16/2010,3.0,3.0,3.0,3.0,6000,0
MJC,12/29/2010,3.0,3.0,3.0,3.0,163000,0
MJC,01/04/2011,3.1,3.1,3.0,3.0,32000,0
MJC,01/05/2011,3.55,4.1,3.55,4.1,32000,0
MJC,01/06/2011,3.5,3.5,3.5,3.5,5000,0
MJC,01/07/2011,4.1,4.1,4.0,4.0,12000,0
MJC,01/11/2011,3.8,3.8,3.8,3.8,1000,0
MJC,01/12/2011,3.55,4.0,3.55,4.0,7000,0
MJC,01/14/2011,3.1,3.1,3.1,3.1,27000,0
MJC,01/18/2011,3.1,3.1,3.1,3.1,2000,0
MJC,01/19/2011,3.5,4.0,3.5,4.0,3000,0
MJC,02/18/2011,3.8,3.8,3.5,3.5,24000,0
MJC,03/09/2011,3.05,3.05,3.05,3.05,151000,0
MJC,03/15/2011,3.05,3.05,3.0,3.0,200000,0
MJC,03/16/2011,3.01,3.01,3.01,3.01,1000,0
MJC,03/17/2011,2.8,2.8,2.6,2.6,55000,0
MJC,03/29/2011,2.6,2.6,2.6,2.6,20000,0
MJC,04/04/2011,2.51,2.51,2.5,2.5,64000,0
MJC,04/05/2011,2.42,2.42,2.4,2.4,17000,0
MJC,04/07/2011,2.4,2.4,2.31,2.31,53000,0
MJC,04/08/2011,2.3,2.4,2.3,2.4,48000,0
MJC,04/18/2011,2.5,2.6,2.5,2.6,115000,0
MJC,04/19/2011,2.58,3.25,2.58,3.0,165000,0
MJC,04/20/2011,3.15,3.15,2.9,3.0,227000,0
MJC,04/26/2011,3.0,3.0,3.0,3.0,3000000,0
MJC,04/27/2011,2.7,2.7,2.7,2.7,4468000,0
MJC,04/28/2011,2.7,2.7,2.5,2.55,38000,0
MJC,04/29/2011,2.5,2.5,2.5,2.5,13000,0
MJC,05/02/2011,2.6,2.65,2.48,2.5,95000,0
MJC,05/03/2011,2.05,2.15,2.0,2.03,200000,0
MJC,05/09/2011,2.05,2.05,2.05,2.05,2000,0
MJC,05/10/2011,2.06,2.06,2.06,2.06,2000,0
MJC,05/11/2011,2.05,2.07,2.05,2.07,21000,0
MJC,05/13/2011,2.07,2.07,2.05,2.05,228000,0
MJC,05/17/2011,2.02,2.02,1.95,1.98,390000,0
MJC,05/18/2011,2.0,2.0,1.9,1.9,165000,0
MJC,05/19/2011,1.9,1.9,1.9,1.9,10000,0
MJC,05/20/2011,1.21,1.9,1.21,1.9,3000,0
MJC,05/23/2011,1.85,1.85,1.8,1.8,39000,0
MJC,05/24/2011,1.9,1.9,1.9,1.9,10000,0
MJC,05/26/2011,1.5,1.8,1.5,1.74,119000,0
MJC,05/27/2011,1.75,1.99,1.6,1.99,309000,0
MJC,05/30/2011,1.9,1.9,1.9,1.9,50000,0
MJC,05/31/2011,1.6,1.6,1.5,1.57,186000,0
MJC,06/01/2011,1.57,1.61,1.57,1.61,390000,0
MJC,06/02/2011,1.6,1.6,1.6,1.6,1346000,0
MJC,06/03/2011,1.6,1.6,1.5,1.6,371000,0
MJC,06/07/2011,1.5,1.5,1.5,1.5,54000,0
MJC,06/08/2011,1.5,1.5,1.45,1.5,182000,0
MJC,06/09/2011,1.5,1.5,1.5,1.5,5000,0
MJC,06/10/2011,1.49,1.5,1.49,1.5,165000,0
MJC,06/13/2011,1.4,1.4,1.4,1.4,65000,0
MJC,06/14/2011,1.3,1.4,1.0,1.4,3419000,0
MJC,06/15/2011,1.35,1.36,1.35,1.36,59000,0
MJC,06/16/2011,1.4,1.4,1.4,1.4,6000,0
MJC,06/17/2011,1.36,1.4,1.36,1.4,387000,0
MJC,06/21/2011,1.4,1.4,1.36,1.4,113000,0
MJC,06/22/2011,1.4,1.5,1.36,1.5,20184000,0
MJC,06/23/2011,1.4,1.48,1.4,1.48,102000,0
MJC,06/24/2011,1.48,1.48,1.48,1.48,2000,0
MJC,06/29/2011,1.4,1.4,1.4,1.4,50000,0
MJC,06/30/2011,1.4,1.4,1.38,1.38,45000,0
MJC,07/01/2011,1.38,1.38,1.38,1.38,70000,0
MJC,07/04/2011,1.38,1.45,1.38,1.45,51000,0
MJC,07/05/2011,1.45,1.45,1.45,1.45,10000,0
MJC,07/06/2011,1.36,1.43,1.35,1.43,54000,0
MJC,07/11/2011,1.3,1.3,1.3,1.3,5000,0
MJC,07/12/2011,1.33,1.33,1.3,1.3,19000,0
MJC,07/13/2011,1.31,1.31,1.3,1.3,34000,0
MJC,07/14/2011,1.3,1.32,1.3,1.32,50000,0
MJC,07/15/2011,1.32,1.4,1.32,1.4,90000,0
MJC,07/19/2011,1.32,1.32,1.32,1.32,2000,0
MJC,07/20/2011,1.34,1.4,1.34,1.4,123000,0
MJC,07/21/2011,1.4,1.4,1.4,1.4,6000,0
MJC,07/22/2011,1.32,1.32,1.32,1.32,45000,0
MJC,07/25/2011,1.3,1.3,1.3,1.3,42000,0
MJC,07/27/2011,1.3,1.3,1.3,1.3,109000,0
MJC,07/28/2011,1.3,1.3,1.3,1.3,11000,0
MJC,07/29/2011,1.3,1.3,1.3,1.3,27000,0
MJC,08/02/2011,1.1,1.3,1.1,1.3,9329000,0
MJC,08/03/2011,1.33,1.33,1.32,1.32,3000,0
MJC,08/04/2011,1.32,1.4,1.3,1.4,200000,0
MJC,08/09/2011,1.3,1.3,1.3,1.3,3000,0
MJC,08/10/2011,1.3,1.3,1.3,1.3,45000,0
MJC,08/11/2011,1.35,1.35,1.32,1.32,206000,0
MJC,08/12/2011,1.3,1.35,1.3,1.35,269000,0
MJC,08/16/2011,1.32,1.32,1.32,1.32,3000,0
MJC,08/17/2011,1.33,1.35,1.33,1.35,51000,0
MJC,08/23/2011,1.32,1.32,1.32,1.32,50000,0
MJC,08/24/2011,1.35,1.35,1.35,1.35,966000,0
MJC,08/25/2011,1.36,1.36,1.36,1.36,1000,0
MJC,08/26/2011,1.33,1.33,1.33,1.33,49000,0
MJC,08/31/2011,1.4,1.4,1.4,1.4,50000,0
MJC,09/01/2011,1.33,1.35,1.33,1.35,100000,0
MJC,09/02/2011,1.4,1.4,1.4,1.4,150000,0
MJC,09/05/2011,1.39,1.39,1.39,1.39,66000,0
MJC,09/06/2011,1.4,1.8,1.4,1.4,3934000,0
MJC,09/07/2011,1.5,1.5,1.4,1.42,394000,0
MJC,09/08/2011,1.42,1.42,1.38,1.42,197000,0
MJC,09/09/2011,1.42,1.42,1.4,1.42,263000,0
MJC,09/12/2011,1.4,1.4,1.37,1.37,265000,0
MJC,09/14/2011,1.37,1.37,1.37,1.37,25000,0
MJC,09/16/2011,1.37,1.37,1.34,1.35,231000,0
MJC,09/21/2011,1.35,1.35,1.35,1.35,55000,0
MJC,09/22/2011,1.35,1.35,1.34,1.34,35000,0
MJC,09/23/2011,1.34,1.34,1.3,1.3,117000,0
MJC,09/29/2011,1.24,1.4,1.24,1.4,3000,0
MJC,09/30/2011,1.38,1.38,1.38,1.38,1000,0
MJC,10/03/2011,1.38,1.38,1.38,1.38,9000,0
MJC,10/04/2011,1.3,1.3,1.28,1.28,220000,0
MJC,10/05/2011,1.26,1.28,1.26,1.28,49000,0
MJC,10/06/2011,1.28,1.28,1.28,1.28,10000,0
MJC,10/10/2011,1.26,1.26,1.26,1.26,10000,0
MJC,10/12/2011,1.28,1.28,1.26,1.26,54000,0
MJC,10/13/2011,1.25,1.26,1.21,1.26,446000,0
MJC,10/17/2011,1.24,1.36,1.23,1.36,24000,0
MJC,10/18/2011,1.32,1.46,1.32,1.36,215000,0
MJC,10/19/2011,1.35,1.35,1.35,1.35,8000,0
MJC,10/24/2011,1.38,1.39,1.38,1.39,153000,0
MJC,10/25/2011,1.33,1.4,1.32,1.4,1433000,0
MJC,10/26/2011,1.33,1.33,1.33,1.33,92000,0
MJC,10/27/2011,1.33,1.33,1.33,1.33,8000,0
MJC,11/02/2011,1.28,1.28,1.25,1.25,466000,0
MJC,11/09/2011,1.27,1.27,1.27,1.27,18000,0
MJC,11/14/2011,1.3,1.3,1.3,1.3,1000,0
MJC,11/15/2011,1.29,1.29,1.28,1.28,18000,0
MJC,11/17/2011,1.36,1.36,1.35,1.35,17000,0
MJC,11/18/2011,1.36,1.4,1.3,1.3,363000,0
MJC,11/21/2011,1.29,1.37,1.29,1.3,112000,0
MJC,11/22/2011,1.36,1.38,1.31,1.31,36000,0
MJC,11/23/2011,1.31,1.31,1.31,1.31,20000,0
MJC,11/24/2011,1.38,1.38,1.38,1.38,7000,0
MJC,11/25/2011,1.3,1.3,1.3,1.3,30000,0
MJC,11/28/2011,1.27,1.27,1.27,1.27,8000,0
MJC,12/01/2011,1.38,1.69,1.35,1.35,2144000,0
MJC,12/02/2011,1.4,1.46,1.4,1.4,142000,0
MJC,12/05/2011,1.35,1.35,1.35,1.35,51000,0
MJC,12/06/2011,1.35,1.45,1.35,1.45,38000,0
MJC,12/07/2011,1.4,1.5,1.4,1.5,375000,0
MJC,12/08/2011,1.53,1.53,1.53,1.53,30000,0
MJC,12/09/2011,1.36,1.36,1.36,1.36,16000,0
MJC,12/12/2011,1.35,1.35,1.35,1.35,12000,0
MJC,12/13/2011,1.35,1.35,1.35,1.35,24000,0
MJC,12/14/2011,1.35,1.45,1.35,1.45,43000,0
MJC,12/15/2011,1.35,1.47,1.35,1.47,2000,0
MJC,12/16/2011,1.4,1.45,1.37,1.37,232000,0
MJC,12/19/2011,1.36,1.36,1.36,1.36,5000,0
MJC,12/20/2011,1.36,1.36,1.36,1.36,5000,0
MJC,12/21/2011,1.36,1.36,1.36,1.36,20000,0
MJC,12/22/2011,1.46,1.46,1.46,1.46,1000,0
MJC,12/23/2011,1.35,1.35,1.33,1.33,93000,0
MJC,12/26/2011,1.33,1.33,1.33,1.33,40000,0
MJC,12/27/2011,1.35,1.35,1.35,1.35,2000,0
MJC,12/29/2011,1.44,1.44,1.44,1.44,5000,0
MJC,01/02/2012,1.43,1.43,1.43,1.43,7000,0
MJC,01/03/2012,1.36,1.36,1.35,1.35,7000,0
MJC,01/04/2012,1.35,1.42,1.35,1.42,210000,0
MJC,01/05/2012,1.36,1.36,1.34,1.36,76000,0
MJC,01/06/2012,1.38,1.38,1.38,1.38,7000,0
MJC,01/10/2012,1.34,1.34,1.34,1.34,9000,0
MJC,01/11/2012,1.35,1.35,1.35,1.35,9000,0
MJC,01/12/2012,1.38,1.4,1.38,1.4,220000,0
MJC,01/13/2012,1.4,1.55,1.39,1.4,1595000,0
MJC,01/16/2012,1.41,1.41,1.41,1.41,30000,0
MJC,01/18/2012,1.4,1.4,1.4,1.4,48000,0
MJC,01/20/2012,1.4,1.49,1.4,1.49,81000,0
MJC,01/24/2012,1.4,1.4,1.4,1.4,15000,0
MJC,01/25/2012,1.48,1.49,1.4,1.49,61000,0
MJC,01/26/2012,1.49,1.5,1.39,1.4,268000,0
MJC,01/27/2012,1.39,1.4,1.39,1.4,14000,0
MJC,01/30/2012,1.4,1.47,1.4,1.47,3000,0
MJC,01/31/2012,1.47,1.47,1.4,1.4,32000,0
MJC,02/01/2012,1.4,1.47,1.39,1.42,489000,0
MJC,02/02/2012,1.48,1.7,1.4,1.55,3046000,0
MJC,02/03/2012,1.58,1.63,1.57,1.58,167000,0
MJC,02/06/2012,1.55,1.55,1.42,1.42,194000,0
MJC,02/07/2012,1.43,1.43,1.43,1.43,107000,0
