MJIC,02/04/1999,0.11,0.11,0.11,0.11,10000,0
MJIC,02/17/1999,0.1,0.1,0.1,0.1,1300000,0
MJIC,02/19/1999,0.1,0.1,0.1,0.1,300000,0
MJIC,02/23/1999,0.1,0.1,0.1,0.1,200000,0
MJIC,03/02/1999,0.1,0.1,0.1,0.1,900000,0
MJIC,03/04/1999,0.1,0.1,0.1,0.1,1900000,0
MJIC,03/08/1999,0.11,0.135,0.11,0.135,5300000,0
MJIC,03/09/1999,0.14,0.14,0.125,0.13,1760000,0
MJIC,03/10/1999,0.12,0.12,0.12,0.12,500000,0
MJIC,03/11/1999,0.11,0.11,0.11,0.11,200000,0
MJIC,03/12/1999,0.11,0.12,0.11,0.12,500000,0
MJIC,03/15/1999,0.12,0.12,0.12,0.12,30000,0
MJIC,03/16/1999,0.12,0.12,0.12,0.12,20000,0
MJIC,03/19/1999,0.11,0.11,0.11,0.11,720000,0
MJIC,03/23/1999,0.12,0.12,0.12,0.12,500000,0
MJIC,03/25/1999,0.12,0.16,0.12,0.145,11820000,0
MJIC,03/26/1999,0.15,0.2,0.15,0.185,44120000,0
MJIC,03/29/1999,0.18,0.18,0.155,0.155,4610000,0
MJIC,03/30/1999,0.155,0.18,0.155,0.17,3370000,0
MJIC,03/31/1999,0.15,0.19,0.15,0.18,8530000,0
MJIC,04/05/1999,0.18,0.185,0.165,0.165,3020000,0
MJIC,04/06/1999,0.17,0.17,0.17,0.17,100000,0
MJIC,04/07/1999,0.17,0.17,0.16,0.17,1860000,0
MJIC,04/12/1999,0.17,0.175,0.17,0.17,2480000,0
MJIC,04/13/1999,0.175,0.175,0.165,0.165,1000000,0
MJIC,04/14/1999,0.17,0.175,0.17,0.175,3090000,0
MJIC,04/15/1999,0.17,0.175,0.165,0.165,2630000,0
MJIC,04/16/1999,0.165,0.165,0.16,0.16,1080000,0
MJIC,04/19/1999,0.17,0.17,0.165,0.165,1020000,0
MJIC,04/20/1999,0.16,0.16,0.16,0.16,680000,0
MJIC,04/21/1999,0.15,0.15,0.15,0.15,100000,0
MJIC,04/23/1999,0.16,0.17,0.15,0.15,1010000,0
MJIC,04/26/1999,0.16,0.17,0.16,0.165,440000,0
MJIC,04/27/1999,0.16,0.165,0.16,0.16,1200000,0
MJIC,04/28/1999,0.165,0.175,0.165,0.175,810000,0
MJIC,04/29/1999,0.165,0.165,0.165,0.165,510000,0
MJIC,04/30/1999,0.165,0.165,0.165,0.165,300000,0
MJIC,05/03/1999,0.165,0.165,0.16,0.16,1100000,0
MJIC,05/04/1999,0.16,0.16,0.16,0.16,530000,0
MJIC,05/05/1999,0.16,0.16,0.16,0.16,760000,0
MJIC,05/07/1999,0.16,0.175,0.16,0.17,900000,0
MJIC,05/10/1999,0.16,0.16,0.16,0.16,510000,0
MJIC,05/12/1999,0.16,0.17,0.16,0.17,2160000,0
MJIC,05/13/1999,0.17,0.17,0.165,0.165,1000000,0
MJIC,05/14/1999,0.165,0.195,0.165,0.195,11200000,0
MJIC,05/17/1999,0.19,0.23,0.185,0.225,20030000,0
MJIC,05/18/1999,0.225,0.225,0.19,0.19,4430000,0
MJIC,05/19/1999,0.21,0.215,0.19,0.19,3420000,0
MJIC,05/20/1999,0.19,0.19,0.185,0.185,650000,0
MJIC,05/21/1999,0.18,0.18,0.18,0.18,110000,0
MJIC,05/24/1999,0.18,0.18,0.18,0.18,500000,0
MJIC,05/25/1999,0.19,0.195,0.19,0.195,1880000,0
MJIC,05/26/1999,0.195,0.21,0.19,0.195,6190000,0
MJIC,05/27/1999,0.19,0.205,0.19,0.2,3000000,0
MJIC,05/28/1999,0.195,0.195,0.19,0.195,1440000,0
MJIC,05/31/1999,0.19,0.19,0.19,0.19,1340000,0
MJIC,06/01/1999,0.19,0.19,0.18,0.185,2600000,0
MJIC,06/02/1999,0.18,0.18,0.18,0.18,770000,0
MJIC,06/03/1999,0.18,0.18,0.175,0.18,2700000,0
MJIC,06/04/1999,0.175,0.175,0.17,0.175,2560000,0
MJIC,06/07/1999,0.17,0.175,0.17,0.17,2200000,0
MJIC,06/08/1999,0.17,0.175,0.17,0.175,1800000,0
MJIC,06/09/1999,0.175,0.175,0.175,0.175,1600000,0
MJIC,06/10/1999,0.18,0.22,0.18,0.2,14240000,0
MJIC,06/11/1999,0.19,0.25,0.19,0.235,32370000,0
MJIC,06/14/1999,0.23,0.23,0.22,0.22,3820000,0
MJIC,06/15/1999,0.215,0.215,0.2,0.215,5000000,0
MJIC,06/16/1999,0.195,0.22,0.195,0.21,2960000,0
MJIC,06/17/1999,0.225,0.23,0.215,0.22,2860000,0
MJIC,06/18/1999,0.22,0.26,0.22,0.24,17470000,0
MJIC,06/21/1999,0.3,0.36,0.3,0.36,44200000,0
MJIC,06/22/1999,0.46,0.54,0.46,0.54,33440000,0
MJIC,06/23/1999,0.75,0.78,0.36,0.39,115680000,0
MJIC,06/24/1999,0.44,0.52,0.42,0.49,48300000,0
MJIC,06/25/1999,0.49,0.49,0.37,0.39,16110000,0
MJIC,06/28/1999,0.42,0.42,0.38,0.41,5080000,0
MJIC,06/29/1999,0.44,0.49,0.44,0.46,18600000,0
MJIC,06/30/1999,0.48,0.49,0.42,0.43,11310000,0
MJIC,07/01/1999,0.44,0.45,0.41,0.41,9730000,0
MJIC,07/02/1999,0.42,0.43,0.41,0.41,7970000,0
MJIC,07/05/1999,0.41,0.43,0.41,0.41,3110000,0
MJIC,07/06/1999,0.41,0.41,0.4,0.41,2080000,0
MJIC,07/07/1999,0.42,0.61,0.42,0.61,50670000,0
MJIC,07/08/1999,0.69,0.78,0.64,0.69,96660000,0
MJIC,07/09/1999,0.71,0.72,0.6,0.61,27470000,0
MJIC,07/12/1999,0.64,0.66,0.62,0.63,10710000,0
MJIC,07/13/1999,0.64,0.64,0.58,0.58,8290000,0
MJIC,07/14/1999,0.6,0.63,0.54,0.6,18020000,0
MJIC,07/15/1999,0.6,0.68,0.58,0.58,43090000,0
MJIC,07/16/1999,0.6,0.63,0.59,0.59,26150000,0
MJIC,07/19/1999,0.6,0.62,0.59,0.59,14050000,0
MJIC,07/20/1999,0.58,0.59,0.56,0.56,22100000,0
MJIC,07/21/1999,0.56,0.56,0.5,0.5,17370000,0
MJIC,07/22/1999,0.48,0.53,0.44,0.44,16630000,0
MJIC,07/23/1999,0.44,0.48,0.44,0.47,10990000,0
MJIC,07/26/1999,0.44,0.45,0.42,0.45,6520000,0
MJIC,07/27/1999,0.44,0.44,0.41,0.43,2770000,0
MJIC,07/28/1999,0.52,0.52,0.45,0.48,10650000,0
MJIC,07/29/1999,0.48,0.52,0.48,0.49,12660000,0
MJIC,07/30/1999,0.51,0.61,0.5,0.58,96060000,0
MJIC,08/02/1999,0.59,0.62,0.56,0.58,18320000,0
MJIC,08/04/1999,0.59,0.59,0.56,0.58,10570000,0
MJIC,08/05/1999,0.57,0.57,0.53,0.53,4290000,0
MJIC,08/06/1999,0.54,0.55,0.48,0.48,16380000,0
MJIC,08/09/1999,0.47,0.47,0.44,0.46,6070000,0
MJIC,08/10/1999,0.46,0.47,0.46,0.46,4300000,0
MJIC,08/11/1999,0.46,0.47,0.42,0.42,5100000,0
MJIC,08/12/1999,0.44,0.47,0.44,0.47,9760000,0
MJIC,08/13/1999,0.46,0.46,0.45,0.45,2150000,0
MJIC,08/16/1999,0.45,0.47,0.44,0.44,2540000,0
MJIC,08/17/1999,0.44,0.44,0.4,0.42,4680000,0
MJIC,08/18/1999,0.42,0.44,0.42,0.44,3780000,0
MJIC,08/19/1999,0.42,0.46,0.42,0.45,3060000,0
MJIC,08/20/1999,0.46,0.48,0.45,0.45,8010000,0
MJIC,08/23/1999,0.45,0.46,0.45,0.46,1600000,0
MJIC,08/24/1999,0.45,0.46,0.45,0.45,3760000,0
MJIC,08/25/1999,0.45,0.46,0.45,0.46,3950000,0
MJIC,08/26/1999,0.46,0.46,0.44,0.45,3420000,0
MJIC,08/27/1999,0.44,0.44,0.43,0.44,810000,0
MJIC,08/30/1999,0.42,0.43,0.42,0.43,810000,0
MJIC,08/31/1999,0.43,0.43,0.43,0.43,780000,0
MJIC,09/01/1999,0.42,0.42,0.41,0.41,770000,0
MJIC,09/02/1999,0.41,0.41,0.38,0.38,4860000,0
MJIC,09/03/1999,0.37,0.38,0.36,0.37,1740000,0
MJIC,09/06/1999,0.37,0.37,0.37,0.37,140000,0
MJIC,09/07/1999,0.37,0.42,0.37,0.41,5600000,0
MJIC,09/08/1999,0.39,0.41,0.39,0.4,1320000,0
MJIC,09/09/1999,0.39,0.4,0.39,0.4,430000,0
MJIC,09/10/1999,0.41,0.43,0.4,0.41,2580000,0
MJIC,09/13/1999,0.4,0.43,0.4,0.42,2560000,0
MJIC,09/14/1999,0.43,0.45,0.42,0.44,5830000,0
MJIC,09/17/1999,0.4,0.41,0.4,0.41,650000,0
MJIC,09/20/1999,0.41,0.43,0.41,0.43,2130000,0
MJIC,09/21/1999,0.43,0.43,0.43,0.43,1150000,0
MJIC,09/22/1999,0.42,0.43,0.42,0.43,1210000,0
MJIC,09/23/1999,0.45,0.45,0.39,0.42,3240000,0
MJIC,09/24/1999,0.42,0.42,0.41,0.41,1030000,0
MJIC,09/27/1999,0.4,0.41,0.4,0.4,2650000,0
MJIC,09/28/1999,0.41,0.41,0.4,0.4,2600000,0
MJIC,09/29/1999,0.4,0.4,0.4,0.4,1070000,0
MJIC,09/30/1999,0.4,0.4,0.39,0.39,1440000,0
MJIC,10/01/1999,0.39,0.41,0.39,0.4,1560000,0
MJIC,10/04/1999,0.41,0.52,0.41,0.49,28940000,0
MJIC,10/05/1999,0.59,0.59,0.51,0.57,59000000,0
MJIC,10/06/1999,0.58,0.59,0.53,0.55,21310000,0
MJIC,10/07/1999,0.56,0.58,0.53,0.54,11900000,0
MJIC,10/08/1999,0.56,0.65,0.54,0.63,52010000,0
MJIC,10/11/1999,0.65,0.68,0.58,0.62,21240000,0
MJIC,10/12/1999,0.62,0.62,0.5,0.51,3130000,0
MJIC,10/13/1999,0.5,0.54,0.46,0.5,6870000,0
MJIC,10/14/1999,0.47,0.47,0.4,0.46,7960000,0
MJIC,10/15/1999,0.46,0.51,0.46,0.48,4610000,0
MJIC,10/18/1999,0.43,0.48,0.43,0.48,1140000,0
MJIC,10/19/1999,0.45,0.47,0.45,0.46,1390000,0
MJIC,10/20/1999,0.5,0.54,0.5,0.51,7390000,0
MJIC,10/21/1999,0.53,0.53,0.48,0.48,2040000,0
MJIC,10/22/1999,0.48,0.48,0.47,0.47,280000,0
MJIC,10/25/1999,0.45,0.45,0.41,0.41,1970000,0
MJIC,10/26/1999,0.43,0.44,0.42,0.42,210000,0
MJIC,10/27/1999,0.43,0.45,0.43,0.43,470000,0
MJIC,10/28/1999,0.43,0.44,0.43,0.43,1860000,0
MJIC,11/03/1999,0.44,0.44,0.43,0.43,550000,0
MJIC,11/04/1999,0.43,0.43,0.43,0.43,640000,0
MJIC,11/05/1999,0.45,0.46,0.44,0.44,1440000,0
MJIC,11/08/1999,0.44,0.44,0.44,0.44,960000,0
MJIC,11/09/1999,0.44,0.44,0.44,0.44,210000,0
MJIC,11/10/1999,0.44,0.44,0.42,0.42,1020000,0
MJIC,11/11/1999,0.42,0.42,0.42,0.42,1860000,0
MJIC,11/12/1999,0.43,0.44,0.43,0.43,380000,0
MJIC,11/15/1999,0.43,0.43,0.43,0.43,370000,0
MJIC,11/16/1999,0.42,0.42,0.4,0.42,900000,0
MJIC,11/17/1999,0.44,0.44,0.41,0.41,1400000,0
MJIC,11/18/1999,0.46,0.46,0.43,0.43,300000,0
MJIC,11/19/1999,0.42,0.43,0.42,0.43,380000,0
MJIC,11/22/1999,0.43,0.44,0.43,0.43,1450000,0
MJIC,11/23/1999,0.42,0.42,0.41,0.41,1790000,0
MJIC,11/24/1999,0.42,0.48,0.42,0.46,4270000,0
MJIC,11/25/1999,0.44,0.44,0.42,0.43,1120000,0
MJIC,11/26/1999,0.43,0.43,0.43,0.43,750000,0
MJIC,11/29/1999,0.43,0.44,0.43,0.44,1170000,0
MJIC,12/01/1999,0.43,0.43,0.42,0.42,620000,0
MJIC,12/02/1999,0.41,0.41,0.39,0.4,940000,0
MJIC,12/03/1999,0.39,0.4,0.39,0.4,1570000,0
MJIC,12/06/1999,0.4,0.4,0.4,0.4,350000,0
MJIC,12/07/1999,0.4,0.4,0.39,0.39,2350000,0
MJIC,12/08/1999,0.4,0.42,0.39,0.39,540000,0
MJIC,12/09/1999,0.39,0.4,0.39,0.39,3070000,0
MJIC,12/10/1999,0.4,0.41,0.4,0.41,150000,0
MJIC,12/13/1999,0.38,0.38,0.38,0.38,30000,0
MJIC,12/15/1999,0.38,0.39,0.38,0.38,900000,0
MJIC,12/20/1999,0.4,0.4,0.4,0.4,10000,0
MJIC,12/22/1999,0.3,0.3,0.3,0.3,20000,0
MJIC,12/27/1999,0.36,0.36,0.36,0.36,50000,0
MJIC,12/28/1999,0.37,0.38,0.37,0.37,350000,0
MJIC,12/29/1999,0.38,0.38,0.38,0.38,440000,0
MJIC,01/04/2000,0.38,0.38,0.38,0.38,60000,0
MJIC,01/05/2000,0.4,0.42,0.39,0.42,1330000,0
MJIC,01/06/2000,0.42,0.47,0.42,0.42,7350000,0
MJIC,01/07/2000,0.42,0.42,0.41,0.41,350000,0
MJIC,01/10/2000,0.4,0.4,0.4,0.4,100000,0
MJIC,01/11/2000,0.39,0.39,0.38,0.38,1300000,0
MJIC,01/12/2000,0.37,0.41,0.37,0.4,960000,0
MJIC,01/13/2000,0.39,0.39,0.39,0.39,100000,0
MJIC,01/14/2000,0.38,0.38,0.38,0.38,740000,0
MJIC,01/17/2000,0.38,0.38,0.37,0.38,320000,0
MJIC,01/18/2000,0.37,0.37,0.37,0.37,400000,0
MJIC,01/19/2000,0.35,0.36,0.35,0.36,740000,0
MJIC,01/20/2000,0.34,0.34,0.34,0.34,1000000,0
MJIC,01/21/2000,0.34,0.34,0.32,0.34,1300000,0
MJIC,01/24/2000,0.34,0.34,0.34,0.34,450000,0
MJIC,01/26/2000,0.34,0.34,0.33,0.33,870000,0
MJIC,01/27/2000,0.32,0.32,0.32,0.32,490000,0
MJIC,01/28/2000,0.32,0.32,0.3,0.3,400000,0
MJIC,01/31/2000,0.3,0.3,0.3,0.3,110000,0
MJIC,02/01/2000,0.28,0.3,0.28,0.3,520000,0
MJIC,02/02/2000,0.3,0.3,0.3,0.3,200000,0
MJIC,02/03/2000,0.3,0.3,0.3,0.3,380000,0
MJIC,02/04/2000,0.32,0.37,0.32,0.37,810000,0
MJIC,02/07/2000,0.37,0.55,0.37,0.55,29060000,0
MJIC,02/08/2000,0.66,0.74,0.55,0.58,125390000,0
MJIC,02/09/2000,0.58,0.6,0.5,0.51,20370000,0
MJIC,02/10/2000,0.53,0.61,0.53,0.57,36150000,0
MJIC,02/11/2000,0.57,0.6,0.54,0.58,24300000,0
MJIC,02/14/2000,0.6,0.67,0.6,0.62,54130000,0
MJIC,02/15/2000,0.65,0.65,0.54,0.55,22810000,0
MJIC,02/16/2000,0.55,0.55,0.45,0.45,10730000,0
MJIC,02/17/2000,0.48,0.53,0.48,0.52,4780000,0
MJIC,02/18/2000,0.52,0.56,0.52,0.53,7590000,0
MJIC,02/21/2000,0.53,0.53,0.45,0.46,8710000,0
MJIC,02/22/2000,0.45,0.45,0.4,0.43,9710000,0
MJIC,02/23/2000,0.43,0.48,0.42,0.43,11420000,0
MJIC,02/24/2000,0.43,0.44,0.42,0.42,6220000,0
MJIC,02/28/2000,0.42,0.42,0.38,0.38,6840000,0
MJIC,02/29/2000,0.4,0.4,0.32,0.33,16650000,0
MJIC,03/01/2000,0.35,0.36,0.32,0.33,4790000,0
MJIC,03/02/2000,0.33,0.39,0.33,0.38,7870000,0
MJIC,03/03/2000,0.41,0.46,0.4,0.4,40090000,0
MJIC,03/06/2000,0.36,0.37,0.3,0.33,35030000,0
MJIC,03/07/2000,0.33,0.33,0.29,0.29,21350000,0
MJIC,03/08/2000,0.27,0.34,0.26,0.32,14240000,0
MJIC,03/09/2000,0.33,0.33,0.3,0.31,5120000,0
MJIC,03/10/2000,0.31,0.32,0.3,0.3,4860000,0
MJIC,03/13/2000,0.3,0.31,0.29,0.29,4590000,0
MJIC,03/14/2000,0.3,0.3,0.28,0.29,4900000,0
MJIC,03/15/2000,0.29,0.31,0.29,0.3,7140000,0
MJIC,03/16/2000,0.3,0.37,0.3,0.32,51540000,0
MJIC,03/17/2000,0.35,0.36,0.29,0.31,12510000,0
MJIC,03/20/2000,0.31,0.32,0.29,0.29,11690000,0
MJIC,03/21/2000,0.29,0.31,0.29,0.3,6380000,0
MJIC,03/22/2000,0.29,0.29,0.28,0.28,4300000,0
MJIC,03/23/2000,0.28,0.3,0.27,0.28,6580000,0
MJIC,03/24/2000,0.28,0.28,0.28,0.28,4550000,0
MJIC,03/27/2000,0.28,0.28,0.28,0.28,1250000,0
MJIC,03/28/2000,0.29,0.29,0.27,0.27,2490000,0
MJIC,03/29/2000,0.26,0.26,0.24,0.25,2560000,0
MJIC,03/30/2000,0.25,0.27,0.25,0.27,1870000,0
MJIC,03/31/2000,0.26,0.26,0.25,0.25,1400000,0
MJIC,04/03/2000,0.23,0.24,0.23,0.23,2520000,0
MJIC,04/04/2000,0.22,0.24,0.22,0.22,1620000,0
MJIC,04/05/2000,0.21,0.21,0.21,0.21,250000,0
MJIC,04/06/2000,0.215,0.215,0.21,0.21,300000,0
MJIC,04/07/2000,0.21,0.22,0.21,0.22,310000,0
MJIC,04/10/2000,0.23,0.26,0.23,0.23,5500000,0
MJIC,04/11/2000,0.22,0.23,0.22,0.22,1930000,0
MJIC,04/12/2000,0.21,0.22,0.21,0.22,680000,0
MJIC,04/13/2000,0.21,0.22,0.21,0.22,960000,0
MJIC,04/14/2000,0.22,0.22,0.21,0.22,510000,0
MJIC,04/17/2000,0.2,0.2,0.2,0.2,200000,0
MJIC,04/18/2000,0.235,0.235,0.2,0.205,1390000,0
MJIC,04/19/2000,0.205,0.205,0.2,0.2,300000,0
MJIC,04/24/2000,0.21,0.21,0.2,0.2,170000,0
MJIC,04/25/2000,0.2,0.2,0.2,0.2,800000,0
MJIC,04/26/2000,0.19,0.19,0.16,0.165,2750000,0
MJIC,04/28/2000,0.155,0.165,0.155,0.165,1150000,0
MJIC,05/02/2000,0.16,0.17,0.16,0.17,440000,0
MJIC,05/03/2000,0.16,0.16,0.15,0.15,1400000,0
MJIC,05/04/2000,0.16,0.16,0.15,0.15,630000,0
MJIC,05/05/2000,0.14,0.15,0.14,0.14,1770000,0
MJIC,05/08/2000,0.135,0.135,0.1,0.1,890000,0
MJIC,05/09/2000,0.1,0.12,0.1,0.12,1600000,0
MJIC,05/10/2000,0.17,0.18,0.15,0.16,450000,0
MJIC,05/11/2000,0.16,0.16,0.16,0.16,100000,0
MJIC,05/16/2000,0.15,0.15,0.15,0.15,30000,0
MJIC,05/19/2000,0.12,0.13,0.12,0.125,800000,0
MJIC,05/22/2000,0.115,0.115,0.11,0.11,1600000,0
MJIC,05/25/2000,0.12,0.12,0.12,0.12,950000,0
MJIC,05/26/2000,0.12,0.12,0.12,0.12,100000,0
MJIC,05/29/2000,0.115,0.115,0.115,0.115,50000,0
MJIC,05/30/2000,0.13,0.13,0.13,0.13,790000,0
MJIC,06/01/2000,0.135,0.135,0.135,0.135,160000,0
MJIC,06/02/2000,0.15,0.15,0.15,0.15,500000,0
MJIC,06/05/2000,0.17,0.195,0.17,0.19,5150000,0
MJIC,06/06/2000,0.19,0.19,0.18,0.185,1200000,0
MJIC,06/07/2000,0.155,0.18,0.155,0.16,30000,0
MJIC,06/09/2000,0.15,0.16,0.15,0.16,210000,0
MJIC,06/13/2000,0.16,0.16,0.16,0.16,210000,0
MJIC,06/14/2000,0.17,0.17,0.17,0.17,200000,0
MJIC,06/15/2000,0.15,0.15,0.15,0.15,10000,0
MJIC,06/16/2000,0.17,0.18,0.16,0.16,510000,0
MJIC,06/20/2000,0.17,0.17,0.17,0.17,200000,0
MJIC,06/21/2000,0.17,0.17,0.14,0.15,850000,0
MJIC,06/22/2000,0.15,0.15,0.15,0.15,300000,0
MJIC,06/23/2000,0.17,0.175,0.16,0.16,1360000,0
MJIC,06/28/2000,0.16,0.16,0.16,0.16,310000,0
MJIC,06/29/2000,0.16,0.16,0.16,0.16,400000,0
MJIC,06/30/2000,0.17,0.17,0.17,0.17,10000,0
MJIC,07/03/2000,0.16,0.16,0.16,0.16,440000,0
MJIC,07/07/2000,0.155,0.155,0.155,0.155,100000,0
MJIC,07/11/2000,0.155,0.155,0.155,0.155,250000,0
MJIC,07/12/2000,0.155,0.155,0.155,0.155,20000,0
MJIC,07/25/2000,0.115,0.12,0.115,0.12,250000,0
MJIC,07/28/2000,0.145,0.16,0.14,0.14,10040000,0
MJIC,08/08/2000,0.13,0.13,0.13,0.13,30000,0
MJIC,08/09/2000,0.13,0.13,0.13,0.13,100000,0
MJIC,08/11/2000,0.13,0.13,0.13,0.13,300000,0
MJIC,08/15/2000,0.13,0.13,0.13,0.13,500000,0
MJIC,08/17/2000,0.13,0.13,0.125,0.125,470000,0
MJIC,08/18/2000,0.13,0.16,0.13,0.15,2460000,0
MJIC,08/22/2000,0.145,0.15,0.145,0.15,400000,0
MJIC,08/24/2000,0.135,0.135,0.135,0.135,250000,0
MJIC,08/25/2000,0.135,0.135,0.135,0.135,250000,0
MJIC,08/31/2000,0.135,0.135,0.135,0.135,100000,0
MJIC,09/06/2000,0.13,0.13,0.13,0.13,100000,0
MJIC,09/07/2000,0.13,0.13,0.13,0.13,50000,0
MJIC,09/11/2000,0.13,0.13,0.13,0.13,200000,0
MJIC,09/13/2000,0.13,0.13,0.13,0.13,450000,0
MJIC,09/14/2000,0.125,0.125,0.125,0.125,200000,0
MJIC,09/18/2000,0.14,0.14,0.14,0.14,100000,0
MJIC,09/19/2000,0.12,0.12,0.12,0.12,50000,0
MJIC,09/22/2000,0.12,0.14,0.12,0.13,840000,0
MJIC,09/25/2000,0.13,0.135,0.13,0.135,210000,0
MJIC,09/26/2000,0.135,0.135,0.135,0.135,100000,0
MJIC,09/27/2000,0.125,0.125,0.11,0.12,820000,0
MJIC,09/29/2000,0.11,0.11,0.11,0.11,50000,0
MJIC,10/02/2000,0.12,0.12,0.11,0.11,820000,0
MJIC,10/03/2000,0.1,0.1,0.1,0.1,80000,0
MJIC,10/04/2000,0.1,0.1,0.1,0.1,800000,0
MJIC,10/05/2000,0.1,0.1,0.1,0.1,900000,0
MJIC,10/06/2000,0.105,0.105,0.105,0.105,800000,0
MJIC,10/09/2000,0.105,0.105,0.1,0.1,1100000,0
MJIC,10/11/2000,0.1,0.1,0.095,0.095,500000,0
MJIC,11/21/2000,0.1,0.13,0.1,0.12,1900000,0
MJIC,11/22/2000,0.13,0.13,0.12,0.12,1130000,0
MJIC,11/23/2000,0.12,0.12,0.12,0.12,200000,0
MJIC,12/05/2000,0.12,0.12,0.12,0.12,320000,0
MJIC,12/08/2000,0.11,0.11,0.11,0.11,400000,0
MJIC,12/11/2000,0.1,0.1,0.1,0.1,1400000,0
MJIC,12/12/2000,0.1,0.1,0.1,0.1,200000,0
MJIC,01/22/2001,0.12,0.12,0.11,0.12,5900000,0
MJIC,01/23/2001,0.135,0.18,0.13,0.18,7660000,0
MJIC,01/24/2001,0.23,0.24,0.17,0.18,23820000,0
MJIC,01/25/2001,0.2,0.215,0.19,0.2,7670000,0
MJIC,01/26/2001,0.19,0.22,0.19,0.2,6720000,0
MJIC,01/29/2001,0.22,0.22,0.185,0.185,7800000,0
MJIC,01/30/2001,0.185,0.185,0.18,0.18,2480000,0
MJIC,01/31/2001,0.175,0.175,0.17,0.175,2330000,0
MJIC,02/01/2001,0.17,0.17,0.16,0.17,1400000,0
MJIC,02/08/2001,0.18,0.19,0.18,0.19,750000,0
MJIC,02/09/2001,0.195,0.195,0.19,0.19,1200000,0
MJIC,02/12/2001,0.19,0.19,0.18,0.18,120000,0
MJIC,02/15/2001,0.17,0.17,0.17,0.17,50000,0
MJIC,02/19/2001,0.16,0.16,0.155,0.155,410000,0
MJIC,02/20/2001,0.16,0.17,0.16,0.16,350000,0
MJIC,02/21/2001,0.16,0.16,0.16,0.16,270000,0
MJIC,02/22/2001,0.16,0.16,0.16,0.16,30000,0
MJIC,02/26/2001,0.16,0.16,0.16,0.16,100000,0
MJIC,03/05/2001,0.16,0.16,0.15,0.16,920000,0
MJIC,03/06/2001,0.15,0.17,0.15,0.17,460000,0
MJIC,03/08/2001,0.15,0.15,0.15,0.15,400000,0
MJIC,03/13/2001,0.14,0.14,0.14,0.14,1530000,0
MJIC,03/22/2001,0.13,0.13,0.12,0.12,1150000,0
MJIC,04/11/2001,0.0725,0.115,0.0725,0.115,100000,0
MJIC,04/26/2001,0.105,0.105,0.105,0.105,200000,0
MJIC,05/11/2001,0.095,0.135,0.095,0.125,44000000,0
MJIC,05/16/2001,0.12,0.12,0.12,0.12,70000,0
MJIC,05/18/2001,0.12,0.135,0.12,0.135,700000,0
MJIC,05/28/2001,0.115,0.115,0.115,0.115,50000,0
MJIC,05/29/2001,0.115,0.115,0.115,0.115,50000,0
MJIC,06/05/2001,0.1,0.1,0.1,0.1,280000,0
MJIC,06/06/2001,0.0825,0.1,0.0825,0.1,1300000,0
MJIC,06/08/2001,0.1,0.1,0.1,0.1,300000,0
MJIC,06/19/2001,0.1,0.1,0.1,0.1,100000,0
MJIC,06/20/2001,0.1,0.1,0.1,0.1,500000,0
MJIC,06/21/2001,0.1,0.1,0.1,0.1,1000000,0
MJIC,07/02/2001,0.11,0.11,0.11,0.11,700000,0
MJIC,07/04/2001,0.11,0.11,0.11,0.11,200000,0
MJIC,07/09/2001,0.12,0.16,0.12,0.14,3850000,0
MJIC,07/10/2001,0.15,0.165,0.14,0.14,11550000,0
MJIC,07/11/2001,0.14,0.14,0.125,0.125,3470000,0
MJIC,07/12/2001,0.125,0.13,0.125,0.13,1500000,0
MJIC,07/13/2001,0.14,0.145,0.13,0.13,2930000,0
MJIC,07/16/2001,0.13,0.13,0.13,0.13,100000,0
MJIC,07/17/2001,0.12,0.12,0.11,0.11,1700000,0
MJIC,07/18/2001,0.12,0.12,0.11,0.11,200000,0
MJIC,07/19/2001,0.12,0.12,0.12,0.12,1100000,0
MJIC,07/20/2001,0.115,0.115,0.115,0.115,200000,0
MJIC,07/24/2001,0.115,0.115,0.115,0.115,100000,0
MJIC,07/25/2001,0.11,0.115,0.11,0.115,1330000,0
MJIC,07/26/2001,0.115,0.115,0.115,0.115,200000,0
MJIC,07/27/2001,0.11,0.11,0.11,0.11,300000,0
MJIC,07/30/2001,0.11,0.11,0.11,0.11,250000,0
MJIC,07/31/2001,0.115,0.135,0.115,0.135,6300000,0
MJIC,08/01/2001,0.14,0.14,0.13,0.13,1000000,0
MJIC,08/02/2001,0.125,0.125,0.115,0.115,240000,0
MJIC,08/06/2001,0.125,0.125,0.125,0.125,250000,0
MJIC,08/08/2001,0.115,0.115,0.115,0.115,950000,0
MJIC,08/09/2001,0.115,0.115,0.115,0.115,300000,0
MJIC,08/13/2001,0.115,0.115,0.115,0.115,1390000,0
MJIC,08/16/2001,0.11,0.11,0.11,0.11,950000,0
MJIC,08/17/2001,0.115,0.115,0.115,0.115,1000000,0
MJIC,08/20/2001,0.11,0.11,0.11,0.11,1130000,0
MJIC,08/27/2001,0.115,0.115,0.115,0.115,500000,0
MJIC,08/28/2001,0.115,0.13,0.115,0.125,2620000,0
MJIC,08/29/2001,0.125,0.135,0.125,0.125,8420000,0
MJIC,08/30/2001,0.125,0.125,0.115,0.115,2030000,0
MJIC,08/31/2001,0.11,0.11,0.11,0.11,1120000,0
MJIC,09/03/2001,0.11,0.11,0.11,0.11,1000000,0
MJIC,09/04/2001,0.115,0.115,0.11,0.11,500000,0
MJIC,09/05/2001,0.105,0.105,0.105,0.105,1900000,0
MJIC,09/07/2001,0.105,0.11,0.105,0.11,600000,0
MJIC,09/12/2001,0.1,0.1,0.1,0.1,500000,0
MJIC,09/18/2001,0.1,0.1,0.1,0.1,200000,0
MJIC,11/08/2001,0.08,0.08,0.08,0.08,500000,0
MJIC,11/29/2001,0.1,0.11,0.1,0.105,1400000,0
MJIC,12/06/2001,0.1,0.1,0.1,0.1,1500000,0
MJIC,01/23/2002,0.095,0.105,0.095,0.1,2500000,0
MJIC,01/24/2002,0.11,0.11,0.105,0.105,5300000,0
MJIC,01/25/2002,0.105,0.115,0.1,0.11,12100000,0
MJIC,01/28/2002,0.11,0.11,0.105,0.11,4840000,0
MJIC,01/29/2002,0.1,0.1,0.1,0.1,5900000,0
MJIC,01/30/2002,0.1,0.11,0.1,0.1,6000000,0
MJIC,01/31/2002,0.11,0.115,0.105,0.105,1300000,0
MJIC,02/01/2002,0.11,0.11,0.105,0.105,10340000,0
MJIC,02/04/2002,0.105,0.105,0.105,0.105,650000,0
MJIC,02/05/2002,0.1,0.1,0.1,0.1,2700000,0
MJIC,02/12/2002,0.1,0.1,0.1,0.1,1100000,0
MJIC,02/14/2002,0.105,0.105,0.105,0.105,1100000,0
MJIC,02/15/2002,0.11,0.12,0.11,0.12,25360000,0
MJIC,02/18/2002,0.12,0.12,0.12,0.12,6400000,0
MJIC,02/19/2002,0.125,0.13,0.115,0.12,11230000,0
MJIC,02/20/2002,0.115,0.115,0.11,0.11,2900000,0
MJIC,02/21/2002,0.115,0.155,0.115,0.15,51750000,0
MJIC,02/22/2002,0.14,0.16,0.13,0.13,35010000,0
MJIC,02/26/2002,0.135,0.14,0.13,0.13,9260000,0
MJIC,02/27/2002,0.13,0.135,0.115,0.12,11080000,0
MJIC,02/28/2002,0.125,0.125,0.115,0.115,2150000,0
MJIC,03/01/2002,0.12,0.12,0.115,0.12,6120000,0
MJIC,03/04/2002,0.125,0.125,0.12,0.125,1960000,0
MJIC,03/05/2002,0.12,0.12,0.115,0.115,6790000,0
MJIC,03/06/2002,0.115,0.115,0.115,0.115,7190000,0
MJIC,03/07/2002,0.12,0.12,0.115,0.115,8750000,0
MJIC,03/08/2002,0.115,0.115,0.115,0.115,800000,0
MJIC,03/11/2002,0.11,0.115,0.105,0.11,9620000,0
MJIC,03/12/2002,0.105,0.105,0.1,0.1,13500000,0
MJIC,03/14/2002,0.1,0.1,0.1,0.1,2900000,0
MJIC,03/15/2002,0.105,0.105,0.105,0.105,1800000,0
MJIC,03/18/2002,0.105,0.105,0.1,0.1,2710000,0
MJIC,03/19/2002,0.1,0.105,0.1,0.1,7100000,0
MJIC,03/20/2002,0.1,0.1,0.1,0.1,1400000,0
MJIC,03/21/2002,0.1,0.1,0.1,0.1,200000,0
MJIC,03/22/2002,0.105,0.105,0.105,0.105,500000,0
MJIC,03/25/2002,0.105,0.105,0.1,0.105,1030000,0
MJIC,03/26/2002,0.1,0.105,0.1,0.105,140000,0
MJIC,03/27/2002,0.1,0.105,0.1,0.1,500000,0
MJIC,04/01/2002,0.105,0.105,0.105,0.105,200000,0
MJIC,04/02/2002,0.1,0.1,0.1,0.1,360000,0
MJIC,04/03/2002,0.1,0.1,0.09,0.0925,10000000,0
MJIC,04/04/2002,0.09,0.1,0.0825,0.0975,13200000,0
MJIC,04/05/2002,0.0975,0.1,0.09,0.09,7700000,0
MJIC,04/16/2002,8.2,8.2,7.8,7.8,31000,0
MJIC,04/19/2002,7.5,7.5,7.0,7.0,6000,0
MJIC,04/22/2002,7.0,7.0,7.0,7.0,10000,0
MJIC,04/23/2002,7.0,7.5,7.0,7.5,10000,0
MJIC,04/24/2002,7.2,7.2,6.7,6.7,9000,0
MJIC,04/25/2002,6.2,6.7,6.2,6.3,20000,0
MJIC,04/30/2002,6.5,6.5,6.0,6.0,36000,0
MJIC,05/02/2002,6.5,6.5,6.1,6.1,13000,0
MJIC,05/03/2002,6.1,6.5,6.1,6.5,26000,0
MJIC,05/07/2002,6.5,6.6,6.5,6.6,3000,0
MJIC,05/08/2002,7.0,7.0,7.0,7.0,3000,0
MJIC,05/09/2002,7.0,7.0,7.0,7.0,5000,0
MJIC,05/10/2002,7.1,7.2,7.1,7.2,10000,0
MJIC,05/13/2002,7.5,7.5,7.5,7.5,14000,0
MJIC,05/14/2002,7.5,7.6,7.5,7.6,5000,0
MJIC,05/15/2002,6.6,6.6,6.5,6.5,12000,0
MJIC,05/16/2002,6.5,6.5,6.0,6.5,21000,0
MJIC,05/17/2002,6.5,6.5,6.1,6.5,14000,0
MJIC,05/21/2002,6.0,6.0,6.0,6.0,5000,0
MJIC,05/22/2002,6.0,6.0,6.0,6.0,8000,0
MJIC,05/23/2002,6.0,6.0,6.0,6.0,2000,0
MJIC,05/31/2002,5.8,5.8,5.8,5.8,5000,0
MJIC,06/03/2002,5.7,5.7,5.5,5.5,5000,0
MJIC,06/04/2002,5.5,5.5,5.5,5.5,11000,0
MJIC,06/20/2002,4.1,4.1,4.1,4.1,2000,0
MJIC,06/21/2002,5.0,5.0,5.0,5.0,1000,0
MJIC,06/24/2002,5.5,5.5,5.5,5.5,1000,0
MJIC,06/25/2002,5.0,5.0,5.0,5.0,1000,0
MJIC,07/02/2002,3.6,3.6,3.6,3.6,2000,0
MJIC,07/03/2002,3.7,3.7,3.65,3.65,3000,0
MJIC,07/08/2002,4.95,4.95,4.95,4.95,1000,0
MJIC,07/18/2002,3.2,3.2,3.2,3.2,1000,0
MJIC,07/19/2002,3.3,4.3,3.3,4.3,4000,0
MJIC,07/25/2002,5.0,5.5,5.0,5.5,15000,0
MJIC,07/26/2002,3.3,3.3,3.3,3.3,4000,0
MJIC,07/29/2002,4.0,4.0,4.0,4.0,1000,0
MJIC,07/30/2002,4.3,4.3,4.3,4.3,1000,0
MJIC,07/31/2002,4.0,4.0,4.0,4.0,5000,0
MJIC,08/02/2002,3.6,3.6,3.6,3.6,10000,0
MJIC,08/06/2002,3.65,3.65,3.65,3.65,3000,0
MJIC,08/08/2002,3.6,3.6,3.6,3.6,2000,0
MJIC,08/16/2002,3.6,3.6,3.6,3.6,3000,0
MJIC,09/02/2002,5.0,5.0,5.0,5.0,20000,0
MJIC,09/04/2002,4.3,4.35,4.3,4.35,2000,0
MJIC,09/09/2002,3.8,3.8,3.8,3.8,3000,0
MJIC,09/10/2002,3.8,3.8,3.8,3.8,5000,0
MJIC,09/12/2002,3.5,3.5,3.5,3.5,1000,0
MJIC,09/16/2002,1.6,1.7,1.6,1.7,20000,0
MJIC,09/18/2002,1.7,1.7,1.5,1.5,62000,0
MJIC,09/19/2002,1.5,1.5,1.5,1.5,6000,0
MJIC,09/20/2002,1.2,1.2,1.2,1.2,12000,0
MJIC,09/23/2002,1.2,1.2,1.2,1.2,5000,0
MJIC,11/04/2002,1.2,1.2,1.2,1.2,3000,0
MJIC,11/05/2002,1.2,1.2,1.2,1.2,5000,0
MJIC,01/29/2003,1.7,1.7,1.7,1.7,2000,0
MJIC,03/06/2003,1.02,1.02,1.02,1.02,2000,0
MJIC,03/18/2003,1.5,1.5,1.5,1.5,20000,0
MJIC,03/19/2003,2.2,2.2,2.2,2.2,18000,0
MJIC,07/09/2003,2.2,2.2,2.2,2.2,5000,0
MJIC,08/21/2003,2.2,2.2,2.2,2.2,12000,0
MJIC,09/03/2003,2.2,2.2,2.2,2.2,20000,0
MJIC,10/29/2003,1.8,1.8,1.8,1.8,20000,0
MJIC,11/04/2003,1.5,1.5,1.5,1.5,40000,0
MJIC,11/06/2003,1.3,1.3,1.3,1.3,50000,0
MJIC,12/10/2003,1.9,1.9,1.9,1.9,12000,0
MJIC,12/23/2003,1.98,1.98,1.98,1.98,7000,0
MJIC,06/11/2004,1.96,1.96,1.96,1.96,5000,0
MJIC,07/07/2004,1.4,1.4,1.4,1.4,13000,0
MJIC,08/11/2004,1.98,1.98,1.98,1.98,1000,0
MJIC,08/12/2004,1.9,1.9,1.9,1.9,1000,0
MJIC,01/28/2005,1.16,1.16,1.16,1.16,1000,0
MJIC,01/31/2005,0.9,0.91,0.9,0.9,55000,0
MJIC,02/03/2005,0.75,0.75,0.75,0.75,10000,0
MJIC,02/07/2005,0.46,0.46,0.46,0.46,10000,0
MJIC,02/22/2005,0.6,0.6,0.6,0.6,10000,0
MJIC,02/28/2005,0.9,0.9,0.9,0.9,10000,0
MJIC,03/07/2005,0.91,0.91,0.91,0.91,10000,0
MJIC,03/09/2005,1.1,1.1,1.1,1.1,10000,0
MJIC,03/10/2005,1.2,1.2,1.2,1.2,34000,0
MJIC,03/11/2005,1.2,1.28,1.2,1.26,129000,0
MJIC,03/14/2005,1.22,1.26,1.22,1.26,33000,0
MJIC,03/15/2005,1.28,1.28,1.28,1.28,4000,0
MJIC,03/16/2005,1.28,1.28,1.28,1.28,1000,0
MJIC,03/17/2005,1.28,1.28,1.28,1.28,6000,0
MJIC,03/18/2005,1.28,1.28,1.26,1.26,25000,0
MJIC,03/21/2005,1.32,1.32,1.32,1.32,22000,0
MJIC,03/22/2005,1.38,1.38,1.38,1.38,6000,0
MJIC,03/31/2005,1.38,1.44,1.38,1.44,23000,0
MJIC,04/04/2005,1.56,1.56,1.56,1.56,14000,0
MJIC,04/05/2005,1.62,1.62,1.62,1.62,14000,0
MJIC,04/06/2005,1.7,1.7,1.7,1.7,96000,0
MJIC,04/14/2005,1.7,1.7,1.7,1.7,21000,0
MJIC,05/06/2005,1.9,1.9,1.9,1.9,1000,0
MJIC,09/01/2005,1.16,1.16,1.14,1.14,39000,0
MJIC,09/07/2005,1.1,1.1,1.1,1.1,2000,0
MJIC,10/21/2005,0.66,0.66,0.66,0.66,4000,0
MJIC,12/13/2005,0.85,0.85,0.85,0.85,20000,0
MJIC,03/02/2007,0.8,0.8,0.8,0.8,30000,0
MJIC,05/25/2007,1.1,1.1,1.1,1.1,30000,0
MJIC,05/29/2007,1.1,1.64,1.1,1.64,7000,0
MJIC,05/30/2007,1.64,1.8,1.64,1.68,21000,0
MJIC,05/31/2007,2.0,2.5,2.0,2.5,64000,0
MJIC,06/01/2007,3.75,3.75,3.7,3.75,34000,0
MJIC,06/04/2007,3.1,5.6,3.1,4.1,164000,0
MJIC,06/05/2007,4.5,4.5,3.6,3.6,169000,0
MJIC,06/07/2007,2.8,2.8,2.65,2.65,80000,0
MJIC,06/08/2007,3.5,3.95,3.5,3.95,20000,0
MJIC,06/12/2007,3.95,4.05,3.9,3.9,37000,0
MJIC,06/13/2007,4.8,4.8,4.8,4.8,1000,0
MJIC,06/18/2007,3.1,4.1,3.1,4.1,6000,0
MJIC,06/20/2007,3.2,3.5,2.9,3.1,164000,0
MJIC,06/21/2007,3.2,3.9,3.2,3.9,65000,0
MJIC,06/22/2007,3.9,4.7,3.9,4.7,266000,0
MJIC,06/25/2007,4.45,4.45,4.45,4.45,20000,0
MJIC,06/26/2007,4.0,4.0,3.6,3.6,46000,0
MJIC,06/27/2007,3.8,3.8,3.7,3.7,33000,0
MJIC,06/28/2007,3.9,4.2,3.9,4.2,60000,0
MJIC,06/29/2007,4.15,4.15,4.0,4.0,98000,0
MJIC,07/02/2007,4.0,4.0,3.9,3.9,13000,0
MJIC,07/03/2007,4.0,4.0,4.0,4.0,31000,0
MJIC,07/04/2007,4.1,6.0,4.1,6.0,578000,0
MJIC,07/05/2007,7.0,8.0,6.0,7.0,450000,0
MJIC,07/09/2007,6.5,6.5,6.0,6.0,45000,0
MJIC,07/10/2007,6.3,6.3,6.3,6.3,10000,0
MJIC,07/11/2007,6.7,6.7,6.5,6.5,11000,0
MJIC,07/12/2007,6.3,6.5,6.3,6.5,30000,0
MJIC,07/13/2007,5.9,5.9,5.9,5.9,3000,0
MJIC,07/18/2007,6.0,6.4,6.0,6.3,28000,0
MJIC,07/19/2007,5.8,5.8,5.8,5.8,3000,0
MJIC,07/20/2007,5.6,5.6,5.6,5.6,5000,0
MJIC,07/23/2007,5.5,5.5,5.5,5.5,5000,0
MJIC,07/25/2007,4.6,4.65,4.1,4.1,62000,0
MJIC,07/26/2007,4.4,4.4,4.3,4.3,20000,0
MJIC,07/27/2007,4.2,4.2,4.0,4.0,75000,0
MJIC,07/30/2007,4.0,4.0,4.0,4.0,5000,0
MJIC,07/31/2007,4.0,4.05,4.0,4.05,13000,0
MJIC,08/03/2007,2.44,2.44,2.44,2.44,5000,0
MJIC,08/07/2007,2.75,3.0,2.75,3.0,12000,0
MJIC,08/08/2007,3.6,3.6,3.6,3.6,5000,0
MJIC,08/09/2007,3.0,3.0,3.0,3.0,34000,0
MJIC,08/10/2007,3.0,3.0,3.0,3.0,19000,0
MJIC,08/13/2007,3.05,3.05,3.05,3.05,27000,0
MJIC,08/15/2007,3.1,3.1,3.0,3.0,28000,0
MJIC,08/16/2007,2.9,2.9,2.9,2.9,15000,0
MJIC,08/23/2007,3.0,3.0,3.0,3.0,1000,0
MJIC,08/24/2007,3.25,3.25,3.25,3.25,5000,0
MJIC,09/25/2007,3.0,3.0,3.0,3.0,12000,0
MJIC,09/28/2007,3.8,3.8,3.8,3.8,35000,0
MJIC,10/16/2007,4.1,4.1,4.1,4.1,19000,0
MJIC,10/17/2007,4.0,4.0,3.9,3.9,41000,0
MJIC,10/18/2007,3.0,3.45,3.0,3.45,4000,0
MJIC,11/06/2007,3.5,3.5,3.5,3.5,12000,0
MJIC,11/08/2007,3.25,3.25,3.25,3.25,1000,0
MJIC,11/09/2007,3.25,4.7,3.25,4.25,209000,0
MJIC,11/12/2007,4.25,4.25,4.25,4.25,1000,0
MJIC,11/13/2007,4.0,4.0,4.0,4.0,15000,0
MJIC,11/16/2007,3.5,3.7,3.5,3.7,10000,0
MJIC,11/22/2007,3.3,3.3,3.0,3.0,15000,0
MJIC,11/29/2007,3.0,3.0,3.0,3.0,13000,0
MJIC,12/04/2007,3.0,3.0,3.0,3.0,1000,0
MJIC,12/05/2007,3.2,4.0,3.2,4.0,95000,0
MJIC,12/06/2007,4.0,4.1,4.0,4.1,12000,0
MJIC,12/07/2007,3.8,3.8,3.8,3.8,10000,0
MJIC,12/10/2007,3.2,3.2,3.0,3.1,92000,0
MJIC,12/11/2007,3.85,3.85,3.8,3.85,52000,0
MJIC,12/14/2007,3.3,3.3,3.3,3.3,10000,0
MJIC,12/17/2007,3.8,3.8,3.8,3.8,1000,0
MJIC,12/18/2007,2.8,2.8,2.8,2.8,2000,0
MJIC,12/19/2007,3.1,3.1,3.0,3.0,43000,0
MJIC,12/28/2007,3.2,3.2,3.2,3.2,23000,0
MJIC,01/02/2008,3.2,3.2,3.2,3.2,10000,0
MJIC,01/03/2008,3.0,3.0,3.0,3.0,40000,0
MJIC,01/07/2008,2.9,2.9,2.8,2.8,50000,0
MJIC,01/15/2008,2.3,2.3,2.3,2.3,1000,0
MJIC,01/16/2008,3.1,3.1,3.1,3.1,1000,0
MJIC,01/22/2008,2.2,2.2,2.2,2.2,30000,0
MJIC,01/23/2008,2.0,2.0,2.0,2.0,2000,0
MJIC,01/24/2008,2.04,2.04,2.04,2.04,2000,0
MJIC,01/25/2008,2.06,2.08,2.06,2.08,2000,0
MJIC,01/30/2008,1.98,1.98,1.98,1.98,1000,0
MJIC,02/20/2008,2.95,2.95,2.95,2.95,1000,0
MJIC,03/10/2008,1.84,1.84,1.8,1.8,17000,0
MJIC,03/17/2008,1.84,1.84,1.8,1.8,21000,0
MJIC,03/18/2008,1.8,1.8,1.8,1.8,6000,0
MJIC,03/25/2008,1.88,1.88,1.88,1.88,3000,0
MJIC,03/28/2008,1.78,1.78,1.78,1.78,2000,0
MJIC,03/31/2008,1.8,1.8,1.8,1.8,2000,0
MJIC,04/08/2008,1.74,1.74,1.74,1.74,9000,0
MJIC,04/17/2008,1.74,2.6,1.74,2.6,80000,0
MJIC,04/18/2008,3.5,3.9,3.5,3.9,154000,0
MJIC,04/21/2008,3.9,5.0,3.9,4.5,103000,0
MJIC,04/22/2008,4.0,4.0,3.8,3.8,85000,0
MJIC,04/25/2008,3.0,3.0,3.0,3.0,7000,0
MJIC,05/08/2008,2.0,2.0,2.0,2.0,7000,0
MJIC,05/09/2008,2.02,2.02,2.02,2.02,18000,0
MJIC,05/20/2008,3.0,3.0,3.0,3.0,4000,0
MJIC,05/21/2008,3.3,3.3,3.1,3.1,19000,0
MJIC,05/22/2008,3.0,3.0,3.0,3.0,20000,0
MJIC,05/23/2008,4.0,4.0,4.0,4.0,1000,0
MJIC,06/30/2008,4.0,4.0,4.0,4.0,5000,0
MJIC,07/01/2008,3.3,3.3,3.3,3.3,5000,0
MJIC,07/02/2008,3.0,3.0,3.0,3.0,13000,0
MJIC,07/14/2008,2.6,2.6,2.6,2.6,2000,0
MJIC,07/16/2008,2.6,2.6,2.6,2.6,1000,0
MJIC,07/22/2008,2.65,2.65,2.65,2.65,1000,0
MJIC,07/25/2008,2.65,2.65,2.65,2.65,1000,0
MJIC,08/05/2008,2.9,2.9,2.5,2.5,8000,0
MJIC,08/08/2008,2.6,2.6,2.6,2.6,11000,0
MJIC,08/11/2008,2.7,2.7,2.7,2.7,10000,0
MJIC,08/14/2008,2.6,2.6,2.5,2.5,17000,0
MJIC,08/15/2008,2.5,2.5,2.5,2.5,8000,0
MJIC,08/26/2008,2.3,2.3,2.3,2.3,1000,0
MJIC,08/28/2008,2.5,2.5,2.5,2.5,18000,0
MJIC,09/08/2008,2.1,2.1,2.1,2.1,1000,0
MJIC,09/09/2008,2.5,2.5,2.5,2.5,6000,0
MJIC,10/03/2008,2.95,2.95,2.95,2.95,7000,0
MJIC,10/14/2008,2.95,3.0,2.95,3.0,25000,0
MJIC,10/16/2008,3.0,3.0,3.0,3.0,10000,0
MJIC,10/24/2008,2.0,2.0,2.0,2.0,1000,0
MJIC,10/27/2008,2.0,2.0,2.0,2.0,2000,0
MJIC,10/29/2008,1.8,1.8,1.8,1.8,10000,0
MJIC,10/30/2008,1.6,1.6,1.6,1.6,8000,0
MJIC,01/30/2009,1.12,1.2,1.12,1.2,11000,0
MJIC,02/10/2009,1.5,1.8,1.5,1.8,3000,0
MJIC,02/11/2009,2.0,2.0,2.0,2.0,1000,0
MJIC,03/26/2009,1.2,1.2,1.2,1.2,5000,0
MJIC,03/27/2009,1.2,1.2,1.2,1.2,1000,0
MJIC,04/08/2009,1.4,1.4,1.4,1.4,2000,0
MJIC,05/14/2009,1.4,1.4,1.4,1.4,4000,0
MJIC,05/15/2009,2.1,2.1,2.1,2.1,1000,0
MJIC,07/13/2009,1.8,1.8,1.8,1.8,5000,0
MJIC,07/14/2009,1.3,1.3,1.3,1.3,10000,0
MJIC,07/22/2009,1.5,1.5,1.5,1.5,6000,0
MJIC,07/27/2009,2.24,2.24,2.2,2.24,13000,0
MJIC,07/28/2009,2.24,2.24,2.24,2.24,23000,0
MJIC,07/30/2009,2.5,2.8,2.5,2.8,55000,0
MJIC,08/07/2009,3.3,3.3,3.0,3.25,17000,0
MJIC,08/12/2009,1.98,3.3,1.98,3.3,999000,0
MJIC,08/13/2009,3.35,3.35,3.35,3.35,11000,0
MJIC,10/05/2009,2.44,2.44,2.44,2.44,3000,0
MJIC,10/06/2009,3.1,3.1,3.1,3.1,14000,0
MJIC,10/19/2009,3.1,3.1,3.1,3.1,1000,0
MJIC,10/28/2009,3.0,3.8,3.0,3.8,11000,0
MJIC,10/29/2009,4.1,4.1,4.1,4.1,5000,0
MJIC,11/03/2009,3.0,3.0,3.0,3.0,20000,0
MJIC,11/24/2009,3.0,3.0,3.0,3.0,3000,0
MJIC,11/26/2009,3.0,3.0,3.0,3.0,6000,0
MJIC,12/29/2009,1.8,1.8,1.8,1.8,2000,0
MJIC,01/04/2010,1.8,1.8,1.8,1.8,3000,0
MJIC,01/13/2010,2.65,2.65,2.65,2.65,15000,0
MJIC,01/21/2010,2.6,2.6,2.6,2.6,12000,0
MJIC,01/29/2010,1.62,1.62,1.6,1.62,14000,0
MJIC,02/10/2010,1.2,1.62,1.2,1.62,58000,0
MJIC,02/11/2010,1.5,1.62,1.5,1.62,12000,0
MJIC,02/15/2010,1.6,1.82,1.6,1.82,35000,0
MJIC,03/03/2010,2.1,2.1,2.1,2.1,5000,0
MJIC,03/09/2010,2.0,2.0,2.0,2.0,1000,0
MJIC,03/23/2010,2.0,2.0,2.0,2.0,2000,0
MJIC,03/24/2010,2.3,2.3,2.3,2.3,5000,0
MJIC,03/26/2010,2.12,2.4,2.0,2.4,75000,0
MJIC,03/30/2010,2.2,2.2,2.2,2.2,32000,0
MJIC,03/31/2010,2.2,2.2,2.2,2.2,4000,0
MJIC,04/12/2010,2.4,2.4,2.3,2.3,10000,0
MJIC,04/30/2010,2.0,2.0,2.0,2.0,20000,0
MJIC,05/04/2010,1.82,1.82,1.82,1.82,10000,0
MJIC,06/17/2010,2.0,2.0,2.0,2.0,1000,0
MJIC,06/21/2010,1.8,1.8,1.8,1.8,2000,0
MJIC,06/24/2010,1.82,1.82,1.82,1.82,5000,0
MJIC,06/25/2010,1.8,1.8,1.8,1.8,2000,0
MJIC,07/01/2010,1.78,1.78,1.78,1.78,6000,0
MJIC,07/06/2010,1.8,1.8,1.8,1.8,4000,0
MJIC,07/15/2010,1.7,1.7,1.7,1.7,10000,0
MJIC,07/20/2010,1.7,1.7,1.7,1.7,5000,0
MJIC,07/22/2010,1.5,1.5,1.5,1.5,5000,0
MJIC,08/09/2010,1.22,1.22,1.22,1.22,2000,0
MJIC,08/10/2010,1.24,1.24,1.24,1.24,2000,0
MJIC,08/25/2010,1.22,1.22,1.22,1.22,2000,0
MJIC,09/06/2010,1.4,1.4,1.4,1.4,10000,0
MJIC,09/09/2010,1.46,1.46,1.46,1.46,1000,0
MJIC,09/16/2010,1.3,1.3,1.3,1.3,5000,0
MJIC,09/17/2010,1.4,1.6,1.4,1.4,29000,0
MJIC,09/20/2010,1.4,1.4,1.4,1.4,1000,0
MJIC,09/22/2010,1.4,1.4,1.4,1.4,10000,0
MJIC,09/28/2010,1.4,1.4,1.4,1.4,10000,0
MJIC,10/12/2010,1.48,1.48,1.48,1.48,1000,0
MJIC,10/14/2010,1.5,1.5,1.5,1.5,2000,0
MJIC,10/19/2010,1.7,1.7,1.7,1.7,1000,0
MJIC,10/20/2010,1.56,2.08,1.56,2.08,13000,0
MJIC,10/21/2010,2.08,2.08,2.08,2.08,4000,0
MJIC,11/09/2010,1.6,1.6,1.6,1.6,6000,0
MJIC,11/10/2010,1.6,1.6,1.6,1.6,2000,0
MJIC,11/24/2010,1.56,1.56,1.56,1.56,3000,0
MJIC,12/01/2010,1.6,1.6,1.54,1.54,31000,0
MJIC,12/07/2010,1.5,1.5,1.5,1.5,8000,0
MJIC,12/10/2010,1.43,1.43,1.43,1.43,2000,0
MJIC,12/17/2010,1.44,1.44,1.43,1.43,5000,0
MJIC,12/23/2010,1.44,1.44,1.43,1.43,12000,0
MJIC,12/29/2010,1.44,1.44,1.44,1.44,1000,0
MJIC,12/30/2010,1.44,1.44,1.44,1.44,1000,0
MJIC,01/05/2011,1.5,1.5,1.5,1.5,32000,0
MJIC,01/07/2011,1.7,1.7,1.7,1.7,7000,0
MJIC,01/31/2011,1.64,1.64,1.64,1.64,3000,0
MJIC,02/04/2011,1.89,1.89,1.89,1.89,2000,0
MJIC,03/02/2011,1.64,1.64,1.64,1.64,3000,0
MJIC,03/04/2011,1.65,1.65,1.64,1.64,10000,0
MJIC,03/10/2011,1.61,1.61,1.6,1.6,10000,0
MJIC,03/11/2011,1.64,1.64,1.64,1.64,1000,0
MJIC,03/17/2011,1.65,1.65,1.64,1.64,5000,0
MJIC,03/24/2011,1.65,1.65,1.64,1.64,7000,0
MJIC,04/14/2011,1.67,1.67,1.67,1.67,18000,0
MJIC,04/29/2011,1.7,1.7,1.7,1.7,30000,0
MJIC,05/17/2011,1.64,1.64,1.64,1.64,2000,0
MJIC,05/31/2011,1.9,1.9,1.9,1.9,2000,0
MJIC,06/03/2011,1.62,1.64,1.6,1.64,10000,0
MJIC,06/07/2011,1.66,1.66,1.66,1.66,2000,0
MJIC,06/08/2011,1.66,1.66,1.66,1.66,1000,0
MJIC,06/09/2011,1.67,1.67,1.66,1.66,5000,0
MJIC,06/10/2011,1.66,1.66,1.66,1.66,1000,0
MJIC,06/16/2011,1.31,1.31,1.31,1.31,1000,0
MJIC,06/17/2011,1.33,1.33,1.33,1.33,5000,0
MJIC,06/22/2011,1.5,1.5,1.5,1.5,5000,0
MJIC,06/24/2011,1.5,1.5,1.36,1.36,10000,0
MJIC,07/05/2011,1.6,1.6,1.6,1.6,1000,0
MJIC,07/06/2011,1.4,1.6,1.4,1.6,7000,0
MJIC,07/18/2011,1.5,1.72,1.5,1.72,34000,0
MJIC,07/21/2011,1.72,1.72,1.72,1.72,16000,0
MJIC,07/22/2011,1.72,1.72,1.72,1.72,14000,0
MJIC,08/18/2011,1.25,1.25,1.25,1.25,1000,0
MJIC,08/23/2011,1.28,1.28,1.28,1.28,2000,0
MJIC,08/25/2011,1.8,1.8,1.8,1.8,1000,0
MJIC,09/06/2011,1.79,1.79,1.79,1.79,5000,0
MJIC,09/08/2011,1.78,1.78,1.78,1.78,2000,0
MJIC,09/09/2011,1.79,1.79,1.79,1.79,4000,0
MJIC,09/14/2011,1.79,1.8,1.79,1.8,5000,0
MJIC,09/28/2011,1.24,1.24,1.23,1.23,6000,0
MJIC,09/30/2011,1.23,1.23,1.23,1.23,7000,0
MJIC,10/03/2011,1.23,1.23,1.23,1.23,2000,0
MJIC,10/06/2011,1.24,1.24,1.23,1.23,5000,0
MJIC,10/18/2011,1.24,1.24,1.24,1.24,1000,0
MJIC,10/21/2011,1.23,1.23,1.23,1.23,42000,0
MJIC,11/14/2011,1.8,1.84,1.8,1.84,47000,0
MJIC,11/15/2011,2.0,2.76,1.6,1.6,165000,0
MJIC,11/16/2011,1.62,1.62,1.45,1.5,12000,0
MJIC,11/17/2011,1.6,1.99,1.6,1.99,6000,0
MJIC,11/18/2011,1.98,1.98,1.98,1.98,1000,0
MJIC,11/21/2011,1.22,1.3,1.22,1.3,70000,0
MJIC,11/22/2011,1.35,1.4,1.35,1.37,84000,0
MJIC,11/23/2011,1.37,1.37,1.37,1.37,11000,0
MJIC,11/24/2011,1.27,1.33,1.27,1.33,11000,0
MJIC,11/25/2011,1.28,1.87,1.27,1.84,22000,0
MJIC,12/01/2011,1.83,1.83,1.5,1.68,38000,0
MJIC,12/02/2011,1.68,1.68,1.5,1.5,17000,0
MJIC,12/06/2011,1.5,1.5,1.5,1.5,12000,0
MJIC,12/07/2011,1.5,1.5,1.5,1.5,6000,0
MJIC,12/08/2011,1.5,1.5,1.48,1.48,7000,0
MJIC,12/14/2011,1.52,1.52,1.52,1.52,1000,0
MJIC,12/19/2011,1.52,1.52,1.52,1.52,1000,0
MJIC,12/20/2011,1.52,1.52,1.52,1.52,4000,0
MJIC,12/21/2011,1.52,1.52,1.52,1.52,3000,0
MJIC,12/22/2011,1.52,1.52,1.52,1.52,7000,0
MJIC,12/26/2011,1.52,1.52,1.52,1.52,8000,0
MJIC,12/27/2011,1.52,1.52,1.52,1.52,2000,0
MJIC,12/29/2011,1.52,1.52,1.52,1.52,2000,0
MJIC,01/03/2012,1.33,1.33,1.33,1.33,1000,0
MJIC,01/04/2012,1.33,1.33,1.33,1.33,2000,0
MJIC,01/11/2012,1.56,1.57,1.37,1.37,5000,0
MJIC,01/13/2012,1.51,1.51,1.51,1.51,5000,0
MJIC,01/19/2012,1.33,1.33,1.33,1.33,2000,0
MJIC,01/20/2012,1.4,1.4,1.4,1.4,5000,0
MJIC,01/27/2012,1.4,1.4,1.4,1.4,2000,0
MJIC,01/31/2012,1.4,1.4,1.4,1.4,4000,0
MJIC,02/01/2012,1.4,2.1,1.4,2.1,128000,0
MJIC,02/02/2012,2.7,3.15,2.7,3.15,226000,0
MJIC,02/03/2012,4.72,4.72,4.4,4.47,68000,0
MJIC,02/06/2012,4.47,4.47,3.0,3.1,71000,0
MJIC,02/07/2012,3.1,3.11,2.91,2.91,29000,0
