MWC,03/18/2005,7.5,7.6,6.8,6.9,180926000,0
MWC,03/21/2005,7.0,7.2,6.9,6.9,59189000,0
MWC,03/22/2005,6.8,6.8,6.4,6.4,42036000,0
MWC,03/28/2005,6.7,6.7,6.4,6.5,18997000,0
MWC,03/29/2005,6.5,6.5,6.4,6.4,19727000,0
MWC,03/30/2005,6.3,6.3,6.1,6.2,44781000,0
MWC,03/31/2005,6.4,6.7,6.3,6.6,24088000,0
MWC,04/01/2005,6.6,6.7,6.5,6.6,7095000,0
MWC,04/04/2005,6.6,6.6,6.5,6.6,11035000,0
MWC,04/05/2005,6.6,6.6,6.5,6.5,7350000,0
MWC,04/06/2005,6.5,6.6,6.4,6.5,8918000,0
MWC,04/07/2005,6.5,6.5,6.3,6.4,2610000,0
MWC,04/08/2005,6.4,6.5,6.4,6.4,1942000,0
MWC,04/11/2005,6.4,6.5,6.4,6.5,5231000,0
MWC,04/12/2005,6.5,6.5,6.4,6.4,1321000,0
MWC,04/13/2005,6.4,6.5,6.4,6.4,2935000,0
MWC,04/14/2005,6.4,6.5,6.4,6.4,8232000,0
MWC,04/15/2005,6.4,6.4,6.3,6.3,3327000,0
MWC,04/18/2005,6.3,6.3,6.0,6.0,30505000,0
MWC,04/19/2005,6.1,6.4,6.1,6.3,6092000,0
MWC,04/20/2005,6.3,6.3,6.2,6.2,4807000,0
MWC,04/21/2005,6.2,6.2,6.2,6.2,1400000,0
MWC,04/22/2005,6.3,6.3,6.3,6.3,1975000,0
MWC,04/25/2005,6.3,6.3,6.2,6.2,2171000,0
MWC,04/26/2005,6.2,6.2,6.1,6.1,1483000,0
MWC,04/27/2005,6.1,6.1,5.9,5.9,5258000,0
MWC,04/28/2005,5.9,6.0,5.8,5.9,2127000,0
MWC,04/29/2005,6.0,6.1,6.0,6.1,4365000,0
MWC,05/03/2005,6.2,6.2,6.0,6.0,2211000,0
MWC,05/04/2005,6.0,6.0,5.9,6.0,4934000,0
MWC,05/05/2005,5.9,6.1,5.9,6.1,3734000,0
MWC,05/06/2005,6.1,6.1,6.1,6.1,4475000,0
MWC,05/09/2005,6.1,6.2,6.1,6.2,3896000,0
MWC,05/10/2005,6.1,6.2,6.0,6.0,4659000,0
MWC,05/11/2005,6.1,6.2,6.0,6.1,1703000,0
MWC,05/12/2005,6.1,6.1,5.9,6.0,1920000,0
MWC,05/13/2005,6.0,6.0,5.8,5.8,3535000,0
MWC,05/16/2005,5.8,5.8,5.8,5.8,658000,0
MWC,05/17/2005,5.8,5.8,5.6,5.6,4707000,0
MWC,05/18/2005,5.7,5.9,5.7,5.7,8900000,0
MWC,05/19/2005,5.8,5.9,5.8,5.9,11728000,0
MWC,05/20/2005,5.9,6.1,5.9,6.1,6014000,0
MWC,05/23/2005,6.1,6.1,6.0,6.1,990000,0
MWC,05/24/2005,6.1,6.1,6.0,6.1,3204000,0
MWC,05/25/2005,6.1,6.2,6.0,6.1,2786000,0
MWC,05/26/2005,6.1,6.1,6.1,6.1,7001000,0
MWC,05/27/2005,6.1,6.1,6.1,6.1,7141000,0
MWC,05/30/2005,6.1,6.1,6.1,6.1,4501000,0
MWC,05/31/2005,6.1,6.3,6.0,6.3,8827000,0
MWC,06/01/2005,6.3,6.5,6.3,6.4,2717000,0
MWC,06/02/2005,6.5,6.7,6.4,6.6,17946000,0
MWC,06/03/2005,6.5,6.7,6.5,6.7,8598000,0
MWC,06/06/2005,6.7,6.9,6.7,6.9,11578000,0
MWC,06/07/2005,6.9,6.9,6.7,6.7,7135000,0
MWC,06/08/2005,6.7,6.7,6.4,6.6,5106000,0
MWC,06/09/2005,6.5,6.5,6.4,6.4,6766000,0
MWC,06/10/2005,6.4,6.6,6.4,6.5,9583000,0
MWC,06/14/2005,6.6,6.6,6.4,6.4,993000,0
MWC,06/15/2005,6.4,6.6,6.4,6.6,5988000,0
MWC,06/16/2005,6.9,6.9,6.7,6.8,13766000,0
MWC,06/17/2005,6.8,6.8,6.7,6.8,11702000,0
MWC,06/20/2005,6.8,6.8,6.7,6.7,1232000,0
MWC,06/21/2005,6.7,6.7,6.5,6.5,4176000,0
MWC,06/22/2005,6.5,6.6,6.5,6.6,649000,0
MWC,06/23/2005,6.6,6.6,6.5,6.5,2634000,0
MWC,06/24/2005,6.5,6.6,6.5,6.6,929000,0
MWC,06/27/2005,6.5,6.5,6.4,6.4,5553000,0
MWC,06/28/2005,6.4,6.4,6.4,6.4,2825000,0
MWC,06/29/2005,6.4,6.5,6.4,6.5,5302000,0
MWC,06/30/2005,6.5,6.5,6.2,6.3,2859000,0
MWC,07/01/2005,6.2,6.4,6.2,6.4,1558000,0
MWC,07/04/2005,6.1,6.1,5.9,6.1,8612000,0
MWC,07/05/2005,6.1,6.2,6.0,6.1,1577000,0
MWC,07/06/2005,6.2,6.3,6.1,6.2,2453000,0
MWC,07/07/2005,6.2,6.4,6.2,6.3,4745000,0
MWC,07/08/2005,6.2,6.2,6.1,6.2,1278000,0
MWC,07/11/2005,6.2,6.2,6.1,6.2,1480000,0
MWC,07/12/2005,6.1,6.2,6.1,6.1,916000,0
MWC,07/13/2005,6.1,6.2,6.1,6.1,5059000,0
MWC,07/14/2005,6.2,6.4,6.2,6.3,2189000,0
MWC,07/15/2005,6.4,6.5,6.3,6.5,3634000,0
MWC,07/18/2005,6.5,6.6,6.5,6.5,5205000,0
MWC,07/19/2005,6.5,6.5,6.5,6.5,1847000,0
MWC,07/20/2005,6.6,6.7,6.6,6.6,6806000,0
MWC,07/21/2005,6.7,7.0,6.7,6.9,31120000,0
MWC,07/22/2005,6.9,6.9,6.7,6.8,3777000,0
MWC,07/26/2005,6.7,6.8,6.6,6.6,1210000,0
MWC,07/27/2005,6.7,6.7,6.6,6.6,878000,0
MWC,07/28/2005,6.7,6.9,6.7,6.9,2551000,0
MWC,07/29/2005,6.8,6.8,6.7,6.7,1138000,0
MWC,08/01/2005,6.7,6.7,6.6,6.7,2195000,0
MWC,08/02/2005,6.6,6.6,6.6,6.6,1453000,0
MWC,08/03/2005,6.6,6.6,6.6,6.6,2008000,0
MWC,08/04/2005,6.5,6.6,6.5,6.6,445000,0
MWC,08/05/2005,6.6,6.7,6.5,6.7,10461000,0
MWC,08/08/2005,6.6,6.7,6.5,6.5,1854000,0
MWC,08/09/2005,6.6,6.7,6.6,6.7,2822000,0
MWC,08/10/2005,6.7,6.7,6.7,6.7,1944000,0
MWC,08/11/2005,6.7,6.8,6.7,6.7,2566000,0
MWC,08/12/2005,6.7,6.7,6.7,6.7,1114000,0
MWC,08/15/2005,6.7,6.7,6.6,6.6,695000,0
MWC,08/16/2005,6.6,6.7,6.6,6.6,1289000,0
MWC,08/17/2005,6.6,6.6,6.6,6.6,890000,0
MWC,08/18/2005,6.6,6.6,6.6,6.6,316000,0
MWC,08/19/2005,6.6,6.6,6.5,6.5,2644000,0
MWC,08/22/2005,6.5,6.5,6.4,6.4,2318000,0
MWC,08/23/2005,6.5,6.5,6.3,6.3,3411000,0
MWC,08/24/2005,6.4,6.4,6.3,6.3,806000,0
MWC,08/25/2005,6.4,6.4,6.3,6.3,1384000,0
MWC,08/26/2005,6.4,6.4,6.3,6.4,3093000,0
MWC,08/30/2005,6.3,6.4,6.3,6.3,364000,0
MWC,08/31/2005,6.3,6.3,6.2,6.2,4573000,0
MWC,09/01/2005,6.3,6.4,6.3,6.4,4248000,0
MWC,09/02/2005,6.4,6.4,6.3,6.4,6391000,0
MWC,09/05/2005,6.4,6.4,6.2,6.2,761000,0
MWC,09/06/2005,6.2,6.2,6.2,6.2,1069000,0
MWC,09/07/2005,6.3,6.3,6.2,6.2,1600000,0
MWC,09/08/2005,6.2,6.2,6.1,6.1,3962000,0
MWC,09/09/2005,6.2,6.2,5.9,6.0,4437000,0
MWC,09/12/2005,6.0,6.0,5.9,6.0,625000,0
MWC,09/13/2005,6.0,6.1,6.0,6.1,12144000,0
MWC,09/14/2005,6.2,6.2,6.2,6.2,1143000,0
MWC,09/15/2005,6.2,6.2,6.2,6.2,35000,0
MWC,09/16/2005,6.1,6.2,6.1,6.2,248000,0
MWC,09/19/2005,6.1,6.1,6.1,6.1,912000,0
MWC,09/20/2005,6.1,6.1,6.0,6.0,4250000,0
MWC,09/21/2005,6.0,6.1,6.0,6.1,6476000,0
MWC,09/22/2005,6.0,6.1,6.0,6.0,13674000,0
MWC,09/23/2005,6.1,6.1,6.0,6.0,13946000,0
MWC,09/26/2005,6.0,6.0,6.0,6.0,6062000,0
MWC,09/27/2005,6.0,6.4,6.0,6.3,2917000,0
MWC,09/28/2005,6.2,6.2,6.2,6.2,1064000,0
MWC,09/29/2005,6.2,6.4,6.2,6.4,4779000,0
MWC,09/30/2005,6.4,6.4,6.2,6.3,8040000,0
MWC,10/03/2005,6.3,6.3,6.2,6.2,6811000,0
MWC,10/04/2005,6.2,6.2,6.1,6.1,17388000,0
MWC,10/05/2005,6.2,6.4,6.2,6.3,3971000,0
MWC,10/06/2005,6.3,6.3,6.3,6.3,1309000,0
MWC,10/07/2005,6.4,6.4,6.4,6.4,2695000,0
MWC,10/10/2005,6.4,6.4,6.4,6.4,965000,0
MWC,10/11/2005,6.4,6.5,6.4,6.5,5149000,0
MWC,10/12/2005,6.5,6.6,6.5,6.6,3047000,0
MWC,10/13/2005,6.5,6.6,6.5,6.6,2761000,0
MWC,10/14/2005,6.6,6.6,6.6,6.6,2419000,0
MWC,10/17/2005,6.6,6.6,6.5,6.5,3035000,0
MWC,10/18/2005,6.5,6.6,6.5,6.5,2708000,0
MWC,10/19/2005,6.5,6.6,6.5,6.5,5645000,0
MWC,10/20/2005,6.5,6.5,6.4,6.5,2426000,0
MWC,10/21/2005,6.4,6.4,6.2,6.2,627000,0
MWC,10/24/2005,6.2,6.3,6.2,6.3,169000,0
MWC,10/25/2005,6.2,6.3,6.2,6.3,374000,0
MWC,10/26/2005,6.3,6.3,6.3,6.3,209000,0
MWC,10/27/2005,6.3,6.4,6.3,6.4,774000,0
MWC,11/02/2005,6.4,6.6,6.4,6.5,11282000,0
MWC,11/03/2005,6.5,6.5,6.4,6.5,17313000,0
MWC,11/07/2005,6.5,6.5,6.4,6.4,1812000,0
MWC,11/08/2005,6.5,6.6,6.4,6.6,7263000,0
MWC,11/09/2005,6.6,6.8,6.6,6.8,6586000,0
MWC,11/10/2005,6.8,6.8,6.6,6.7,4303000,0
MWC,11/11/2005,6.7,6.8,6.7,6.7,5295000,0
MWC,11/14/2005,6.7,6.7,6.6,6.7,2756000,0
MWC,11/15/2005,6.7,6.7,6.6,6.6,1435000,0
MWC,11/16/2005,6.6,6.6,6.5,6.6,1986000,0
MWC,11/17/2005,6.6,6.7,6.5,6.7,2804000,0
MWC,11/18/2005,6.7,6.7,6.5,6.7,4166000,0
MWC,11/21/2005,6.6,6.8,6.6,6.8,6536000,0
MWC,11/22/2005,6.8,6.8,6.7,6.8,5459000,0
MWC,11/23/2005,6.8,6.8,6.5,6.6,2422000,0
MWC,11/24/2005,6.6,6.6,6.6,6.6,4831000,0
MWC,11/25/2005,6.6,6.6,6.5,6.5,49000,0
MWC,11/29/2005,6.6,6.6,6.5,6.6,1999000,0
MWC,11/30/2005,6.6,6.7,6.6,6.6,7327000,0
MWC,12/01/2005,6.6,6.6,6.5,6.5,3492000,0
MWC,12/02/2005,6.5,6.7,6.5,6.6,4580000,0
MWC,12/05/2005,6.6,6.6,6.5,6.5,1914000,0
MWC,12/06/2005,6.5,6.5,6.4,6.5,2220000,0
MWC,12/07/2005,6.6,6.6,6.5,6.5,4165000,0
MWC,12/08/2005,6.5,6.5,6.4,6.4,1423000,0
MWC,12/09/2005,6.5,6.5,6.4,6.4,130000,0
MWC,12/12/2005,6.5,6.5,6.4,6.4,1998000,0
MWC,12/13/2005,6.4,6.4,6.4,6.4,1196000,0
MWC,12/14/2005,6.3,6.4,6.3,6.3,175000,0
MWC,12/15/2005,6.3,6.3,6.2,6.2,6746000,0
MWC,12/16/2005,6.3,6.3,6.2,6.3,4061000,0
MWC,12/19/2005,6.2,6.2,6.1,6.1,1797000,0
MWC,12/20/2005,6.1,6.3,6.1,6.2,11393000,0
MWC,12/21/2005,6.2,6.2,6.2,6.2,1704000,0
MWC,12/22/2005,6.3,6.3,6.3,6.3,523000,0
MWC,12/23/2005,6.3,6.4,6.3,6.4,7488000,0
MWC,12/27/2005,6.4,6.4,6.3,6.3,125000,0
MWC,12/28/2005,6.3,6.4,6.3,6.3,1036000,0
MWC,12/29/2005,6.3,6.3,6.2,6.2,3575000,0
MWC,01/02/2006,6.2,6.3,6.2,6.2,1287000,0
MWC,01/03/2006,6.3,6.4,6.3,6.4,1009000,0
MWC,01/04/2006,6.4,6.6,6.4,6.6,7672000,0
MWC,01/05/2006,6.5,6.5,6.5,6.5,2371000,0
MWC,01/06/2006,6.5,6.5,6.5,6.5,1358000,0
MWC,01/09/2006,6.5,6.5,6.4,6.5,256000,0
MWC,01/10/2006,6.5,6.5,6.4,6.5,3994000,0
MWC,01/11/2006,6.5,6.5,6.3,6.5,6523000,0
MWC,01/12/2006,6.4,6.4,6.2,6.3,9364000,0
MWC,01/13/2006,6.4,6.4,6.3,6.4,1567000,0
MWC,01/16/2006,6.3,6.4,6.3,6.3,3464000,0
MWC,01/17/2006,6.3,6.5,6.3,6.5,2458000,0
MWC,01/18/2006,6.4,6.5,6.4,6.5,2048000,0
MWC,01/19/2006,6.4,6.4,6.3,6.3,4796000,0
MWC,01/20/2006,6.3,6.4,6.3,6.3,4635000,0
MWC,01/23/2006,6.3,6.4,6.3,6.3,4436000,0
MWC,01/24/2006,6.3,6.4,6.3,6.4,4624000,0
MWC,01/25/2006,6.4,6.5,6.4,6.4,2073000,0
MWC,01/26/2006,6.4,6.4,6.4,6.4,1216000,0
MWC,01/27/2006,6.4,6.5,6.4,6.4,2480000,0
MWC,01/30/2006,6.4,6.4,6.3,6.3,1169000,0
MWC,01/31/2006,6.3,6.4,6.3,6.3,353000,0
MWC,02/01/2006,6.4,6.4,6.3,6.4,1714000,0
MWC,02/02/2006,6.3,6.4,6.2,6.3,8216000,0
MWC,02/03/2006,6.4,6.4,6.3,6.4,4290000,0
MWC,02/06/2006,6.4,6.4,6.3,6.4,893000,0
MWC,02/07/2006,6.4,6.4,6.2,6.2,5942000,0
MWC,02/08/2006,6.3,6.3,6.2,6.3,4440000,0
MWC,02/09/2006,6.4,6.4,6.3,6.3,8903000,0
MWC,02/10/2006,6.3,6.4,6.2,6.2,4375000,0
MWC,02/13/2006,6.3,6.3,6.3,6.3,6108000,0
MWC,02/14/2006,6.3,6.3,6.2,6.3,6602000,0
MWC,02/15/2006,6.3,6.3,6.2,6.3,2169000,0
MWC,02/16/2006,6.3,6.3,6.2,6.3,32000,0
MWC,02/17/2006,6.3,6.3,6.2,6.3,4306000,0
MWC,02/20/2006,6.3,6.3,6.3,6.3,4257000,0
MWC,02/21/2006,6.3,6.3,6.3,6.3,1243000,0
MWC,02/22/2006,6.4,6.4,6.3,6.3,2579000,0
MWC,02/23/2006,6.3,6.4,6.3,6.4,218000,0
MWC,02/24/2006,6.4,6.4,6.2,6.3,7114000,0
MWC,02/27/2006,6.2,6.3,6.2,6.3,471000,0
MWC,02/28/2006,6.3,6.3,6.2,6.3,1426000,0
MWC,03/01/2006,6.3,6.4,6.3,6.4,1467000,0
MWC,03/02/2006,6.4,6.6,6.4,6.4,5636000,0
MWC,03/03/2006,6.4,6.5,6.3,6.4,3520000,0
MWC,03/06/2006,6.4,6.5,6.4,6.5,8174000,0
MWC,03/07/2006,6.4,6.5,6.4,6.5,1463000,0
MWC,03/08/2006,6.4,6.5,6.3,6.3,2284000,0
MWC,03/09/2006,6.4,6.4,6.3,6.4,1021000,0
MWC,03/10/2006,6.4,6.4,6.3,6.4,6360000,0
MWC,03/13/2006,6.4,6.4,6.3,6.4,5627000,0
MWC,03/14/2006,6.4,6.4,6.4,6.4,4348000,0
MWC,03/15/2006,6.4,6.5,6.4,6.5,1312000,0
MWC,03/16/2006,6.4,6.5,6.4,6.4,1564000,0
MWC,03/17/2006,6.4,6.5,6.4,6.5,337000,0
MWC,03/20/2006,6.4,6.5,6.4,6.4,3592000,0
MWC,03/21/2006,6.5,6.5,6.4,6.4,4308000,0
MWC,03/22/2006,6.4,6.5,6.4,6.5,4394000,0
MWC,03/23/2006,6.5,6.5,6.4,6.4,949000,0
MWC,03/24/2006,6.5,6.5,6.4,6.4,1785000,0
MWC,03/27/2006,6.5,6.5,6.4,6.5,5308000,0
MWC,03/28/2006,6.5,6.5,6.4,6.5,6105000,0
MWC,03/29/2006,6.4,6.5,6.4,6.5,1207000,0
MWC,03/30/2006,6.5,6.5,6.5,6.5,2843000,0
MWC,03/31/2006,6.5,6.6,6.5,6.6,5218000,0
MWC,04/03/2006,6.5,6.5,6.4,6.5,2354000,0
MWC,04/04/2006,6.5,6.5,6.3,6.4,7495000,0
MWC,04/05/2006,6.4,6.4,6.3,6.4,2577000,0
MWC,04/06/2006,6.3,6.4,6.3,6.4,1168000,0
MWC,04/07/2006,6.4,6.4,6.3,6.3,10144000,0
MWC,04/10/2006,6.3,6.4,6.3,6.4,10317000,0
MWC,04/11/2006,6.4,6.5,6.4,6.4,1772000,0
MWC,04/12/2006,6.4,6.5,6.4,6.5,3507000,0
MWC,04/17/2006,6.4,6.5,6.3,6.5,970000,0
MWC,04/18/2006,6.4,6.5,6.4,6.4,2031000,0
MWC,04/19/2006,6.5,6.5,6.4,6.5,2662000,0
MWC,04/20/2006,6.4,6.5,6.4,6.5,1933000,0
MWC,04/21/2006,6.4,6.5,6.4,6.4,4083000,0
MWC,04/24/2006,6.4,6.4,6.3,6.4,1265000,0
MWC,04/25/2006,6.5,6.5,6.4,6.5,1341000,0
MWC,04/26/2006,6.4,6.5,6.4,6.5,3559000,0
MWC,04/27/2006,6.5,6.5,6.4,6.5,1600000,0
MWC,04/28/2006,6.5,6.6,6.4,6.5,3494000,0
MWC,05/02/2006,6.5,6.8,6.5,6.8,9711000,0
MWC,05/03/2006,6.8,7.4,6.8,7.4,28229000,0
MWC,05/04/2006,7.4,7.6,7.2,7.3,7914000,0
MWC,05/05/2006,7.3,7.9,7.3,7.9,23402000,0
MWC,05/08/2006,7.8,8.3,7.6,8.2,10720000,0
MWC,05/09/2006,8.0,8.0,7.7,7.7,7294000,0
MWC,05/10/2006,7.7,7.8,7.6,7.7,3106000,0
MWC,05/11/2006,7.7,7.8,7.7,7.8,3097000,0
MWC,05/12/2006,7.8,7.8,7.7,7.7,3221000,0
MWC,05/15/2006,7.6,7.6,7.2,7.3,4434000,0
MWC,05/16/2006,7.3,7.4,7.3,7.4,2069000,0
MWC,05/17/2006,7.4,7.6,7.4,7.5,1581000,0
MWC,05/18/2006,7.3,7.3,7.1,7.2,6230000,0
MWC,05/19/2006,7.1,7.3,7.1,7.2,2225000,0
MWC,05/22/2006,7.2,7.3,7.2,7.3,1328000,0
MWC,05/23/2006,7.3,7.3,7.0,7.1,4409000,0
MWC,05/24/2006,7.1,7.2,7.0,7.0,2094000,0
MWC,05/25/2006,7.0,7.0,6.6,6.7,7754000,0
MWC,05/26/2006,6.8,6.9,6.8,6.8,4028000,0
MWC,05/29/2006,6.8,6.9,6.8,6.9,6014000,0
MWC,05/30/2006,6.9,6.9,6.8,6.9,714000,0
MWC,05/31/2006,6.8,7.0,6.7,6.9,2027000,0
MWC,06/01/2006,7.0,7.5,7.0,7.5,3142000,0
MWC,06/02/2006,7.4,7.4,7.3,7.3,1161000,0
MWC,06/05/2006,7.2,7.4,7.2,7.4,951000,0
MWC,06/06/2006,7.3,7.3,7.2,7.3,729000,0
MWC,06/07/2006,7.2,7.3,7.2,7.3,2237000,0
MWC,06/08/2006,7.1,7.1,6.9,7.0,2510000,0
MWC,06/09/2006,7.1,7.3,7.1,7.2,3217000,0
MWC,06/13/2006,6.9,6.9,6.8,6.8,1835000,0
MWC,06/14/2006,6.9,7.0,6.9,6.9,2076000,0
MWC,06/15/2006,7.0,7.0,6.9,7.0,1475000,0
MWC,06/16/2006,7.1,7.2,7.0,7.1,1635000,0
MWC,06/19/2006,7.0,7.1,7.0,7.1,441000,0
MWC,06/20/2006,7.0,7.0,7.0,7.0,3552000,0
MWC,06/21/2006,6.9,7.0,6.9,7.0,3131000,0
MWC,06/22/2006,7.1,7.2,7.0,7.1,377000,0
MWC,06/23/2006,7.1,7.3,7.1,7.2,1488000,0
MWC,06/26/2006,7.2,7.2,7.1,7.1,1016000,0
MWC,06/27/2006,7.1,7.1,7.1,7.1,1438000,0
MWC,06/28/2006,7.0,7.1,7.0,7.1,566000,0
MWC,06/29/2006,7.1,7.2,7.1,7.1,784000,0
MWC,06/30/2006,7.3,7.5,7.2,7.5,6440000,0
MWC,07/03/2006,7.3,7.5,7.3,7.4,2578000,0
MWC,07/04/2006,7.3,7.6,7.3,7.6,8994000,0
MWC,07/05/2006,7.5,7.5,7.5,7.5,318000,0
MWC,07/06/2006,7.5,7.5,7.4,7.5,1829000,0
MWC,07/07/2006,7.5,7.7,7.5,7.7,1442000,0
MWC,07/10/2006,7.7,7.9,7.5,7.9,2643000,0
MWC,07/11/2006,7.8,7.9,7.8,7.8,2568000,0
MWC,07/12/2006,7.8,7.9,7.7,7.8,2360000,0
MWC,07/13/2006,7.8,7.9,7.8,7.9,5470000,0
MWC,07/14/2006,7.7,7.8,7.7,7.7,4906000,0
MWC,07/17/2006,7.6,7.6,7.5,7.5,4473000,0
MWC,07/18/2006,7.5,7.6,7.5,7.6,304000,0
MWC,07/19/2006,7.5,7.6,7.5,7.6,254000,0
MWC,07/20/2006,7.7,7.8,7.7,7.7,634000,0
MWC,07/21/2006,7.6,7.6,7.6,7.6,6596000,0
MWC,07/25/2006,7.7,7.7,7.6,7.7,516000,0
MWC,07/26/2006,7.7,7.9,7.7,7.9,2054000,0
MWC,07/27/2006,7.9,8.2,7.9,8.1,9075000,0
MWC,07/28/2006,8.0,8.2,8.0,8.2,1205000,0
MWC,07/31/2006,8.2,8.6,8.2,8.6,3678000,0
MWC,08/01/2006,8.6,8.6,8.2,8.2,2633000,0
MWC,08/02/2006,8.3,8.3,8.0,8.2,6873000,0
MWC,08/03/2006,8.3,8.5,8.3,8.4,1390000,0
MWC,08/04/2006,8.4,8.5,8.4,8.5,7299000,0
MWC,08/07/2006,8.5,8.9,8.5,8.8,3889000,0
MWC,08/08/2006,8.8,9.0,8.8,9.0,9402000,0
MWC,08/09/2006,8.9,9.2,8.9,9.2,7373000,0
MWC,08/10/2006,9.1,9.1,8.9,9.1,8831000,0
MWC,08/11/2006,9.0,9.1,8.9,9.0,7503000,0
MWC,08/14/2006,9.0,9.0,8.8,8.8,3795000,0
MWC,08/15/2006,8.8,8.8,8.7,8.8,7891000,0
MWC,08/16/2006,8.9,8.9,8.8,8.8,10355000,0
MWC,08/17/2006,8.9,8.9,8.7,8.9,11650000,0
MWC,08/18/2006,9.0,9.2,9.0,9.2,11231000,0
MWC,08/22/2006,9.1,9.1,9.0,9.1,2149000,0
MWC,08/23/2006,8.9,9.0,8.9,9.0,32000,0
MWC,08/24/2006,9.0,9.0,8.8,8.9,1173000,0
MWC,08/25/2006,8.9,9.0,8.9,9.0,1437000,0
MWC,08/28/2006,9.0,9.0,8.9,8.9,1446000,0
MWC,08/29/2006,8.9,8.9,8.9,8.9,1112000,0
MWC,08/30/2006,8.9,8.9,8.9,8.9,601000,0
MWC,08/31/2006,8.9,8.9,8.9,8.9,366000,0
MWC,09/01/2006,8.9,9.1,8.9,9.0,8228000,0
MWC,09/04/2006,9.0,9.1,9.0,9.1,7919000,0
MWC,09/05/2006,9.1,9.1,8.9,9.0,959000,0
MWC,09/06/2006,9.0,9.0,9.0,9.0,6633000,0
MWC,09/07/2006,9.0,9.1,9.0,9.0,2555000,0
MWC,09/08/2006,9.0,9.0,8.9,8.9,867000,0
MWC,09/11/2006,8.9,9.0,8.9,9.0,1259000,0
MWC,09/12/2006,9.0,9.0,8.9,9.0,2540000,0
MWC,09/13/2006,9.0,9.0,9.0,9.0,1175000,0
MWC,09/14/2006,9.0,9.2,9.0,9.1,7652000,0
MWC,09/15/2006,9.1,9.2,9.1,9.2,2645000,0
MWC,09/18/2006,9.2,9.4,9.1,9.2,6591000,0
MWC,09/19/2006,9.2,9.3,9.2,9.2,6694000,0
MWC,09/20/2006,9.2,9.3,9.1,9.2,3302000,0
MWC,09/21/2006,9.2,9.2,8.8,9.0,9087000,0
MWC,09/22/2006,8.9,9.0,8.8,8.9,898000,0
MWC,09/25/2006,8.9,9.1,8.8,8.9,1046000,0
MWC,09/26/2006,9.0,9.0,9.0,9.0,683000,0
MWC,09/27/2006,9.1,9.1,9.0,9.0,636000,0
MWC,10/02/2006,9.1,9.1,8.9,8.9,3360000,0
MWC,10/03/2006,9.0,9.0,8.8,8.8,6999000,0
MWC,10/04/2006,8.8,9.0,8.8,9.0,3933000,0
MWC,10/05/2006,9.0,9.0,8.9,8.9,3383000,0
MWC,10/06/2006,9.0,9.1,8.9,8.9,2459000,0
MWC,10/09/2006,8.9,8.9,8.8,8.9,4221000,0
MWC,10/10/2006,8.9,8.9,8.8,8.9,3304000,0
MWC,10/11/2006,8.9,9.1,8.8,9.1,1536000,0
MWC,10/12/2006,9.2,9.2,9.0,9.1,1987000,0
MWC,10/13/2006,9.1,9.2,9.1,9.1,3315000,0
MWC,10/16/2006,9.1,9.2,9.1,9.1,3216000,0
MWC,10/17/2006,9.2,9.3,9.2,9.2,499000,0
MWC,10/18/2006,9.2,9.2,9.1,9.1,676000,0
MWC,10/19/2006,9.1,9.2,9.1,9.1,4217000,0
MWC,10/20/2006,9.2,9.2,9.1,9.1,2800000,0
MWC,10/23/2006,9.1,9.2,9.0,9.1,1478000,0
MWC,10/25/2006,9.1,9.3,9.1,9.2,8235000,0
MWC,10/26/2006,9.2,9.2,9.1,9.1,2294000,0
MWC,10/27/2006,9.1,9.3,9.1,9.3,1186000,0
MWC,10/30/2006,9.3,9.3,9.2,9.2,562000,0
MWC,10/31/2006,9.2,9.3,9.2,9.2,1610000,0
MWC,11/02/2006,9.2,9.2,9.1,9.2,2304000,0
MWC,11/03/2006,9.2,9.5,9.2,9.5,3830000,0
MWC,11/06/2006,9.5,9.5,9.3,9.4,4473000,0
MWC,11/07/2006,9.5,9.6,9.5,9.6,3632000,0
MWC,11/08/2006,9.5,9.6,9.3,9.5,784000,0
MWC,11/09/2006,9.5,9.5,9.4,9.4,8498000,0
MWC,11/10/2006,9.5,9.5,9.1,9.2,13652000,0
MWC,11/13/2006,9.2,9.3,9.2,9.3,20885000,0
MWC,11/14/2006,9.3,9.3,9.2,9.2,14740000,0
MWC,11/15/2006,9.2,9.3,9.1,9.2,13657000,0
MWC,11/16/2006,9.3,9.5,9.3,9.4,1070000,0
MWC,11/17/2006,9.2,9.4,9.2,9.4,3948000,0
MWC,11/20/2006,9.5,9.6,9.5,9.5,4006000,0
MWC,11/21/2006,9.7,10.0,9.6,9.9,10044000,0
MWC,11/22/2006,9.9,10.25,9.9,9.9,6606000,0
MWC,11/23/2006,10.0,10.0,9.6,9.8,3719000,0
MWC,11/24/2006,10.0,10.75,10.0,10.25,5081000,0
MWC,11/27/2006,10.25,10.25,10.0,10.0,3042600,0
MWC,11/28/2006,10.0,10.0,9.9,10.0,1761000,0
MWC,11/29/2006,10.0,10.25,10.0,10.25,5707000,0
MWC,11/30/2006,10.25,11.25,10.25,11.0,8261500,0
MWC,12/04/2006,11.0,11.0,10.25,10.75,7025700,0
MWC,12/05/2006,10.75,11.0,9.9,10.0,5536900,0
MWC,12/06/2006,9.5,9.6,9.2,9.5,14981000,0
MWC,12/07/2006,9.5,9.5,9.4,9.5,10336000,0
MWC,12/08/2006,9.6,9.9,9.6,9.8,3078000,0
MWC,12/11/2006,9.9,10.0,9.8,9.8,6479000,0
MWC,12/12/2006,9.9,10.25,9.6,9.7,2864000,0
MWC,12/13/2006,9.6,9.9,9.6,9.9,1465000,0
MWC,12/14/2006,9.8,9.8,9.8,9.8,1694000,0
MWC,12/15/2006,9.8,9.9,9.8,9.8,1211000,0
MWC,12/18/2006,9.8,9.9,9.7,9.8,1872000,0
MWC,12/19/2006,10.5,10.5,9.6,9.7,7053000,0
MWC,12/20/2006,9.9,9.9,9.5,9.5,5030000,0
MWC,12/21/2006,9.7,9.7,9.5,9.5,9631000,0
MWC,12/22/2006,9.5,9.5,9.4,9.5,4162000,0
MWC,12/27/2006,9.5,9.6,9.5,9.5,2213000,0
MWC,12/28/2006,9.5,9.6,9.5,9.5,2285000,0
MWC,12/29/2006,9.6,9.6,9.4,9.4,4645000,0
MWC,01/02/2007,9.4,9.4,9.3,9.3,4013000,0
MWC,01/03/2007,9.4,9.5,9.3,9.3,4533000,0
MWC,01/04/2007,9.4,9.4,9.1,9.2,7500000,0
MWC,01/05/2007,9.3,9.4,9.2,9.3,2820000,0
MWC,01/08/2007,9.3,9.3,8.9,8.9,6231000,0
MWC,01/09/2007,9.0,9.1,9.0,9.0,5176000,0
MWC,01/10/2007,9.0,9.0,8.9,9.0,928000,0
MWC,01/11/2007,9.0,9.0,8.8,8.9,2616000,0
MWC,01/12/2007,8.9,8.9,8.8,8.9,769000,0
MWC,01/15/2007,8.9,9.0,8.8,8.9,2966000,0
MWC,01/16/2007,9.1,9.3,8.9,8.9,4421000,0
MWC,01/17/2007,9.0,9.2,9.0,9.2,1493000,0
MWC,01/18/2007,9.3,9.4,9.3,9.4,3625000,0
MWC,01/19/2007,9.5,9.5,9.2,9.3,3790000,0
MWC,01/22/2007,9.4,9.4,9.2,9.3,3729000,0
MWC,01/23/2007,9.2,9.2,9.1,9.2,1236000,0
MWC,01/24/2007,9.2,9.2,9.0,9.2,3127000,0
MWC,01/25/2007,9.1,9.2,9.0,9.0,3882000,0
MWC,01/26/2007,8.9,9.0,8.9,9.0,1813000,0
MWC,01/29/2007,9.0,9.2,9.0,9.2,1640000,0
MWC,01/30/2007,9.2,9.2,9.0,9.1,1042000,0
MWC,01/31/2007,9.1,9.2,9.1,9.1,4408000,0
MWC,02/01/2007,9.1,9.2,9.0,9.1,4486000,0
MWC,02/02/2007,9.2,9.4,9.2,9.3,7515000,0
MWC,02/05/2007,9.5,10.0,9.5,9.9,15856000,0
MWC,02/06/2007,9.9,9.9,9.5,9.9,10598000,0
MWC,02/07/2007,9.9,10.0,9.8,9.9,11769000,0
MWC,02/08/2007,9.9,10.25,9.9,10.0,7021000,0
MWC,02/09/2007,10.0,10.0,9.9,9.9,5152000,0
MWC,02/12/2007,9.9,9.9,9.7,9.9,1844000,0
MWC,02/13/2007,9.9,9.9,9.7,9.8,1542000,0
MWC,02/14/2007,9.8,9.9,9.7,9.7,2139000,0
MWC,02/15/2007,9.8,9.9,9.8,9.8,4190000,0
MWC,02/16/2007,9.8,9.9,9.7,9.8,6003000,0
MWC,02/19/2007,9.8,9.9,9.7,9.8,1145000,0
MWC,02/20/2007,9.8,9.9,9.7,9.8,2393000,0
MWC,02/21/2007,9.8,9.9,9.8,9.8,3284000,0
MWC,02/22/2007,9.8,9.8,9.7,9.8,2020000,0
MWC,02/23/2007,9.9,10.0,9.8,9.9,12110000,0
MWC,02/26/2007,10.0,10.0,9.8,9.9,6891000,0
MWC,02/27/2007,9.9,9.9,9.6,9.8,5982000,0
MWC,02/28/2007,9.3,9.4,9.1,9.3,8112000,0
MWC,03/01/2007,9.4,9.7,9.4,9.5,8921000,0
MWC,03/02/2007,9.3,9.5,9.3,9.4,5152000,0
MWC,03/05/2007,9.4,9.4,8.9,8.9,2756000,0
MWC,03/06/2007,8.9,9.1,8.9,9.0,4278000,0
MWC,03/07/2007,9.2,9.3,9.1,9.2,5328000,0
MWC,03/08/2007,9.2,9.2,9.0,9.0,1345000,0
MWC,03/09/2007,9.1,9.1,9.0,9.0,3155000,0
MWC,03/12/2007,9.1,9.1,9.0,9.0,1710000,0
MWC,03/13/2007,9.1,9.1,9.0,9.0,6756000,0
MWC,03/14/2007,8.9,8.9,8.9,8.9,4549000,0
MWC,03/15/2007,8.9,8.9,8.9,8.9,1195000,0
MWC,03/16/2007,8.9,9.0,8.9,8.9,2699000,0
MWC,03/19/2007,9.0,9.1,9.0,9.1,294000,0
MWC,03/20/2007,9.1,9.2,9.0,9.0,531000,0
MWC,03/21/2007,9.0,9.1,9.0,9.0,254000,0
MWC,03/22/2007,9.1,9.3,9.1,9.3,4156000,0
MWC,03/23/2007,9.3,9.3,9.2,9.3,786000,0
MWC,03/26/2007,9.3,9.3,9.3,9.3,619000,0
MWC,03/27/2007,9.5,9.6,9.3,9.6,1677000,0
MWC,03/28/2007,9.4,9.4,9.4,9.4,489000,0
MWC,03/29/2007,9.6,9.7,9.5,9.7,4803000,0
MWC,03/30/2007,9.7,9.7,9.6,9.7,2140000,0
MWC,04/02/2007,9.7,9.7,9.7,9.7,1882000,0
MWC,04/03/2007,9.7,9.7,9.6,9.6,1397000,0
MWC,04/04/2007,9.6,9.6,9.4,9.5,7039000,0
MWC,04/10/2007,9.6,9.7,9.5,9.7,1142000,0
MWC,04/11/2007,9.7,10.0,9.7,9.9,4704000,0
MWC,04/12/2007,10.0,10.25,9.9,10.0,8693000,0
MWC,04/13/2007,10.5,10.5,10.0,10.5,12255000,0
MWC,04/16/2007,10.5,10.5,10.25,10.5,5132800,0
MWC,04/17/2007,10.5,11.0,10.5,10.75,9386100,0
MWC,04/18/2007,11.0,11.0,10.5,10.5,3051400,0
MWC,04/19/2007,10.75,10.75,10.25,10.5,8775000,0
MWC,04/20/2007,10.5,10.5,10.5,10.5,3124500,0
MWC,04/23/2007,10.75,11.0,10.75,10.75,3864100,0
MWC,04/24/2007,10.75,11.25,10.75,11.0,6611400,0
MWC,04/25/2007,11.0,11.5,11.0,11.5,6081100,0
MWC,04/26/2007,11.75,12.75,11.75,12.75,16447500,0
MWC,04/27/2007,12.5,12.5,12.25,12.25,3022900,0
MWC,04/30/2007,12.0,12.25,12.0,12.0,8639600,0
MWC,05/02/2007,12.0,12.0,12.0,12.0,7191600,0
MWC,05/03/2007,12.25,12.25,12.0,12.25,736700,0
MWC,05/04/2007,12.25,12.25,12.0,12.25,3664000,0
MWC,05/07/2007,12.25,12.5,12.0,12.0,3172900,0
MWC,05/08/2007,12.25,12.25,12.0,12.0,5086200,0
MWC,05/09/2007,12.0,12.0,12.0,12.0,917200,0
MWC,05/10/2007,12.0,12.25,12.0,12.25,541800,0
MWC,05/11/2007,12.25,12.25,11.75,12.0,3524900,0
MWC,05/15/2007,12.0,12.25,11.75,11.75,4924200,0
MWC,05/16/2007,12.0,12.0,12.0,12.0,7326000,0
MWC,05/17/2007,12.0,12.25,12.0,12.0,3692700,0
MWC,05/18/2007,12.0,12.25,12.0,12.0,2520100,0
MWC,05/21/2007,12.25,12.25,11.75,12.0,5120700,0
MWC,05/22/2007,12.0,12.0,11.75,12.0,2358000,0
MWC,05/23/2007,12.0,12.0,11.75,11.75,582200,0
MWC,05/24/2007,12.0,12.0,11.75,11.75,535700,0
MWC,05/25/2007,12.0,12.0,11.5,11.5,1794000,0
MWC,05/28/2007,11.75,12.0,11.5,11.5,1115600,0
MWC,05/29/2007,11.75,11.75,11.75,11.75,3290100,0
MWC,05/30/2007,11.75,11.75,11.5,11.75,5641400,0
MWC,05/31/2007,11.75,12.5,11.75,12.5,6924000,0
MWC,06/01/2007,12.75,12.75,12.5,12.5,4551200,0
MWC,06/04/2007,12.5,12.5,12.25,12.5,1173600,0
MWC,06/05/2007,12.5,12.5,12.25,12.25,2809400,0
MWC,06/06/2007,12.25,12.5,12.0,12.0,4924400,0
MWC,06/07/2007,12.0,12.25,12.0,12.25,2922400,0
MWC,06/08/2007,12.0,12.25,12.0,12.25,5628400,0
MWC,06/12/2007,12.25,12.25,12.0,12.25,15443700,0
MWC,06/13/2007,12.25,12.25,11.75,11.75,6971100,0
MWC,06/14/2007,11.75,12.0,11.75,12.0,8606900,0
MWC,06/15/2007,12.0,12.0,11.75,11.75,1863500,0
MWC,06/18/2007,12.0,12.0,12.0,12.0,4583900,0
MWC,06/19/2007,12.0,12.25,12.0,12.0,1578500,0
MWC,06/20/2007,12.0,12.25,11.75,11.75,7962000,0
MWC,06/21/2007,12.0,12.0,11.25,11.5,11144300,0
MWC,06/22/2007,11.5,11.75,11.5,11.5,5754000,0
MWC,06/25/2007,11.75,11.75,11.25,11.5,4063900,0
MWC,06/26/2007,11.5,11.75,11.5,11.5,15241600,0
MWC,06/27/2007,11.5,11.75,11.25,11.75,7869000,0
MWC,06/28/2007,11.75,12.0,11.75,12.0,5305500,0
MWC,06/29/2007,12.25,12.75,12.25,12.5,7531800,0
MWC,07/02/2007,12.5,12.75,12.5,12.5,9228800,0
MWC,07/03/2007,12.5,13.25,12.5,13.0,13873500,0
MWC,07/04/2007,13.0,13.0,12.25,12.5,1174300,0
MWC,07/05/2007,12.5,12.75,12.5,12.75,3482200,0
MWC,07/06/2007,12.75,12.75,12.5,12.75,4065200,0
MWC,07/09/2007,12.5,13.0,12.5,13.0,5732400,0
MWC,07/10/2007,13.25,13.5,13.0,13.25,19433000,0
MWC,07/11/2007,13.25,13.75,13.25,13.5,14489600,0
MWC,07/12/2007,13.5,13.75,13.5,13.5,3485200,0
MWC,07/13/2007,14.0,14.25,13.75,14.0,12159900,0
MWC,07/16/2007,14.25,14.25,14.0,14.25,1600600,0
MWC,07/17/2007,14.25,14.75,14.25,14.75,8184400,0
MWC,07/18/2007,15.0,15.0,14.5,14.75,8061900,0
MWC,07/19/2007,14.75,14.75,14.5,14.5,3723900,0
MWC,07/20/2007,14.75,14.75,14.5,14.5,3553000,0
MWC,07/23/2007,14.5,14.5,14.25,14.5,5835600,0
MWC,07/24/2007,15.0,15.0,14.5,14.5,1758000,0
MWC,07/25/2007,14.5,14.5,14.0,14.0,2132600,0
MWC,07/26/2007,14.25,14.75,14.25,14.75,2972400,0
MWC,07/27/2007,14.0,14.5,13.75,14.25,10645300,0
MWC,07/30/2007,14.0,14.25,13.75,14.0,5115900,0
MWC,07/31/2007,14.0,14.25,14.0,14.25,6734300,0
MWC,08/01/2007,14.0,14.0,13.75,13.75,4045300,0
MWC,08/02/2007,14.25,14.25,13.5,13.5,11820700,0
MWC,08/03/2007,13.75,13.75,13.25,13.5,12967900,0
MWC,08/06/2007,13.5,13.5,13.25,13.5,1154600,0
MWC,08/07/2007,13.75,14.0,13.75,13.75,2353900,0
MWC,08/08/2007,14.0,14.0,13.75,13.75,4165900,0
MWC,08/09/2007,14.25,14.25,14.0,14.25,5426500,0
MWC,08/10/2007,13.75,14.0,13.5,13.75,6031100,0
MWC,08/13/2007,13.75,13.75,13.75,13.75,4288000,0
MWC,08/14/2007,13.75,14.5,13.75,14.25,8409400,0
MWC,08/15/2007,14.25,14.25,13.5,13.5,4784800,0
MWC,08/16/2007,13.75,13.75,12.5,12.75,15547500,0
MWC,08/17/2007,12.75,13.25,11.75,11.75,7269300,0
MWC,08/21/2007,12.25,13.5,12.25,13.5,8064700,0
MWC,08/22/2007,13.5,13.5,13.25,13.25,5423700,0
MWC,08/23/2007,14.25,14.5,13.5,13.75,2942500,0
MWC,08/24/2007,14.0,14.0,13.25,13.25,8023200,0
MWC,08/28/2007,13.5,13.75,13.5,13.75,2453200,0
MWC,08/29/2007,13.5,13.5,13.25,13.25,3779000,0
MWC,08/30/2007,14.0,14.25,13.75,14.25,2424600,0
MWC,08/31/2007,14.5,14.5,14.0,14.5,2470100,0
MWC,09/03/2007,14.75,14.75,14.25,14.25,897800,0
MWC,09/04/2007,14.25,14.5,14.25,14.5,696700,0
MWC,09/05/2007,14.5,14.5,14.5,14.5,1170100,0
MWC,09/06/2007,14.25,14.25,14.0,14.0,269700,0
MWC,09/07/2007,14.0,14.0,13.75,13.75,2354900,0
MWC,09/10/2007,13.75,13.75,13.5,13.5,2767700,0
MWC,09/11/2007,13.75,13.75,13.5,13.75,13296400,0
MWC,09/12/2007,14.0,14.25,14.0,14.0,2185600,0
MWC,09/13/2007,14.25,14.25,13.5,13.5,3832500,0
MWC,09/14/2007,13.75,14.0,13.75,13.75,2233900,0
MWC,09/17/2007,14.0,14.0,13.75,13.75,179100,0
MWC,09/18/2007,14.0,14.0,13.5,13.5,2571400,0
MWC,09/19/2007,14.0,14.0,13.75,13.75,920600,0
MWC,09/20/2007,13.75,14.25,13.75,14.25,3365000,0
MWC,09/21/2007,14.25,14.25,13.5,14.0,4402200,0
MWC,09/24/2007,14.0,14.0,13.5,13.75,2958400,0
MWC,09/25/2007,13.75,13.75,13.5,13.75,1228300,0
MWC,09/26/2007,13.75,14.0,13.75,14.0,609300,0
MWC,09/27/2007,14.0,14.25,14.0,14.25,2912900,0
MWC,09/28/2007,14.25,14.25,13.75,14.0,3832100,0
MWC,10/01/2007,14.0,15.0,14.0,14.75,6858900,0
MWC,10/02/2007,15.75,16.0,15.5,15.75,7325200,0
MWC,10/03/2007,15.5,15.5,15.0,15.5,2710100,0
MWC,10/04/2007,15.25,15.25,14.5,14.75,5125900,0
MWC,10/05/2007,15.0,15.0,14.25,14.25,3651100,0
MWC,10/08/2007,15.0,15.0,14.5,14.75,5606500,0
MWC,10/09/2007,15.0,15.25,14.75,15.25,8118000,0
MWC,10/10/2007,15.75,17.25,15.75,16.5,19328200,0
MWC,10/11/2007,16.75,17.0,16.5,16.75,4255400,0
MWC,10/15/2007,16.75,17.0,16.5,17.0,9509900,0
MWC,10/16/2007,17.0,17.5,16.75,17.25,3345500,0
MWC,10/17/2007,17.25,17.5,16.75,16.75,3454000,0
MWC,10/18/2007,16.75,17.5,16.75,17.0,3681300,0
MWC,10/19/2007,17.25,17.5,16.75,17.0,3813500,0
MWC,10/22/2007,16.25,16.5,16.25,16.5,5384600,0
MWC,10/23/2007,16.5,16.75,16.25,16.5,3333500,0
MWC,10/24/2007,16.75,17.0,16.5,17.0,1553700,0
MWC,10/25/2007,17.0,17.0,16.5,16.75,847300,0
MWC,10/26/2007,16.75,16.75,16.25,16.25,6781100,0
MWC,10/30/2007,16.75,17.0,16.75,17.0,3057800,0
MWC,10/31/2007,16.75,17.0,16.75,17.0,2492500,0
MWC,11/05/2007,17.0,17.0,16.5,16.75,7699600,0
MWC,11/06/2007,16.75,17.25,16.75,17.0,12084600,0
MWC,11/07/2007,17.5,17.5,17.25,17.25,4287600,0
MWC,11/08/2007,17.0,17.0,16.75,17.0,9225100,0
MWC,11/09/2007,17.0,17.25,16.75,17.25,719200,0
MWC,11/12/2007,17.25,17.25,16.75,17.25,5704400,0
MWC,11/13/2007,17.0,17.0,16.5,16.75,17991000,0
MWC,11/14/2007,16.75,17.0,16.75,16.75,6097600,0
MWC,11/15/2007,16.75,17.0,16.75,17.0,10176900,0
MWC,11/16/2007,17.0,17.0,16.0,16.0,8208700,0
MWC,11/19/2007,16.25,16.5,16.25,16.5,672100,0
MWC,11/20/2007,16.25,16.5,15.75,16.25,8913300,0
MWC,11/21/2007,16.5,16.75,16.5,16.75,7559100,0
MWC,11/22/2007,16.75,16.75,16.0,16.0,9788600,0
MWC,11/23/2007,16.25,16.25,15.75,16.0,6347100,0
MWC,11/26/2007,16.25,16.5,16.0,16.25,4244300,0
MWC,11/27/2007,16.5,16.5,16.25,16.5,2083900,0
MWC,11/28/2007,16.5,16.75,16.5,16.75,3915200,0
MWC,11/29/2007,17.0,17.0,16.5,16.75,12533500,0
MWC,12/03/2007,16.75,16.75,16.5,16.75,2389600,0
MWC,12/04/2007,16.75,17.25,16.75,17.25,4774200,0
MWC,12/05/2007,17.25,17.75,17.0,17.75,5512000,0
MWC,12/06/2007,18.0,18.5,18.0,18.0,8009800,0
MWC,12/07/2007,18.25,18.25,17.75,17.75,2765000,0
MWC,12/10/2007,17.75,18.0,17.75,17.75,3669800,0
MWC,12/11/2007,18.0,18.0,17.75,17.75,2229300,0
MWC,12/12/2007,17.75,17.75,17.5,17.75,2962100,0
MWC,12/13/2007,17.75,18.25,17.5,18.0,5369800,0
MWC,12/14/2007,17.75,17.75,17.5,17.5,1923400,0
MWC,12/17/2007,17.25,18.25,17.0,18.25,4732900,0
MWC,12/18/2007,17.5,18.5,17.5,18.5,16244500,0
MWC,12/19/2007,18.5,18.75,18.25,18.5,10863300,0
MWC,12/20/2007,18.5,18.5,18.0,18.25,4935100,0
MWC,12/21/2007,18.5,18.75,18.5,18.5,3128500,0
MWC,12/26/2007,18.75,19.0,18.5,18.75,885200,0
MWC,12/27/2007,18.75,18.75,18.5,18.5,2680100,0
MWC,12/28/2007,18.5,18.5,18.5,18.5,1125500,0
MWC,01/02/2008,19.0,19.25,18.5,19.25,3645200,0
MWC,01/03/2008,19.25,19.25,18.75,19.0,7880200,0
MWC,01/04/2008,19.25,19.25,18.75,19.0,4982600,0
MWC,01/07/2008,18.5,18.5,18.0,18.5,6779400,0
MWC,01/08/2008,18.0,18.0,17.75,18.0,6809600,0
MWC,01/09/2008,17.75,18.0,17.75,17.75,8097800,0
MWC,01/10/2008,18.25,18.25,18.0,18.25,3504300,0
MWC,01/11/2008,18.5,18.5,18.25,18.25,1372900,0
MWC,01/14/2008,17.75,17.75,17.5,17.5,2437400,0
MWC,01/15/2008,17.5,17.5,17.25,17.25,17867700,0
MWC,01/16/2008,17.0,17.25,16.75,17.25,5226900,0
MWC,01/17/2008,17.25,17.25,16.75,16.75,12701600,0
MWC,01/18/2008,16.75,16.75,16.5,16.75,7205500,0
MWC,01/21/2008,16.75,17.0,16.5,16.75,3100100,0
MWC,01/22/2008,16.5,16.5,16.0,16.0,4330400,0
MWC,01/23/2008,16.5,16.75,16.25,16.75,2188400,0
MWC,01/24/2008,16.75,17.0,16.5,17.0,6608600,0
MWC,01/25/2008,17.0,17.0,16.75,17.0,6764200,0
MWC,01/28/2008,17.25,17.25,16.5,17.0,2364900,0
MWC,01/29/2008,17.5,17.75,17.25,17.25,5921900,0
MWC,01/30/2008,17.25,17.25,17.0,17.25,4974500,0
MWC,01/31/2008,17.5,18.0,17.25,18.0,3524800,0
MWC,02/01/2008,18.25,18.75,18.25,18.75,10006000,0
MWC,02/04/2008,19.25,19.25,18.5,18.75,4967200,0
MWC,02/05/2008,18.5,18.5,18.25,18.25,2204200,0
MWC,02/06/2008,18.0,18.0,17.75,18.0,3233500,0
MWC,02/07/2008,18.0,18.0,17.75,17.75,1048300,0
MWC,02/08/2008,18.0,18.0,17.75,17.75,1734000,0
MWC,02/11/2008,18.0,18.25,18.0,18.0,3234900,0
MWC,02/12/2008,18.25,18.75,18.25,18.5,4666400,0
MWC,02/13/2008,18.75,19.0,18.75,19.0,3893000,0
MWC,02/14/2008,19.0,19.0,18.5,18.5,2928400,0
MWC,02/15/2008,18.25,18.5,18.0,18.25,3332400,0
MWC,02/18/2008,18.25,18.25,18.25,18.25,5810100,0
MWC,02/19/2008,18.5,18.5,18.25,18.25,3268900,0
MWC,02/20/2008,18.5,18.5,18.0,18.0,7009800,0
MWC,02/21/2008,18.25,18.25,18.0,18.0,2597800,0
MWC,02/22/2008,18.0,18.0,17.5,17.75,3871700,0
MWC,02/26/2008,18.25,18.5,18.0,18.25,3051100,0
MWC,02/27/2008,18.5,18.5,18.0,18.25,2761300,0
MWC,02/28/2008,18.5,18.5,18.25,18.5,559300,0
MWC,02/29/2008,18.5,18.5,18.25,18.5,2488000,0
MWC,03/03/2008,18.5,18.5,18.0,18.0,435100,0
MWC,03/04/2008,18.0,18.25,18.0,18.25,668100,0
MWC,03/05/2008,18.5,18.5,18.25,18.25,1998100,0
MWC,03/06/2008,18.25,18.5,18.25,18.5,997500,0
MWC,03/07/2008,18.25,18.25,17.75,18.0,4498500,0
MWC,03/10/2008,17.75,17.75,17.25,17.25,2796300,0
MWC,03/11/2008,17.25,17.75,17.25,17.5,2430800,0
MWC,03/12/2008,18.25,18.25,17.75,18.0,1810600,0
MWC,03/13/2008,18.25,18.25,18.0,18.25,8798800,0
MWC,03/14/2008,18.25,18.5,18.0,18.25,6523500,0
MWC,03/17/2008,18.25,18.25,17.25,17.5,7089700,0
MWC,03/18/2008,18.0,18.0,17.25,17.25,3433000,0
MWC,03/19/2008,18.25,18.25,17.75,17.75,6840000,0
MWC,03/24/2008,17.75,18.0,17.75,17.75,3874700,0
MWC,03/25/2008,18.0,18.0,17.75,17.75,4058800,0
MWC,03/26/2008,18.0,18.0,17.75,18.0,1768400,0
MWC,03/27/2008,17.75,18.0,17.75,17.75,2249600,0
MWC,03/28/2008,17.75,17.75,17.5,17.75,7829800,0
MWC,03/31/2008,17.75,17.75,17.5,17.75,4819000,0
MWC,04/01/2008,17.75,17.75,17.5,17.75,494800,0
MWC,04/02/2008,18.0,18.25,17.75,18.0,5627300,0
MWC,04/03/2008,18.25,18.25,18.25,18.25,2500800,0
MWC,04/04/2008,18.25,18.25,18.0,18.0,3663600,0
MWC,04/08/2008,18.25,18.25,18.0,18.25,2979200,0
MWC,04/09/2008,18.5,18.5,18.25,18.5,2770500,0
MWC,04/10/2008,18.25,18.25,18.0,18.25,236500,0
MWC,04/11/2008,18.25,18.5,18.25,18.25,3348500,0
MWC,04/14/2008,18.5,18.5,18.25,18.25,337500,0
MWC,04/15/2008,18.25,18.25,18.0,18.0,385500,0
MWC,04/16/2008,18.0,18.0,18.0,18.0,1761300,0
MWC,04/17/2008,18.25,18.25,18.0,18.0,1632800,0
MWC,04/18/2008,18.0,18.25,18.0,18.25,3021900,0
MWC,04/21/2008,18.25,18.25,18.0,18.0,3612900,0
MWC,04/22/2008,18.25,18.25,18.0,18.0,878000,0
MWC,04/23/2008,18.25,18.25,17.75,17.75,85500,0
MWC,04/24/2008,18.0,18.0,17.75,17.75,2453900,0
MWC,04/25/2008,17.75,17.75,17.5,17.5,757200,0
MWC,04/28/2008,17.75,17.75,17.5,17.5,1714800,0
MWC,04/29/2008,18.0,18.0,17.75,17.75,1622500,0
MWC,04/30/2008,17.75,17.75,17.5,17.75,2053700,0
MWC,05/02/2008,18.0,18.0,17.75,17.75,990600,0
MWC,05/05/2008,18.0,18.0,17.75,18.0,5952400,0
MWC,05/06/2008,18.0,18.0,17.75,18.0,3848700,0
MWC,05/07/2008,18.0,18.0,18.0,18.0,3133600,0
MWC,05/08/2008,17.75,17.75,17.5,17.5,1206700,0
MWC,05/09/2008,17.75,17.75,17.5,17.75,4570800,0
MWC,05/12/2008,17.75,18.0,17.75,17.75,2367300,0
MWC,05/13/2008,18.0,18.0,17.75,18.0,3856800,0
MWC,05/14/2008,18.0,18.0,17.75,17.75,4403400,0
MWC,05/15/2008,18.0,18.0,17.75,18.0,403700,0
MWC,05/16/2008,17.75,18.0,17.75,18.0,2781800,0
MWC,05/19/2008,18.0,18.0,17.75,17.75,1356900,0
MWC,05/20/2008,17.75,17.75,17.5,17.75,2756100,0
MWC,05/21/2008,17.75,17.75,17.5,17.75,3667100,0
MWC,05/22/2008,17.75,17.75,17.5,17.75,1376900,0
MWC,05/23/2008,18.0,18.0,17.5,17.75,514000,0
MWC,05/26/2008,17.5,17.75,17.5,17.75,587600,0
MWC,05/27/2008,17.75,17.75,17.5,17.5,9427900,0
MWC,05/28/2008,17.5,17.75,17.5,17.5,3008700,0
MWC,05/29/2008,17.75,17.75,17.5,17.75,1162800,0
MWC,05/30/2008,17.75,17.75,17.5,17.5,663700,0
MWC,06/02/2008,17.75,18.0,17.5,17.5,4657400,0
MWC,06/03/2008,17.5,17.75,17.5,17.75,905000,0
MWC,06/04/2008,18.0,18.0,17.5,17.75,2132800,0
MWC,06/05/2008,17.75,18.0,17.75,17.75,2566300,0
MWC,06/06/2008,17.75,18.0,17.75,18.0,1583600,0
MWC,06/10/2008,18.0,18.0,17.5,17.75,1172600,0
MWC,06/11/2008,18.0,18.0,18.0,18.0,7376600,0
MWC,06/12/2008,18.0,18.0,17.75,18.0,1324700,0
MWC,06/13/2008,17.75,18.0,17.75,17.75,4129600,0
MWC,06/16/2008,18.0,18.0,17.75,18.0,3272100,0
MWC,06/17/2008,18.0,18.0,17.75,17.75,5344900,0
MWC,06/18/2008,18.0,18.0,17.75,18.0,2757600,0
MWC,06/19/2008,17.75,17.75,17.75,17.75,928100,0
MWC,06/20/2008,17.75,18.0,17.75,18.0,3728700,0
MWC,06/23/2008,17.75,17.75,17.5,17.75,3283200,0
MWC,06/24/2008,17.75,18.25,17.75,18.25,1607400,0
MWC,06/25/2008,18.25,18.25,18.0,18.25,4167800,0
MWC,06/26/2008,18.25,18.5,18.25,18.5,1370900,0
MWC,06/27/2008,18.0,18.25,18.0,18.25,4192700,0
MWC,06/30/2008,18.25,18.5,18.25,18.25,2644200,0
MWC,07/01/2008,18.0,18.25,18.0,18.0,418500,0
MWC,07/02/2008,18.25,18.25,18.0,18.25,1822400,0
MWC,07/03/2008,17.75,17.75,17.5,17.75,3585300,0
MWC,07/04/2008,17.75,18.0,17.5,17.75,4731800,0
MWC,07/07/2008,17.75,17.75,17.5,17.75,1158500,0
MWC,07/08/2008,17.75,17.75,17.5,17.75,1265600,0
MWC,07/09/2008,17.5,17.75,17.5,17.5,5496400,0
MWC,07/10/2008,17.5,17.75,17.5,17.75,3845400,0
MWC,07/11/2008,17.75,17.75,17.5,17.5,4696100,0
MWC,07/14/2008,17.75,17.75,17.5,17.5,2253300,0
MWC,07/15/2008,17.5,17.5,17.25,17.25,282900,0
MWC,07/16/2008,17.0,17.25,16.75,17.0,1103600,0
MWC,07/17/2008,16.75,17.0,16.5,16.5,3207400,0
MWC,07/18/2008,16.75,16.75,16.5,16.75,2027700,0
MWC,07/21/2008,16.75,17.0,16.75,16.75,723400,0
MWC,07/22/2008,16.75,16.75,16.5,16.5,256300,0
MWC,07/23/2008,16.75,17.25,16.75,17.25,2428800,0
MWC,07/24/2008,17.25,17.25,17.0,17.0,4290900,0
MWC,07/25/2008,16.75,17.0,16.5,16.75,1118500,0
MWC,07/28/2008,16.75,16.75,16.5,16.5,4368900,0
MWC,07/29/2008,16.75,16.75,16.75,16.75,208000,0
MWC,07/30/2008,17.0,17.0,16.75,16.75,1930400,0
MWC,07/31/2008,17.0,17.0,16.75,17.0,1509900,0
MWC,08/01/2008,17.0,17.0,16.75,17.0,1955800,0
MWC,08/04/2008,16.75,17.0,16.5,17.0,1046600,0
MWC,08/05/2008,16.75,17.0,16.5,16.5,1755100,0
MWC,08/06/2008,17.0,17.25,16.75,17.0,6384800,0
MWC,08/07/2008,17.0,17.0,16.75,16.75,267700,0
MWC,08/08/2008,16.75,17.0,16.75,16.75,2656300,0
MWC,08/11/2008,17.0,17.0,16.75,16.75,793300,0
MWC,08/12/2008,16.75,17.0,16.75,16.75,1427900,0
MWC,08/13/2008,16.75,16.75,16.75,16.75,885300,0
MWC,08/14/2008,16.75,17.0,16.75,17.0,645200,0
MWC,08/15/2008,17.0,17.0,16.75,17.0,3971100,0
MWC,08/19/2008,17.0,17.0,16.75,17.0,2594000,0
MWC,08/20/2008,17.0,17.5,17.0,17.5,3139300,0
MWC,08/21/2008,17.25,17.25,17.0,17.0,635300,0
MWC,08/22/2008,17.25,17.25,17.0,17.0,879700,0
MWC,08/26/2008,17.5,18.0,17.5,17.75,6469300,0
MWC,08/27/2008,18.0,18.0,17.75,17.75,4348900,0
MWC,08/28/2008,17.75,18.0,17.75,17.75,5514600,0
MWC,08/29/2008,18.0,18.0,17.5,17.75,2067900,0
MWC,09/01/2008,17.0,17.75,17.0,17.5,886100,0
MWC,09/02/2008,17.75,17.75,17.5,17.5,132100,0
MWC,09/03/2008,17.75,17.75,17.75,17.75,25200,0
MWC,09/04/2008,17.75,17.75,17.5,17.5,598000,0
MWC,09/05/2008,17.5,17.5,17.5,17.5,1042400,0
MWC,09/08/2008,17.5,17.5,17.25,17.5,403900,0
MWC,09/09/2008,17.25,17.5,17.25,17.25,73100,0
MWC,09/10/2008,17.0,17.25,17.0,17.0,2679300,0
MWC,09/11/2008,17.25,17.25,16.75,17.0,4593400,0
MWC,09/12/2008,17.0,17.0,16.75,17.0,2974500,0
MWC,09/15/2008,16.75,16.75,16.5,16.5,3504900,0
MWC,09/16/2008,16.25,16.25,15.75,16.0,5918300,0
MWC,09/17/2008,16.0,16.25,16.0,16.25,1339000,0
MWC,09/18/2008,16.25,16.25,15.5,15.75,4708400,0
MWC,09/19/2008,16.0,16.25,15.75,15.75,9754800,0
MWC,09/22/2008,16.0,16.25,15.75,15.75,6785500,0
MWC,09/23/2008,15.75,16.0,15.5,16.0,1276800,0
MWC,09/24/2008,15.75,16.25,15.75,16.25,6242000,0
MWC,09/25/2008,16.0,17.0,16.0,16.5,5959100,0
MWC,09/26/2008,16.75,17.0,16.25,16.25,5153300,0
MWC,09/29/2008,16.25,16.5,16.25,16.25,1547700,0
MWC,09/30/2008,15.75,16.5,15.75,16.5,7011900,0
MWC,10/02/2008,17.0,17.0,16.75,16.75,3079100,0
MWC,10/03/2008,16.25,16.25,16.25,16.25,4234100,0
MWC,10/06/2008,16.0,16.0,16.0,16.0,3607800,0
MWC,10/07/2008,15.75,15.75,15.5,15.75,3460000,0
MWC,10/08/2008,15.25,15.5,15.0,15.0,3170700,0
MWC,10/09/2008,15.0,15.0,14.25,14.5,4888300,0
MWC,10/10/2008,13.5,13.5,12.5,12.75,7157900,0
MWC,10/13/2008,12.75,13.5,12.75,12.75,3268500,0
MWC,10/14/2008,13.75,13.75,13.25,13.25,4289800,0
MWC,10/15/2008,13.25,13.5,13.25,13.25,1579200,0
MWC,10/16/2008,12.75,13.0,12.25,12.5,3402300,0
MWC,10/17/2008,13.0,13.0,12.75,12.75,1722400,0
MWC,10/20/2008,12.75,13.0,12.25,12.25,4710200,0
MWC,10/21/2008,12.5,13.0,12.5,12.75,7193200,0
MWC,10/22/2008,13.0,13.25,12.75,13.0,8396400,0
MWC,10/23/2008,12.75,13.0,12.5,12.75,4322800,0
MWC,10/24/2008,12.75,13.0,12.75,12.75,2392400,0
MWC,10/27/2008,12.5,12.5,11.75,12.0,2586200,0
MWC,10/28/2008,11.5,11.75,11.25,11.5,4104500,0
MWC,10/29/2008,11.5,11.75,11.25,11.25,4834900,0
MWC,10/30/2008,11.5,11.75,11.5,11.75,5703900,0
MWC,10/31/2008,12.25,12.5,12.25,12.25,7547400,0
MWC,11/03/2008,13.0,14.25,12.75,14.0,9738500,0
MWC,11/04/2008,14.25,15.25,14.25,14.75,6913800,0
MWC,11/05/2008,15.0,15.25,14.5,15.0,5901100,0
MWC,11/06/2008,14.25,14.75,14.0,14.5,5241900,0
MWC,11/07/2008,14.0,14.0,13.75,13.75,6018300,0
MWC,11/10/2008,14.0,14.25,14.0,14.0,4677500,0
MWC,11/11/2008,13.75,14.5,13.75,14.5,4162700,0
MWC,11/12/2008,14.5,14.75,14.25,14.5,520600,0
MWC,11/13/2008,14.0,14.5,14.0,14.5,1054400,0
MWC,11/14/2008,14.75,15.0,14.5,15.0,3781400,0
MWC,11/17/2008,14.25,14.75,14.25,14.75,853100,0
MWC,11/18/2008,14.5,14.5,14.25,14.5,757000,0
MWC,11/19/2008,14.5,14.5,14.0,14.0,5526100,0
MWC,11/20/2008,13.5,14.0,13.5,14.0,1486700,0
MWC,11/21/2008,13.5,13.75,13.25,13.25,863600,0
MWC,11/24/2008,13.0,13.5,12.5,13.5,5452700,0
MWC,11/25/2008,13.5,14.0,13.25,13.75,2702300,0
MWC,11/26/2008,14.0,14.0,13.75,13.75,171800,0
MWC,11/27/2008,14.0,14.25,13.75,13.75,1798700,0
MWC,11/28/2008,14.0,14.0,13.5,13.5,1825700,0
MWC,12/02/2008,13.0,13.25,13.0,13.0,1661700,0
MWC,12/03/2008,13.0,13.5,12.75,13.5,2068300,0
MWC,12/04/2008,13.25,13.25,13.0,13.25,1287600,0
MWC,12/05/2008,13.0,13.0,12.75,13.0,176100,0
MWC,12/08/2008,13.25,13.25,13.25,13.25,386600,0
MWC,12/09/2008,13.0,13.5,13.0,13.0,1419900,0
MWC,12/10/2008,13.0,13.75,13.0,13.75,1630100,0
MWC,12/11/2008,13.5,13.75,13.25,13.5,3376800,0
MWC,12/12/2008,13.5,13.5,13.0,13.25,2149400,0
MWC,12/15/2008,13.25,13.25,12.75,13.0,1978300,0
MWC,12/16/2008,13.0,13.75,13.0,13.75,608200,0
MWC,12/17/2008,13.75,13.75,13.0,13.0,6309700,0
MWC,12/18/2008,12.75,13.25,12.75,13.0,2646900,0
MWC,12/19/2008,12.75,13.0,12.5,12.5,2544200,0
MWC,12/22/2008,12.5,12.5,12.0,12.5,1055500,0
MWC,12/23/2008,12.25,13.0,12.25,13.0,1692700,0
MWC,12/24/2008,13.0,13.25,13.0,13.25,304800,0
MWC,01/05/2009,13.25,13.75,13.25,13.5,1239200,0
MWC,01/06/2009,13.25,13.5,13.0,13.5,764200,0
MWC,01/07/2009,13.25,13.75,13.25,13.75,266500,0
MWC,01/08/2009,13.25,13.5,13.25,13.5,788500,0
MWC,01/09/2009,13.5,13.75,13.5,13.5,727000,0
MWC,01/12/2009,13.5,13.75,13.5,13.75,1579100,0
MWC,01/13/2009,13.5,13.75,13.5,13.75,1337600,0
MWC,01/14/2009,13.5,13.75,13.5,13.75,797600,0
MWC,01/15/2009,13.5,13.5,12.75,12.75,3416800,0
MWC,01/16/2009,12.25,12.25,10.0,10.75,40243200,0
MWC,01/19/2009,10.5,11.0,9.9,9.9,25635700,0
MWC,01/20/2009,9.9,9.9,9.6,9.7,11651000,0
MWC,01/21/2009,9.4,9.7,9.3,9.4,23449000,0
MWC,01/22/2009,9.7,9.7,9.5,9.5,8676000,0
MWC,01/23/2009,9.5,10.5,9.5,10.5,28732000,0
MWC,01/26/2009,10.5,10.75,10.25,10.5,13722800,0
MWC,01/27/2009,10.75,10.75,10.25,10.5,3465800,0
MWC,01/28/2009,10.5,10.5,10.25,10.5,3354500,0
MWC,01/29/2009,10.25,10.5,10.0,10.0,1320100,0
MWC,01/30/2009,10.0,10.25,10.0,10.25,3902000,0
MWC,02/02/2009,10.5,10.5,10.25,10.5,1288900,0
MWC,02/03/2009,10.25,10.5,10.25,10.5,132500,0
MWC,02/04/2009,10.5,10.5,10.25,10.5,534300,0
MWC,02/05/2009,11.0,11.5,11.0,11.25,15563000,0
MWC,02/06/2009,11.5,12.5,11.5,12.25,14796700,0
MWC,02/09/2009,12.25,12.5,12.0,12.25,6168300,0
MWC,02/10/2009,12.25,12.5,12.0,12.25,5216100,0
MWC,02/11/2009,11.75,12.0,11.75,11.75,5542600,0
MWC,02/12/2009,12.25,12.25,12.0,12.0,7876600,0
MWC,02/13/2009,11.75,12.0,11.5,11.75,2450600,0
MWC,02/16/2009,11.75,11.75,11.5,11.5,1863900,0
MWC,02/17/2009,11.5,11.5,11.0,11.0,2061200,0
MWC,02/18/2009,10.75,11.25,10.75,11.25,2781000,0
MWC,02/19/2009,11.25,11.5,11.0,11.0,11916500,0
MWC,02/20/2009,11.0,11.0,10.5,10.5,4159200,0
MWC,02/23/2009,10.25,10.75,10.25,10.5,1505400,0
MWC,02/24/2009,10.25,10.5,10.25,10.5,1724700,0
MWC,02/25/2009,10.75,10.75,10.5,10.75,1072500,0
MWC,02/26/2009,10.75,10.75,10.75,10.75,1029800,0
MWC,02/27/2009,10.5,11.0,10.5,10.75,1452800,0
MWC,03/02/2009,10.75,10.75,10.5,10.5,1415600,0
MWC,03/03/2009,10.25,10.5,10.25,10.25,814000,0
MWC,03/04/2009,10.5,10.5,10.25,10.5,2380000,0
MWC,03/05/2009,10.5,10.75,10.25,10.5,2848900,0
MWC,03/06/2009,10.5,10.75,10.5,10.75,1730600,0
MWC,03/09/2009,10.75,10.75,10.5,10.75,790700,0
MWC,03/10/2009,10.5,10.75,10.5,10.5,1313200,0
MWC,03/11/2009,10.75,10.75,10.5,10.75,1572700,0
MWC,03/12/2009,10.75,10.75,10.5,10.75,1945300,0
MWC,03/13/2009,10.75,10.75,10.5,10.5,1876800,0
MWC,03/16/2009,10.25,10.25,10.0,10.0,2810400,0
MWC,03/17/2009,10.25,10.5,10.25,10.25,2138000,0
MWC,03/18/2009,10.5,10.5,10.25,10.25,489500,0
MWC,03/19/2009,10.5,10.75,10.5,10.75,1835200,0
MWC,03/20/2009,10.5,11.25,10.5,11.0,5065200,0
MWC,03/23/2009,10.75,11.25,10.75,11.0,1612700,0
MWC,03/24/2009,11.25,11.25,11.0,11.0,10988000,0
MWC,03/25/2009,11.0,11.0,10.75,10.75,3854300,0
MWC,03/26/2009,11.0,11.5,10.75,11.5,7761300,0
MWC,03/27/2009,11.5,12.0,11.5,11.75,6112500,0
MWC,03/30/2009,11.75,11.75,11.0,11.25,2737700,0
MWC,03/31/2009,11.0,11.25,10.75,11.0,3538400,0
MWC,04/01/2009,11.25,11.5,11.0,11.25,8905700,0
MWC,04/02/2009,11.5,11.5,11.0,11.25,1504700,0
MWC,04/03/2009,11.25,11.5,11.25,11.25,3111700,0
MWC,04/07/2009,11.25,11.25,11.25,11.25,6442500,0
MWC,04/08/2009,11.25,11.5,11.25,11.5,3578600,0
MWC,04/13/2009,11.5,11.5,11.5,11.5,2776300,0
MWC,04/14/2009,11.25,11.5,11.25,11.5,358200,0
MWC,04/15/2009,11.25,11.75,11.25,11.5,3745400,0
MWC,04/16/2009,11.75,11.75,11.5,11.75,2084300,0
MWC,04/17/2009,12.0,12.5,12.0,12.5,14750100,0
MWC,04/20/2009,12.75,13.75,12.5,13.25,20601400,0
MWC,04/21/2009,13.0,13.5,13.0,13.25,9438700,0
MWC,04/22/2009,13.5,13.75,13.25,13.75,7167400,0
MWC,04/23/2009,13.25,13.5,13.25,13.5,4551800,0
MWC,04/24/2009,13.25,14.0,13.25,14.0,4106000,0
MWC,04/27/2009,14.0,14.0,13.5,13.5,4473300,0
MWC,04/28/2009,13.5,13.5,13.25,13.25,1075800,0
MWC,04/29/2009,13.5,13.5,13.25,13.25,1268000,0
MWC,04/30/2009,13.5,13.75,13.25,13.5,6382400,0
MWC,05/04/2009,13.25,14.0,13.25,14.0,5484800,0
MWC,05/05/2009,14.25,14.75,14.0,14.5,5176700,0
MWC,05/06/2009,14.5,14.5,14.0,14.25,2393400,0
MWC,05/07/2009,14.25,14.5,14.0,14.0,5479700,0
MWC,05/08/2009,13.5,13.75,13.25,13.5,16334800,0
MWC,05/11/2009,13.75,14.0,13.5,13.5,4981800,0
MWC,05/12/2009,13.5,13.5,13.25,13.5,6174200,0
MWC,05/13/2009,13.25,13.75,13.25,13.5,2179600,0
MWC,05/14/2009,13.25,13.75,13.25,13.5,2665000,0
MWC,05/15/2009,13.75,14.5,13.75,14.25,7390100,0
MWC,05/18/2009,14.25,14.25,14.0,14.25,3909600,0
MWC,05/19/2009,14.5,14.5,14.0,14.0,3214300,0
MWC,05/20/2009,14.0,14.25,14.0,14.25,3620000,0
MWC,05/21/2009,14.0,14.25,14.0,14.25,1735700,0
MWC,05/22/2009,14.25,14.25,14.0,14.25,2092800,0
MWC,05/25/2009,14.25,14.25,14.0,14.25,221900,0
MWC,05/26/2009,14.0,14.25,13.75,14.0,897100,0
MWC,05/27/2009,14.0,14.0,14.0,14.0,1158700,0
MWC,05/28/2009,14.0,14.25,14.0,14.25,1703100,0
MWC,05/29/2009,14.0,14.0,13.75,14.0,3783400,0
MWC,06/01/2009,14.0,14.25,13.75,14.0,4655200,0
MWC,06/02/2009,14.5,14.5,14.0,14.25,3234400,0
MWC,06/03/2009,14.25,14.25,14.0,14.0,1710000,0
MWC,06/04/2009,14.0,14.25,13.75,14.0,7746200,0
MWC,06/05/2009,14.0,14.25,14.0,14.0,6681600,0
MWC,06/08/2009,14.25,14.25,14.0,14.0,5571900,0
MWC,06/09/2009,14.0,14.25,14.0,14.25,2761000,0
MWC,06/10/2009,14.25,15.0,14.25,15.0,6219300,0
MWC,06/11/2009,15.0,15.75,15.0,15.5,6322400,0
MWC,06/15/2009,15.5,15.5,14.75,15.0,6848500,0
MWC,06/16/2009,14.5,14.75,14.25,14.25,6565100,0
MWC,06/17/2009,14.25,14.75,14.25,14.75,4417300,0
MWC,06/18/2009,14.25,14.75,14.25,14.75,2528000,0
MWC,06/19/2009,14.5,14.75,14.25,14.5,3088600,0
MWC,06/22/2009,14.5,14.5,14.0,14.25,297900,0
MWC,06/23/2009,14.5,14.5,13.75,14.0,3023100,0
MWC,06/24/2009,14.0,14.25,14.0,14.25,501100,0
MWC,06/25/2009,14.25,14.75,14.25,14.5,9205500,0
MWC,06/26/2009,14.75,15.0,14.5,14.75,7191200,0
MWC,06/29/2009,14.5,14.75,14.5,14.5,2588500,0
MWC,06/30/2009,14.5,14.75,14.5,14.5,4236000,0
MWC,07/01/2009,14.5,14.5,14.25,14.5,1051200,0
MWC,07/02/2009,14.5,14.5,14.25,14.25,1309400,0
MWC,07/03/2009,14.25,14.5,14.25,14.25,4611000,0
MWC,07/06/2009,14.5,14.5,14.25,14.5,2614700,0
MWC,07/07/2009,14.5,14.5,14.25,14.25,659200,0
MWC,07/08/2009,14.5,14.75,14.5,14.5,3094700,0
MWC,07/09/2009,14.25,14.75,14.25,14.5,1794600,0
MWC,07/10/2009,14.5,14.5,14.25,14.5,4186000,0
MWC,07/13/2009,14.25,14.5,14.25,14.25,1958300,0
MWC,07/14/2009,14.25,14.5,14.25,14.5,734700,0
MWC,07/15/2009,14.5,14.75,14.5,14.5,1088000,0
MWC,07/16/2009,14.5,14.75,14.5,14.5,1351400,0
MWC,07/20/2009,14.75,15.0,14.5,15.0,2988600,0
MWC,07/21/2009,15.0,15.25,14.75,15.0,8152300,0
MWC,07/22/2009,15.25,15.5,15.25,15.25,5980200,0
MWC,07/23/2009,15.25,15.25,15.0,15.25,2899900,0
MWC,07/24/2009,15.25,15.5,15.25,15.25,6865500,0
MWC,07/27/2009,15.25,15.75,15.25,15.75,6242800,0
MWC,07/28/2009,16.0,16.0,15.75,15.75,7944300,0
MWC,07/29/2009,15.5,16.0,15.5,15.75,4566400,0
MWC,07/30/2009,16.0,16.0,15.5,15.5,4224500,0
MWC,07/31/2009,16.0,16.0,15.75,16.0,6592100,0
MWC,08/03/2009,16.0,16.0,15.5,15.75,2998500,0
MWC,08/04/2009,15.0,15.75,15.0,15.5,2641500,0
MWC,08/06/2009,15.5,15.5,15.25,15.5,2044000,0
MWC,08/07/2009,15.25,15.5,15.0,15.25,3556700,0
MWC,08/10/2009,15.25,15.5,15.25,15.25,2965300,0
MWC,08/11/2009,15.5,15.5,15.25,15.25,2115000,0
MWC,08/12/2009,15.25,15.5,15.0,15.25,626900,0
MWC,08/13/2009,15.25,15.5,15.25,15.25,2140300,0
MWC,08/14/2009,15.5,15.5,15.25,15.5,589600,0
MWC,08/17/2009,15.25,15.25,14.75,14.75,2775500,0
MWC,08/18/2009,14.5,14.75,14.25,14.5,4615600,0
MWC,08/19/2009,14.5,14.75,14.5,14.5,2905200,0
MWC,08/20/2009,14.75,15.0,14.5,14.5,4021600,0
MWC,08/24/2009,14.75,15.0,14.75,14.75,3660900,0
MWC,08/25/2009,15.0,15.25,14.75,15.0,1739900,0
MWC,08/26/2009,15.0,15.25,15.0,15.25,3410700,0
MWC,08/27/2009,15.25,15.5,15.0,15.25,4469300,0
MWC,08/28/2009,15.25,15.5,15.25,15.5,1555800,0
MWC,09/01/2009,15.25,15.5,15.25,15.5,2587400,0
MWC,09/02/2009,15.25,15.5,15.25,15.25,4941000,0
MWC,09/03/2009,15.25,15.5,15.25,15.5,2324800,0
MWC,09/04/2009,15.5,16.5,15.5,16.5,15817800,0
MWC,09/08/2009,16.25,16.5,16.0,16.25,9436200,0
MWC,09/09/2009,16.25,16.25,16.0,16.25,2793500,0
MWC,09/10/2009,16.25,16.5,16.0,16.25,7294200,0
MWC,09/11/2009,16.25,16.25,16.0,16.25,1410700,0
MWC,09/14/2009,16.0,16.25,15.75,16.0,3907300,0
MWC,09/15/2009,16.0,16.0,15.25,15.25,3343500,0
MWC,09/16/2009,15.75,15.75,15.25,15.5,1040500,0
MWC,09/17/2009,15.75,15.75,15.5,15.5,1296700,0
MWC,09/18/2009,15.5,15.75,15.5,15.75,1830900,0
MWC,09/22/2009,15.75,15.75,15.5,15.75,2508100,0
MWC,09/23/2009,15.75,15.75,15.5,15.75,3678400,0
MWC,09/24/2009,15.5,15.75,15.5,15.5,6278000,0
MWC,09/25/2009,15.5,15.5,15.25,15.5,1434400,0
MWC,09/28/2009,15.25,15.5,15.0,15.0,459300,0
MWC,09/29/2009,15.0,15.25,15.0,15.25,3916200,0
MWC,09/30/2009,15.0,15.5,15.0,15.5,5666300,0
MWC,10/01/2009,15.5,15.75,15.25,15.5,29450900,0
MWC,10/02/2009,15.25,15.75,15.25,15.75,3727000,0
MWC,10/05/2009,15.75,15.75,15.5,15.5,5915500,0
MWC,10/06/2009,15.75,15.75,15.5,15.75,5981700,0
MWC,10/07/2009,16.0,16.25,15.75,16.25,2333000,0
MWC,10/08/2009,16.0,16.25,16.0,16.25,381000,0
MWC,10/09/2009,16.25,16.25,16.0,16.25,8785100,0
MWC,10/12/2009,16.5,16.5,16.25,16.25,2327900,0
MWC,10/13/2009,16.25,16.5,16.25,16.25,3832500,0
MWC,10/14/2009,16.5,16.5,16.25,16.5,8791800,0
MWC,10/15/2009,16.5,16.75,16.25,16.25,2728000,0
MWC,10/16/2009,16.25,16.5,16.25,16.25,1354500,0
MWC,10/19/2009,16.25,16.25,16.25,16.25,287300,0
MWC,10/20/2009,16.25,16.25,15.75,16.0,664500,0
MWC,10/21/2009,16.0,16.0,15.75,16.0,2744700,0
MWC,10/22/2009,16.25,16.25,15.75,16.0,1174100,0
MWC,10/23/2009,16.0,16.0,16.0,16.0,2065300,0
MWC,10/26/2009,15.75,16.25,15.75,16.25,207800,0
MWC,10/27/2009,16.0,16.25,15.75,16.25,1518300,0
MWC,10/28/2009,16.25,16.25,16.0,16.0,1634200,0
MWC,10/29/2009,15.75,16.0,15.75,16.0,2606900,0
MWC,10/30/2009,16.0,16.25,15.75,16.25,2029500,0
MWC,11/03/2009,16.25,16.25,16.0,16.0,1485400,0
MWC,11/04/2009,16.0,16.25,16.0,16.25,2877300,0
MWC,11/05/2009,16.25,16.25,15.75,16.0,1088400,0
MWC,11/06/2009,16.0,16.0,15.75,15.75,4233300,0
MWC,11/09/2009,16.0,16.0,15.75,15.75,2794200,0
MWC,11/10/2009,16.0,16.25,15.75,16.0,2362400,0
MWC,11/11/2009,16.0,16.25,16.0,16.0,814100,0
MWC,11/12/2009,16.0,16.25,16.0,16.25,1538700,0
MWC,11/13/2009,16.25,16.25,16.0,16.0,2287000,0
MWC,11/16/2009,16.25,16.25,16.0,16.0,2839300,0
MWC,11/17/2009,16.0,16.25,16.0,16.25,1889800,0
MWC,11/18/2009,16.25,16.25,16.0,16.0,2602700,0
MWC,11/19/2009,16.0,16.0,16.0,16.0,3894500,0
MWC,11/20/2009,16.25,16.25,16.0,16.25,13982100,0
MWC,11/23/2009,16.0,16.0,15.75,16.0,814900,0
MWC,11/24/2009,16.25,16.25,16.0,16.0,5241600,0
MWC,11/25/2009,16.0,16.25,16.0,16.0,3193900,0
MWC,11/26/2009,16.0,16.25,16.0,16.25,4734500,0
MWC,11/27/2009,16.0,16.25,16.0,16.0,940500,0
MWC,12/01/2009,16.0,16.5,16.0,16.25,5457700,0
MWC,12/02/2009,16.5,16.5,16.25,16.25,2635400,0
MWC,12/03/2009,16.25,16.25,16.0,16.25,380200,0
MWC,12/04/2009,16.25,16.25,16.0,16.25,917400,0
MWC,12/07/2009,16.25,16.25,16.0,16.0,1890300,0
MWC,12/08/2009,16.0,16.25,16.0,16.25,1924600,0
MWC,12/09/2009,16.0,16.0,15.75,15.75,611200,0
MWC,12/10/2009,16.0,16.0,15.75,16.0,5571300,0
MWC,12/11/2009,16.0,16.0,15.5,15.5,4045500,0
MWC,12/14/2009,15.75,15.75,15.5,15.75,3490900,0
MWC,12/15/2009,15.75,16.0,15.75,15.75,4770100,0
MWC,12/16/2009,15.75,15.75,15.5,15.75,627100,0
MWC,12/17/2009,15.75,15.75,15.5,15.5,3837800,0
MWC,12/18/2009,15.25,15.5,15.0,15.25,19698800,0
MWC,12/21/2009,15.25,15.5,15.25,15.5,21332700,0
MWC,12/22/2009,15.75,15.75,15.5,15.5,831900,0
MWC,12/23/2009,15.75,15.75,15.5,15.5,5196200,0
MWC,12/28/2009,15.5,15.75,15.5,15.5,1008200,0
MWC,12/29/2009,15.5,15.75,15.5,15.75,3525200,0
MWC,01/04/2010,15.75,15.75,15.5,15.5,710000,0
MWC,01/05/2010,15.75,15.75,15.5,15.5,3696100,0
MWC,01/06/2010,15.5,15.5,15.25,15.25,1807700,0
MWC,01/07/2010,15.25,15.5,15.25,15.25,3948100,0
MWC,01/08/2010,15.5,15.5,15.25,15.5,1020900,0
MWC,01/11/2010,15.5,15.75,15.25,15.25,3506900,0
MWC,01/12/2010,15.25,15.5,15.25,15.5,1916300,0
MWC,01/13/2010,15.5,15.5,15.25,15.5,875700,0
MWC,01/14/2010,15.5,15.5,15.25,15.5,690400,0
MWC,01/15/2010,15.5,15.5,15.25,15.25,4653000,0
MWC,01/18/2010,15.25,15.5,15.25,15.5,628700,0
MWC,01/19/2010,15.5,15.5,15.25,15.5,132400,0
MWC,01/20/2010,15.5,15.5,15.25,15.5,2651400,0
MWC,01/21/2010,15.5,15.5,15.25,15.25,490500,0
MWC,01/22/2010,15.25,15.5,15.25,15.25,2245700,0
MWC,01/25/2010,15.25,15.25,15.0,15.25,1133400,0
MWC,01/26/2010,15.25,15.25,15.0,15.25,1546100,0
MWC,01/27/2010,15.25,15.25,15.0,15.25,4930500,0
MWC,01/28/2010,15.25,15.5,15.25,15.5,819600,0
MWC,01/29/2010,15.5,15.5,15.25,15.5,3612800,0
MWC,02/01/2010,15.25,15.5,15.25,15.25,1182100,0
MWC,02/02/2010,15.5,15.5,15.25,15.5,1151600,0
MWC,02/03/2010,15.5,15.5,15.25,15.25,1625700,0
MWC,02/04/2010,15.25,15.5,15.25,15.5,442700,0
MWC,02/05/2010,15.25,15.5,15.25,15.5,567500,0
MWC,02/08/2010,15.25,15.25,15.25,15.25,757200,0
MWC,02/09/2010,15.25,15.25,15.0,15.25,38378400,0
MWC,02/10/2010,15.25,15.25,15.25,15.25,5662600,0
MWC,02/11/2010,15.25,15.25,15.25,15.25,4151500,0
MWC,02/12/2010,15.25,15.25,15.25,15.25,2839500,0
MWC,02/15/2010,15.25,15.25,15.0,15.25,198700,0
MWC,02/16/2010,15.0,15.25,15.0,15.0,466800,0
MWC,02/17/2010,15.0,15.25,15.0,15.0,1463000,0
MWC,02/18/2010,15.0,15.25,15.0,15.0,774700,0
MWC,02/19/2010,15.0,15.0,14.75,14.75,482600,0
MWC,02/22/2010,14.75,15.0,14.75,15.0,1370800,0
MWC,02/23/2010,15.0,15.0,15.0,15.0,1111400,0
MWC,02/24/2010,15.0,15.0,14.75,14.75,2567600,0
MWC,02/25/2010,14.75,15.0,14.75,15.0,974200,0
MWC,02/26/2010,14.75,15.0,14.75,14.75,1877000,0
MWC,03/01/2010,14.75,15.25,14.75,15.0,2989100,0
MWC,03/02/2010,15.0,15.0,14.75,14.75,1850600,0
MWC,03/03/2010,15.0,15.0,14.75,14.75,1576500,0
MWC,03/04/2010,14.75,15.0,14.75,15.0,370800,0
MWC,03/05/2010,15.0,15.0,15.0,15.0,1604300,0
MWC,03/08/2010,15.25,15.25,15.0,15.0,412000,0
MWC,03/09/2010,15.25,15.5,15.0,15.5,6445700,0
MWC,03/10/2010,15.5,15.5,15.0,15.25,1520700,0
MWC,03/11/2010,15.25,15.25,15.0,15.25,1291500,0
MWC,03/12/2010,15.25,15.25,15.0,15.25,77700,0
MWC,03/15/2010,15.25,15.25,15.0,15.0,3852900,0
MWC,03/16/2010,15.0,15.25,15.0,15.0,5075400,0
MWC,03/17/2010,15.0,15.25,15.0,15.25,127000,0
MWC,03/18/2010,15.25,15.25,15.0,15.25,51000,0
MWC,03/19/2010,15.25,15.25,15.0,15.0,1098300,0
MWC,03/22/2010,14.75,15.0,14.75,14.75,293700,0
MWC,03/23/2010,15.0,15.25,15.0,15.25,1015200,0
MWC,03/24/2010,15.0,15.25,15.0,15.0,2723200,0
MWC,03/25/2010,15.0,15.5,15.0,15.25,1430900,0
MWC,03/26/2010,15.0,15.5,15.0,15.25,1990000,0
MWC,03/29/2010,15.25,15.5,15.25,15.5,616700,0
MWC,03/30/2010,15.5,15.75,15.25,15.5,3471200,0
MWC,03/31/2010,15.5,15.75,15.5,15.75,3222500,0
MWC,04/05/2010,15.75,15.75,15.5,15.75,808600,0
MWC,04/06/2010,15.5,15.75,15.5,15.75,1061500,0
MWC,04/07/2010,15.75,16.0,15.5,15.75,4316800,0
MWC,04/08/2010,15.75,15.75,15.5,15.75,595200,0
MWC,04/12/2010,16.0,16.0,15.75,15.75,2557800,0
MWC,04/13/2010,15.75,16.0,15.5,15.5,2542400,0
MWC,04/14/2010,15.5,15.75,15.5,15.75,6112300,0
MWC,04/15/2010,15.75,15.75,15.75,15.75,1226100,0
MWC,04/16/2010,15.5,15.75,15.5,15.75,3425400,0
MWC,04/19/2010,15.5,15.5,15.25,15.25,3907100,0
MWC,04/20/2010,15.5,15.5,15.25,15.25,6855400,0
MWC,04/21/2010,15.25,15.25,15.0,15.0,1917700,0
MWC,04/22/2010,15.25,15.25,15.0,15.0,810100,0
MWC,04/23/2010,15.0,15.25,15.0,15.0,2518800,0
MWC,04/26/2010,15.0,15.25,15.0,15.25,754300,0
MWC,04/27/2010,15.25,15.25,15.25,15.25,2111700,0
MWC,04/28/2010,15.0,15.25,14.75,15.0,2171600,0
MWC,04/29/2010,15.25,15.5,15.25,15.5,695200,0
MWC,04/30/2010,15.5,15.5,15.0,15.25,3146300,0
MWC,05/04/2010,15.25,15.25,15.0,15.25,1197100,0
MWC,05/05/2010,15.0,15.25,14.75,15.0,1648300,0
MWC,05/06/2010,15.0,15.0,15.0,15.0,917900,0
MWC,05/07/2010,15.0,15.25,14.75,15.25,498300,0
MWC,05/11/2010,15.5,15.75,15.5,15.5,1562500,0
MWC,05/12/2010,15.5,15.75,15.5,15.5,2519900,0
MWC,05/13/2010,15.75,16.0,15.75,15.75,5647500,0
MWC,05/14/2010,15.75,16.25,15.75,16.0,4550500,0
MWC,05/17/2010,15.75,15.75,15.5,15.5,4411000,0
MWC,05/18/2010,15.5,15.5,15.25,15.5,808600,0
MWC,05/19/2010,15.25,15.5,15.0,15.5,1712300,0
MWC,05/20/2010,15.0,15.5,15.0,15.5,1173900,0
MWC,05/21/2010,15.25,15.5,15.0,15.5,1794400,0
MWC,05/24/2010,15.25,15.5,15.0,15.5,340400,0
MWC,05/25/2010,15.25,15.25,15.0,15.25,1762600,0
MWC,05/26/2010,15.0,15.0,15.0,15.0,1305000,0
MWC,05/27/2010,15.0,15.0,15.0,15.0,1552500,0
MWC,05/28/2010,15.25,15.5,15.25,15.5,1983800,0
MWC,05/31/2010,15.25,15.5,15.25,15.25,1099700,0
MWC,06/01/2010,15.25,15.5,15.25,15.25,605000,0
MWC,06/02/2010,15.5,15.75,15.25,15.25,1331200,0
MWC,06/03/2010,15.25,15.5,15.25,15.25,1612100,0
MWC,06/04/2010,15.25,15.5,15.25,15.5,3455500,0
MWC,06/07/2010,15.0,15.5,15.0,15.25,700900,0
MWC,06/08/2010,15.25,15.5,15.25,15.25,1133400,0
MWC,06/09/2010,15.5,15.5,15.25,15.25,2205900,0
MWC,06/10/2010,15.25,15.5,15.25,15.25,918700,0
MWC,06/11/2010,15.25,15.25,15.0,15.0,232500,0
MWC,06/15/2010,15.25,15.5,15.25,15.5,9729400,0
MWC,06/16/2010,15.75,16.0,15.5,15.75,5275300,0
MWC,06/17/2010,16.0,16.0,15.75,15.75,5078700,0
MWC,06/18/2010,16.0,16.5,16.0,16.5,8220500,0
MWC,06/21/2010,16.5,16.75,16.25,16.75,9712500,0
MWC,06/22/2010,16.5,16.5,16.5,16.5,2317300,0
MWC,06/23/2010,16.5,16.75,16.25,16.25,2030500,0
MWC,06/24/2010,16.25,16.25,16.0,16.25,7006800,0
MWC,06/25/2010,16.25,16.25,16.0,16.25,1725500,0
MWC,06/28/2010,16.0,16.5,16.0,16.25,2202300,0
MWC,06/29/2010,16.25,16.75,16.25,16.5,5052000,0
MWC,07/01/2010,16.25,16.5,16.25,16.5,1245400,0
MWC,07/02/2010,16.5,16.75,16.5,16.5,2666600,0
MWC,07/05/2010,16.5,16.75,16.5,16.5,2298200,0
MWC,07/06/2010,16.5,16.75,16.5,16.5,2177900,0
MWC,07/07/2010,16.75,16.75,16.5,16.75,1842500,0
MWC,07/08/2010,16.75,17.25,16.75,17.0,7031400,0
MWC,07/09/2010,17.0,17.0,16.75,16.75,6785100,0
MWC,07/12/2010,16.75,17.25,16.75,17.25,3804100,0
MWC,07/13/2010,17.25,17.5,17.25,17.5,5295900,0
MWC,07/14/2010,17.25,17.25,17.25,17.25,1472700,0
MWC,07/15/2010,17.25,17.25,17.0,17.25,1307000,0
MWC,07/16/2010,17.25,17.25,17.0,17.0,5437600,0
MWC,07/19/2010,17.0,17.25,17.0,17.25,3779800,0
MWC,07/20/2010,16.75,17.0,16.5,16.75,6104300,0
MWC,07/21/2010,16.5,17.0,16.5,16.75,7039100,0
MWC,07/22/2010,17.0,17.0,16.75,17.0,101300,0
MWC,07/23/2010,17.0,17.0,16.75,16.75,6746300,0
MWC,07/26/2010,16.74,16.76,16.7,16.74,1577000,0
MWC,07/27/2010,16.5,16.7,16.5,16.7,5254600,0
MWC,07/28/2010,16.7,16.7,16.52,16.62,3258000,0
MWC,07/29/2010,16.7,16.86,16.7,16.82,3357000,0
MWC,07/30/2010,16.8,17.0,16.8,16.84,255100,0
MWC,08/02/2010,16.8,17.0,16.8,16.98,785000,0
MWC,08/03/2010,16.9,17.0,16.9,16.98,488800,0
MWC,08/04/2010,17.02,17.24,17.02,17.22,1431800,0
MWC,08/05/2010,17.3,17.4,17.28,17.4,3273300,0
MWC,08/06/2010,17.4,17.46,17.36,17.38,2454600,0
MWC,08/09/2010,17.38,17.48,17.34,17.36,612100,0
MWC,08/10/2010,17.4,17.6,17.38,17.54,3126300,0
MWC,08/11/2010,17.6,17.68,17.6,17.64,5993300,0
MWC,08/12/2010,17.58,17.6,17.24,17.3,4797700,0
MWC,08/13/2010,17.3,17.32,17.3,17.32,2549200,0
MWC,08/16/2010,17.3,17.3,17.0,17.0,302300,0
MWC,08/17/2010,17.0,17.2,17.0,17.18,1336400,0
MWC,08/18/2010,17.28,17.72,17.26,17.6,1898500,0
MWC,08/19/2010,17.5,17.6,17.5,17.52,5143400,0
MWC,08/20/2010,17.52,17.52,17.48,17.5,1822100,0
MWC,08/23/2010,17.52,17.72,17.52,17.6,1689400,0
MWC,08/24/2010,17.6,17.66,17.5,17.6,524300,0
MWC,08/25/2010,17.5,17.56,17.5,17.52,2376700,0
MWC,08/26/2010,17.5,17.52,17.4,17.5,2988400,0
MWC,08/27/2010,17.46,17.46,17.38,17.4,2332500,0
MWC,08/31/2010,17.5,17.54,17.38,17.54,1317700,0
MWC,09/01/2010,17.4,17.48,17.4,17.48,242300,0
MWC,09/02/2010,17.5,17.7,17.48,17.6,1044800,0
MWC,09/03/2010,17.5,17.76,17.5,17.74,709500,0
MWC,09/06/2010,17.74,18.14,17.74,18.06,6783800,0
MWC,09/07/2010,18.04,18.26,18.04,18.18,3250900,0
MWC,09/08/2010,17.98,18.0,17.9,17.94,2955800,0
MWC,09/09/2010,17.94,18.3,17.94,18.3,2354500,0
MWC,09/13/2010,18.5,19.0,18.4,18.78,2667500,0
MWC,09/14/2010,18.78,19.0,18.46,18.7,2085700,0
MWC,09/15/2010,18.7,18.74,18.5,18.6,262300,0
MWC,09/16/2010,18.6,18.6,18.4,18.42,2243500,0
MWC,09/17/2010,18.38,18.46,18.0,18.2,1166000,0
MWC,09/20/2010,18.2,18.6,18.1,18.24,6486000,0
MWC,09/21/2010,18.24,18.74,18.24,18.68,1131600,0
MWC,09/22/2010,18.66,18.66,18.24,18.3,3811900,0
MWC,09/23/2010,18.32,18.6,18.32,18.6,4495800,0
MWC,09/24/2010,18.58,18.58,18.46,18.52,3005000,0
MWC,09/27/2010,18.86,18.86,18.6,18.84,3061100,0
MWC,09/28/2010,18.86,18.9,18.84,18.9,3594800,0
MWC,09/29/2010,18.86,19.12,18.86,19.04,4816600,0
MWC,09/30/2010,19.02,19.02,18.64,18.98,1992900,0
MWC,10/01/2010,19.02,19.02,18.74,18.8,729000,0
MWC,10/04/2010,18.8,19.06,18.8,19.06,1861500,0
MWC,10/05/2010,19.0,19.06,18.72,18.76,2260000,0
MWC,10/06/2010,18.8,19.02,18.8,19.0,3657500,0
MWC,10/07/2010,19.02,19.04,18.86,18.92,1662800,0
MWC,10/08/2010,18.92,19.0,18.8,18.8,3569900,0
MWC,10/11/2010,18.84,18.84,18.7,18.76,2293000,0
MWC,10/12/2010,18.74,18.78,18.74,18.76,350500,0
MWC,10/13/2010,19.0,19.0,18.74,18.76,906800,0
MWC,10/14/2010,18.8,18.8,18.7,18.74,3348200,0
MWC,10/15/2010,18.8,18.8,18.7,18.8,413400,0
MWC,10/18/2010,18.8,18.8,18.5,18.8,4711800,0
MWC,10/19/2010,18.8,18.8,18.66,18.8,3855300,0
MWC,10/20/2010,18.78,18.78,18.5,18.54,5087800,0
MWC,10/21/2010,18.78,18.92,18.78,18.92,432400,0
MWC,10/22/2010,18.98,19.12,18.98,19.04,1113700,0
MWC,10/26/2010,19.1,19.26,19.1,19.18,1957000,0
MWC,10/27/2010,19.16,19.16,18.6,18.6,1331400,0
MWC,10/28/2010,18.6,19.0,18.6,18.64,3289100,0
MWC,10/29/2010,18.86,18.86,18.6,18.66,1288800,0
MWC,11/02/2010,18.64,19.2,18.64,19.1,1016700,0
MWC,11/03/2010,19.1,19.38,19.1,19.36,2806100,0
MWC,11/04/2010,19.48,19.48,19.28,19.28,976000,0
MWC,11/05/2010,19.28,19.28,18.9,18.98,948800,0
MWC,11/08/2010,18.98,19.0,18.94,19.0,1002000,0
MWC,11/09/2010,19.0,19.0,18.8,18.84,1197800,0
MWC,11/10/2010,18.84,18.98,18.5,18.54,2626500,0
MWC,11/11/2010,18.64,18.76,18.32,18.72,1143800,0
MWC,11/12/2010,18.68,18.68,18.16,18.24,1144500,0
MWC,11/15/2010,18.24,18.6,18.2,18.5,1768600,0
MWC,11/17/2010,18.48,18.48,18.2,18.26,1420400,0
MWC,11/18/2010,18.28,18.76,18.28,18.76,819200,0
MWC,11/19/2010,18.98,19.0,18.9,18.98,4197500,0
MWC,11/22/2010,19.12,19.2,18.76,19.0,1951700,0
MWC,11/23/2010,18.9,19.0,18.8,18.9,757100,0
MWC,11/24/2010,18.84,18.96,18.76,18.9,886100,0
MWC,11/25/2010,19.0,19.0,18.9,18.94,1147000,0
MWC,11/26/2010,18.96,19.1,18.94,18.98,1624700,0
MWC,11/30/2010,19.1,19.1,18.9,18.94,2841800,0
MWC,12/01/2010,18.94,18.94,18.8,18.88,402500,0
MWC,12/02/2010,18.9,18.92,18.76,18.88,2804700,0
MWC,12/03/2010,19.0,19.0,18.8,18.88,2709400,0
MWC,12/06/2010,18.9,19.7,18.9,19.5,8288000,0
MWC,12/07/2010,19.5,19.5,19.3,19.4,4878800,0
MWC,12/08/2010,19.4,19.64,19.2,19.4,2303100,0
MWC,12/09/2010,19.4,19.5,19.36,19.4,2258100,0
MWC,12/10/2010,19.58,19.58,18.92,19.3,439600,0
MWC,12/13/2010,19.4,19.4,19.0,19.3,1249700,0
MWC,12/14/2010,19.3,19.4,19.3,19.4,2663400,0
MWC,12/15/2010,18.9,19.16,18.9,19.14,583300,0
MWC,12/16/2010,19.1,19.1,18.7,19.0,988600,0
MWC,12/17/2010,19.0,19.02,18.82,18.98,1163700,0
MWC,12/20/2010,18.98,19.02,18.8,18.82,1320500,0
MWC,12/21/2010,18.84,18.88,18.6,18.72,1395800,0
MWC,12/22/2010,18.76,18.76,18.5,18.5,2094500,0
MWC,12/23/2010,18.98,19.0,18.88,18.9,1283900,0
MWC,12/28/2010,18.82,18.9,18.82,18.88,3583000,0
MWC,12/29/2010,18.76,18.9,18.76,18.8,636900,0
MWC,12/30/2010,19.3,19.48,19.1,19.18,609100,0
MWC,01/03/2011,19.2,19.3,19.12,19.16,375800,0
MWC,01/04/2011,19.3,19.3,19.0,19.14,1179600,0
MWC,01/05/2011,19.14,19.14,18.94,18.98,3598000,0
MWC,01/06/2011,19.0,19.06,18.9,18.9,2994000,0
MWC,01/07/2011,18.9,18.9,18.84,18.9,974900,0
MWC,01/10/2011,18.9,19.0,18.86,19.0,190000,0
MWC,01/11/2011,19.0,19.0,18.6,18.6,1549200,0
MWC,01/12/2011,18.6,18.6,18.52,18.54,7838600,0
MWC,01/13/2011,18.54,18.6,18.52,18.58,2738400,0
MWC,01/14/2011,18.58,18.64,18.54,18.64,2023400,0
MWC,01/17/2011,18.64,18.9,18.64,18.82,1042600,0
MWC,01/18/2011,18.82,19.0,18.6,18.62,1355100,0
MWC,01/19/2011,18.96,18.96,18.6,18.7,2077000,0
MWC,01/20/2011,19.0,19.0,18.54,18.64,2076400,0
MWC,01/21/2011,18.68,18.68,18.48,18.56,2466000,0
MWC,01/24/2011,18.56,18.56,18.0,18.4,3163100,0
MWC,01/25/2011,18.4,18.68,18.2,18.4,2840400,0
MWC,01/26/2011,18.3,18.4,18.2,18.2,4865700,0
MWC,01/27/2011,18.2,18.4,18.2,18.2,2770300,0
MWC,01/28/2011,18.22,18.3,18.16,18.18,3111300,0
MWC,01/31/2011,18.12,18.18,18.0,18.18,607400,0
MWC,02/01/2011,18.2,18.4,18.02,18.06,755100,0
MWC,02/02/2011,18.2,18.2,18.08,18.12,577700,0
MWC,02/03/2011,18.3,18.3,18.06,18.06,268900,0
MWC,02/04/2011,18.16,18.16,18.04,18.06,3696900,0
MWC,02/07/2011,18.4,18.4,18.1,18.16,380200,0
MWC,02/08/2011,18.16,18.16,18.06,18.08,2002100,0
MWC,02/09/2011,18.08,18.08,17.96,17.98,995200,0
MWC,02/10/2011,17.98,17.98,17.9,17.92,281800,0
MWC,02/11/2011,17.92,17.98,17.92,17.98,1503400,0
MWC,02/14/2011,18.0,18.0,17.94,17.96,894200,0
MWC,02/15/2011,17.96,17.96,17.8,17.9,648200,0
MWC,02/16/2011,17.7,17.9,17.7,17.9,177700,0
MWC,02/17/2011,17.96,18.0,17.8,17.8,961800,0
MWC,02/18/2011,17.8,17.86,17.72,17.74,270100,0
MWC,02/21/2011,17.7,17.9,17.7,17.8,1930300,0
MWC,02/22/2011,17.84,17.84,17.4,17.5,494200,0
MWC,02/23/2011,17.5,17.5,17.16,17.2,1007900,0
MWC,02/24/2011,17.3,17.3,17.1,17.1,1080400,0
MWC,02/25/2011,17.2,17.2,17.0,17.04,2566700,0
MWC,02/28/2011,17.0,17.08,16.08,16.08,1432100,0
MWC,03/01/2011,16.9,17.2,16.7,16.72,2579800,0
MWC,03/02/2011,17.2,17.6,17.1,17.4,1686200,0
MWC,03/03/2011,17.5,17.5,17.3,17.38,733800,0
MWC,03/04/2011,17.4,17.4,17.3,17.3,1477000,0
MWC,03/07/2011,17.3,17.32,17.2,17.3,1173300,0
MWC,03/08/2011,17.22,17.4,17.2,17.3,450700,0
MWC,03/09/2011,17.24,17.34,17.2,17.34,1182700,0
MWC,03/10/2011,17.4,17.44,17.34,17.44,2181500,0
MWC,03/11/2011,17.4,17.46,17.24,17.4,4269100,0
MWC,03/14/2011,17.4,17.42,17.2,17.4,3127700,0
MWC,03/15/2011,17.4,17.7,17.4,17.6,2013000,0
MWC,03/16/2011,17.54,17.86,17.54,17.86,877700,0
MWC,03/17/2011,17.8,17.86,17.7,17.8,1715400,0
MWC,03/18/2011,17.8,17.8,17.74,17.8,785300,0
MWC,03/21/2011,17.8,17.92,17.76,17.88,2515600,0
MWC,03/22/2011,17.94,18.24,17.92,18.0,1755400,0
MWC,03/23/2011,18.02,18.06,17.98,18.04,1936000,0
MWC,03/24/2011,18.04,18.04,17.98,18.04,960200,0
MWC,03/25/2011,18.04,18.04,18.0,18.0,2379700,0
MWC,03/28/2011,18.0,18.06,17.6,17.9,701300,0
MWC,03/29/2011,17.98,17.98,17.9,17.94,144600,0
MWC,03/30/2011,17.94,18.2,17.9,18.2,623700,0
MWC,03/31/2011,18.24,18.24,18.14,18.16,319900,0
MWC,04/01/2011,18.18,18.2,18.1,18.1,3928300,0
MWC,04/04/2011,18.24,18.28,18.22,18.24,4539900,0
MWC,04/05/2011,18.24,18.24,18.18,18.18,1620700,0
MWC,04/06/2011,18.2,18.5,18.2,18.3,702300,0
MWC,04/07/2011,18.48,18.48,18.4,18.44,404500,0
MWC,04/08/2011,18.46,18.46,18.12,18.12,1624000,0
MWC,04/11/2011,18.5,18.54,18.4,18.5,1065700,0
MWC,04/12/2011,18.5,18.5,18.46,18.5,390900,0
MWC,04/13/2011,18.5,18.5,18.3,18.3,840900,0
MWC,04/14/2011,18.34,18.52,18.3,18.46,613200,0
MWC,04/15/2011,18.5,18.5,18.44,18.44,200700,0
MWC,04/18/2011,18.48,18.48,18.38,18.42,1368100,0
MWC,04/19/2011,18.42,18.48,18.4,18.4,2709000,0
MWC,04/20/2011,18.3,18.3,18.08,18.1,1856200,0
MWC,04/25/2011,18.14,18.14,18.0,18.02,7437600,0
MWC,04/26/2011,18.06,18.12,18.04,18.04,4526800,0
MWC,04/27/2011,18.04,18.3,17.96,17.96,3263000,0
MWC,04/28/2011,17.96,18.08,17.96,18.0,2369400,0
MWC,04/29/2011,17.98,18.04,17.96,18.0,1110600,0
MWC,05/02/2011,18.08,18.08,17.98,18.0,870300,0
MWC,05/03/2011,18.04,18.04,17.94,17.96,885400,0
MWC,05/04/2011,18.0,18.08,17.98,18.0,930400,0
MWC,05/05/2011,18.1,18.1,17.96,18.0,3236700,0
MWC,05/06/2011,17.98,18.02,17.98,18.0,1660700,0
MWC,05/09/2011,17.98,18.0,17.94,18.0,2400100,0
MWC,05/10/2011,18.04,18.06,17.98,18.0,521900,0
MWC,05/11/2011,18.0,18.0,17.98,17.98,1469800,0
MWC,05/12/2011,18.0,18.06,17.98,18.06,1726400,0
MWC,05/13/2011,18.06,18.5,18.04,18.28,4830200,0
MWC,05/16/2011,18.28,18.38,18.2,18.28,4818000,0
MWC,05/17/2011,18.3,18.32,18.2,18.28,1446600,0
MWC,05/18/2011,18.1,18.26,18.1,18.18,878700,0
MWC,05/19/2011,18.2,18.24,18.14,18.18,816800,0
MWC,05/20/2011,18.18,18.28,18.18,18.22,343600,0
MWC,05/23/2011,18.2,18.26,18.2,18.2,1913300,0
MWC,05/24/2011,18.26,18.28,18.12,18.18,296700,0
MWC,05/25/2011,18.38,18.38,18.18,18.24,434500,0
MWC,05/26/2011,18.24,18.38,18.2,18.36,1350300,0
MWC,05/27/2011,18.38,18.38,18.3,18.34,572400,0
MWC,05/30/2011,18.34,18.38,18.34,18.36,222900,0
MWC,05/31/2011,18.34,18.4,18.12,18.12,1258500,0
MWC,06/01/2011,18.14,18.36,18.14,18.34,2689400,0
MWC,06/02/2011,18.32,18.4,18.0,18.3,1076700,0
MWC,06/03/2011,18.38,18.38,18.26,18.3,257100,0
MWC,06/06/2011,18.3,18.4,18.26,18.32,435400,0
MWC,06/07/2011,18.34,18.34,18.26,18.32,7366300,0
MWC,06/08/2011,18.32,18.4,18.32,18.38,884900,0
MWC,06/09/2011,18.38,18.4,18.36,18.4,3618200,0
MWC,06/10/2011,18.4,18.44,18.4,18.42,1759300,0
MWC,06/13/2011,18.3,18.4,18.2,18.3,16566900,0
MWC,06/14/2011,18.3,18.3,18.22,18.22,1412700,0
MWC,06/15/2011,18.3,18.3,18.2,18.28,1073400,0
MWC,06/16/2011,18.2,18.4,18.2,18.2,805400,0
MWC,06/17/2011,18.3,19.34,18.3,19.34,4154300,0
MWC,06/21/2011,19.0,19.0,18.46,18.68,3193500,0
MWC,06/22/2011,18.7,18.98,18.7,18.74,2664700,0
MWC,06/23/2011,18.5,19.0,18.5,18.52,763800,0
MWC,06/24/2011,18.6,18.6,18.58,18.6,630400,0
MWC,06/27/2011,18.6,18.72,18.58,18.6,795100,0
MWC,06/28/2011,18.6,18.78,18.6,18.7,2577300,0
MWC,06/29/2011,18.76,18.76,18.58,18.62,429400,0
MWC,06/30/2011,18.62,18.8,18.62,18.64,617900,0
MWC,07/01/2011,18.8,18.98,18.64,18.86,2578800,0
MWC,07/04/2011,18.88,19.0,18.88,18.96,4190500,0
MWC,07/05/2011,19.0,19.34,19.0,19.1,4499200,0
MWC,07/06/2011,19.12,19.12,19.0,19.06,821800,0
MWC,07/07/2011,19.12,19.22,19.1,19.2,2086400,0
MWC,07/08/2011,19.2,19.8,19.2,19.4,5475500,0
MWC,07/11/2011,19.5,19.64,19.48,19.6,4801000,0
MWC,07/12/2011,19.6,19.62,19.4,19.62,3881400,0
MWC,07/13/2011,19.62,19.76,19.6,19.76,4741900,0
MWC,07/14/2011,19.76,19.78,19.74,19.76,4045600,0
MWC,07/15/2011,19.76,19.76,19.6,19.76,4417000,0
MWC,07/18/2011,19.76,19.78,19.74,19.76,2336600,0
MWC,07/19/2011,19.76,19.76,19.7,19.72,1164900,0
MWC,07/20/2011,19.72,19.78,19.7,19.76,551900,0
MWC,07/21/2011,19.76,19.76,19.5,19.64,1593100,0
MWC,07/22/2011,19.8,19.8,19.62,19.64,927100,0
MWC,07/25/2011,19.64,19.68,19.6,19.64,306100,0
MWC,07/26/2011,19.68,19.8,19.68,19.74,639700,0
MWC,07/27/2011,19.8,19.84,19.8,19.8,1875100,0
MWC,07/28/2011,19.8,19.82,19.68,19.72,839500,0
MWC,07/29/2011,19.72,19.82,19.72,19.76,2488300,0
MWC,08/01/2011,19.8,19.84,19.7,19.7,343900,0
MWC,08/02/2011,19.86,19.86,19.66,19.7,1838600,0
MWC,08/03/2011,19.5,19.76,19.5,19.6,1177300,0
MWC,08/04/2011,19.82,19.9,19.64,19.84,1026800,0
MWC,08/05/2011,19.5,19.8,19.2,19.8,2267900,0
MWC,08/08/2011,19.5,19.8,18.8,19.6,762200,0
MWC,08/09/2011,18.6,19.16,18.2,19.0,837200,0
MWC,08/10/2011,19.0,19.4,19.0,19.02,1767500,0
MWC,08/11/2011,18.9,19.02,18.44,19.02,2015000,0
MWC,08/12/2011,19.02,19.42,19.02,19.4,527100,0
MWC,08/15/2011,19.0,19.5,19.0,19.04,479500,0
MWC,08/16/2011,19.4,19.8,18.9,19.8,1386500,0
MWC,08/17/2011,19.6,19.6,18.9,19.0,962200,0
MWC,08/18/2011,19.3,19.4,19.1,19.3,1412800,0
MWC,08/19/2011,19.0,19.28,19.0,19.24,267500,0
MWC,08/22/2011,19.16,19.16,19.0,19.0,366300,0
MWC,08/23/2011,19.0,19.24,18.98,19.04,1054500,0
MWC,08/24/2011,19.1,19.2,19.0,19.18,271300,0
MWC,08/25/2011,19.1,19.18,19.0,19.18,2318400,0
MWC,08/26/2011,19.1,19.18,19.1,19.14,785300,0
MWC,08/31/2011,19.24,19.5,19.2,19.26,1585400,0
MWC,09/01/2011,19.26,19.5,19.26,19.4,2361900,0
MWC,09/02/2011,19.44,19.5,19.44,19.46,3402900,0
MWC,09/05/2011,19.5,19.5,19.44,19.44,1690200,0
MWC,09/06/2011,19.44,19.44,19.4,19.42,1311100,0
MWC,09/07/2011,19.3,19.42,19.3,19.4,1430200,0
MWC,09/08/2011,19.42,19.42,19.4,19.42,370400,0
MWC,09/09/2011,19.42,19.42,19.4,19.4,1796200,0
MWC,09/12/2011,19.42,19.44,19.4,19.42,479500,0
MWC,09/13/2011,19.42,19.42,19.4,19.4,1961300,0
MWC,09/14/2011,19.42,19.42,19.4,19.4,1939900,0
MWC,09/15/2011,19.42,19.44,19.4,19.4,308400,0
MWC,09/16/2011,19.42,19.78,19.42,19.78,1122600,0
MWC,09/19/2011,19.72,19.8,19.62,19.8,491900,0
MWC,09/20/2011,19.76,19.8,19.74,19.76,645400,0
MWC,09/21/2011,19.76,19.8,19.76,19.78,1516000,0
MWC,09/22/2011,19.8,19.8,19.6,19.6,680300,0
MWC,09/23/2011,19.6,19.6,18.98,19.32,2329600,0
MWC,09/26/2011,19.38,19.38,18.98,19.0,4044600,0
MWC,09/28/2011,19.08,19.08,18.92,18.94,2637100,0
MWC,09/29/2011,18.96,18.96,18.1,18.5,3468500,0
MWC,09/30/2011,19.0,19.0,18.9,18.98,2392000,0
MWC,10/03/2011,18.9,19.0,18.9,18.96,1317800,0
MWC,10/04/2011,18.98,18.98,18.84,18.96,1816500,0
MWC,10/05/2011,18.96,18.96,18.9,18.94,1348600,0
MWC,10/06/2011,18.98,19.02,18.96,19.0,4215800,0
MWC,10/07/2011,18.9,19.16,18.9,19.12,2456900,0
MWC,10/10/2011,19.18,19.22,19.1,19.2,1213700,0
MWC,10/11/2011,19.26,19.28,19.2,19.24,1290400,0
MWC,10/12/2011,19.28,19.4,19.28,19.4,1948600,0
MWC,10/13/2011,19.4,19.4,19.36,19.38,668600,0
MWC,10/14/2011,19.38,19.48,19.36,19.4,635800,0
MWC,10/17/2011,19.44,19.48,19.4,19.46,1202400,0
MWC,10/18/2011,19.48,19.48,19.34,19.44,1990200,0
MWC,10/19/2011,19.46,19.46,19.42,19.46,2680300,0
MWC,10/20/2011,19.46,19.48,19.42,19.44,2027700,0
MWC,10/21/2011,19.5,19.5,19.46,19.5,2152400,0
MWC,10/24/2011,19.56,19.6,19.54,19.56,195100,0
MWC,10/25/2011,19.56,19.56,19.44,19.5,749900,0
MWC,10/26/2011,19.5,19.5,19.4,19.4,155900,0
MWC,10/27/2011,19.4,19.5,19.4,19.5,343100,0
MWC,10/28/2011,19.56,19.56,19.4,19.4,977100,0
MWC,11/02/2011,19.5,19.6,19.46,19.54,2886300,0
MWC,11/03/2011,19.6,19.6,19.54,19.56,3543700,0
MWC,11/04/2011,19.6,19.6,19.3,19.3,3639600,0
MWC,11/08/2011,19.32,19.5,19.3,19.3,2316200,0
MWC,11/09/2011,19.32,19.5,19.28,19.3,746000,0
MWC,11/10/2011,19.1,19.26,19.0,19.14,758600,0
MWC,11/11/2011,19.02,19.42,19.0,19.42,198100,0
MWC,11/14/2011,19.12,19.42,19.12,19.42,224000,0
MWC,11/15/2011,19.34,19.34,19.16,19.16,759300,0
MWC,11/16/2011,19.14,19.3,19.14,19.16,445600,0
MWC,11/17/2011,19.1,19.3,19.1,19.18,1134500,0
MWC,11/18/2011,19.46,19.46,19.2,19.38,1078000,0
MWC,11/21/2011,19.4,19.4,19.28,19.3,1008000,0
MWC,11/22/2011,19.4,19.6,19.24,19.6,176800,0
MWC,11/23/2011,19.5,19.5,19.3,19.4,549200,0
MWC,11/24/2011,19.4,19.4,19.0,19.38,118000,0
MWC,11/25/2011,19.4,19.4,19.2,19.2,135700,0
MWC,11/28/2011,19.48,19.48,19.2,19.2,26800,0
MWC,11/29/2011,19.4,19.4,19.2,19.2,563500,0
MWC,12/01/2011,19.44,19.46,19.2,19.42,519600,0
MWC,12/02/2011,19.2,19.36,19.2,19.32,640900,0
MWC,12/05/2011,19.48,19.48,19.36,19.4,1378700,0
MWC,12/06/2011,19.3,19.4,19.3,19.38,309400,0
MWC,12/07/2011,19.46,19.46,19.32,19.4,209200,0
MWC,12/08/2011,19.48,19.5,19.46,19.5,1260700,0
MWC,12/09/2011,19.32,19.5,19.32,19.48,721300,0
MWC,12/12/2011,19.54,19.94,19.54,19.94,3513700,0
MWC,12/13/2011,19.76,19.76,19.54,19.68,3407100,0
MWC,12/14/2011,19.6,19.6,19.5,19.54,1258300,0
MWC,12/15/2011,19.56,19.6,19.5,19.58,2687100,0
MWC,12/16/2011,19.58,19.6,19.54,19.56,2900300,0
MWC,12/19/2011,19.56,19.6,19.52,19.54,1206500,0
MWC,12/20/2011,19.56,19.56,19.5,19.5,779600,0
MWC,12/21/2011,19.6,19.6,19.56,19.6,998800,0
MWC,12/22/2011,19.6,19.6,19.5,19.54,509900,0
MWC,12/23/2011,19.5,19.6,19.5,19.58,2291400,0
MWC,12/26/2011,19.62,19.8,19.42,19.7,1186100,0
MWC,12/27/2011,19.7,19.7,19.48,19.56,587800,0
MWC,12/28/2011,19.88,19.88,19.56,19.56,2807300,0
MWC,12/29/2011,19.56,19.8,19.4,19.4,164500,0
MWC,01/02/2012,19.64,19.8,19.62,19.64,166500,0
MWC,01/03/2012,19.62,20.45,19.62,20.2,2369000,0
MWC,01/04/2012,20.2,21.55,20.2,21.5,4480300,0
MWC,01/05/2012,21.25,21.25,20.75,20.8,2843100,0
MWC,01/06/2012,20.9,21.45,20.7,21.45,5628400,0
MWC,01/09/2012,21.25,21.5,20.8,21.15,1381200,0
MWC,01/10/2012,21.5,21.6,21.4,21.4,4191400,0
MWC,01/11/2012,21.4,21.5,21.05,21.15,1127800,0
MWC,01/12/2012,21.2,21.35,21.15,21.25,2718500,0
MWC,01/13/2012,21.3,21.4,21.2,21.2,2715300,0
MWC,01/16/2012,21.2,21.4,21.1,21.2,2466800,0
MWC,01/17/2012,21.45,21.6,21.25,21.55,6143200,0
MWC,01/18/2012,21.5,22.0,21.45,21.65,4684100,0
MWC,01/19/2012,21.7,21.7,21.4,21.5,4120000,0
MWC,01/20/2012,21.2,21.65,21.2,21.6,5013400,0
MWC,01/24/2012,21.65,21.65,21.2,21.25,2916500,0
MWC,01/25/2012,21.15,21.5,21.15,21.15,783700,0
MWC,01/26/2012,21.25,21.3,20.8,20.85,4028700,0
MWC,01/27/2012,20.8,21.2,20.65,20.8,7104400,0
MWC,01/30/2012,20.85,20.9,20.55,20.55,2631700,0
MWC,01/31/2012,20.55,21.0,20.55,21.0,1186600,0
MWC,02/01/2012,21.2,21.4,21.05,21.3,4335000,0
MWC,02/02/2012,21.45,21.65,21.45,21.6,5066900,0
MWC,02/03/2012,21.65,21.65,21.25,21.4,7262800,0
MWC,02/06/2012,21.5,21.6,21.3,21.5,1775800,0
MWC,02/07/2012,21.6,21.6,21.4,21.5,1028200,0
