OV,02/04/1999,0.25,0.25,0.24,0.24,280000,0
OV,02/05/1999,0.24,0.24,0.24,0.24,20000,0
OV,02/08/1999,0.24,0.24,0.24,0.24,20000,0
OV,02/09/1999,0.24,0.24,0.24,0.24,20000,0
OV,02/10/1999,0.24,0.24,0.24,0.24,20000,0
OV,02/11/1999,0.24,0.24,0.24,0.24,20000,0
OV,02/16/1999,0.2,0.2,0.2,0.2,200000,0
OV,02/18/1999,0.195,0.195,0.195,0.195,70000,0
OV,02/19/1999,0.19,0.19,0.19,0.19,200000,0
OV,02/25/1999,0.18,0.18,0.18,0.18,40000,0
OV,02/26/1999,0.18,0.18,0.18,0.18,100000,0
OV,03/01/1999,0.18,0.18,0.18,0.18,10000,0
OV,03/02/1999,0.18,0.18,0.18,0.18,40000,0
OV,03/03/1999,0.18,0.18,0.18,0.18,40000,0
OV,03/04/1999,0.18,0.18,0.17,0.17,30000,0
OV,03/08/1999,0.17,0.18,0.17,0.18,120000,0
OV,03/09/1999,0.18,0.18,0.18,0.18,30000,0
OV,03/17/1999,0.18,0.18,0.18,0.18,20000,0
OV,03/18/1999,0.18,0.18,0.18,0.18,100000,0
OV,03/23/1999,0.17,0.17,0.17,0.17,10000,0
OV,03/25/1999,0.18,0.18,0.18,0.18,30000,0
OV,03/26/1999,0.18,0.18,0.18,0.18,60000,0
OV,04/07/1999,0.22,0.22,0.22,0.22,50000,0
OV,04/12/1999,0.21,0.22,0.21,0.22,230000,0
OV,04/15/1999,0.22,0.22,0.22,0.22,80000,0
OV,04/19/1999,0.22,0.3,0.22,0.3,270000,0
OV,05/03/1999,0.3,0.3,0.3,0.3,20000,0
OV,05/05/1999,0.3,0.3,0.3,0.3,240000,0
OV,05/06/1999,0.32,0.32,0.32,0.32,50000,0
OV,05/07/1999,0.32,0.32,0.32,0.32,150000,0
OV,05/11/1999,0.3,0.3,0.3,0.3,50000,0
OV,05/13/1999,0.32,0.32,0.32,0.32,250000,0
OV,05/18/1999,0.3,0.3,0.3,0.3,200000,0
OV,05/19/1999,0.3,0.3,0.3,0.3,50000,0
OV,05/21/1999,0.35,0.35,0.35,0.35,30000,0
OV,05/27/1999,0.24,0.24,0.24,0.24,10000,0
OV,06/01/1999,0.24,0.25,0.24,0.25,60000,0
OV,06/02/1999,0.29,0.29,0.29,0.29,20000,0
OV,06/03/1999,0.29,0.29,0.29,0.29,60000,0
OV,06/08/1999,0.23,0.23,0.23,0.23,100000,0
OV,06/09/1999,0.23,0.25,0.23,0.25,270000,0
OV,06/15/1999,0.25,0.25,0.25,0.25,50000,0
OV,06/16/1999,0.25,0.28,0.25,0.28,230000,0
OV,06/17/1999,0.29,0.31,0.29,0.3,170000,0
OV,06/21/1999,0.35,0.35,0.35,0.35,20000,0
OV,06/22/1999,0.4,0.42,0.36,0.36,230000,0
OV,06/24/1999,0.37,0.39,0.37,0.39,220000,0
OV,06/25/1999,0.39,0.39,0.39,0.39,130000,0
OV,06/28/1999,0.4,0.4,0.4,0.4,270000,0
OV,06/29/1999,0.45,0.45,0.4,0.4,100000,0
OV,06/30/1999,0.4,0.41,0.4,0.41,150000,0
OV,07/01/1999,0.41,0.41,0.41,0.41,50000,0
OV,07/02/1999,0.4,0.4,0.4,0.4,100000,0
OV,07/05/1999,0.4,0.4,0.4,0.4,40000,0
OV,07/07/1999,0.4,0.4,0.4,0.4,180000,0
OV,07/08/1999,0.41,0.44,0.41,0.44,510000,0
OV,07/09/1999,0.4,0.4,0.39,0.39,200000,0
OV,07/12/1999,0.4,0.5,0.4,0.5,670000,0
OV,07/13/1999,0.51,0.51,0.51,0.51,20000,0
OV,07/14/1999,0.51,0.51,0.5,0.51,350000,0
OV,07/15/1999,0.51,0.51,0.51,0.51,30000,0
OV,07/19/1999,0.36,0.38,0.36,0.38,30000,0
OV,07/21/1999,0.36,0.38,0.36,0.38,110000,0
OV,07/22/1999,0.37,0.37,0.35,0.35,170000,0
OV,07/28/1999,0.35,0.35,0.35,0.35,140000,0
OV,08/04/1999,0.35,0.36,0.35,0.36,240000,0
OV,08/10/1999,0.34,0.34,0.34,0.34,30000,0
OV,08/13/1999,0.34,0.34,0.34,0.34,50000,0
OV,08/17/1999,0.34,0.34,0.32,0.32,70000,0
OV,08/24/1999,0.32,0.32,0.32,0.32,60000,0
OV,08/25/1999,0.3,0.32,0.3,0.32,60000,0
OV,08/26/1999,0.32,0.32,0.32,0.32,180000,0
OV,08/30/1999,0.32,0.32,0.32,0.32,50000,0
OV,09/01/1999,0.32,0.32,0.32,0.32,10000,0
OV,09/03/1999,0.32,0.32,0.32,0.32,100000,0
OV,09/08/1999,0.4,0.4,0.4,0.4,10000,0
OV,09/09/1999,0.39,0.39,0.39,0.39,50000,0
OV,09/22/1999,0.39,0.44,0.39,0.44,200000,0
OV,09/28/1999,0.44,0.44,0.44,0.44,10000,0
OV,10/01/1999,0.44,0.54,0.44,0.5,690000,0
OV,10/04/1999,0.5,0.62,0.5,0.6,750000,0
OV,10/05/1999,0.5,0.5,0.5,0.5,60000,0
OV,10/07/1999,0.5,0.5,0.5,0.5,120000,0
OV,10/08/1999,0.5,0.5,0.5,0.5,10000,0
OV,10/13/1999,0.5,0.5,0.5,0.5,40000,0
OV,11/08/1999,0.43,0.43,0.4,0.4,120000,0
OV,11/10/1999,0.31,0.31,0.31,0.31,200000,0
OV,11/12/1999,0.31,0.31,0.31,0.31,70000,0
OV,11/16/1999,0.32,0.32,0.32,0.32,30000,0
OV,11/24/1999,0.36,0.36,0.36,0.36,90000,0
OV,11/25/1999,0.36,0.36,0.36,0.36,480000,0
OV,11/26/1999,0.47,0.5,0.47,0.5,250000,0
OV,11/29/1999,0.6,0.65,0.5,0.5,240000,0
OV,12/01/1999,0.45,0.45,0.45,0.45,200000,0
OV,12/06/1999,0.44,0.44,0.44,0.44,30000,0
OV,12/07/1999,0.44,0.44,0.44,0.44,50000,0
OV,12/08/1999,0.44,0.44,0.44,0.44,30000,0
OV,12/09/1999,0.4,0.4,0.4,0.4,260000,0
OV,12/10/1999,0.45,0.45,0.45,0.45,140000,0
OV,12/29/1999,0.37,0.37,0.37,0.37,100000,0
OV,01/03/2000,0.42,0.42,0.42,0.42,80000,0
OV,01/04/2000,0.45,0.48,0.45,0.48,400000,0
OV,01/06/2000,0.48,0.54,0.48,0.52,1440000,0
OV,01/10/2000,0.5,0.54,0.45,0.54,660000,0
OV,01/13/2000,0.5,0.5,0.5,0.5,20000,0
OV,01/27/2000,0.38,0.39,0.38,0.39,30000,0
OV,01/28/2000,0.4,0.4,0.4,0.4,50000,0
OV,01/31/2000,0.4,0.4,0.39,0.39,40000,0
OV,02/02/2000,0.4,0.4,0.4,0.4,260000,0
OV,02/04/2000,0.38,0.38,0.36,0.36,200000,0
OV,02/07/2000,0.36,0.36,0.36,0.36,20000,0
OV,02/14/2000,0.31,0.31,0.31,0.31,10000,0
OV,02/16/2000,0.4,0.4,0.35,0.35,230000,0
OV,02/21/2000,0.35,0.35,0.35,0.35,60000,0
OV,02/23/2000,0.35,0.35,0.35,0.35,40000,0
OV,02/29/2000,0.35,0.38,0.35,0.38,230000,0
OV,03/01/2000,0.35,0.35,0.35,0.35,40000,0
OV,03/03/2000,0.35,0.35,0.35,0.35,60000,0
OV,03/13/2000,0.35,0.35,0.35,0.35,30000,0
OV,03/22/2000,0.37,0.37,0.37,0.37,90000,0
OV,03/28/2000,0.38,0.38,0.38,0.38,40000,0
OV,05/08/2000,0.38,0.4,0.38,0.4,300000,0
OV,05/25/2000,0.3,0.3,0.3,0.3,190000,0
OV,05/26/2000,0.3,0.3,0.3,0.3,10000,0
OV,06/09/2000,0.39,0.4,0.39,0.39,360000,0
OV,06/15/2000,0.39,0.4,0.38,0.38,260000,0
OV,06/16/2000,0.38,0.38,0.38,0.38,140000,0
OV,06/20/2000,0.38,0.38,0.38,0.38,50000,0
OV,06/21/2000,0.35,0.35,0.35,0.35,160000,0
OV,06/22/2000,0.35,0.35,0.35,0.35,30000,0
OV,06/26/2000,0.36,0.36,0.36,0.36,50000,0
OV,06/28/2000,0.34,0.34,0.34,0.34,200000,0
OV,06/29/2000,0.34,0.37,0.33,0.37,600000,0
OV,06/30/2000,0.37,0.37,0.37,0.37,120000,0
OV,07/04/2000,0.37,0.4,0.37,0.4,510000,0
OV,07/05/2000,0.39,0.39,0.39,0.39,200000,0
OV,07/06/2000,0.4,0.4,0.4,0.4,200000,0
OV,07/11/2000,0.4,0.4,0.4,0.4,70000,0
OV,07/14/2000,0.38,0.38,0.38,0.38,100000,0
OV,07/21/2000,0.38,0.38,0.33,0.33,190000,0
OV,07/25/2000,0.33,0.33,0.33,0.33,60000,0
OV,07/28/2000,0.34,0.34,0.34,0.34,10000,0
OV,07/31/2000,0.32,0.35,0.32,0.35,130000,0
OV,08/04/2000,0.35,0.35,0.35,0.35,40000,0
OV,08/07/2000,0.35,0.35,0.35,0.35,100000,0
OV,08/08/2000,0.35,0.35,0.35,0.35,10000,0
OV,08/15/2000,0.3,0.3,0.3,0.3,30000,0
OV,08/17/2000,0.3,0.3,0.3,0.3,50000,0
OV,08/21/2000,0.3,0.3,0.3,0.3,40000,0
OV,08/30/2000,0.3,0.3,0.3,0.3,100000,0
OV,09/01/2000,0.3,0.3,0.3,0.3,40000,0
OV,09/05/2000,0.3,0.3,0.3,0.3,10000,0
OV,09/06/2000,0.38,0.4,0.38,0.38,100000,0
OV,09/07/2000,0.37,0.37,0.37,0.37,20000,0
OV,09/08/2000,0.37,0.37,0.36,0.36,320000,0
OV,09/12/2000,0.35,0.35,0.35,0.35,50000,0
OV,09/14/2000,0.34,0.34,0.34,0.34,50000,0
OV,09/15/2000,0.33,0.33,0.29,0.29,30000,0
OV,09/19/2000,0.29,0.29,0.27,0.27,70000,0
OV,09/20/2000,0.27,0.27,0.27,0.27,30000,0
OV,09/21/2000,0.27,0.27,0.26,0.26,190000,0
OV,09/26/2000,0.25,0.25,0.25,0.25,10000,0
OV,09/28/2000,0.25,0.25,0.25,0.25,50000,0
OV,10/06/2000,0.25,0.25,0.25,0.25,30000,0
OV,10/11/2000,0.25,0.25,0.25,0.25,10000,0
OV,11/14/2000,0.23,0.23,0.23,0.23,60000,0
OV,11/29/2000,0.25,0.25,0.25,0.25,50000,0
OV,12/19/2000,0.25,0.25,0.25,0.25,20000,0
OV,01/12/2001,0.3,0.3,0.3,0.3,10000,0
OV,01/15/2001,0.3,0.3,0.3,0.3,50000,0
OV,01/22/2001,0.35,0.35,0.35,0.35,230000,0
OV,01/26/2001,0.33,0.33,0.33,0.33,100000,0
OV,02/06/2001,0.27,0.27,0.27,0.27,30000,0
OV,02/07/2001,0.18,0.18,0.18,0.18,20000,0
OV,02/15/2001,0.25,0.25,0.25,0.25,120000,0
OV,02/26/2001,0.25,0.25,0.25,0.25,10000,0
OV,03/01/2001,0.3,0.3,0.25,0.25,50000,0
OV,03/05/2001,0.25,0.25,0.25,0.25,20000,0
OV,03/08/2001,0.23,0.23,0.23,0.23,20000,0
OV,03/22/2001,0.23,0.23,0.22,0.22,20000,0
OV,03/29/2001,0.28,0.28,0.26,0.26,1400000,0
OV,03/30/2001,0.23,0.23,0.23,0.23,250000,0
OV,04/05/2001,0.2,0.2,0.2,0.2,90000,0
OV,05/08/2001,0.18,0.18,0.18,0.18,450000,0
OV,05/09/2001,0.18,0.18,0.18,0.18,700000,0
OV,05/15/2001,0.18,0.18,0.18,0.18,500000,0
OV,05/16/2001,0.18,0.18,0.18,0.18,500000,0
OV,05/21/2001,0.18,0.18,0.18,0.18,500000,0
OV,05/22/2001,0.17,0.17,0.17,0.17,10000,0
OV,06/06/2001,0.19,0.19,0.19,0.19,10000,0
OV,06/20/2001,0.16,0.16,0.16,0.16,10000,0
OV,06/21/2001,0.17,0.17,0.17,0.17,20000,0
OV,06/26/2001,0.15,0.15,0.15,0.15,10000,0
OV,07/04/2001,0.18,0.18,0.18,0.18,10000,0
OV,07/05/2001,0.22,0.26,0.2,0.21,140000,0
OV,07/09/2001,0.21,0.21,0.21,0.21,20000,0
OV,07/10/2001,0.2,0.2,0.2,0.2,80000,0
OV,07/11/2001,0.22,0.22,0.22,0.22,10000,0
OV,07/12/2001,0.22,0.23,0.22,0.23,210000,0
OV,07/13/2001,0.25,0.28,0.25,0.27,80000,0
OV,07/19/2001,0.26,0.26,0.26,0.26,30000,0
OV,07/23/2001,0.28,0.28,0.28,0.28,100000,0
OV,07/24/2001,0.28,0.28,0.28,0.28,120000,0
OV,07/25/2001,0.25,0.25,0.25,0.25,120000,0
OV,08/02/2001,0.3,0.3,0.3,0.3,20000,0
OV,08/13/2001,0.28,0.28,0.28,0.28,200000,0
OV,08/15/2001,0.26,0.26,0.26,0.26,760000,0
OV,08/20/2001,0.25,0.25,0.25,0.25,200000,0
OV,08/22/2001,0.25,0.25,0.25,0.25,10000,0
OV,08/23/2001,0.25,0.25,0.25,0.25,330000,0
OV,08/28/2001,0.195,0.195,0.195,0.195,120000,0
OV,08/30/2001,0.195,0.195,0.195,0.195,190000,0
OV,09/10/2001,0.195,0.195,0.195,0.195,130000,0
OV,10/02/2001,0.19,0.19,0.19,0.19,10000,0
OV,10/03/2001,0.195,0.195,0.195,0.195,10000,0
OV,10/04/2001,0.195,0.195,0.195,0.195,10000,0
OV,10/08/2001,0.205,0.205,0.205,0.205,150000,0
OV,10/11/2001,0.2,0.2,0.2,0.2,400000,0
OV,10/12/2001,0.28,0.28,0.28,0.28,380000,0
OV,10/16/2001,0.24,0.24,0.24,0.24,10000,0
OV,10/29/2001,0.24,0.24,0.24,0.24,30000,0
OV,10/30/2001,0.22,0.22,0.2,0.2,310000,0
OV,11/07/2001,0.19,0.19,0.19,0.19,110000,0
OV,11/13/2001,0.19,0.19,0.19,0.19,20000,0
OV,11/23/2001,0.19,0.19,0.19,0.19,10000,0
OV,11/26/2001,0.22,0.22,0.22,0.22,60000,0
OV,12/11/2001,0.22,0.22,0.22,0.22,100000,0
OV,12/13/2001,0.24,0.24,0.24,0.24,50000,0
OV,12/27/2001,0.25,0.25,0.22,0.22,60000,0
OV,12/28/2001,0.22,0.25,0.22,0.25,20000,0
OV,01/02/2002,0.25,0.25,0.24,0.24,40000,0
OV,01/03/2002,0.24,0.25,0.24,0.25,40000,0
OV,01/07/2002,0.25,0.25,0.25,0.25,10000,0
OV,01/08/2002,0.26,0.26,0.26,0.26,20000,0
OV,01/17/2002,0.26,0.26,0.26,0.26,100000,0
OV,01/22/2002,0.195,0.195,0.195,0.195,10000,0
OV,01/24/2002,0.2,0.2,0.2,0.2,20000,0
OV,01/25/2002,0.2,0.2,0.2,0.2,30000,0
OV,01/28/2002,0.2,0.2,0.2,0.2,20000,0
OV,01/30/2002,0.26,0.26,0.26,0.26,10000,0
OV,01/31/2002,0.19,0.26,0.19,0.26,130000,0
OV,02/06/2002,0.24,0.24,0.24,0.24,30000,0
OV,02/13/2002,0.28,0.3,0.28,0.3,940000,0
OV,02/14/2002,0.3,0.3,0.3,0.3,750000,0
OV,02/15/2002,0.3,0.3,0.3,0.3,100000,0
OV,02/18/2002,0.33,0.33,0.3,0.31,390000,0
OV,02/19/2002,0.31,0.31,0.31,0.31,200000,0
OV,02/22/2002,0.24,0.24,0.225,0.225,590000,0
OV,03/01/2002,0.225,0.225,0.225,0.225,50000,0
OV,03/14/2002,0.225,0.225,0.225,0.225,200000,0
OV,03/18/2002,0.225,0.225,0.225,0.225,10000,0
OV,03/19/2002,0.2,0.2,0.2,0.2,20000,0
OV,03/20/2002,0.2,0.2,0.2,0.2,220000,0
OV,04/01/2002,0.16,0.16,0.16,0.16,50000,0
OV,04/12/2002,0.2,0.23,0.2,0.23,440000,0
OV,04/17/2002,0.23,0.23,0.23,0.23,170000,0
OV,04/26/2002,0.17,0.17,0.17,0.17,10000,0
OV,04/29/2002,0.15,0.15,0.15,0.15,20000,0
OV,05/02/2002,0.16,0.16,0.16,0.16,50000,0
OV,05/09/2002,0.165,0.165,0.165,0.165,100000,0
OV,05/21/2002,0.15,0.15,0.15,0.15,50000,0
OV,05/22/2002,0.16,0.16,0.16,0.16,140000,0
OV,06/14/2002,0.2,0.2,0.2,0.2,550000,0
OV,06/17/2002,0.23,0.235,0.15,0.16,710000,0
OV,06/19/2002,0.16,0.16,0.16,0.16,10000,0
OV,06/27/2002,0.18,0.18,0.18,0.18,40000,0
OV,07/01/2002,0.17,0.17,0.17,0.17,90000,0
OV,07/12/2002,0.15,0.15,0.15,0.15,50000,0
OV,07/16/2002,0.17,0.17,0.17,0.17,50000,0
OV,08/01/2002,0.15,0.15,0.15,0.15,50000,0
OV,08/14/2002,0.13,0.13,0.13,0.13,20000,0
OV,08/15/2002,0.15,0.15,0.15,0.15,60000,0
OV,08/19/2002,0.15,0.15,0.15,0.15,10000,0
OV,08/21/2002,0.15,0.15,0.15,0.15,30000,0
OV,09/03/2002,0.16,0.16,0.16,0.16,30000,0
OV,09/13/2002,0.15,0.15,0.15,0.15,130000,0
OV,09/17/2002,0.16,0.16,0.16,0.16,20000,0
OV,09/19/2002,0.18,0.18,0.18,0.18,30000,0
OV,09/24/2002,0.15,0.15,0.15,0.15,120000,0
OV,10/08/2002,0.15,0.15,0.15,0.15,10000,0
OV,11/15/2002,0.16,0.16,0.16,0.16,200000,0
OV,11/18/2002,0.16,0.16,0.16,0.16,580000,0
OV,11/20/2002,0.17,0.17,0.17,0.17,20000,0
OV,11/21/2002,0.17,0.17,0.17,0.17,80000,0
OV,11/25/2002,0.17,0.17,0.17,0.17,100000,0
OV,11/26/2002,0.16,0.16,0.16,0.16,110000,0
OV,12/03/2002,0.16,0.16,0.16,0.16,50000,0
OV,12/11/2002,0.16,0.16,0.16,0.16,50000,0
OV,01/03/2003,0.15,0.15,0.15,0.15,10000,0
OV,02/11/2003,0.16,0.16,0.16,0.16,30000,0
OV,02/17/2003,0.16,0.16,0.16,0.16,50000,0
OV,03/03/2003,0.16,0.16,0.16,0.16,40000,0
OV,03/12/2003,0.16,0.16,0.16,0.16,40000,0
OV,03/17/2003,0.16,0.16,0.16,0.16,190000,0
OV,03/19/2003,0.16,0.16,0.16,0.16,100000,0
OV,03/21/2003,0.16,0.16,0.16,0.16,300000,0
OV,03/31/2003,0.16,0.16,0.16,0.16,100000,0
OV,04/11/2003,0.175,0.175,0.175,0.175,50000,0
OV,04/16/2003,0.2,0.2,0.2,0.2,160000,0
OV,04/22/2003,0.185,0.2,0.185,0.2,80000,0
OV,04/28/2003,0.185,0.185,0.185,0.185,160000,0
OV,05/21/2003,0.16,0.16,0.16,0.16,100000,0
OV,05/22/2003,0.16,0.16,0.16,0.16,190000,0
OV,05/29/2003,0.16,0.16,0.16,0.16,20000,0
OV,06/03/2003,0.165,0.165,0.16,0.16,250000,0
OV,06/05/2003,0.16,0.16,0.16,0.16,150000,0
OV,06/10/2003,0.18,0.18,0.18,0.18,90000,0
OV,06/11/2003,0.18,0.18,0.18,0.18,10000,0
OV,06/12/2003,0.16,0.16,0.16,0.16,10000,0
OV,06/19/2003,0.18,0.18,0.17,0.17,370000,0
OV,06/26/2003,0.17,0.18,0.17,0.18,100000,0
OV,07/03/2003,0.18,0.18,0.18,0.18,30000,0
OV,07/11/2003,0.19,0.19,0.19,0.19,110000,0
OV,07/17/2003,0.18,0.18,0.18,0.18,10000,0
OV,07/18/2003,0.18,0.18,0.18,0.18,100000,0
OV,07/23/2003,0.21,0.21,0.21,0.21,100000,0
OV,07/24/2003,0.19,0.19,0.19,0.19,10000,0
OV,07/30/2003,0.19,0.19,0.19,0.19,140000,0
OV,07/31/2003,0.18,0.18,0.18,0.18,200000,0
OV,08/05/2003,0.18,0.18,0.18,0.18,30000,0
OV,08/07/2003,0.2,0.2,0.2,0.2,20000,0
OV,08/11/2003,0.2,0.2,0.2,0.2,1010000,0
OV,08/12/2003,0.22,0.22,0.22,0.22,60000,0
OV,08/14/2003,0.23,0.23,0.23,0.23,70000,0
OV,08/26/2003,0.21,0.21,0.21,0.21,60000,0
OV,08/29/2003,0.2,0.2,0.2,0.2,60000,0
OV,09/04/2003,0.2,0.2,0.2,0.2,10000,0
OV,09/18/2003,0.18,0.18,0.18,0.18,30000,0
OV,10/10/2003,0.18,0.18,0.18,0.18,20000,0
OV,10/21/2003,0.18,0.18,0.18,0.18,50000,0
OV,11/13/2003,0.18,0.18,0.18,0.18,30000,0
OV,11/20/2003,0.18,0.18,0.18,0.18,40000,0
OV,12/04/2003,0.15,0.15,0.15,0.15,10000,0
OV,12/08/2003,0.15,0.15,0.15,0.15,80000,0
OV,12/18/2003,0.16,0.16,0.16,0.16,10000,0
OV,01/06/2004,0.14,0.14,0.14,0.14,50000,0
OV,01/07/2004,0.16,0.18,0.16,0.18,60000,0
OV,01/08/2004,0.18,0.18,0.18,0.18,150000,0
OV,01/09/2004,0.235,0.235,0.235,0.235,60000,0
OV,01/20/2004,0.2,0.2,0.2,0.2,30000,0
OV,01/22/2004,0.2,0.2,0.2,0.2,20000,0
OV,02/17/2004,0.17,0.17,0.17,0.17,40000,0
OV,03/01/2004,0.17,0.17,0.17,0.17,10000,0
OV,03/05/2004,0.15,0.15,0.15,0.15,20000,0
OV,03/11/2004,0.15,0.15,0.15,0.15,80000,0
OV,03/12/2004,0.15,0.15,0.15,0.15,40000,0
OV,03/22/2004,0.15,0.15,0.15,0.15,70000,0
OV,03/23/2004,0.14,0.14,0.14,0.14,30000,0
OV,04/16/2004,0.15,0.17,0.15,0.17,60000,0
OV,04/29/2004,0.15,0.15,0.15,0.15,80000,0
OV,05/03/2004,0.15,0.15,0.15,0.15,160000,0
OV,05/07/2004,0.15,0.15,0.15,0.15,60000,0
OV,05/17/2004,0.15,0.15,0.15,0.15,10000,0
OV,05/26/2004,0.15,0.15,0.15,0.15,40000,0
OV,06/01/2004,0.15,0.15,0.15,0.15,80000,0
OV,06/08/2004,0.16,0.16,0.16,0.16,10000,0
OV,06/10/2004,0.21,0.23,0.18,0.21,1150000,0
OV,06/11/2004,0.23,0.26,0.23,0.26,460000,0
OV,06/14/2004,0.27,0.27,0.26,0.27,400000,0
OV,06/15/2004,0.25,0.26,0.25,0.25,200000,0
OV,06/16/2004,0.205,0.22,0.205,0.22,700000,0
OV,06/17/2004,0.23,0.245,0.23,0.245,340000,0
OV,06/18/2004,0.24,0.24,0.24,0.24,610000,0
OV,06/22/2004,0.24,0.24,0.24,0.24,60000,0
OV,06/23/2004,0.24,0.24,0.18,0.24,460000,0
OV,06/25/2004,0.22,0.22,0.22,0.22,10000,0
OV,06/30/2004,0.22,0.22,0.22,0.22,150000,0
OV,07/01/2004,0.21,0.21,0.21,0.21,90000,0
OV,07/02/2004,0.26,0.28,0.26,0.28,240000,0
OV,07/06/2004,0.25,0.25,0.25,0.25,40000,0
OV,07/07/2004,0.22,0.22,0.22,0.22,200000,0
OV,07/08/2004,0.18,0.22,0.18,0.22,30000,0
OV,07/09/2004,0.21,0.21,0.2,0.2,760000,0
OV,07/12/2004,0.2,0.2,0.2,0.2,40000,0
OV,07/13/2004,0.18,0.18,0.18,0.18,200000,0
OV,07/26/2004,0.25,0.25,0.18,0.25,1040000,0
OV,07/27/2004,0.22,0.22,0.22,0.22,500000,0
OV,08/03/2004,0.2,0.2,0.19,0.19,580000,0
OV,08/05/2004,0.22,0.22,0.22,0.22,250000,0
OV,08/09/2004,0.23,0.23,0.23,0.23,500000,0
OV,08/16/2004,0.21,0.21,0.21,0.21,420000,0
OV,08/17/2004,0.2,0.2,0.2,0.2,330000,0
OV,08/18/2004,0.2,0.2,0.2,0.2,30000,0
OV,08/19/2004,0.2,0.2,0.2,0.2,50000,0
OV,08/20/2004,0.21,0.21,0.21,0.21,320000,0
OV,08/24/2004,0.22,0.22,0.22,0.22,160000,0
OV,08/25/2004,0.22,0.22,0.22,0.22,50000,0
OV,08/30/2004,0.2,0.2,0.2,0.2,1600000,0
OV,08/31/2004,0.21,0.21,0.21,0.21,20000,0
OV,09/02/2004,0.2,0.2,0.2,0.2,480000,0
OV,09/03/2004,0.2,0.2,0.2,0.2,170000,0
OV,09/06/2004,0.2,0.2,0.2,0.2,120000,0
OV,09/07/2004,0.2,0.2,0.2,0.2,20000,0
OV,09/09/2004,0.21,0.21,0.21,0.21,300000,0
OV,09/13/2004,0.2,0.2,0.2,0.2,20000,0
OV,09/14/2004,0.2,0.2,0.2,0.2,10000,0
OV,09/22/2004,0.19,0.19,0.19,0.19,60000,0
OV,09/23/2004,0.19,0.19,0.19,0.19,110000,0
OV,09/27/2004,0.19,0.19,0.19,0.19,270000,0
OV,09/28/2004,0.19,0.19,0.19,0.19,50000,0
OV,09/29/2004,0.19,0.19,0.19,0.19,400000,0
OV,09/30/2004,0.19,0.19,0.19,0.19,20000,0
OV,10/01/2004,0.2,0.21,0.2,0.21,50000,0
OV,10/04/2004,0.21,0.21,0.21,0.21,100000,0
OV,10/06/2004,0.21,0.21,0.21,0.21,70000,0
OV,10/07/2004,0.21,0.21,0.21,0.21,40000,0
OV,10/13/2004,0.18,0.18,0.18,0.18,20000,0
OV,10/14/2004,0.18,0.18,0.18,0.18,100000,0
OV,10/15/2004,0.18,0.18,0.18,0.18,30000,0
OV,10/19/2004,0.19,0.19,0.19,0.19,40000,0
OV,10/20/2004,0.19,0.19,0.19,0.19,60000,0
OV,10/29/2004,0.2,0.2,0.2,0.2,320000,0
OV,11/02/2004,0.2,0.2,0.2,0.2,10000,0
OV,11/03/2004,0.2,0.2,0.2,0.2,10000,0
OV,11/04/2004,0.2,0.2,0.2,0.2,270000,0
OV,11/05/2004,0.19,0.19,0.19,0.19,70000,0
OV,11/10/2004,0.195,0.195,0.195,0.195,390000,0
OV,11/11/2004,0.16,0.18,0.16,0.18,200000,0
OV,11/16/2004,0.185,0.185,0.185,0.185,610000,0
OV,11/19/2004,0.185,0.185,0.185,0.185,150000,0
OV,11/24/2004,0.185,0.185,0.185,0.185,280000,0
OV,11/26/2004,0.2,0.2,0.2,0.2,140000,0
OV,12/06/2004,0.2,0.2,0.2,0.2,200000,0
OV,12/07/2004,0.2,0.2,0.2,0.2,420000,0
OV,12/08/2004,0.21,0.215,0.21,0.21,940000,0
OV,12/09/2004,0.22,0.22,0.22,0.22,40000,0
OV,12/10/2004,0.21,0.22,0.21,0.22,690000,0
OV,12/13/2004,0.21,0.21,0.21,0.21,100000,0
OV,12/15/2004,0.22,0.22,0.215,0.215,250000,0
OV,12/16/2004,0.22,0.23,0.22,0.23,300000,0
OV,12/17/2004,0.24,0.25,0.24,0.245,640000,0
OV,12/28/2004,0.23,0.23,0.23,0.23,300000,0
OV,12/29/2004,0.21,0.21,0.21,0.21,100000,0
OV,01/04/2005,0.215,0.215,0.215,0.215,50000,0
OV,01/06/2005,0.23,0.25,0.23,0.25,210000,0
OV,01/07/2005,0.25,0.25,0.25,0.25,470000,0
OV,01/10/2005,0.25,0.25,0.25,0.25,130000,0
OV,01/11/2005,0.25,0.27,0.25,0.27,870000,0
OV,01/12/2005,0.26,0.26,0.25,0.25,180000,0
OV,01/13/2005,0.26,0.26,0.26,0.26,10000,0
OV,01/14/2005,0.27,0.27,0.25,0.25,890000,0
OV,01/17/2005,0.24,0.24,0.24,0.24,70000,0
OV,01/19/2005,0.26,0.26,0.26,0.26,200000,0
OV,01/20/2005,0.26,0.26,0.26,0.26,100000,0
OV,01/21/2005,0.27,0.32,0.27,0.31,350000,0
OV,01/24/2005,0.31,0.32,0.3,0.3,630000,0
OV,01/25/2005,0.3,0.3,0.3,0.3,320000,0
OV,01/26/2005,0.31,0.4,0.31,0.4,1220000,0
OV,01/27/2005,0.4,0.49,0.4,0.48,900000,0
OV,01/28/2005,0.5,0.53,0.49,0.5,950000,0
OV,01/31/2005,0.55,0.55,0.49,0.5,1160000,0
OV,02/01/2005,0.46,0.46,0.46,0.46,170000,0
OV,02/03/2005,0.4,0.4,0.4,0.4,300000,0
OV,02/04/2005,0.36,0.36,0.3,0.31,2640000,0
OV,02/07/2005,0.31,0.31,0.31,0.31,460000,0
OV,02/08/2005,0.35,0.35,0.35,0.35,130000,0
OV,02/10/2005,0.35,0.36,0.35,0.36,250000,0
OV,02/11/2005,0.36,0.36,0.36,0.36,390000,0
OV,02/14/2005,0.37,0.4,0.36,0.39,1140000,0
OV,02/15/2005,0.4,0.43,0.4,0.43,420000,0
OV,02/16/2005,0.4,0.4,0.39,0.39,190000,0
OV,02/17/2005,0.4,0.43,0.4,0.4,500000,0
OV,02/18/2005,0.39,0.39,0.39,0.39,550000,0
OV,02/21/2005,0.37,0.37,0.37,0.37,130000,0
OV,02/22/2005,0.35,0.37,0.35,0.37,240000,0
OV,02/23/2005,0.38,0.38,0.38,0.38,50000,0
OV,03/03/2005,0.35,0.35,0.35,0.35,200000,0
OV,03/07/2005,0.36,0.37,0.36,0.36,190000,0
OV,03/09/2005,0.36,0.36,0.36,0.36,150000,0
OV,03/10/2005,0.38,0.38,0.37,0.38,770000,0
OV,03/15/2005,0.39,0.39,0.39,0.39,70000,0
OV,03/16/2005,0.34,0.34,0.34,0.34,30000,0
OV,03/17/2005,0.38,0.38,0.38,0.38,210000,0
OV,03/22/2005,0.36,0.36,0.36,0.36,100000,0
OV,03/28/2005,0.36,0.36,0.36,0.36,200000,0
OV,03/29/2005,0.34,0.34,0.34,0.34,70000,0
OV,03/31/2005,0.32,0.32,0.32,0.32,80000,0
OV,04/01/2005,0.32,0.32,0.32,0.32,180000,0
OV,04/08/2005,0.26,0.26,0.26,0.26,50000,0
OV,04/13/2005,0.28,0.28,0.28,0.28,20000,0
OV,04/14/2005,0.29,0.29,0.29,0.29,20000,0
OV,04/15/2005,0.29,0.29,0.29,0.29,100000,0
OV,04/26/2005,0.32,0.32,0.32,0.32,300000,0
OV,05/13/2005,0.32,0.32,0.32,0.32,50000,0
OV,05/19/2005,0.32,0.32,0.32,0.32,60000,0
OV,05/20/2005,0.32,0.32,0.32,0.32,120000,0
OV,05/25/2005,0.28,0.28,0.28,0.28,200000,0
OV,05/26/2005,0.28,0.28,0.27,0.28,900000,0
OV,06/01/2005,0.28,0.28,0.28,0.28,40000,0
OV,06/02/2005,0.26,0.26,0.26,0.26,10000,0
OV,06/03/2005,0.26,0.26,0.26,0.26,10000,0
OV,06/06/2005,0.3,0.3,0.3,0.3,200000,0
OV,06/08/2005,0.32,0.32,0.32,0.32,250000,0
OV,06/09/2005,0.32,0.32,0.32,0.32,50000,0
OV,06/10/2005,0.31,0.31,0.31,0.31,40000,0
OV,06/15/2005,0.3,0.38,0.3,0.38,160000,0
OV,06/16/2005,0.31,0.31,0.31,0.31,10000,0
OV,06/20/2005,0.32,0.32,0.32,0.32,80000,0
OV,06/21/2005,0.32,0.32,0.32,0.32,100000,0
OV,06/24/2005,0.34,0.34,0.34,0.34,40000,0
OV,06/28/2005,0.32,0.32,0.32,0.32,240000,0
OV,06/29/2005,0.32,0.32,0.32,0.32,650000,0
OV,06/30/2005,0.31,0.31,0.3,0.3,600000,0
OV,07/01/2005,0.3,0.3,0.3,0.3,10000,0
OV,07/04/2005,0.3,0.3,0.3,0.3,420000,0
OV,07/07/2005,0.28,0.28,0.28,0.28,100000,0
OV,07/13/2005,0.28,0.28,0.28,0.28,100000,0
OV,07/15/2005,0.31,0.31,0.31,0.31,10000,0
OV,07/20/2005,0.32,0.32,0.32,0.32,30000,0
OV,07/27/2005,0.31,0.31,0.31,0.31,50000,0
OV,07/29/2005,0.33,0.33,0.33,0.33,340000,0
OV,08/04/2005,0.37,0.37,0.37,0.37,50000,0
OV,08/08/2005,0.37,0.37,0.37,0.37,60000,0
OV,08/09/2005,0.33,0.33,0.33,0.33,20000,0
OV,08/10/2005,0.33,0.33,0.33,0.33,60000,0
OV,08/11/2005,0.34,0.34,0.34,0.34,2090000,0
OV,08/12/2005,0.34,0.34,0.34,0.34,100000,0
OV,08/15/2005,0.34,0.34,0.34,0.34,190000,0
OV,08/16/2005,0.35,0.36,0.35,0.36,150000,0
OV,08/17/2005,0.38,0.39,0.36,0.36,210000,0
OV,08/22/2005,0.4,0.4,0.36,0.36,270000,0
OV,08/24/2005,0.38,0.38,0.38,0.38,100000,0
OV,08/26/2005,0.36,0.37,0.36,0.37,70000,0
OV,08/30/2005,0.37,0.37,0.37,0.37,80000,0
OV,08/31/2005,0.38,0.39,0.38,0.39,150000,0
OV,09/02/2005,0.4,0.4,0.4,0.4,70000,0
OV,09/05/2005,0.4,0.4,0.4,0.4,100000,0
OV,09/06/2005,0.4,0.41,0.4,0.41,270000,0
OV,09/07/2005,0.41,0.41,0.41,0.41,50000,0
OV,09/08/2005,0.41,0.42,0.41,0.42,110000,0
OV,09/09/2005,0.44,0.47,0.43,0.43,3220000,0
OV,09/12/2005,0.44,0.44,0.43,0.43,610000,0
OV,09/13/2005,0.44,0.44,0.43,0.43,120000,0
OV,09/14/2005,0.43,0.43,0.42,0.42,380000,0
OV,09/15/2005,0.44,0.44,0.43,0.43,90000,0
OV,09/16/2005,0.44,0.46,0.43,0.43,100000,0
OV,09/19/2005,0.43,0.44,0.43,0.44,850000,0
OV,09/20/2005,0.45,0.46,0.45,0.45,110000,0
OV,09/21/2005,0.46,0.46,0.46,0.46,10000,0
OV,09/22/2005,0.45,0.45,0.45,0.45,1400000,0
OV,09/23/2005,0.45,0.45,0.45,0.45,430000,0
OV,09/26/2005,0.44,0.44,0.44,0.44,10000,0
OV,09/28/2005,0.43,0.43,0.43,0.43,10000,0
OV,10/07/2005,0.42,0.43,0.42,0.43,280000,0
OV,10/13/2005,0.41,0.41,0.41,0.41,370000,0
OV,10/14/2005,0.4,0.4,0.4,0.4,70000,0
OV,10/17/2005,0.4,0.4,0.4,0.4,20000,0
OV,10/18/2005,0.4,0.4,0.4,0.4,10000,0
OV,10/19/2005,0.4,0.41,0.4,0.41,40000,0
OV,10/24/2005,0.41,0.41,0.41,0.41,100000,0
OV,10/25/2005,0.42,0.42,0.41,0.41,50000,0
OV,10/26/2005,0.42,0.42,0.42,0.42,70000,0
OV,10/27/2005,0.42,0.42,0.42,0.42,60000,0
OV,11/02/2005,0.41,0.41,0.41,0.41,200000,0
OV,11/03/2005,0.41,0.41,0.41,0.41,70000,0
OV,11/17/2005,0.38,0.38,0.38,0.38,10000,0
OV,11/24/2005,0.36,0.38,0.36,0.38,80000,0
OV,11/25/2005,0.38,0.38,0.38,0.38,10000,0
OV,11/30/2005,0.38,0.38,0.38,0.38,110000,0
OV,12/01/2005,0.36,0.36,0.36,0.36,80000,0
OV,12/05/2005,0.36,0.36,0.36,0.36,10000,0
OV,12/06/2005,0.37,0.38,0.37,0.38,140000,0
OV,12/13/2005,0.38,0.38,0.38,0.38,100000,0
OV,12/19/2005,0.36,0.36,0.36,0.36,20000,0
OV,12/22/2005,0.34,0.34,0.34,0.34,40000,0
OV,12/27/2005,0.34,0.34,0.34,0.34,130000,0
OV,01/02/2006,0.35,0.35,0.35,0.35,10000,0
OV,01/09/2006,0.35,0.35,0.35,0.35,50000,0
OV,01/10/2006,0.34,0.35,0.34,0.35,400000,0
OV,01/11/2006,0.35,0.35,0.34,0.35,220000,0
OV,01/12/2006,0.35,0.39,0.35,0.39,1340000,0
OV,01/13/2006,0.36,0.36,0.36,0.36,620000,0
OV,01/17/2006,0.38,0.38,0.38,0.38,110000,0
OV,01/23/2006,0.4,0.4,0.4,0.4,120000,0
OV,01/24/2006,0.37,0.37,0.37,0.37,10000,0
OV,01/25/2006,0.38,0.38,0.38,0.38,90000,0
OV,01/26/2006,0.38,0.38,0.38,0.38,480000,0
OV,01/27/2006,0.39,0.4,0.39,0.4,70000,0
OV,01/30/2006,0.41,0.41,0.41,0.41,50000,0
OV,01/31/2006,0.42,0.48,0.42,0.47,2930000,0
OV,02/01/2006,0.46,0.46,0.45,0.46,900000,0
OV,02/02/2006,0.44,0.44,0.44,0.44,730000,0
OV,02/03/2006,0.44,0.44,0.43,0.43,1070000,0
OV,02/06/2006,0.43,0.43,0.43,0.43,430000,0
OV,02/07/2006,0.44,0.44,0.44,0.44,170000,0
OV,02/08/2006,0.43,0.45,0.43,0.44,160000,0
OV,02/09/2006,0.45,0.45,0.44,0.44,250000,0
OV,02/13/2006,0.45,0.45,0.45,0.45,500000,0
OV,02/14/2006,0.43,0.43,0.43,0.43,200000,0
OV,02/15/2006,0.43,0.43,0.43,0.43,30000,0
OV,02/16/2006,0.44,0.46,0.44,0.46,370000,0
OV,02/17/2006,0.47,0.49,0.47,0.49,790000,0
OV,02/20/2006,0.44,0.44,0.44,0.44,170000,0
OV,02/21/2006,0.44,0.47,0.43,0.47,1240000,0
OV,02/22/2006,0.47,0.49,0.47,0.47,560000,0
OV,02/23/2006,0.47,0.48,0.47,0.47,600000,0
OV,02/24/2006,0.45,0.46,0.44,0.44,570000,0
OV,02/27/2006,0.44,0.45,0.44,0.45,300000,0
OV,02/28/2006,0.45,0.46,0.45,0.46,700000,0
OV,03/01/2006,0.46,0.46,0.46,0.46,140000,0
OV,03/02/2006,0.46,0.46,0.46,0.46,40000,0
OV,03/03/2006,0.46,0.46,0.46,0.46,190000,0
OV,03/06/2006,0.46,0.47,0.46,0.46,340000,0
OV,03/07/2006,0.46,0.46,0.46,0.46,210000,0
OV,03/08/2006,0.46,0.46,0.46,0.46,200000,0
OV,03/09/2006,0.46,0.47,0.46,0.47,160000,0
OV,03/10/2006,0.47,0.47,0.47,0.47,100000,0
OV,03/13/2006,0.46,0.46,0.46,0.46,50000,0
OV,03/14/2006,0.46,0.47,0.45,0.45,450000,0
OV,03/15/2006,0.47,0.48,0.47,0.47,730000,0
OV,03/16/2006,0.46,0.46,0.46,0.46,100000,0
OV,03/17/2006,0.45,0.47,0.45,0.47,200000,0
OV,03/21/2006,0.47,0.47,0.47,0.47,40000,0
OV,03/22/2006,0.49,0.49,0.49,0.49,300000,0
OV,03/23/2006,0.5,0.56,0.5,0.56,1360000,0
OV,03/27/2006,0.5,0.5,0.5,0.5,200000,0
OV,03/28/2006,0.52,0.52,0.5,0.52,240000,0
OV,03/30/2006,0.5,0.5,0.5,0.5,140000,0
OV,03/31/2006,0.51,0.51,0.51,0.51,40000,0
OV,04/03/2006,0.51,0.51,0.51,0.51,20000,0
OV,04/04/2006,0.5,0.51,0.5,0.51,590000,0
OV,04/05/2006,0.52,0.52,0.52,0.52,170000,0
OV,04/06/2006,0.52,0.54,0.52,0.53,660000,0
OV,04/07/2006,0.53,0.53,0.52,0.52,100000,0
OV,04/11/2006,0.53,0.56,0.53,0.56,110000,0
OV,04/12/2006,0.57,0.62,0.57,0.62,610000,0
OV,04/17/2006,0.64,0.69,0.64,0.69,810000,0
OV,04/18/2006,0.72,0.72,0.68,0.68,1820000,0
OV,04/19/2006,0.66,0.66,0.6,0.64,1320000,0
OV,04/20/2006,0.7,0.8,0.69,0.79,2120000,0
OV,04/21/2006,0.78,0.81,0.78,0.8,1270000,0
OV,04/24/2006,0.82,0.98,0.82,0.91,4750000,0
OV,04/25/2006,0.91,0.91,0.83,0.87,1790000,0
OV,04/26/2006,0.87,0.92,0.87,0.92,1350000,0
OV,04/27/2006,0.91,0.91,0.88,0.88,660000,0
OV,04/28/2006,0.9,0.93,0.9,0.9,1090000,0
OV,05/02/2006,0.92,0.95,0.9,0.95,1730000,0
OV,05/03/2006,1.0,1.16,1.0,1.14,6020000,0
OV,05/04/2006,1.2,1.42,1.2,1.42,18158000,0
OV,05/05/2006,1.48,1.54,1.38,1.38,27306000,0
OV,05/08/2006,1.38,1.4,1.24,1.26,3423000,0
OV,05/09/2006,1.26,1.3,1.18,1.3,7331000,0
OV,05/10/2006,1.32,1.38,1.32,1.34,8559000,0
OV,05/11/2006,1.4,1.56,1.38,1.56,17818000,0
OV,05/12/2006,1.6,1.82,1.6,1.72,19842000,0
OV,05/15/2006,1.72,1.74,1.56,1.62,7548000,0
OV,05/16/2006,1.62,1.62,1.5,1.56,5245000,0
OV,05/17/2006,1.62,1.66,1.58,1.6,5999000,0
OV,05/18/2006,1.58,1.58,1.42,1.42,3747000,0
OV,05/19/2006,1.36,1.44,1.28,1.3,3277000,0
OV,05/22/2006,1.3,1.3,1.18,1.2,3493000,0
OV,05/23/2006,1.2,1.2,1.0,1.06,3465000,0
OV,05/24/2006,1.06,1.16,1.06,1.1,2841000,0
OV,05/25/2006,1.06,1.08,1.0,1.06,645000,0
OV,05/26/2006,1.18,1.24,1.16,1.2,1862000,0
OV,05/29/2006,1.22,1.24,1.2,1.24,1811000,0
OV,05/30/2006,1.24,1.26,1.2,1.24,2158000,0
OV,05/31/2006,1.22,1.24,1.2,1.24,1389000,0
OV,06/01/2006,1.24,1.24,1.2,1.2,1114000,0
OV,06/02/2006,1.16,1.2,1.16,1.16,997000,0
OV,06/05/2006,1.16,1.22,1.16,1.2,838000,0
OV,06/06/2006,1.16,1.18,1.14,1.14,1277000,0
OV,06/07/2006,1.14,1.14,1.1,1.1,703000,0
OV,06/08/2006,1.02,1.02,0.97,1.02,836000,0
OV,06/09/2006,1.02,1.02,1.02,1.02,455000,0
OV,06/13/2006,1.04,1.04,0.98,0.99,536000,0
OV,06/14/2006,0.99,0.99,0.99,0.99,40000,0
OV,06/15/2006,1.0,1.12,1.0,1.1,2910000,0
OV,06/16/2006,1.12,1.16,1.12,1.14,1621000,0
OV,06/19/2006,1.14,1.16,1.14,1.14,157000,0
OV,06/20/2006,1.14,1.14,1.06,1.06,155000,0
OV,06/21/2006,1.08,1.16,1.02,1.16,1313000,0
OV,06/22/2006,1.2,1.22,1.14,1.16,1807000,0
OV,06/23/2006,1.14,1.26,1.14,1.26,6089000,0
OV,06/26/2006,1.18,1.2,1.18,1.2,790000,0
OV,06/27/2006,1.2,1.26,1.18,1.18,1054000,0
OV,06/28/2006,1.2,1.2,1.18,1.18,261000,0
OV,06/29/2006,1.2,1.2,1.2,1.2,313000,0
OV,06/30/2006,1.26,1.26,1.22,1.22,664000,0
OV,07/03/2006,1.28,1.3,1.24,1.26,972000,0
OV,07/04/2006,1.26,1.28,1.24,1.28,823000,0
OV,07/05/2006,1.22,1.32,1.22,1.26,1180000,0
OV,07/06/2006,1.26,1.3,1.24,1.3,842000,0
OV,07/07/2006,1.34,1.34,1.28,1.28,1592000,0
OV,07/10/2006,1.26,1.26,1.22,1.22,478000,0
OV,07/11/2006,1.22,1.24,1.2,1.22,534000,0
OV,07/12/2006,1.22,1.22,1.2,1.2,293000,0
OV,07/13/2006,1.18,1.22,1.18,1.22,194000,0
OV,07/14/2006,1.22,1.22,1.22,1.22,379000,0
OV,07/17/2006,1.2,1.24,1.18,1.22,439000,0
OV,07/18/2006,1.22,1.24,1.2,1.24,765000,0
OV,07/19/2006,1.24,1.24,1.22,1.22,728000,0
OV,07/20/2006,1.24,1.26,1.2,1.2,575000,0
OV,07/21/2006,1.22,1.24,1.22,1.24,236000,0
OV,07/25/2006,1.24,1.24,1.22,1.22,218000,0
OV,07/26/2006,1.24,1.28,1.24,1.26,654000,0
OV,07/27/2006,1.3,1.34,1.3,1.32,3201000,0
OV,07/28/2006,1.3,1.32,1.28,1.28,660000,0
OV,07/31/2006,1.28,1.28,1.26,1.28,894000,0
OV,08/01/2006,1.28,1.28,1.26,1.26,957000,0
OV,08/02/2006,1.26,1.26,1.24,1.24,490000,0
OV,08/03/2006,1.24,1.28,1.24,1.26,605000,0
OV,08/04/2006,1.26,1.36,1.26,1.32,4119000,0
OV,08/07/2006,1.36,1.42,1.36,1.38,5106000,0
OV,08/08/2006,1.4,1.4,1.3,1.36,2719000,0
OV,08/09/2006,1.32,1.34,1.32,1.32,1126000,0
OV,08/10/2006,1.32,1.34,1.32,1.32,1265000,0
OV,08/11/2006,1.32,1.32,1.28,1.28,2595000,0
OV,08/14/2006,1.26,1.26,1.26,1.26,410000,0
OV,08/15/2006,1.26,1.26,1.26,1.26,50000,0
OV,08/16/2006,1.26,1.26,1.24,1.26,762000,0
OV,08/17/2006,1.26,1.26,1.22,1.22,1216000,0
OV,08/18/2006,1.22,1.22,1.22,1.22,465000,0
OV,08/22/2006,1.22,1.22,1.2,1.2,240000,0
OV,08/23/2006,1.2,1.24,1.2,1.24,1316000,0
OV,08/24/2006,1.26,1.26,1.22,1.22,1201000,0
OV,08/25/2006,1.26,1.26,1.2,1.2,1877000,0
OV,08/28/2006,1.2,1.22,1.2,1.2,1817000,0
OV,08/29/2006,1.2,1.2,1.18,1.18,307000,0
OV,08/30/2006,1.18,1.18,1.16,1.18,914000,0
OV,08/31/2006,1.18,1.2,1.16,1.2,645000,0
OV,09/01/2006,1.18,1.22,1.18,1.2,1098000,0
OV,09/04/2006,1.2,1.2,1.18,1.18,1038000,0
OV,09/05/2006,1.18,1.18,1.1,1.12,1206000,0
OV,09/06/2006,1.2,1.22,1.18,1.2,1532000,0
OV,09/07/2006,1.18,1.18,1.16,1.16,255000,0
OV,09/08/2006,1.14,1.14,1.1,1.1,1720000,0
OV,09/11/2006,1.08,1.1,1.04,1.04,722000,0
OV,09/12/2006,1.04,1.04,1.02,1.04,1568000,0
OV,09/13/2006,1.04,1.04,0.98,0.99,1986000,0
OV,09/14/2006,1.0,1.0,1.0,1.0,1030000,0
OV,09/15/2006,1.0,1.0,1.0,1.0,1110000,0
OV,09/18/2006,1.02,1.08,1.02,1.06,1420000,0
OV,09/19/2006,1.08,1.08,1.04,1.04,890000,0
OV,09/20/2006,1.04,1.04,1.0,1.04,687000,0
OV,09/21/2006,1.02,1.02,1.02,1.02,468000,0
OV,09/22/2006,1.02,1.04,1.0,1.02,508000,0
OV,09/25/2006,1.04,1.04,1.02,1.02,339000,0
OV,09/26/2006,1.0,1.0,0.94,1.0,2752000,0
OV,09/27/2006,1.0,1.0,0.98,1.0,1070000,0
OV,10/02/2006,1.0,1.02,1.0,1.02,400000,0
OV,10/03/2006,1.0,1.0,0.99,1.0,394000,0
OV,10/04/2006,0.97,0.98,0.97,0.97,400000,0
OV,10/05/2006,0.97,0.97,0.97,0.97,110000,0
OV,10/06/2006,0.97,0.97,0.96,0.96,370000,0
OV,10/10/2006,0.96,0.98,0.96,0.98,310000,0
OV,10/12/2006,0.99,0.99,0.99,0.99,90000,0
OV,10/13/2006,0.97,1.0,0.97,1.0,770000,0
OV,10/16/2006,1.0,1.0,1.0,1.0,210000,0
OV,10/17/2006,0.98,1.0,0.98,1.0,1780000,0
OV,10/18/2006,0.98,0.99,0.98,0.98,600000,0
OV,10/19/2006,0.98,0.98,0.98,0.98,250000,0
OV,10/20/2006,0.97,0.97,0.97,0.97,70000,0
OV,10/23/2006,0.96,0.96,0.96,0.96,230000,0
OV,10/25/2006,0.96,0.97,0.94,0.97,1150000,0
OV,10/26/2006,0.97,0.97,0.96,0.96,950000,0
OV,10/27/2006,0.97,0.97,0.97,0.97,50000,0
OV,10/31/2006,0.97,0.97,0.95,0.95,400000,0
OV,11/02/2006,0.95,0.97,0.94,0.94,740000,0
OV,11/03/2006,0.93,0.94,0.93,0.93,330000,0
OV,11/06/2006,0.93,0.93,0.91,0.91,1050000,0
OV,11/08/2006,0.9,0.9,0.9,0.9,640000,0
OV,11/09/2006,0.89,0.91,0.89,0.91,800000,0
OV,11/10/2006,0.92,0.93,0.91,0.91,1100000,0
OV,11/13/2006,0.9,0.91,0.9,0.9,1180000,0
OV,11/14/2006,0.9,0.91,0.9,0.9,1000000,0
OV,11/15/2006,0.94,0.94,0.91,0.94,1530000,0
OV,11/16/2006,0.94,0.96,0.94,0.96,510000,0
OV,11/17/2006,0.96,1.0,0.96,0.99,1130000,0
OV,11/20/2006,0.98,0.99,0.98,0.98,420000,0
OV,11/21/2006,0.98,0.98,0.97,0.98,660000,0
OV,11/22/2006,0.98,1.0,0.97,0.98,520000,0
OV,11/23/2006,1.0,1.0,0.99,0.99,400000,0
OV,11/24/2006,1.0,1.04,0.98,1.02,4020000,0
OV,11/27/2006,1.04,1.06,1.02,1.04,1236000,0
OV,11/28/2006,1.02,1.02,1.0,1.0,907000,0
OV,11/29/2006,1.0,1.0,0.99,0.99,450000,0
OV,11/30/2006,1.0,1.0,1.0,1.0,100000,0
OV,12/04/2006,0.98,1.0,0.98,0.99,370000,0
OV,12/05/2006,0.99,0.99,0.98,0.98,900000,0
OV,12/06/2006,0.99,0.99,0.98,0.98,650000,0
OV,12/07/2006,0.98,0.98,0.95,0.95,310000,0
OV,12/08/2006,0.96,0.97,0.96,0.97,600000,0
OV,12/11/2006,1.0,1.08,0.99,1.02,1970000,0
OV,12/14/2006,1.0,1.0,1.0,1.0,100000,0
OV,12/15/2006,0.97,1.02,0.97,1.02,640000,0
OV,12/18/2006,1.06,1.08,1.02,1.06,4133000,0
OV,12/19/2006,1.06,1.06,0.99,0.99,1499000,0
OV,12/20/2006,0.99,1.02,0.99,1.0,340000,0
OV,12/21/2006,1.02,1.04,1.02,1.02,420000,0
OV,12/22/2006,1.0,1.0,1.0,1.0,900000,0
OV,12/27/2006,1.0,1.04,0.98,1.02,19630000,0
OV,12/28/2006,1.0,1.02,1.0,1.02,960000,0
OV,12/29/2006,1.04,1.04,1.02,1.04,1140000,0
OV,01/02/2007,1.04,1.16,1.04,1.14,8351000,0
OV,01/03/2007,1.14,1.2,1.14,1.16,11229000,0
OV,01/04/2007,1.16,1.16,1.12,1.14,1419000,0
OV,01/05/2007,1.14,1.16,1.12,1.12,1104000,0
OV,01/08/2007,1.1,1.12,1.08,1.1,982000,0
OV,01/09/2007,1.08,1.08,1.08,1.08,390000,0
OV,01/10/2007,1.08,1.08,1.06,1.08,284000,0
OV,01/11/2007,1.08,1.08,1.08,1.08,220000,0
OV,01/12/2007,1.08,1.12,1.08,1.08,2244000,0
OV,01/15/2007,1.08,1.08,1.08,1.08,499000,0
OV,01/16/2007,1.04,1.06,1.04,1.06,600000,0
OV,01/17/2007,1.04,1.06,1.04,1.06,462000,0
OV,01/18/2007,1.04,1.08,1.04,1.06,1833000,0
OV,01/19/2007,1.08,1.08,1.06,1.06,1005000,0
OV,01/22/2007,1.08,1.12,1.08,1.1,2802000,0
OV,01/23/2007,1.1,1.14,1.1,1.12,5388000,0
OV,01/24/2007,0.012,0.012,0.011,0.011,101800000,0
OV,01/25/2007,0.011,0.012,0.011,0.011,86200000,0
OV,01/26/2007,0.011,0.012,0.011,0.011,137600000,0
OV,01/29/2007,0.011,0.012,0.011,0.012,460400000,0
OV,01/30/2007,0.012,0.012,0.011,0.011,44600000,0
OV,01/31/2007,0.011,0.012,0.011,0.012,143400000,0
OV,02/01/2007,0.012,0.012,0.012,0.012,701000000,0
OV,02/02/2007,0.012,0.013,0.012,0.012,505500000,0
OV,02/05/2007,0.012,0.013,0.012,0.012,72000000,0
OV,02/06/2007,0.012,0.012,0.011,0.011,124100000,0
OV,02/07/2007,0.012,0.012,0.012,0.012,264500000,0
OV,02/08/2007,0.012,0.012,0.012,0.012,877500000,0
OV,02/09/2007,0.012,0.013,0.012,0.013,174300000,0
OV,02/12/2007,0.012,0.012,0.012,0.012,16000000,0
OV,02/13/2007,0.012,0.013,0.012,0.012,48500000,0
OV,02/14/2007,0.012,0.012,0.012,0.012,609400000,0
OV,02/15/2007,0.012,0.012,0.012,0.012,193000000,0
OV,02/16/2007,0.012,0.013,0.012,0.012,499400000,0
OV,02/19/2007,0.012,0.013,0.012,0.012,594200000,0
OV,02/20/2007,0.012,0.012,0.012,0.012,429400000,0
OV,02/21/2007,0.012,0.013,0.012,0.012,1204900000,0
OV,02/22/2007,0.012,0.013,0.012,0.013,2367600000,0
OV,02/23/2007,0.013,0.014,0.013,0.014,1098500000,0
OV,02/26/2007,0.013,0.014,0.012,0.013,1255800000,0
OV,02/27/2007,0.013,0.013,0.013,0.013,537400000,0
OV,02/28/2007,0.012,0.013,0.012,0.012,792600000,0
OV,03/01/2007,0.012,0.013,0.012,0.012,2059300000,0
OV,03/02/2007,0.012,0.012,0.012,0.012,213300000,0
OV,03/05/2007,0.012,0.012,0.011,0.011,554000000,0
OV,03/06/2007,0.011,0.011,0.01,0.011,127200000,0
OV,03/07/2007,0.011,0.012,0.011,0.012,282300000,0
OV,03/08/2007,0.012,0.012,0.012,0.012,418200000,0
OV,03/09/2007,0.012,0.012,0.012,0.012,71700000,0
OV,03/12/2007,0.012,0.012,0.012,0.012,106900000,0
OV,03/13/2007,0.012,0.012,0.012,0.012,150700000,0
OV,03/14/2007,0.012,0.012,0.011,0.012,33100000,0
OV,03/15/2007,0.012,0.012,0.012,0.012,10100000,0
OV,03/16/2007,0.012,0.012,0.012,0.012,157800000,0
OV,03/19/2007,0.012,0.012,0.012,0.012,178000000,0
OV,03/20/2007,0.012,0.012,0.012,0.012,75000000,0
OV,03/21/2007,0.012,0.013,0.012,0.013,44500000,0
OV,03/22/2007,0.013,0.014,0.013,0.013,817000000,0
OV,03/23/2007,0.013,0.013,0.012,0.013,679800000,0
OV,03/26/2007,0.013,0.014,0.013,0.014,315800000,0
OV,03/27/2007,0.013,0.014,0.013,0.013,255700000,0
OV,03/28/2007,0.013,0.013,0.012,0.013,139400000,0
OV,03/29/2007,0.013,0.013,0.013,0.013,121100000,0
OV,03/30/2007,0.013,0.014,0.013,0.013,292300000,0
OV,04/02/2007,0.013,0.014,0.013,0.013,213000000,0
OV,04/03/2007,0.013,0.014,0.013,0.013,41900000,0
OV,04/04/2007,0.014,0.014,0.013,0.014,72700000,0
OV,04/10/2007,0.014,0.015,0.013,0.014,1546600000,0
OV,04/11/2007,0.014,0.015,0.014,0.014,191000000,0
OV,04/12/2007,0.014,0.015,0.014,0.014,632200000,0
OV,04/13/2007,0.014,0.015,0.014,0.015,173200000,0
OV,04/16/2007,0.014,0.014,0.014,0.014,577200000,0
OV,04/17/2007,0.015,0.015,0.014,0.014,179500000,0
OV,04/18/2007,0.014,0.015,0.014,0.014,239900000,0
OV,04/19/2007,0.014,0.014,0.013,0.013,754200000,0
OV,04/20/2007,0.014,0.014,0.014,0.014,476700000,0
OV,04/23/2007,0.014,0.014,0.013,0.014,47600000,0
OV,04/24/2007,0.014,0.014,0.014,0.014,63200000,0
OV,04/25/2007,0.014,0.014,0.013,0.013,116300000,0
OV,04/26/2007,0.014,0.014,0.014,0.014,381700000,0
OV,04/27/2007,0.014,0.015,0.014,0.014,217900000,0
OV,04/30/2007,0.014,0.014,0.014,0.014,391700000,0
OV,05/02/2007,0.014,0.015,0.014,0.015,1655500000,0
OV,05/03/2007,0.015,0.016,0.015,0.015,700600000,0
OV,05/04/2007,0.015,0.016,0.015,0.015,239000000,0
OV,05/07/2007,0.015,0.016,0.015,0.016,228500000,0
OV,05/08/2007,0.016,0.016,0.015,0.015,183100000,0
OV,05/09/2007,0.016,0.017,0.016,0.016,1650600000,0
OV,05/10/2007,0.016,0.017,0.016,0.016,1100700000,0
OV,05/11/2007,0.016,0.017,0.016,0.017,275300000,0
OV,05/15/2007,0.016,0.017,0.016,0.016,153500000,0
OV,05/16/2007,0.017,0.018,0.017,0.017,1127900000,0
OV,05/17/2007,0.017,0.018,0.017,0.017,160600000,0
OV,05/18/2007,0.017,0.018,0.017,0.017,255900000,0
OV,05/21/2007,0.018,0.019,0.018,0.018,1004300000,0
OV,05/22/2007,0.019,0.022,0.019,0.022,2850400000,0
OV,05/23/2007,0.022,0.024,0.022,0.024,3469500000,0
OV,05/24/2007,0.024,0.024,0.023,0.024,910600000,0
OV,05/25/2007,0.023,0.024,0.023,0.024,718400000,0
OV,05/28/2007,0.024,0.024,0.022,0.022,944800000,0
OV,05/29/2007,0.022,0.023,0.021,0.022,1314100000,0
OV,05/30/2007,0.022,0.022,0.021,0.022,799500000,0
OV,05/31/2007,0.022,0.022,0.021,0.022,505600000,0
OV,06/01/2007,0.023,0.023,0.023,0.023,1056500000,0
OV,06/04/2007,0.024,0.025,0.024,0.025,758100000,0
OV,06/05/2007,0.025,0.025,0.024,0.025,360300000,0
OV,06/06/2007,0.025,0.027,0.025,0.027,1337500000,0
OV,06/07/2007,0.027,0.028,0.026,0.028,1257200000,0
OV,06/08/2007,0.027,0.028,0.026,0.027,743500000,0
OV,06/12/2007,0.027,0.027,0.027,0.027,646000000,0
OV,06/13/2007,0.026,0.026,0.025,0.025,747400000,0
OV,06/14/2007,0.026,0.026,0.025,0.026,204700000,0
OV,06/15/2007,0.026,0.026,0.025,0.025,1241900000,0
OV,06/18/2007,0.025,0.025,0.024,0.025,267100000,0
OV,06/19/2007,0.025,0.025,0.025,0.025,314900000,0
OV,06/20/2007,0.025,0.026,0.025,0.025,486700000,0
OV,06/21/2007,0.025,0.025,0.025,0.025,347100000,0
OV,06/22/2007,0.025,0.025,0.024,0.025,266400000,0
OV,06/25/2007,0.025,0.025,0.024,0.024,509400000,0
OV,06/26/2007,0.024,0.024,0.024,0.024,237100000,0
OV,06/27/2007,0.024,0.024,0.021,0.023,474400000,0
OV,06/28/2007,0.023,0.024,0.022,0.023,374600000,0
OV,06/29/2007,0.023,0.023,0.022,0.023,140700000,0
OV,07/02/2007,0.023,0.023,0.022,0.022,218300000,0
OV,07/03/2007,0.022,0.024,0.022,0.023,396700000,0
OV,07/04/2007,0.023,0.024,0.023,0.024,57100000,0
OV,07/05/2007,0.023,0.025,0.023,0.025,338100000,0
OV,07/06/2007,0.024,0.025,0.023,0.024,234600000,0
OV,07/09/2007,0.024,0.024,0.023,0.024,170300000,0
OV,07/10/2007,0.024,0.025,0.024,0.025,316500000,0
OV,07/11/2007,0.024,0.024,0.023,0.023,142000000,0
OV,07/12/2007,0.024,0.025,0.023,0.025,108500000,0
OV,07/13/2007,0.024,0.025,0.024,0.024,160200000,0
OV,07/16/2007,0.024,0.024,0.023,0.023,107000000,0
OV,07/17/2007,0.023,0.024,0.023,0.023,451900000,0
OV,07/18/2007,0.023,0.024,0.023,0.023,94800000,0
OV,07/19/2007,0.024,0.024,0.023,0.023,99900000,0
OV,07/20/2007,0.023,0.024,0.023,0.023,121000000,0
OV,07/23/2007,0.023,0.024,0.023,0.023,200800000,0
OV,07/24/2007,0.024,0.024,0.024,0.024,625600000,0
OV,07/25/2007,0.024,0.025,0.024,0.024,301300000,0
OV,07/26/2007,0.025,0.025,0.024,0.024,107100000,0
OV,07/27/2007,0.024,0.024,0.023,0.024,238600000,0
OV,07/30/2007,0.024,0.024,0.023,0.023,660900000,0
OV,07/31/2007,0.024,0.024,0.023,0.023,370400000,0
OV,08/01/2007,0.023,0.023,0.023,0.023,60900000,0
OV,08/02/2007,0.023,0.023,0.02,0.021,493500000,0
OV,08/03/2007,0.021,0.022,0.018,0.018,464800000,0
OV,08/06/2007,0.017,0.018,0.015,0.018,911900000,0
OV,08/07/2007,0.019,0.02,0.019,0.02,542500000,0
OV,08/08/2007,0.02,0.021,0.02,0.021,476000000,0
OV,08/09/2007,0.022,0.022,0.021,0.022,236100000,0
OV,08/10/2007,0.019,0.02,0.018,0.02,393600000,0
OV,08/13/2007,0.02,0.02,0.019,0.019,453400000,0
OV,08/14/2007,0.02,0.02,0.019,0.019,350300000,0
OV,08/15/2007,0.019,0.019,0.018,0.018,495900000,0
OV,08/16/2007,0.017,0.018,0.015,0.017,1650300000,0
OV,08/17/2007,0.017,0.018,0.015,0.016,551400000,0
OV,08/21/2007,0.017,0.018,0.017,0.018,727300000,0
OV,08/22/2007,0.018,0.018,0.017,0.017,89300000,0
OV,08/23/2007,0.018,0.019,0.018,0.019,514000000,0
OV,08/24/2007,0.019,0.019,0.019,0.019,292100000,0
OV,08/28/2007,0.019,0.021,0.019,0.02,716100000,0
OV,08/29/2007,0.019,0.02,0.018,0.019,456200000,0
OV,08/30/2007,0.02,0.02,0.02,0.02,406500000,0
OV,08/31/2007,0.02,0.022,0.02,0.022,577200000,0
OV,09/03/2007,0.023,0.024,0.022,0.023,556100000,0
OV,09/04/2007,0.022,0.022,0.021,0.021,363000000,0
OV,09/05/2007,0.022,0.023,0.022,0.023,334400000,0
OV,09/06/2007,0.022,0.024,0.022,0.024,279000000,0
OV,09/07/2007,0.024,0.024,0.023,0.023,414000000,0
OV,09/10/2007,0.023,0.023,0.023,0.023,98400000,0
OV,09/11/2007,0.023,0.023,0.022,0.022,415700000,0
OV,09/12/2007,0.022,0.023,0.022,0.023,197000000,0
OV,09/13/2007,0.023,0.024,0.023,0.023,95100000,0
OV,09/14/2007,0.024,0.025,0.023,0.025,585900000,0
OV,09/17/2007,0.024,0.026,0.024,0.026,340100000,0
OV,09/18/2007,0.025,0.026,0.024,0.025,633300000,0
OV,09/19/2007,0.026,0.026,0.025,0.026,673400000,0
OV,09/20/2007,0.026,0.026,0.025,0.026,429600000,0
OV,09/21/2007,0.026,0.026,0.025,0.025,83100000,0
OV,09/24/2007,0.025,0.027,0.025,0.027,755400000,0
OV,09/25/2007,0.027,0.027,0.026,0.026,717000000,0
OV,09/26/2007,0.026,0.026,0.026,0.026,516800000,0
OV,09/27/2007,0.026,0.027,0.026,0.026,83700000,0
OV,09/28/2007,0.026,0.027,0.026,0.026,683700000,0
OV,10/01/2007,0.027,0.027,0.026,0.026,503400000,0
OV,10/02/2007,0.026,0.029,0.026,0.028,1333600000,0
OV,10/03/2007,0.028,0.031,0.028,0.03,2010600000,0
OV,10/04/2007,0.03,0.032,0.03,0.031,1528100000,0
OV,10/05/2007,0.031,0.031,0.029,0.031,1685600000,0
OV,10/08/2007,0.031,0.031,0.029,0.029,762600000,0
OV,10/09/2007,0.029,0.029,0.028,0.029,507500000,0
OV,10/10/2007,0.028,0.03,0.028,0.03,439800000,0
OV,10/11/2007,0.029,0.03,0.029,0.029,397900000,0
OV,10/15/2007,0.029,0.029,0.029,0.029,291100000,0
OV,10/16/2007,0.029,0.029,0.028,0.028,299800000,0
OV,10/17/2007,0.028,0.029,0.028,0.029,185900000,0
OV,10/18/2007,0.029,0.029,0.028,0.028,124400000,0
OV,10/19/2007,0.029,0.029,0.028,0.028,337300000,0
OV,10/22/2007,0.027,0.027,0.025,0.027,549200000,0
OV,10/23/2007,0.027,0.027,0.026,0.027,407700000,0
OV,10/24/2007,0.027,0.027,0.026,0.027,226800000,0
OV,10/25/2007,0.027,0.028,0.027,0.028,582600000,0
OV,10/26/2007,0.028,0.03,0.028,0.03,1074900000,0
OV,10/30/2007,0.032,0.032,0.03,0.03,1203000000,0
OV,10/31/2007,0.03,0.031,0.029,0.031,604500000,0
OV,11/05/2007,0.031,0.031,0.03,0.03,326100000,0
OV,11/06/2007,0.03,0.03,0.029,0.03,53000000,0
OV,11/07/2007,0.03,0.031,0.029,0.029,227200000,0
OV,11/08/2007,0.029,0.03,0.029,0.029,245000000,0
OV,11/09/2007,0.03,0.03,0.029,0.029,179200000,0
OV,11/12/2007,0.029,0.029,0.027,0.027,380400000,0
OV,11/13/2007,0.027,0.028,0.027,0.027,273400000,0
OV,11/14/2007,0.028,0.029,0.027,0.028,93700000,0
OV,11/15/2007,0.028,0.028,0.028,0.028,192700000,0
OV,11/16/2007,0.027,0.027,0.027,0.027,76400000,0
OV,11/19/2007,0.028,0.028,0.027,0.027,132400000,0
OV,11/20/2007,0.027,0.027,0.026,0.026,251200000,0
OV,11/21/2007,0.027,0.027,0.026,0.026,99400000,0
OV,11/22/2007,0.026,0.026,0.025,0.026,98500000,0
OV,11/23/2007,0.026,0.026,0.025,0.026,99100000,0
OV,11/26/2007,0.027,0.028,0.027,0.027,141100000,0
OV,11/27/2007,0.027,0.027,0.026,0.027,235700000,0
OV,11/28/2007,0.028,0.028,0.027,0.028,29200000,0
OV,11/29/2007,0.028,0.028,0.026,0.026,657600000,0
OV,12/03/2007,0.028,0.029,0.027,0.027,187900000,0
OV,12/04/2007,0.027,0.028,0.027,0.028,62100000,0
OV,12/05/2007,0.028,0.029,0.028,0.029,266100000,0
OV,12/06/2007,0.03,0.03,0.029,0.029,258600000,0
OV,12/07/2007,0.029,0.029,0.029,0.029,194000000,0
OV,12/10/2007,0.029,0.029,0.028,0.029,132600000,0
OV,12/11/2007,0.029,0.03,0.029,0.029,175900000,0
OV,12/12/2007,0.029,0.029,0.028,0.028,84200000,0
OV,12/13/2007,0.029,0.029,0.029,0.029,203900000,0
OV,12/14/2007,0.029,0.029,0.028,0.029,751700000,0
OV,12/17/2007,0.028,0.028,0.028,0.028,196900000,0
OV,12/18/2007,0.028,0.029,0.028,0.028,73800000,0
OV,12/19/2007,0.028,0.028,0.028,0.028,103000000,0
OV,12/20/2007,0.028,0.028,0.027,0.028,9500000,0
OV,12/21/2007,0.028,0.029,0.028,0.029,31700000,0
OV,12/26/2007,0.029,0.03,0.029,0.03,417800000,0
OV,12/27/2007,0.03,0.031,0.03,0.03,451800000,0
OV,12/28/2007,0.03,0.031,0.03,0.031,147200000,0
OV,01/02/2008,0.03,0.034,0.03,0.034,1247900000,0
OV,01/03/2008,0.034,0.034,0.032,0.032,741100000,0
OV,01/04/2008,0.033,0.035,0.032,0.034,709700000,0
OV,01/07/2008,0.033,0.033,0.031,0.032,866600000,0
OV,01/08/2008,0.032,0.033,0.032,0.033,138100000,0
OV,01/09/2008,0.032,0.034,0.032,0.033,736500000,0
OV,01/10/2008,0.033,0.034,0.033,0.033,355400000,0
OV,01/11/2008,0.033,0.033,0.032,0.033,216600000,0
OV,01/14/2008,0.033,0.033,0.033,0.033,68600000,0
OV,01/15/2008,0.033,0.034,0.033,0.033,506400000,0
OV,01/16/2008,0.033,0.033,0.032,0.033,212000000,0
OV,01/17/2008,0.033,0.033,0.03,0.031,987300000,0
OV,01/18/2008,0.029,0.031,0.029,0.03,434600000,0
OV,01/21/2008,0.03,0.03,0.03,0.03,252500000,0
OV,01/22/2008,0.029,0.029,0.025,0.026,577100000,0
OV,01/23/2008,0.027,0.028,0.026,0.027,749300000,0
OV,01/24/2008,0.027,0.028,0.027,0.027,274400000,0
OV,01/25/2008,0.028,0.028,0.027,0.028,286800000,0
OV,01/28/2008,0.028,0.028,0.027,0.027,44600000,0
OV,01/29/2008,0.028,0.028,0.026,0.026,412600000,0
OV,01/30/2008,0.026,0.026,0.025,0.026,272100000,0
OV,01/31/2008,0.026,0.026,0.024,0.025,171200000,0
OV,02/01/2008,0.026,0.027,0.025,0.026,172900000,0
OV,02/04/2008,0.026,0.026,0.025,0.026,146600000,0
OV,02/05/2008,0.026,0.026,0.026,0.026,101300000,0
OV,02/06/2008,0.025,0.025,0.024,0.025,211300000,0
OV,02/07/2008,0.026,0.026,0.024,0.025,180900000,0
OV,02/08/2008,0.025,0.026,0.025,0.026,64500000,0
OV,02/11/2008,0.025,0.025,0.024,0.025,148300000,0
OV,02/12/2008,0.025,0.026,0.025,0.025,18100000,0
OV,02/13/2008,0.025,0.026,0.025,0.025,10500000,0
OV,02/14/2008,0.025,0.026,0.025,0.025,20400000,0
OV,02/15/2008,0.025,0.026,0.025,0.025,78700000,0
OV,02/18/2008,0.025,0.025,0.025,0.025,67800000,0
OV,02/19/2008,0.025,0.027,0.025,0.027,174000000,0
OV,02/20/2008,0.028,0.028,0.026,0.026,323600000,0
OV,02/21/2008,0.027,0.029,0.027,0.029,622800000,0
OV,02/22/2008,0.029,0.029,0.027,0.028,1235900000,0
OV,02/26/2008,0.028,0.028,0.026,0.027,392600000,0
OV,02/27/2008,0.028,0.029,0.028,0.029,324300000,0
OV,02/28/2008,0.029,0.029,0.028,0.028,201400000,0
OV,02/29/2008,0.028,0.03,0.028,0.029,549500000,0
OV,03/03/2008,0.029,0.03,0.028,0.03,234700000,0
OV,03/04/2008,0.03,0.031,0.03,0.031,514600000,0
OV,03/05/2008,0.031,0.031,0.029,0.03,339000000,0
OV,03/06/2008,0.03,0.03,0.03,0.03,56100000,0
OV,03/07/2008,0.029,0.029,0.028,0.029,230600000,0
OV,03/10/2008,0.029,0.029,0.027,0.028,201200000,0
OV,03/11/2008,0.028,0.028,0.028,0.028,133800000,0
OV,03/12/2008,0.029,0.03,0.028,0.029,240600000,0
OV,03/13/2008,0.028,0.028,0.028,0.028,86600000,0
OV,03/14/2008,0.028,0.028,0.028,0.028,53300000,0
OV,03/17/2008,0.027,0.027,0.027,0.027,7900000,0
OV,03/18/2008,0.027,0.028,0.027,0.027,67000000,0
OV,03/19/2008,0.028,0.028,0.027,0.027,103900000,0
OV,03/24/2008,0.027,0.027,0.027,0.027,122900000,0
OV,03/25/2008,0.027,0.027,0.027,0.027,10000000,0
OV,03/26/2008,0.027,0.029,0.027,0.028,187100000,0
OV,03/27/2008,0.028,0.028,0.028,0.028,22100000,0
OV,03/28/2008,0.028,0.028,0.028,0.028,57500000,0
OV,03/31/2008,0.029,0.029,0.029,0.029,146200000,0
OV,04/01/2008,0.029,0.029,0.028,0.029,57400000,0
OV,04/02/2008,0.029,0.03,0.029,0.03,83400000,0
OV,04/03/2008,0.03,0.03,0.029,0.029,72300000,0
OV,04/04/2008,0.029,0.029,0.029,0.029,64700000,0
OV,04/08/2008,0.029,0.03,0.029,0.029,58200000,0
OV,04/09/2008,0.029,0.029,0.029,0.029,18700000,0
OV,04/10/2008,0.029,0.029,0.029,0.029,2300000,0
OV,04/11/2008,0.029,0.029,0.028,0.028,26000000,0
OV,04/14/2008,0.028,0.028,0.028,0.028,70600000,0
OV,04/15/2008,0.028,0.028,0.028,0.028,42000000,0
OV,04/16/2008,0.028,0.029,0.028,0.029,159300000,0
OV,04/17/2008,0.029,0.03,0.029,0.03,139000000,0
OV,04/18/2008,0.029,0.029,0.029,0.029,33800000,0
OV,04/21/2008,0.029,0.029,0.029,0.029,31900000,0
OV,04/22/2008,0.029,0.029,0.028,0.028,26700000,0
OV,04/23/2008,0.029,0.029,0.028,0.028,97900000,0
OV,04/24/2008,0.028,0.029,0.028,0.028,38300000,0
OV,04/25/2008,0.029,0.03,0.028,0.03,355300000,0
OV,04/28/2008,0.03,0.031,0.03,0.03,562900000,0
OV,04/29/2008,0.03,0.03,0.03,0.03,29700000,0
OV,04/30/2008,0.03,0.03,0.029,0.029,235900000,0
OV,05/02/2008,0.029,0.03,0.029,0.029,78500000,0
OV,05/05/2008,0.03,0.03,0.029,0.03,246100000,0
OV,05/06/2008,0.03,0.03,0.029,0.03,353400000,0
OV,05/07/2008,0.03,0.031,0.03,0.031,441200000,0
OV,05/08/2008,0.031,0.033,0.031,0.032,1014900000,0
OV,05/09/2008,0.032,0.033,0.031,0.032,365500000,0
OV,05/12/2008,0.032,0.032,0.031,0.032,792200000,0
OV,05/13/2008,0.032,0.032,0.031,0.032,247500000,0
OV,05/14/2008,0.032,0.033,0.032,0.032,289200000,0
OV,05/15/2008,0.032,0.032,0.032,0.032,124300000,0
OV,05/16/2008,0.032,0.032,0.031,0.031,52100000,0
OV,05/19/2008,0.031,0.031,0.031,0.031,156400000,0
OV,05/20/2008,0.031,0.031,0.031,0.031,55900000,0
OV,05/21/2008,0.031,0.031,0.031,0.031,49400000,0
OV,05/22/2008,0.031,0.033,0.031,0.033,420800000,0
OV,05/23/2008,0.032,0.033,0.032,0.032,117100000,0
OV,05/26/2008,0.032,0.032,0.032,0.032,142200000,0
OV,05/27/2008,0.032,0.033,0.032,0.032,105100000,0
OV,05/28/2008,0.032,0.032,0.032,0.032,111400000,0
OV,05/29/2008,0.032,0.032,0.031,0.032,69500000,0
OV,05/30/2008,0.031,0.032,0.031,0.032,671100000,0
OV,06/02/2008,0.032,0.033,0.032,0.032,83900000,0
OV,06/03/2008,0.033,0.034,0.033,0.033,1115800000,0
OV,06/04/2008,0.033,0.033,0.032,0.033,112700000,0
OV,06/05/2008,0.033,0.034,0.033,0.033,250500000,0
OV,06/06/2008,0.034,0.035,0.033,0.035,591900000,0
OV,06/10/2008,0.034,0.034,0.033,0.034,467600000,0
OV,06/11/2008,0.035,0.036,0.034,0.035,1337200000,0
OV,06/12/2008,0.035,0.035,0.033,0.034,439800000,0
OV,06/13/2008,0.034,0.034,0.033,0.033,578100000,0
OV,06/16/2008,0.033,0.033,0.032,0.032,434900000,0
OV,06/17/2008,0.032,0.032,0.032,0.032,204300000,0
OV,06/18/2008,0.032,0.032,0.031,0.031,533100000,0
OV,06/19/2008,0.031,0.031,0.029,0.031,791500000,0
OV,06/20/2008,0.031,0.031,0.03,0.03,594600000,0
OV,06/23/2008,0.029,0.03,0.029,0.03,107000000,0
OV,06/24/2008,0.03,0.03,0.028,0.029,274100000,0
OV,06/25/2008,0.029,0.031,0.029,0.03,155500000,0
OV,06/26/2008,0.03,0.031,0.03,0.031,76800000,0
OV,06/27/2008,0.03,0.033,0.03,0.032,620300000,0
OV,06/30/2008,0.032,0.033,0.032,0.033,140400000,0
OV,07/01/2008,0.032,0.032,0.03,0.031,251200000,0
OV,07/02/2008,0.031,0.032,0.03,0.031,40400000,0
OV,07/03/2008,0.031,0.031,0.03,0.031,363000000,0
OV,07/04/2008,0.03,0.031,0.03,0.03,203400000,0
OV,07/07/2008,0.03,0.03,0.029,0.03,168600000,0
OV,07/08/2008,0.03,0.031,0.03,0.03,218400000,0
OV,07/09/2008,0.032,0.032,0.03,0.031,151900000,0
OV,07/10/2008,0.03,0.031,0.03,0.03,125700000,0
OV,07/11/2008,0.03,0.031,0.03,0.031,242400000,0
OV,07/14/2008,0.03,0.031,0.03,0.031,148200000,0
OV,07/15/2008,0.031,0.031,0.03,0.031,230400000,0
OV,07/16/2008,0.03,0.03,0.03,0.03,21300000,0
OV,07/17/2008,0.03,0.03,0.029,0.03,3300000,0
OV,07/18/2008,0.03,0.03,0.03,0.03,65200000,0
OV,07/21/2008,0.03,0.03,0.03,0.03,28500000,0
OV,07/22/2008,0.031,0.033,0.031,0.032,523400000,0
OV,07/23/2008,0.032,0.032,0.031,0.031,239400000,0
OV,07/24/2008,0.031,0.031,0.031,0.031,87400000,0
OV,07/25/2008,0.031,0.031,0.031,0.031,118200000,0
OV,07/28/2008,0.031,0.032,0.031,0.031,95100000,0
OV,07/29/2008,0.031,0.033,0.031,0.032,306500000,0
OV,07/30/2008,0.032,0.032,0.031,0.031,316900000,0
OV,07/31/2008,0.031,0.031,0.031,0.031,25600000,0
OV,08/01/2008,0.031,0.031,0.03,0.031,246100000,0
OV,08/04/2008,0.031,0.031,0.03,0.031,225200000,0
OV,08/05/2008,0.031,0.031,0.03,0.03,452200000,0
OV,08/06/2008,0.031,0.031,0.03,0.03,646400000,0
OV,08/07/2008,0.03,0.03,0.03,0.03,273600000,0
OV,08/08/2008,0.03,0.031,0.03,0.031,82200000,0
OV,08/11/2008,0.031,0.031,0.03,0.03,206600000,0
OV,08/12/2008,0.03,0.03,0.03,0.03,146200000,0
OV,08/13/2008,0.029,0.03,0.028,0.029,427800000,0
OV,08/14/2008,0.029,0.03,0.029,0.03,286900000,0
OV,08/15/2008,0.03,0.03,0.028,0.029,531100000,0
OV,08/19/2008,0.029,0.029,0.028,0.028,31400000,0
OV,08/20/2008,0.028,0.03,0.028,0.03,349800000,0
OV,08/21/2008,0.03,0.03,0.029,0.03,21400000,0
OV,08/22/2008,0.029,0.029,0.028,0.029,106200000,0
OV,08/26/2008,0.029,0.029,0.028,0.029,40400000,0
OV,08/27/2008,0.029,0.03,0.029,0.03,139000000,0
OV,08/28/2008,0.03,0.03,0.029,0.03,84200000,0
OV,08/29/2008,0.029,0.029,0.029,0.029,97200000,0
OV,09/01/2008,0.029,0.03,0.029,0.03,75100000,0
OV,09/02/2008,0.029,0.03,0.029,0.029,133700000,0
OV,09/03/2008,0.029,0.029,0.028,0.029,232300000,0
OV,09/04/2008,0.028,0.029,0.028,0.029,16000000,0
OV,09/05/2008,0.028,0.029,0.028,0.029,117800000,0
OV,09/08/2008,0.028,0.028,0.028,0.028,87300000,0
OV,09/09/2008,0.028,0.028,0.027,0.028,38900000,0
OV,09/10/2008,0.027,0.028,0.027,0.028,115900000,0
OV,09/11/2008,0.028,0.028,0.027,0.027,81400000,0
OV,09/12/2008,0.027,0.029,0.027,0.029,200100000,0
OV,09/15/2008,0.029,0.029,0.027,0.028,147500000,0
OV,09/16/2008,0.026,0.027,0.026,0.027,101600000,0
OV,09/17/2008,0.026,0.028,0.026,0.028,186100000,0
OV,09/18/2008,0.027,0.027,0.025,0.026,198600000,0
OV,09/19/2008,0.027,0.027,0.026,0.027,42900000,0
OV,09/22/2008,0.027,0.028,0.026,0.028,181900000,0
OV,09/23/2008,0.027,0.028,0.027,0.028,114100000,0
OV,09/24/2008,0.028,0.028,0.027,0.028,88200000,0
OV,09/25/2008,0.028,0.029,0.027,0.029,121800000,0
OV,09/26/2008,0.028,0.028,0.027,0.028,81600000,0
OV,09/29/2008,0.028,0.028,0.028,0.028,27000000,0
OV,09/30/2008,0.026,0.027,0.025,0.027,361400000,0
OV,10/02/2008,0.026,0.027,0.026,0.027,166200000,0
OV,10/03/2008,0.025,0.027,0.025,0.027,148100000,0
OV,10/06/2008,0.026,0.026,0.025,0.025,66000000,0
OV,10/07/2008,0.024,0.024,0.023,0.023,281200000,0
OV,10/08/2008,0.022,0.025,0.021,0.025,713100000,0
OV,10/09/2008,0.024,0.024,0.023,0.024,106500000,0
OV,10/10/2008,0.024,0.025,0.023,0.024,1162800000,0
OV,10/13/2008,0.021,0.022,0.019,0.019,500000000,0
OV,10/14/2008,0.019,0.02,0.019,0.02,416800000,0
OV,10/15/2008,0.02,0.02,0.015,0.016,662400000,0
OV,10/16/2008,0.014,0.014,0.013,0.014,482500000,0
OV,10/17/2008,0.014,0.015,0.013,0.014,263000000,0
OV,10/20/2008,0.013,0.014,0.012,0.013,97800000,0
OV,10/21/2008,0.014,0.015,0.014,0.014,167900000,0
OV,10/22/2008,0.014,0.014,0.013,0.014,93600000,0
OV,10/23/2008,0.013,0.013,0.012,0.012,386100000,0
OV,10/24/2008,0.012,0.012,0.011,0.012,87800000,0
OV,10/27/2008,0.011,0.011,0.01,0.01,185200000,0
OV,10/28/2008,0.01,0.01,0.0095,0.01,56000000,0
OV,10/29/2008,0.011,0.011,0.01,0.011,144000000,0
OV,10/30/2008,0.011,0.013,0.011,0.013,315900000,0
OV,10/31/2008,0.013,0.013,0.013,0.013,140100000,0
OV,11/03/2008,0.013,0.013,0.012,0.012,154400000,0
OV,11/04/2008,0.012,0.012,0.011,0.011,155400000,0
OV,11/05/2008,0.012,0.013,0.012,0.013,233700000,0
OV,11/06/2008,0.012,0.012,0.011,0.011,351900000,0
OV,11/07/2008,0.01,0.011,0.01,0.011,167400000,0
OV,11/10/2008,0.012,0.012,0.011,0.011,25000000,0
OV,11/11/2008,0.011,0.011,0.011,0.011,26400000,0
OV,11/12/2008,0.011,0.011,0.01,0.01,415200000,0
OV,11/13/2008,0.01,0.01,0.0095,0.01,128000000,0
OV,11/14/2008,0.01,0.01,0.01,0.01,152000000,0
OV,11/17/2008,0.01,0.01,0.01,0.01,1000000,0
OV,11/18/2008,0.0095,0.0095,0.0090,0.0090,171000000,0
OV,11/19/2008,0.0095,0.0095,0.0095,0.0095,81000000,0
OV,11/20/2008,0.0095,0.0095,0.0090,0.0090,46000000,0
OV,11/21/2008,0.0090,0.0090,0.0085,0.0090,202000000,0
OV,11/24/2008,0.0090,0.0090,0.0090,0.0090,42000000,0
OV,11/25/2008,0.0095,0.0095,0.0095,0.0095,27000000,0
OV,11/26/2008,0.0095,0.0095,0.0095,0.0095,14000000,0
OV,11/27/2008,0.01,0.01,0.01,0.01,30000000,0
OV,11/28/2008,0.01,0.01,0.01,0.01,53000000,0
OV,12/02/2008,0.0095,0.0095,0.0095,0.0095,35000000,0
OV,12/03/2008,0.0095,0.0095,0.0095,0.0095,24000000,0
OV,12/04/2008,0.0090,0.0090,0.0090,0.0090,26000000,0
OV,12/05/2008,0.0090,0.0090,0.0090,0.0090,45000000,0
OV,12/08/2008,0.0090,0.0090,0.0090,0.0090,15000000,0
OV,12/09/2008,0.0090,0.0090,0.0090,0.0090,56000000,0
OV,12/10/2008,0.0090,0.0090,0.0090,0.0090,25000000,0
OV,12/11/2008,0.0090,0.0090,0.0090,0.0090,82000000,0
OV,12/12/2008,0.0095,0.01,0.0095,0.0095,94000000,0
OV,12/15/2008,0.0095,0.0095,0.0095,0.0095,25000000,0
OV,12/16/2008,0.0095,0.0095,0.0095,0.0095,14000000,0
OV,12/17/2008,0.0095,0.0095,0.0095,0.0095,12000000,0
OV,12/18/2008,0.0090,0.0090,0.0090,0.0090,75000000,0
OV,12/19/2008,0.0090,0.0090,0.0085,0.0085,153000000,0
OV,12/22/2008,0.0085,0.0085,0.0085,0.0085,11000000,0
OV,12/23/2008,0.0090,0.0090,0.0090,0.0090,6000000,0
OV,12/24/2008,0.0090,0.0090,0.0085,0.0085,64000000,0
OV,01/05/2009,0.0090,0.0095,0.0090,0.0095,53000000,0
OV,01/06/2009,0.01,0.01,0.01,0.01,104000000,0
OV,01/07/2009,0.01,0.01,0.01,0.01,385000000,0
OV,01/08/2009,0.0095,0.0095,0.0090,0.0090,112000000,0
OV,01/09/2009,0.0095,0.0095,0.0095,0.0095,94000000,0
OV,01/12/2009,0.0095,0.0095,0.0095,0.0095,21000000,0
OV,01/13/2009,0.0095,0.01,0.0095,0.0095,44000000,0
OV,01/14/2009,0.0095,0.0095,0.0090,0.0095,26000000,0
OV,01/15/2009,0.0095,0.0095,0.0090,0.0090,12000000,0
OV,01/16/2009,0.0090,0.0095,0.0090,0.0090,33000000,0
OV,01/19/2009,0.0090,0.0090,0.0090,0.0090,68000000,0
OV,01/20/2009,0.0090,0.0090,0.0090,0.0090,42000000,0
OV,01/21/2009,0.0090,0.0090,0.0090,0.0090,6000000,0
OV,01/22/2009,0.0090,0.0090,0.0090,0.0090,9000000,0
OV,01/23/2009,0.0090,0.0090,0.0090,0.0090,6000000,0
OV,01/26/2009,0.0095,0.0095,0.0090,0.0090,23000000,0
OV,01/27/2009,0.0095,0.01,0.0095,0.01,116000000,0
OV,01/28/2009,0.0095,0.0095,0.0095,0.0095,41000000,0
OV,01/29/2009,0.0095,0.0095,0.0095,0.0095,12000000,0
OV,01/30/2009,0.0095,0.0095,0.0095,0.0095,71000000,0
OV,02/02/2009,0.0095,0.0095,0.0095,0.0095,50000000,0
OV,02/03/2009,0.0090,0.0090,0.0090,0.0090,2000000,0
OV,02/04/2009,0.0095,0.0095,0.0095,0.0095,13000000,0
OV,02/05/2009,0.0095,0.0095,0.0090,0.0090,29000000,0
OV,02/06/2009,0.0090,0.0095,0.0090,0.0095,8000000,0
OV,02/09/2009,0.0095,0.0095,0.0095,0.0095,21000000,0
OV,02/10/2009,0.0090,0.0090,0.0090,0.0090,21000000,0
OV,02/11/2009,0.0090,0.0090,0.0090,0.0090,6000000,0
OV,02/12/2009,0.0090,0.0095,0.0090,0.0090,19000000,0
OV,02/13/2009,0.0090,0.0090,0.0090,0.0090,100000000,0
OV,02/16/2009,0.0090,0.0090,0.0090,0.0090,32000000,0
OV,02/17/2009,0.0090,0.0090,0.0090,0.0090,63000000,0
OV,02/18/2009,0.0090,0.0090,0.0090,0.0090,18000000,0
OV,02/19/2009,0.0090,0.0090,0.0090,0.0090,36000000,0
OV,02/23/2009,0.0090,0.0090,0.0090,0.0090,8000000,0
OV,02/24/2009,0.0090,0.0090,0.0090,0.0090,1000000,0
OV,02/25/2009,0.0090,0.0095,0.0090,0.0095,45000000,0
OV,02/27/2009,0.01,0.011,0.01,0.01,367000000,0
OV,03/02/2009,0.01,0.01,0.01,0.01,5000000,0
OV,03/03/2009,0.0095,0.0095,0.0095,0.0095,24000000,0
OV,03/04/2009,0.0095,0.0095,0.0095,0.0095,12000000,0
OV,03/05/2009,0.0095,0.0095,0.0095,0.0095,18000000,0
OV,03/06/2009,0.0095,0.0095,0.0095,0.0095,23000000,0
OV,03/09/2009,0.01,0.01,0.01,0.01,3000000,0
OV,03/10/2009,0.01,0.011,0.01,0.011,483000000,0
OV,03/11/2009,0.011,0.011,0.011,0.011,180800000,0
OV,03/12/2009,0.011,0.011,0.01,0.011,106200000,0
OV,03/13/2009,0.011,0.011,0.011,0.011,71000000,0
OV,03/16/2009,0.011,0.011,0.011,0.011,5000000,0
OV,03/17/2009,0.01,0.01,0.01,0.01,13200000,0
OV,03/18/2009,0.01,0.011,0.01,0.011,40000000,0
OV,03/19/2009,0.011,0.011,0.011,0.011,2000000,0
OV,03/20/2009,0.011,0.011,0.01,0.011,7800000,0
OV,03/23/2009,0.011,0.011,0.01,0.01,6700000,0
OV,03/24/2009,0.011,0.011,0.011,0.011,170000000,0
OV,03/25/2009,0.011,0.012,0.011,0.012,153200000,0
OV,03/26/2009,0.012,0.012,0.011,0.011,41800000,0
OV,03/27/2009,0.011,0.011,0.011,0.011,19500000,0
OV,03/30/2009,0.011,0.011,0.011,0.011,72400000,0
OV,03/31/2009,0.011,0.011,0.011,0.011,38500000,0
OV,04/01/2009,0.011,0.011,0.011,0.011,39500000,0
OV,04/02/2009,0.011,0.011,0.011,0.011,32100000,0
OV,04/03/2009,0.011,0.012,0.011,0.011,60000000,0
OV,04/07/2009,0.011,0.011,0.011,0.011,41600000,0
OV,04/08/2009,0.011,0.011,0.011,0.011,69600000,0
OV,04/13/2009,0.011,0.011,0.011,0.011,48700000,0
OV,04/14/2009,0.011,0.011,0.011,0.011,37600000,0
OV,04/15/2009,0.011,0.012,0.011,0.012,25200000,0
OV,04/16/2009,0.012,0.012,0.012,0.012,103000000,0
OV,04/17/2009,0.011,0.012,0.011,0.012,236200000,0
OV,04/20/2009,0.012,0.012,0.012,0.012,100900000,0
OV,04/22/2009,0.012,0.012,0.012,0.012,26700000,0
OV,04/23/2009,0.011,0.011,0.011,0.011,206700000,0
OV,04/24/2009,0.011,0.011,0.011,0.011,60500000,0
OV,04/27/2009,0.011,0.012,0.011,0.012,123000000,0
OV,04/28/2009,0.011,0.011,0.01,0.011,269500000,0
OV,04/29/2009,0.011,0.011,0.011,0.011,147300000,0
OV,04/30/2009,0.011,0.011,0.011,0.011,87000000,0
OV,05/04/2009,0.011,0.011,0.01,0.011,219100000,0
OV,05/05/2009,0.011,0.012,0.011,0.012,208400000,0
OV,05/06/2009,0.011,0.011,0.011,0.011,215000000,0
OV,05/07/2009,0.012,0.013,0.012,0.012,735200000,0
OV,05/08/2009,0.012,0.012,0.011,0.012,44900000,0
OV,05/11/2009,0.012,0.013,0.012,0.012,556500000,0
OV,05/12/2009,0.013,0.013,0.012,0.013,167400000,0
OV,05/13/2009,0.013,0.014,0.013,0.013,524400000,0
OV,05/14/2009,0.013,0.013,0.013,0.013,273500000,0
OV,05/15/2009,0.013,0.013,0.013,0.013,145000000,0
OV,05/18/2009,0.013,0.013,0.012,0.013,162300000,0
OV,05/19/2009,0.013,0.014,0.013,0.013,162000000,0
OV,05/20/2009,0.013,0.014,0.013,0.014,287000000,0
OV,05/21/2009,0.013,0.013,0.013,0.013,243300000,0
OV,05/22/2009,0.013,0.013,0.013,0.013,72600000,0
OV,05/25/2009,0.013,0.013,0.013,0.013,280600000,0
OV,05/26/2009,0.013,0.013,0.013,0.013,18800000,0
OV,05/27/2009,0.013,0.013,0.013,0.013,84500000,0
OV,05/28/2009,0.013,0.016,0.013,0.015,1355600000,0
OV,05/29/2009,0.016,0.017,0.016,0.016,682800000,0
OV,06/01/2009,0.016,0.017,0.015,0.016,430800000,0
OV,06/02/2009,0.017,0.017,0.016,0.016,332400000,0
OV,06/03/2009,0.016,0.016,0.016,0.016,204100000,0
OV,06/04/2009,0.016,0.016,0.015,0.016,222100000,0
OV,06/05/2009,0.016,0.017,0.016,0.016,230500000,0
OV,06/08/2009,0.016,0.016,0.014,0.015,634000000,0
OV,06/09/2009,0.015,0.015,0.014,0.015,170100000,0
OV,06/10/2009,0.015,0.016,0.015,0.015,177900000,0
OV,06/11/2009,0.015,0.016,0.015,0.016,64200000,0
OV,06/15/2009,0.015,0.016,0.015,0.015,168100000,0
OV,06/16/2009,0.015,0.015,0.014,0.015,176200000,0
OV,06/17/2009,0.014,0.014,0.013,0.014,394400000,0
OV,06/18/2009,0.014,0.014,0.014,0.014,83700000,0
OV,06/19/2009,0.014,0.014,0.013,0.014,103400000,0
OV,06/22/2009,0.013,0.013,0.013,0.013,248600000,0
OV,06/23/2009,0.012,0.013,0.012,0.013,73300000,0
OV,06/24/2009,0.013,0.013,0.013,0.013,183200000,0
OV,06/25/2009,0.013,0.014,0.013,0.014,29900000,0
OV,06/26/2009,0.014,0.014,0.013,0.013,53500000,0
OV,06/29/2009,0.013,0.014,0.013,0.014,28600000,0
OV,06/30/2009,0.013,0.014,0.013,0.014,22100000,0
OV,07/01/2009,0.013,0.013,0.013,0.013,182200000,0
OV,07/02/2009,0.013,0.013,0.012,0.013,84700000,0
OV,07/03/2009,0.013,0.013,0.012,0.012,35300000,0
OV,07/06/2009,0.013,0.013,0.012,0.013,117200000,0
OV,07/07/2009,0.013,0.013,0.012,0.013,123600000,0
OV,07/08/2009,0.012,0.013,0.012,0.013,154300000,0
OV,07/09/2009,0.013,0.013,0.012,0.013,37500000,0
OV,07/10/2009,0.013,0.013,0.012,0.013,21600000,0
OV,07/13/2009,0.013,0.013,0.013,0.013,4500000,0
OV,07/14/2009,0.013,0.013,0.013,0.013,440700000,0
OV,07/15/2009,0.014,0.014,0.013,0.013,49600000,0
OV,07/16/2009,0.013,0.014,0.013,0.013,86500000,0
OV,07/20/2009,0.013,0.014,0.013,0.014,3700000,0
OV,07/21/2009,0.013,0.014,0.013,0.014,71900000,0
OV,07/22/2009,0.014,0.014,0.014,0.014,6400000,0
OV,07/23/2009,0.013,0.014,0.013,0.014,252800000,0
OV,07/24/2009,0.013,0.014,0.013,0.014,34500000,0
OV,07/27/2009,0.013,0.014,0.013,0.014,38200000,0
OV,07/28/2009,0.013,0.013,0.013,0.013,16600000,0
OV,07/29/2009,0.013,0.013,0.013,0.013,102900000,0
OV,07/30/2009,0.013,0.013,0.013,0.013,160400000,0
OV,07/31/2009,0.013,0.014,0.013,0.014,88000000,0
OV,08/03/2009,0.014,0.014,0.013,0.014,581200000,0
OV,08/04/2009,0.014,0.014,0.014,0.014,157900000,0
OV,08/06/2009,0.014,0.014,0.013,0.014,291100000,0
OV,08/07/2009,0.014,0.014,0.014,0.014,188500000,0
OV,08/10/2009,0.014,0.015,0.014,0.015,424300000,0
OV,08/11/2009,0.015,0.015,0.014,0.015,212400000,0
OV,08/12/2009,0.014,0.015,0.014,0.014,77200000,0
OV,08/13/2009,0.015,0.015,0.014,0.015,449700000,0
OV,08/14/2009,0.014,0.015,0.014,0.015,19200000,0
OV,08/17/2009,0.014,0.015,0.014,0.014,424400000,0
OV,08/18/2009,0.014,0.014,0.013,0.013,40800000,0
OV,08/19/2009,0.014,0.014,0.014,0.014,183800000,0
OV,08/20/2009,0.014,0.015,0.014,0.014,219900000,0
OV,08/24/2009,0.014,0.015,0.014,0.014,61600000,0
OV,08/25/2009,0.014,0.015,0.014,0.014,202800000,0
OV,08/26/2009,0.014,0.015,0.014,0.014,71400000,0
OV,08/27/2009,0.014,0.017,0.014,0.016,1710200000,0
OV,08/28/2009,0.016,0.016,0.015,0.016,135800000,0
OV,09/01/2009,0.015,0.017,0.015,0.017,530600000,0
OV,09/02/2009,0.016,0.016,0.015,0.016,168800000,0
OV,09/03/2009,0.016,0.018,0.016,0.018,817900000,0
OV,09/04/2009,0.018,0.019,0.018,0.018,911600000,0
OV,09/08/2009,0.018,0.018,0.018,0.018,243400000,0
OV,09/09/2009,0.018,0.018,0.017,0.017,206000000,0
OV,09/10/2009,0.018,0.018,0.017,0.018,127100000,0
OV,09/11/2009,0.018,0.018,0.017,0.017,165600000,0
OV,09/14/2009,0.017,0.017,0.017,0.017,190500000,0
OV,09/15/2009,0.017,0.017,0.016,0.017,63100000,0
OV,09/16/2009,0.017,0.017,0.016,0.017,144600000,0
OV,09/17/2009,0.017,0.017,0.016,0.016,50500000,0
OV,09/18/2009,0.016,0.017,0.016,0.017,10900000,0
OV,09/22/2009,0.016,0.017,0.016,0.017,157300000,0
OV,09/23/2009,0.017,0.017,0.016,0.017,180000000,0
OV,09/24/2009,0.017,0.017,0.016,0.017,13500000,0
OV,09/25/2009,0.016,0.017,0.016,0.017,16200000,0
OV,09/28/2009,0.016,0.017,0.016,0.017,20100000,0
OV,09/29/2009,0.016,0.017,0.016,0.016,98300000,0
OV,09/30/2009,0.016,0.016,0.016,0.016,448100000,0
OV,10/01/2009,0.016,0.016,0.016,0.016,150400000,0
OV,10/02/2009,0.015,0.016,0.015,0.016,194300000,0
OV,10/05/2009,0.016,0.016,0.015,0.016,28500000,0
OV,10/06/2009,0.016,0.016,0.016,0.016,62500000,0
OV,10/07/2009,0.016,0.016,0.015,0.016,200000000,0
OV,10/08/2009,0.016,0.016,0.015,0.016,190500000,0
OV,10/09/2009,0.016,0.016,0.015,0.016,282000000,0
OV,10/12/2009,0.015,0.016,0.015,0.015,8700000,0
OV,10/13/2009,0.015,0.016,0.015,0.016,13300000,0
OV,10/14/2009,0.015,0.016,0.015,0.016,62700000,0
OV,10/15/2009,0.016,0.016,0.015,0.016,44000000,0
OV,10/16/2009,0.017,0.017,0.016,0.016,265900000,0
OV,10/19/2009,0.016,0.016,0.016,0.016,76700000,0
OV,10/20/2009,0.016,0.017,0.016,0.016,291900000,0
OV,10/21/2009,0.016,0.016,0.016,0.016,202300000,0
OV,10/22/2009,0.016,0.016,0.016,0.016,145900000,0
OV,10/23/2009,0.016,0.016,0.016,0.016,102800000,0
OV,10/26/2009,0.016,0.016,0.016,0.016,178800000,0
OV,10/27/2009,0.016,0.016,0.015,0.015,9200000,0
OV,10/28/2009,0.015,0.016,0.015,0.016,43200000,0
OV,10/29/2009,0.015,0.016,0.015,0.016,202700000,0
OV,10/30/2009,0.016,0.016,0.015,0.016,90900000,0
OV,11/03/2009,0.015,0.016,0.015,0.016,264100000,0
OV,11/04/2009,0.015,0.016,0.015,0.015,40100000,0
OV,11/05/2009,0.016,0.016,0.015,0.016,14100000,0
OV,11/06/2009,0.015,0.016,0.015,0.016,251500000,0
OV,11/09/2009,0.015,0.016,0.015,0.015,117800000,0
OV,11/10/2009,0.015,0.016,0.015,0.016,108000000,0
OV,11/11/2009,0.015,0.016,0.015,0.016,163600000,0
OV,11/12/2009,0.015,0.016,0.015,0.016,199000000,0
OV,11/13/2009,0.015,0.015,0.015,0.015,260800000,0
OV,11/16/2009,0.015,0.016,0.015,0.016,107600000,0
OV,11/17/2009,0.016,0.016,0.014,0.016,94500000,0
OV,11/18/2009,0.015,0.016,0.015,0.016,134700000,0
OV,11/19/2009,0.015,0.015,0.015,0.015,56200000,0
OV,11/20/2009,0.015,0.016,0.015,0.015,160100000,0
OV,11/23/2009,0.015,0.015,0.014,0.015,232700000,0
OV,11/24/2009,0.015,0.016,0.015,0.016,64000000,0
OV,11/25/2009,0.015,0.015,0.014,0.015,88500000,0
OV,11/26/2009,0.015,0.015,0.015,0.015,363700000,0
OV,11/27/2009,0.015,0.015,0.014,0.015,125500000,0
OV,12/01/2009,0.015,0.016,0.015,0.016,434400000,0
OV,12/02/2009,0.015,0.015,0.015,0.015,222200000,0
OV,12/03/2009,0.015,0.017,0.015,0.016,660100000,0
OV,12/04/2009,0.016,0.016,0.015,0.016,22400000,0
OV,12/07/2009,0.015,0.016,0.015,0.016,12300000,0
OV,12/08/2009,0.015,0.015,0.015,0.015,272500000,0
OV,12/09/2009,0.015,0.016,0.015,0.015,223800000,0
OV,12/10/2009,0.015,0.016,0.015,0.015,28800000,0
OV,12/11/2009,0.015,0.016,0.015,0.015,66600000,0
OV,12/14/2009,0.015,0.015,0.015,0.015,40000000,0
OV,12/15/2009,0.015,0.016,0.014,0.015,80200000,0
OV,12/16/2009,0.015,0.015,0.015,0.015,22500000,0
OV,12/17/2009,0.015,0.015,0.014,0.015,40000000,0
OV,12/18/2009,0.014,0.015,0.014,0.015,12500000,0
OV,12/21/2009,0.015,0.015,0.015,0.015,6400000,0
OV,12/22/2009,0.014,0.015,0.014,0.014,2900000,0
OV,12/23/2009,0.015,0.015,0.015,0.015,12000000,0
OV,12/28/2009,0.014,0.015,0.014,0.015,105100000,0
OV,12/29/2009,0.015,0.015,0.015,0.015,67200000,0
OV,01/04/2010,0.015,0.015,0.014,0.015,11500000,0
OV,01/05/2010,0.014,0.015,0.014,0.015,193400000,0
OV,01/06/2010,0.015,0.015,0.015,0.015,36700000,0
OV,01/07/2010,0.015,0.015,0.014,0.015,136500000,0
OV,01/08/2010,0.015,0.015,0.015,0.015,49300000,0
OV,01/11/2010,0.015,0.015,0.014,0.015,113200000,0
OV,01/12/2010,0.015,0.015,0.014,0.015,91600000,0
OV,01/13/2010,0.015,0.015,0.015,0.015,70000000,0
OV,01/14/2010,0.015,0.015,0.014,0.014,56800000,0
OV,01/15/2010,0.015,0.016,0.015,0.015,102300000,0
OV,01/19/2010,0.014,0.014,0.014,0.014,400000,0
OV,01/20/2010,0.015,0.015,0.014,0.014,60800000,0
OV,01/21/2010,0.015,0.015,0.015,0.015,100000,0
OV,01/22/2010,0.014,0.015,0.014,0.015,6700000,0
OV,01/25/2010,0.014,0.015,0.014,0.014,69100000,0
OV,01/26/2010,0.014,0.014,0.014,0.014,58500000,0
OV,01/27/2010,0.014,0.014,0.014,0.014,123000000,0
OV,01/28/2010,0.014,0.014,0.014,0.014,109400000,0
OV,01/29/2010,0.014,0.014,0.014,0.014,15400000,0
OV,02/01/2010,0.014,0.014,0.014,0.014,25000000,0
OV,02/02/2010,0.014,0.014,0.014,0.014,13000000,0
OV,02/03/2010,0.014,0.014,0.014,0.014,3000000,0
OV,02/05/2010,0.013,0.014,0.013,0.014,257800000,0
OV,02/08/2010,0.013,0.013,0.013,0.013,58900000,0
OV,02/09/2010,0.013,0.013,0.012,0.013,39800000,0
OV,02/10/2010,0.013,0.014,0.013,0.013,76800000,0
OV,02/11/2010,0.013,0.014,0.013,0.014,2100000,0
OV,02/12/2010,0.014,0.014,0.013,0.014,78400000,0
OV,02/15/2010,0.013,0.014,0.013,0.014,12500000,0
OV,02/16/2010,0.014,0.014,0.013,0.014,13700000,0
OV,02/17/2010,0.014,0.014,0.013,0.014,43100000,0
OV,02/18/2010,0.013,0.014,0.013,0.014,6000000,0
OV,02/19/2010,0.013,0.014,0.013,0.014,133000000,0
OV,02/22/2010,0.013,0.014,0.013,0.014,500000,0
OV,02/24/2010,0.013,0.014,0.013,0.014,14100000,0
OV,02/25/2010,0.013,0.014,0.013,0.014,7600000,0
OV,02/26/2010,0.013,0.013,0.013,0.013,5000000,0
OV,03/01/2010,0.013,0.014,0.013,0.013,16400000,0
OV,03/02/2010,0.014,0.014,0.013,0.014,90100000,0
OV,03/03/2010,0.014,0.014,0.013,0.014,4600000,0
OV,03/04/2010,0.013,0.014,0.013,0.014,141500000,0
OV,03/05/2010,0.013,0.013,0.013,0.013,91000000,0
OV,03/08/2010,0.013,0.013,0.013,0.013,43400000,0
OV,03/09/2010,0.013,0.013,0.012,0.013,37300000,0
OV,03/10/2010,0.013,0.014,0.012,0.013,135900000,0
OV,03/11/2010,0.013,0.014,0.013,0.014,3800000,0
OV,03/12/2010,0.013,0.013,0.013,0.013,10000000,0
OV,03/15/2010,0.013,0.014,0.013,0.013,138600000,0
OV,03/16/2010,0.013,0.013,0.013,0.013,8700000,0
OV,03/17/2010,0.013,0.013,0.013,0.013,48600000,0
OV,03/18/2010,0.013,0.014,0.013,0.013,37100000,0
OV,03/19/2010,0.013,0.013,0.013,0.013,27000000,0
OV,03/22/2010,0.013,0.013,0.013,0.013,51100000,0
OV,03/23/2010,0.013,0.013,0.013,0.013,32000000,0
OV,03/24/2010,0.012,0.013,0.012,0.013,86400000,0
OV,03/25/2010,0.013,0.013,0.013,0.013,9300000,0
OV,03/26/2010,0.013,0.013,0.012,0.012,24200000,0
OV,03/29/2010,0.012,0.013,0.012,0.013,3000000,0
OV,03/30/2010,0.013,0.013,0.012,0.013,14400000,0
OV,03/31/2010,0.013,0.013,0.012,0.013,17400000,0
OV,04/05/2010,0.013,0.013,0.013,0.013,184100000,0
OV,04/06/2010,0.014,0.015,0.013,0.014,537600000,0
OV,04/07/2010,0.014,0.015,0.014,0.015,112400000,0
OV,04/08/2010,0.014,0.014,0.014,0.014,143000000,0
OV,04/12/2010,0.014,0.015,0.014,0.015,108800000,0
OV,04/13/2010,0.014,0.014,0.014,0.014,219400000,0
OV,04/14/2010,0.014,0.014,0.014,0.014,32200000,0
OV,04/15/2010,0.014,0.015,0.014,0.014,84700000,0
OV,04/16/2010,0.013,0.014,0.013,0.014,40000000,0
OV,04/19/2010,0.014,0.014,0.013,0.014,16300000,0
OV,04/20/2010,0.013,0.014,0.013,0.014,39000000,0
OV,04/21/2010,0.013,0.013,0.013,0.013,16000000,0
OV,04/22/2010,0.013,0.014,0.013,0.014,26300000,0
OV,04/23/2010,0.013,0.014,0.013,0.014,6800000,0
OV,04/26/2010,0.014,0.014,0.014,0.014,40000000,0
OV,04/27/2010,0.014,0.014,0.014,0.014,21000000,0
OV,04/28/2010,0.013,0.013,0.013,0.013,500000,0
OV,04/29/2010,0.013,0.014,0.013,0.014,424600000,0
OV,04/30/2010,0.014,0.014,0.014,0.014,17000000,0
OV,05/04/2010,0.014,0.014,0.014,0.014,10400000,0
OV,05/05/2010,0.013,0.014,0.013,0.014,101100000,0
OV,05/06/2010,0.013,0.014,0.013,0.014,82500000,0
OV,05/07/2010,0.012,0.014,0.012,0.014,43500000,0
OV,05/11/2010,0.013,0.014,0.013,0.014,400000,0
OV,05/12/2010,0.014,0.014,0.013,0.014,36100000,0
OV,05/13/2010,0.013,0.014,0.013,0.014,13300000,0
OV,05/14/2010,0.013,0.014,0.013,0.014,169400000,0
OV,05/17/2010,0.014,0.014,0.013,0.013,81500000,0
OV,05/18/2010,0.013,0.013,0.013,0.013,89200000,0
OV,05/19/2010,0.013,0.013,0.013,0.013,57000000,0
OV,05/20/2010,0.013,0.013,0.013,0.013,6000000,0
OV,05/21/2010,0.012,0.013,0.012,0.013,94100000,0
OV,05/24/2010,0.013,0.013,0.013,0.013,400000,0
OV,05/25/2010,0.012,0.013,0.012,0.013,202100000,0
OV,05/26/2010,0.012,0.013,0.012,0.013,9000000,0
OV,05/27/2010,0.012,0.013,0.012,0.013,1700000,0
OV,05/28/2010,0.013,0.013,0.012,0.013,9300000,0
OV,05/31/2010,0.013,0.013,0.013,0.013,500000,0
OV,06/01/2010,0.013,0.013,0.013,0.013,83600000,0
OV,06/02/2010,0.012,0.013,0.012,0.013,213000000,0
OV,06/03/2010,0.013,0.013,0.012,0.013,19600000,0
OV,06/04/2010,0.013,0.013,0.012,0.013,9100000,0
OV,06/07/2010,0.013,0.013,0.013,0.013,3700000,0
OV,06/08/2010,0.012,0.013,0.012,0.013,600000,0
OV,06/09/2010,0.012,0.012,0.012,0.012,24300000,0
OV,06/10/2010,0.012,0.013,0.012,0.013,20100000,0
OV,06/11/2010,0.013,0.013,0.013,0.013,7100000,0
OV,06/16/2010,0.012,0.012,0.012,0.012,5000000,0
OV,06/17/2010,0.013,0.013,0.013,0.013,1000000,0
OV,06/18/2010,0.012,0.013,0.012,0.013,14000000,0
OV,06/21/2010,0.012,0.012,0.012,0.012,4200000,0
OV,06/22/2010,0.013,0.013,0.012,0.013,658900000,0
OV,06/23/2010,0.013,0.013,0.012,0.013,118900000,0
OV,06/24/2010,0.013,0.013,0.012,0.013,34700000,0
OV,06/25/2010,0.013,0.013,0.012,0.013,64400000,0
OV,06/28/2010,0.013,0.013,0.013,0.013,198900000,0
OV,06/29/2010,0.013,0.013,0.013,0.013,47700000,0
OV,07/01/2010,0.013,0.013,0.013,0.013,9100000,0
OV,07/02/2010,0.013,0.013,0.012,0.013,15700000,0
OV,07/05/2010,0.012,0.013,0.012,0.013,2300000,0
OV,07/06/2010,0.012,0.012,0.012,0.012,900000,0
OV,07/07/2010,0.013,0.013,0.012,0.013,127300000,0
OV,07/08/2010,0.012,0.013,0.012,0.013,56400000,0
OV,07/09/2010,0.012,0.013,0.012,0.012,318000000,0
OV,07/12/2010,0.012,0.013,0.012,0.013,2200000,0
OV,07/13/2010,0.013,0.013,0.012,0.013,70300000,0
OV,07/14/2010,0.013,0.013,0.013,0.013,197700000,0
OV,07/15/2010,0.013,0.013,0.013,0.013,21100000,0
OV,07/16/2010,0.013,0.013,0.013,0.013,5100000,0
OV,07/20/2010,0.012,0.013,0.012,0.013,95400000,0
OV,07/21/2010,0.013,0.013,0.012,0.013,324400000,0
OV,07/22/2010,0.013,0.013,0.013,0.013,113200000,0
OV,07/23/2010,0.013,0.013,0.013,0.013,96900000,0
OV,07/26/2010,0.014,0.014,0.013,0.013,7700000,0
OV,07/27/2010,0.013,0.013,0.012,0.012,3300000,0
OV,07/28/2010,0.013,0.014,0.012,0.014,43700000,0
OV,07/29/2010,0.013,0.013,0.013,0.013,66200000,0
OV,07/30/2010,0.013,0.013,0.012,0.013,30500000,0
OV,08/02/2010,0.013,0.013,0.013,0.013,7100000,0
OV,08/03/2010,0.013,0.013,0.013,0.013,47100000,0
OV,08/04/2010,0.013,0.013,0.012,0.012,21000000,0
OV,08/05/2010,0.013,0.013,0.013,0.013,29300000,0
OV,08/06/2010,0.013,0.014,0.013,0.014,47800000,0
OV,08/09/2010,0.014,0.014,0.013,0.013,23700000,0
OV,08/10/2010,0.013,0.013,0.013,0.013,26400000,0
OV,08/11/2010,0.013,0.013,0.012,0.012,89500000,0
OV,08/12/2010,0.013,0.013,0.013,0.013,58100000,0
OV,08/13/2010,0.013,0.013,0.013,0.013,82000000,0
OV,08/16/2010,0.013,0.014,0.013,0.013,185900000,0
OV,08/17/2010,0.013,0.013,0.013,0.013,11900000,0
OV,08/18/2010,0.013,0.014,0.013,0.014,15900000,0
OV,08/19/2010,0.014,0.014,0.013,0.014,24400000,0
OV,08/20/2010,0.013,0.014,0.013,0.014,37600000,0
OV,08/23/2010,0.014,0.014,0.013,0.013,13800000,0
OV,08/24/2010,0.013,0.013,0.013,0.013,24800000,0
OV,08/25/2010,0.013,0.013,0.013,0.013,30400000,0
OV,08/26/2010,0.013,0.013,0.013,0.013,22300000,0
OV,08/27/2010,0.013,0.013,0.013,0.013,19700000,0
OV,08/31/2010,0.013,0.013,0.013,0.013,4000000,0
OV,09/01/2010,0.012,0.013,0.012,0.013,5600000,0
OV,09/02/2010,0.013,0.013,0.013,0.013,80000000,0
OV,09/03/2010,0.013,0.013,0.013,0.013,77600000,0
OV,09/06/2010,0.014,0.014,0.013,0.013,719900000,0
OV,09/07/2010,0.014,0.014,0.013,0.013,76900000,0
OV,09/08/2010,0.013,0.014,0.013,0.014,13500000,0
OV,09/09/2010,0.013,0.014,0.013,0.014,53900000,0
OV,09/13/2010,0.013,0.014,0.013,0.014,136900000,0
OV,09/14/2010,0.014,0.014,0.013,0.014,44800000,0
OV,09/15/2010,0.014,0.014,0.013,0.013,75400000,0
OV,09/16/2010,0.014,0.014,0.013,0.013,121800000,0
OV,09/17/2010,0.014,0.014,0.014,0.014,94500000,0
OV,09/20/2010,0.014,0.015,0.014,0.014,173200000,0
OV,09/21/2010,0.015,0.015,0.014,0.015,133800000,0
OV,09/22/2010,0.014,0.015,0.014,0.015,17300000,0
OV,09/23/2010,0.015,0.015,0.014,0.015,58600000,0
OV,09/24/2010,0.014,0.014,0.014,0.014,135400000,0
OV,09/27/2010,0.014,0.015,0.014,0.014,92900000,0
OV,09/28/2010,0.014,0.014,0.014,0.014,236300000,0
OV,09/29/2010,0.014,0.014,0.014,0.014,86100000,0
OV,09/30/2010,0.013,0.014,0.013,0.014,47400000,0
OV,10/01/2010,0.014,0.014,0.013,0.014,69500000,0
OV,10/04/2010,0.014,0.014,0.014,0.014,62000000,0
OV,10/05/2010,0.014,0.015,0.013,0.014,250300000,0
OV,10/06/2010,0.014,0.015,0.014,0.015,65100000,0
OV,10/07/2010,0.014,0.015,0.014,0.015,22100000,0
OV,10/08/2010,0.015,0.015,0.014,0.014,155500000,0
OV,10/11/2010,0.014,0.014,0.014,0.014,117100000,0
OV,10/12/2010,0.013,0.014,0.013,0.014,32800000,0
OV,10/13/2010,0.014,0.014,0.014,0.014,30000000,0
OV,10/14/2010,0.014,0.014,0.014,0.014,39000000,0
OV,10/15/2010,0.014,0.014,0.014,0.014,32200000,0
OV,10/18/2010,0.014,0.014,0.014,0.014,18400000,0
OV,10/19/2010,0.014,0.014,0.013,0.013,50000000,0
OV,10/20/2010,0.013,0.014,0.013,0.014,1600000,0
OV,10/21/2010,0.013,0.013,0.013,0.013,5300000,0
OV,10/22/2010,0.013,0.014,0.013,0.014,80300000,0
OV,10/26/2010,0.013,0.014,0.013,0.013,42100000,0
OV,10/27/2010,0.013,0.015,0.013,0.014,310400000,0
OV,10/28/2010,0.014,0.014,0.014,0.014,337700000,0
OV,10/29/2010,0.014,0.015,0.013,0.015,33400000,0
OV,11/02/2010,0.014,0.014,0.014,0.014,11400000,0
OV,11/03/2010,0.014,0.015,0.014,0.015,40100000,0
OV,11/04/2010,0.014,0.015,0.014,0.015,47500000,0
OV,11/05/2010,0.015,0.015,0.014,0.014,173600000,0
OV,11/08/2010,0.014,0.014,0.014,0.014,22900000,0
OV,11/09/2010,0.014,0.015,0.014,0.015,86500000,0
OV,11/10/2010,0.014,0.014,0.013,0.014,95500000,0
OV,11/11/2010,0.014,0.014,0.014,0.014,5600000,0
OV,11/12/2010,0.013,0.014,0.013,0.014,37800000,0
OV,11/15/2010,0.014,0.014,0.014,0.014,16000000,0
OV,11/17/2010,0.014,0.014,0.014,0.014,4000000,0
OV,11/19/2010,0.013,0.014,0.013,0.014,80100000,0
OV,11/23/2010,0.013,0.014,0.013,0.014,169700000,0
OV,11/24/2010,0.013,0.014,0.012,0.014,136700000,0
OV,11/25/2010,0.013,0.014,0.013,0.014,9300000,0
OV,11/26/2010,0.014,0.014,0.013,0.013,3900000,0
OV,11/30/2010,0.013,0.014,0.012,0.012,53300000,0
OV,12/01/2010,0.013,0.013,0.013,0.013,69000000,0
OV,12/02/2010,0.013,0.013,0.013,0.013,16700000,0
OV,12/03/2010,0.013,0.013,0.013,0.013,21600000,0
OV,12/06/2010,0.013,0.014,0.013,0.014,13600000,0
OV,12/07/2010,0.013,0.014,0.013,0.014,19200000,0
OV,12/08/2010,0.014,0.014,0.013,0.014,91800000,0
OV,12/09/2010,0.013,0.013,0.013,0.013,7000000,0
OV,12/10/2010,0.013,0.013,0.013,0.013,46700000,0
OV,12/13/2010,0.013,0.014,0.013,0.013,38700000,0
OV,12/14/2010,0.013,0.014,0.013,0.013,16500000,0
OV,12/15/2010,0.013,0.014,0.013,0.014,5100000,0
OV,12/16/2010,0.013,0.014,0.013,0.014,16100000,0
OV,12/17/2010,0.014,0.014,0.013,0.014,47100000,0
OV,12/20/2010,0.014,0.014,0.013,0.014,15100000,0
OV,12/21/2010,0.014,0.014,0.013,0.014,112700000,0
OV,12/22/2010,0.014,0.014,0.014,0.014,368100000,0
OV,12/23/2010,0.014,0.015,0.014,0.014,113000000,0
OV,12/28/2010,0.014,0.015,0.014,0.015,10800000,0
OV,12/29/2010,0.015,0.015,0.014,0.015,39300000,0
OV,12/30/2010,0.015,0.015,0.014,0.015,160800000,0
OV,01/03/2011,0.015,0.015,0.014,0.015,815400000,0
OV,01/04/2011,0.015,0.016,0.014,0.015,144400000,0
OV,01/05/2011,0.015,0.015,0.014,0.014,30200000,0
OV,01/06/2011,0.014,0.015,0.014,0.014,299300000,0
OV,01/07/2011,0.014,0.015,0.014,0.014,60100000,0
OV,01/10/2011,0.014,0.015,0.014,0.015,34600000,0
OV,01/11/2011,0.015,0.015,0.015,0.015,20100000,0
OV,01/12/2011,0.014,0.015,0.014,0.015,42500000,0
OV,01/13/2011,0.015,0.015,0.015,0.015,2000000,0
OV,01/14/2011,0.015,0.015,0.014,0.015,126000000,0
OV,01/17/2011,0.015,0.015,0.014,0.015,64700000,0
OV,01/18/2011,0.015,0.015,0.014,0.015,7400000,0
OV,01/19/2011,0.015,0.015,0.014,0.015,16900000,0
OV,01/20/2011,0.015,0.015,0.014,0.014,94000000,0
OV,01/21/2011,0.014,0.015,0.014,0.015,25000000,0
OV,01/24/2011,0.014,0.015,0.014,0.015,95800000,0
OV,01/25/2011,0.014,0.015,0.014,0.015,16700000,0
OV,01/26/2011,0.014,0.015,0.014,0.015,55900000,0
OV,01/27/2011,0.014,0.014,0.014,0.014,45500000,0
OV,01/28/2011,0.014,0.014,0.014,0.014,34700000,0
OV,01/31/2011,0.014,0.014,0.014,0.014,70700000,0
OV,02/01/2011,0.014,0.014,0.014,0.014,26500000,0
OV,02/02/2011,0.014,0.014,0.014,0.014,11200000,0
OV,02/03/2011,0.014,0.014,0.014,0.014,3900000,0
OV,02/04/2011,0.014,0.014,0.014,0.014,102300000,0
OV,02/07/2011,0.014,0.014,0.014,0.014,89100000,0
OV,02/08/2011,0.014,0.014,0.014,0.014,97000000,0
OV,02/09/2011,0.014,0.014,0.014,0.014,54900000,0
OV,02/10/2011,0.014,0.014,0.013,0.013,26400000,0
OV,02/11/2011,0.014,0.014,0.014,0.014,15000000,0
OV,02/14/2011,0.014,0.014,0.014,0.014,7400000,0
OV,02/16/2011,0.013,0.014,0.013,0.014,2500000,0
OV,02/18/2011,0.014,0.014,0.014,0.014,22500000,0
OV,02/21/2011,0.014,0.014,0.014,0.014,400000,0
OV,02/22/2011,0.014,0.014,0.014,0.014,66000000,0
OV,02/23/2011,0.014,0.014,0.014,0.014,129800000,0
OV,02/24/2011,0.015,0.016,0.015,0.015,822600000,0
OV,02/25/2011,0.015,0.015,0.015,0.015,153700000,0
OV,02/28/2011,0.015,0.015,0.015,0.015,10500000,0
OV,03/01/2011,0.015,0.015,0.014,0.015,290700000,0
OV,03/02/2011,0.015,0.016,0.015,0.015,300400000,0
OV,03/03/2011,0.015,0.015,0.015,0.015,191400000,0
OV,03/04/2011,0.015,0.016,0.015,0.015,115100000,0
OV,03/07/2011,0.015,0.015,0.015,0.015,193300000,0
OV,03/08/2011,0.015,0.015,0.014,0.015,46000000,0
OV,03/09/2011,0.015,0.015,0.014,0.015,6200000,0
OV,03/10/2011,0.014,0.014,0.014,0.014,5600000,0
OV,03/11/2011,0.014,0.014,0.014,0.014,13600000,0
OV,03/14/2011,0.015,0.015,0.015,0.015,400000,0
OV,03/15/2011,0.014,0.014,0.014,0.014,34900000,0
OV,03/17/2011,0.014,0.014,0.014,0.014,37300000,0
OV,03/18/2011,0.014,0.015,0.014,0.014,4400000,0
OV,03/21/2011,0.015,0.015,0.014,0.014,44900000,0
OV,03/22/2011,0.014,0.014,0.014,0.014,33100000,0
OV,03/23/2011,0.014,0.014,0.014,0.014,29000000,0
OV,03/24/2011,0.014,0.015,0.014,0.015,68000000,0
OV,03/25/2011,0.014,0.014,0.014,0.014,10200000,0
OV,03/28/2011,0.014,0.014,0.014,0.014,4300000,0
OV,03/29/2011,0.014,0.014,0.014,0.014,124000000,0
OV,03/30/2011,0.014,0.015,0.014,0.015,11500000,0
OV,03/31/2011,0.014,0.014,0.014,0.014,39300000,0
OV,04/01/2011,0.014,0.015,0.014,0.015,156800000,0
OV,04/04/2011,0.014,0.014,0.014,0.014,28300000,0
OV,04/05/2011,0.014,0.015,0.014,0.014,17800000,0
OV,04/07/2011,0.014,0.014,0.014,0.014,35500000,0
OV,04/08/2011,0.014,0.014,0.014,0.014,121000000,0
OV,04/11/2011,0.014,0.014,0.014,0.014,55900000,0
OV,04/12/2011,0.014,0.014,0.014,0.014,45200000,0
OV,04/13/2011,0.014,0.014,0.013,0.013,79800000,0
OV,04/14/2011,0.014,0.014,0.014,0.014,149900000,0
OV,04/15/2011,0.014,0.014,0.013,0.013,97300000,0
OV,04/18/2011,0.014,0.014,0.014,0.014,226100000,0
OV,04/19/2011,0.014,0.014,0.013,0.014,6200000,0
OV,04/20/2011,0.014,0.014,0.013,0.014,76600000,0
OV,04/25/2011,0.014,0.014,0.014,0.014,108600000,0
OV,04/26/2011,0.014,0.014,0.013,0.013,1500000,0
OV,04/27/2011,0.013,0.014,0.013,0.014,17900000,0
OV,04/28/2011,0.014,0.014,0.014,0.014,10000000,0
OV,05/02/2011,0.014,0.014,0.013,0.014,115000000,0
OV,05/03/2011,0.013,0.013,0.013,0.013,2924900000,0
OV,05/04/2011,0.013,0.014,0.013,0.014,144400000,0
OV,05/05/2011,0.013,0.014,0.013,0.014,397100000,0
OV,05/06/2011,0.014,0.014,0.014,0.014,91000000,0
OV,05/09/2011,0.013,0.014,0.013,0.014,4176400000,0
OV,05/10/2011,0.014,0.015,0.013,0.014,249100000,0
OV,05/11/2011,0.014,0.014,0.014,0.014,3800000,0
OV,05/12/2011,0.014,0.014,0.014,0.014,150900000,0
OV,05/13/2011,0.014,0.015,0.014,0.014,236300000,0
OV,05/16/2011,0.015,0.017,0.015,0.017,3675200000,0
OV,05/17/2011,0.018,0.018,0.016,0.016,1021100000,0
OV,05/18/2011,0.016,0.016,0.015,0.015,452100000,0
OV,05/19/2011,0.016,0.018,0.016,0.018,3197700000,0
OV,05/20/2011,0.018,0.019,0.018,0.018,2024100000,0
OV,05/23/2011,0.018,0.02,0.018,0.019,2016000000,0
OV,05/24/2011,0.018,0.019,0.018,0.018,2021100000,0
OV,05/25/2011,0.018,0.019,0.018,0.018,1149400000,0
OV,05/26/2011,0.019,0.021,0.019,0.021,3915800000,0
OV,05/27/2011,0.02,0.022,0.02,0.022,3675100000,0
OV,05/30/2011,0.022,0.023,0.02,0.022,1165300000,0
OV,05/31/2011,0.021,0.022,0.021,0.022,344100000,0
OV,06/01/2011,0.021,0.022,0.021,0.021,454200000,0
OV,06/02/2011,0.021,0.022,0.021,0.021,415000000,0
OV,06/03/2011,0.021,0.021,0.02,0.021,103100000,0
OV,06/06/2011,0.02,0.02,0.019,0.019,1346500000,0
OV,06/07/2011,0.019,0.019,0.018,0.019,574000000,0
OV,06/08/2011,0.019,0.02,0.019,0.019,116400000,0
OV,06/09/2011,0.019,0.02,0.019,0.019,103000000,0
OV,06/10/2011,0.019,0.02,0.019,0.02,183500000,0
OV,06/13/2011,0.019,0.02,0.019,0.019,49900000,0
OV,06/14/2011,0.019,0.019,0.018,0.018,380900000,0
OV,06/15/2011,0.018,0.018,0.018,0.018,444000000,0
OV,06/16/2011,0.018,0.018,0.017,0.018,228700000,0
OV,06/17/2011,0.018,0.019,0.018,0.018,151600000,0
OV,06/21/2011,0.018,0.018,0.018,0.018,40900000,0
OV,06/22/2011,0.018,0.02,0.018,0.02,1261500000,0
OV,06/23/2011,0.02,0.02,0.019,0.02,279200000,0
OV,06/24/2011,0.019,0.022,0.019,0.021,2580200000,0
OV,06/27/2011,0.021,0.021,0.02,0.02,488800000,0
OV,06/28/2011,0.02,0.021,0.02,0.02,69700000,0
OV,06/29/2011,0.021,0.021,0.02,0.02,57500000,0
OV,06/30/2011,0.02,0.021,0.02,0.02,168500000,0
OV,07/01/2011,0.02,0.02,0.02,0.02,161200000,0
OV,07/04/2011,0.02,0.021,0.02,0.02,54300000,0
OV,07/05/2011,0.02,0.02,0.02,0.02,228000000,0
OV,07/06/2011,0.02,0.021,0.02,0.02,109200000,0
OV,07/07/2011,0.021,0.021,0.02,0.02,85800000,0
OV,07/08/2011,0.02,0.021,0.02,0.021,136100000,0
OV,07/11/2011,0.021,0.021,0.02,0.02,239000000,0
OV,07/12/2011,0.02,0.021,0.02,0.02,216400000,0
OV,07/13/2011,0.02,0.02,0.02,0.02,165000000,0
OV,07/14/2011,0.02,0.021,0.02,0.02,357300000,0
OV,07/15/2011,0.02,0.02,0.02,0.02,235100000,0
OV,07/18/2011,0.02,0.021,0.02,0.021,63200000,0
OV,07/19/2011,0.021,0.021,0.02,0.02,72000000,0
OV,07/20/2011,0.02,0.021,0.02,0.02,328400000,0
OV,07/21/2011,0.02,0.02,0.02,0.02,82800000,0
OV,07/22/2011,0.02,0.021,0.02,0.02,102100000,0
OV,07/25/2011,0.02,0.021,0.02,0.02,99800000,0
OV,07/26/2011,0.021,0.021,0.02,0.02,151700000,0
OV,07/27/2011,0.02,0.02,0.02,0.02,143100000,0
OV,07/28/2011,0.02,0.02,0.02,0.02,113500000,0
OV,07/29/2011,0.02,0.021,0.02,0.02,173800000,0
OV,08/01/2011,0.02,0.021,0.02,0.02,26900000,0
OV,08/02/2011,0.02,0.021,0.02,0.021,52800000,0
OV,08/03/2011,0.02,0.021,0.02,0.021,25400000,0
OV,08/04/2011,0.021,0.023,0.021,0.022,2280300000,0
OV,08/05/2011,0.02,0.021,0.019,0.021,894600000,0
OV,08/08/2011,0.02,0.021,0.019,0.02,634800000,0
OV,08/09/2011,0.018,0.019,0.017,0.017,1120800000,0
OV,08/10/2011,0.019,0.02,0.019,0.02,594000000,0
OV,08/11/2011,0.019,0.02,0.018,0.019,559400000,0
OV,08/12/2011,0.019,0.02,0.019,0.02,251600000,0
OV,08/15/2011,0.02,0.02,0.019,0.02,139300000,0
OV,08/16/2011,0.02,0.021,0.02,0.021,688900000,0
OV,08/17/2011,0.021,0.021,0.021,0.021,588100000,0
OV,08/18/2011,0.021,0.021,0.02,0.021,70200000,0
OV,08/19/2011,0.02,0.02,0.02,0.02,363100000,0
OV,08/22/2011,0.02,0.02,0.019,0.019,72000000,0
OV,08/23/2011,0.019,0.021,0.019,0.02,291500000,0
OV,08/24/2011,0.02,0.02,0.019,0.019,151500000,0
OV,08/25/2011,0.02,0.02,0.019,0.02,163400000,0
OV,08/26/2011,0.02,0.021,0.02,0.02,156500000,0
OV,08/31/2011,0.02,0.021,0.02,0.021,183500000,0
OV,09/01/2011,0.021,0.021,0.02,0.02,37400000,0
OV,09/02/2011,0.021,0.021,0.02,0.02,45200000,0
OV,09/05/2011,0.02,0.021,0.02,0.021,24400000,0
OV,09/06/2011,0.021,0.021,0.02,0.02,52000000,0
OV,09/07/2011,0.02,0.021,0.019,0.02,105600000,0
OV,09/08/2011,0.02,0.02,0.02,0.02,33500000,0
OV,09/09/2011,0.021,0.021,0.019,0.02,77300000,0
OV,09/12/2011,0.021,0.021,0.019,0.02,89200000,0
OV,09/13/2011,0.02,0.02,0.02,0.02,26500000,0
OV,09/14/2011,0.019,0.02,0.019,0.02,312800000,0
OV,09/15/2011,0.02,0.02,0.02,0.02,5300000,0
OV,09/16/2011,0.019,0.019,0.019,0.019,46500000,0
OV,09/19/2011,0.019,0.02,0.019,0.02,21300000,0
OV,09/20/2011,0.02,0.02,0.019,0.019,200100000,0
OV,09/21/2011,0.02,0.02,0.02,0.02,560000000,0
OV,09/22/2011,0.019,0.02,0.019,0.019,41400000,0
OV,09/23/2011,0.019,0.019,0.018,0.018,672700000,0
OV,09/26/2011,0.018,0.019,0.017,0.017,233400000,0
OV,09/28/2011,0.019,0.019,0.018,0.018,26200000,0
OV,09/29/2011,0.018,0.018,0.018,0.018,55500000,0
OV,09/30/2011,0.019,0.019,0.019,0.019,32400000,0
OV,10/03/2011,0.018,0.018,0.018,0.018,12400000,0
OV,10/04/2011,0.019,0.019,0.018,0.018,118300000,0
OV,10/05/2011,0.018,0.018,0.018,0.018,4000000,0
OV,10/06/2011,0.019,0.019,0.019,0.019,126900000,0
OV,10/07/2011,0.019,0.02,0.019,0.019,38000000,0
OV,10/10/2011,0.018,0.019,0.018,0.019,30800000,0
OV,10/11/2011,0.019,0.019,0.019,0.019,58600000,0
OV,10/12/2011,0.019,0.019,0.018,0.019,35900000,0
OV,10/13/2011,0.019,0.019,0.019,0.019,42600000,0
OV,10/14/2011,0.019,0.019,0.019,0.019,9100000,0
OV,10/17/2011,0.019,0.019,0.019,0.019,66100000,0
OV,10/18/2011,0.019,0.02,0.019,0.019,141100000,0
OV,10/19/2011,0.019,0.019,0.018,0.019,148000000,0
OV,10/20/2011,0.019,0.019,0.019,0.019,168500000,0
OV,10/21/2011,0.019,0.019,0.019,0.019,115200000,0
OV,10/24/2011,0.019,0.02,0.019,0.02,35100000,0
OV,10/25/2011,0.019,0.019,0.019,0.019,54300000,0
OV,10/26/2011,0.019,0.019,0.019,0.019,180800000,0
OV,10/27/2011,0.019,0.019,0.019,0.019,107400000,0
OV,10/28/2011,0.019,0.019,0.019,0.019,94700000,0
OV,11/02/2011,0.019,0.019,0.019,0.019,23100000,0
OV,11/03/2011,0.019,0.019,0.019,0.019,125300000,0
OV,11/08/2011,0.019,0.019,0.019,0.019,432000000,0
OV,11/09/2011,0.02,0.022,0.02,0.021,2210900000,0
OV,11/10/2011,0.021,0.022,0.021,0.021,1236800000,0
OV,11/11/2011,0.022,0.022,0.021,0.022,121600000,0
OV,11/14/2011,0.022,0.023,0.022,0.022,842900000,0
OV,11/15/2011,0.022,0.022,0.021,0.021,152200000,0
OV,11/16/2011,0.021,0.023,0.021,0.021,668400000,0
OV,11/17/2011,0.022,0.022,0.021,0.021,667500000,0
OV,11/18/2011,0.022,0.022,0.021,0.021,129200000,0
OV,11/21/2011,0.021,0.022,0.021,0.022,207200000,0
OV,11/22/2011,0.021,0.022,0.021,0.022,45400000,0
OV,11/23/2011,0.021,0.021,0.02,0.021,116600000,0
OV,11/24/2011,0.021,0.021,0.02,0.021,5500000,0
OV,11/25/2011,0.021,0.021,0.02,0.021,38500000,0
OV,11/28/2011,0.021,0.021,0.02,0.021,35800000,0
OV,11/29/2011,0.021,0.021,0.021,0.021,114500000,0
OV,12/01/2011,0.02,0.022,0.02,0.021,90600000,0
OV,12/02/2011,0.021,0.022,0.021,0.021,136300000,0
OV,12/05/2011,0.021,0.022,0.021,0.021,86800000,0
OV,12/06/2011,0.021,0.022,0.021,0.022,160100000,0
OV,12/07/2011,0.021,0.021,0.021,0.021,65500000,0
OV,12/08/2011,0.021,0.022,0.021,0.021,70800000,0
OV,12/09/2011,0.022,0.022,0.02,0.02,34300000,0
OV,12/12/2011,0.021,0.021,0.02,0.02,86800000,0
OV,12/13/2011,0.02,0.02,0.02,0.02,1000000,0
OV,12/14/2011,0.02,0.021,0.02,0.021,197100000,0
OV,12/15/2011,0.021,0.021,0.02,0.021,18600000,0
OV,12/16/2011,0.021,0.021,0.02,0.02,20800000,0
OV,12/19/2011,0.02,0.02,0.02,0.02,6600000,0
OV,12/20/2011,0.02,0.021,0.02,0.021,114200000,0
OV,12/21/2011,0.021,0.021,0.02,0.02,3700000,0
OV,12/22/2011,0.02,0.021,0.02,0.02,79300000,0
OV,12/23/2011,0.021,0.021,0.021,0.021,328900000,0
OV,12/26/2011,0.021,0.021,0.021,0.021,101600000,0
OV,12/27/2011,0.021,0.022,0.021,0.021,104300000,0
OV,12/28/2011,0.022,0.023,0.022,0.022,2029400000,0
OV,12/29/2011,0.022,0.022,0.021,0.022,328700000,0
OV,01/02/2012,0.022,0.022,0.021,0.022,107900000,0
OV,01/03/2012,0.022,0.024,0.022,0.024,1016300000,0
OV,01/04/2012,0.024,0.025,0.023,0.025,1426200000,0
OV,01/05/2012,0.025,0.027,0.025,0.026,2789100000,0
OV,01/06/2012,0.026,0.027,0.025,0.025,966000000,0
OV,01/09/2012,0.026,0.026,0.025,0.025,762400000,0
OV,01/10/2012,0.025,0.026,0.024,0.025,1111400000,0
OV,01/11/2012,0.024,0.026,0.024,0.026,623300000,0
OV,01/12/2012,0.025,0.026,0.025,0.026,1257000000,0
OV,01/13/2012,0.025,0.026,0.025,0.025,708500000,0
OV,01/16/2012,0.025,0.026,0.025,0.026,238400000,0
OV,01/17/2012,0.026,0.027,0.026,0.027,1172400000,0
OV,01/18/2012,0.027,0.028,0.026,0.027,1401000000,0
OV,01/19/2012,0.027,0.028,0.027,0.027,304900000,0
OV,01/20/2012,0.028,0.028,0.027,0.028,240700000,0
OV,01/24/2012,0.028,0.028,0.027,0.027,100800000,0
OV,01/25/2012,0.027,0.029,0.027,0.028,1495900000,0
OV,01/26/2012,0.029,0.029,0.027,0.027,1659300000,0
OV,01/27/2012,0.028,0.029,0.028,0.028,1124100000,0
OV,01/30/2012,0.029,0.03,0.028,0.028,1063600000,0
OV,01/31/2012,0.028,0.029,0.028,0.029,143100000,0
OV,02/01/2012,0.029,0.029,0.028,0.029,18400000,0
OV,02/02/2012,0.029,0.03,0.028,0.03,2650600000,0
OV,02/03/2012,0.03,0.033,0.03,0.032,3882500000,0
OV,02/06/2012,0.032,0.034,0.032,0.033,952900000,0
OV,02/07/2012,0.033,0.033,0.031,0.032,2163000000,0
OV,02/08/2012,0.032,0.034,0.032,0.033,1035900000,0
