PHA,02/04/1999,0.6,0.61,0.6,0.6,1070000,0
PHA,02/05/1999,0.6,0.6,0.59,0.59,730000,0
PHA,02/08/1999,0.6,0.6,0.59,0.59,730000,0
PHA,02/09/1999,0.6,0.6,0.59,0.59,730000,0
PHA,02/10/1999,0.6,0.6,0.59,0.59,730000,0
PHA,02/11/1999,0.6,0.6,0.59,0.59,730000,0
PHA,02/12/1999,0.57,0.57,0.57,0.57,400000,0
PHA,02/15/1999,0.57,0.57,0.56,0.56,2100000,0
PHA,02/16/1999,0.55,0.55,0.54,0.54,660000,0
PHA,02/17/1999,0.55,0.57,0.55,0.56,740000,0
PHA,02/18/1999,0.56,0.56,0.56,0.56,2990000,0
PHA,02/19/1999,0.55,0.55,0.52,0.53,2310000,0
PHA,02/23/1999,0.54,0.54,0.54,0.54,300000,0
PHA,02/24/1999,0.52,0.53,0.5,0.52,690000,0
PHA,02/25/1999,0.52,0.52,0.5,0.5,350000,0
PHA,02/26/1999,0.53,0.54,0.53,0.53,9230000,0
PHA,03/01/1999,0.53,0.53,0.53,0.53,1740000,0
PHA,03/02/1999,0.54,0.54,0.54,0.54,590000,0
PHA,03/03/1999,0.53,0.53,0.53,0.53,220000,0
PHA,03/04/1999,0.53,0.53,0.53,0.53,1020000,0
PHA,03/05/1999,0.54,0.54,0.53,0.54,1090000,0
PHA,03/08/1999,0.53,0.53,0.53,0.53,160000,0
PHA,03/09/1999,0.53,0.53,0.5,0.5,1800000,0
PHA,03/10/1999,0.49,0.49,0.46,0.48,3650000,0
PHA,03/11/1999,0.48,0.48,0.48,0.48,2980000,0
PHA,03/12/1999,0.48,0.48,0.48,0.48,520000,0
PHA,03/15/1999,0.5,0.5,0.48,0.49,10520000,0
PHA,03/16/1999,0.49,0.49,0.49,0.49,750000,0
PHA,03/17/1999,0.49,0.49,0.48,0.48,200000,0
PHA,03/18/1999,0.49,0.5,0.49,0.5,1060000,0
PHA,03/19/1999,0.51,0.51,0.5,0.5,530000,0
PHA,03/22/1999,0.49,0.49,0.49,0.49,110000,0
PHA,03/23/1999,0.49,0.52,0.49,0.51,1710000,0
PHA,03/24/1999,0.51,0.55,0.49,0.54,4210000,0
PHA,03/25/1999,0.53,0.53,0.52,0.52,920000,0
PHA,03/29/1999,0.51,0.52,0.5,0.52,690000,0
PHA,03/30/1999,0.52,0.53,0.52,0.52,1030000,0
PHA,03/31/1999,0.51,0.56,0.51,0.54,11200000,0
PHA,04/05/1999,0.55,0.61,0.55,0.59,2270000,0
PHA,04/06/1999,0.59,0.59,0.57,0.57,1030000,0
PHA,04/07/1999,0.58,0.6,0.58,0.6,2840000,0
PHA,04/08/1999,0.59,0.63,0.59,0.63,3910000,0
PHA,04/12/1999,0.65,0.66,0.63,0.63,4000000,0
PHA,04/13/1999,0.61,0.61,0.6,0.61,510000,0
PHA,04/14/1999,0.61,0.61,0.61,0.61,600000,0
PHA,04/15/1999,0.62,0.62,0.58,0.59,9650000,0
PHA,04/16/1999,0.57,0.58,0.56,0.58,1400000,0
PHA,04/19/1999,0.57,0.58,0.57,0.58,750000,0
PHA,04/20/1999,0.58,0.6,0.58,0.6,2170000,0
PHA,04/21/1999,0.6,0.6,0.58,0.6,1150000,0
PHA,04/22/1999,0.59,0.6,0.59,0.6,2090000,0
PHA,04/23/1999,0.6,0.61,0.58,0.58,2630000,0
PHA,04/26/1999,0.58,0.59,0.58,0.59,3730000,0
PHA,04/27/1999,0.6,0.61,0.58,0.6,7090000,0
PHA,04/28/1999,0.61,0.63,0.61,0.62,2390000,0
PHA,04/29/1999,0.61,0.64,0.61,0.63,1530000,0
PHA,04/30/1999,0.63,0.66,0.63,0.66,13450000,0
PHA,05/03/1999,0.67,0.67,0.64,0.64,970000,0
PHA,05/04/1999,0.64,0.64,0.63,0.63,730000,0
PHA,05/05/1999,0.64,0.69,0.64,0.69,1630000,0
PHA,05/06/1999,0.7,0.74,0.69,0.74,8110000,0
PHA,05/07/1999,0.75,0.8,0.72,0.72,4990000,0
PHA,05/10/1999,0.72,0.73,0.67,0.68,2510000,0
PHA,05/11/1999,0.7,0.7,0.67,0.67,3320000,0
PHA,05/12/1999,0.67,0.67,0.67,0.67,630000,0
PHA,05/13/1999,0.66,0.67,0.64,0.67,380000,0
PHA,05/14/1999,0.63,0.66,0.63,0.66,8580000,0
PHA,05/17/1999,0.63,0.63,0.62,0.62,600000,0
PHA,05/19/1999,0.68,0.68,0.62,0.62,1600000,0
PHA,05/20/1999,0.62,0.62,0.59,0.59,1200000,0
PHA,05/21/1999,0.6,0.61,0.6,0.61,690000,0
PHA,05/24/1999,0.62,0.63,0.6,0.61,2680000,0
PHA,05/25/1999,0.61,0.65,0.61,0.64,1470000,0
PHA,05/26/1999,0.65,0.77,0.65,0.72,7490000,0
PHA,05/27/1999,0.73,0.73,0.69,0.7,1570000,0
PHA,05/28/1999,0.66,0.7,0.66,0.68,1240000,0
PHA,05/31/1999,0.69,0.73,0.68,0.68,12030000,0
PHA,06/01/1999,0.7,0.74,0.7,0.71,6100000,0
PHA,06/02/1999,0.72,1.04,0.72,1.02,116170000,0
PHA,06/03/1999,1.16,1.22,1.06,1.1,232706000,0
PHA,06/04/1999,1.12,1.16,0.85,0.89,166443000,0
PHA,06/07/1999,0.87,0.94,0.75,0.77,115560000,0
PHA,06/08/1999,0.8,0.84,0.8,0.82,34420000,0
PHA,06/09/1999,0.84,0.97,0.84,0.95,86970000,0
PHA,06/10/1999,0.99,1.08,0.99,1.02,78050000,0
PHA,06/11/1999,1.04,1.06,0.89,0.9,46149000,0
PHA,06/14/1999,0.91,0.96,0.88,0.9,13580000,0
PHA,06/15/1999,0.91,0.91,0.86,0.87,8240000,0
PHA,06/16/1999,0.88,0.91,0.87,0.91,9690000,0
PHA,06/17/1999,0.96,1.06,0.96,1.04,62590000,0
PHA,06/18/1999,1.04,1.12,0.92,0.97,107544000,0
PHA,06/21/1999,1.0,1.04,0.99,1.02,27780000,0
PHA,06/22/1999,1.06,1.06,0.98,0.99,20502000,0
PHA,06/23/1999,1.0,1.0,0.95,0.96,13110000,0
PHA,06/24/1999,0.97,0.98,0.97,0.98,9530000,0
PHA,06/25/1999,0.95,1.02,0.95,0.99,17190000,0
PHA,06/28/1999,0.98,0.98,0.9,0.95,8240000,0
PHA,06/29/1999,0.95,1.0,0.95,0.95,7500000,0
PHA,06/30/1999,0.98,1.12,0.98,1.1,66840000,0
PHA,07/01/1999,1.16,1.16,1.04,1.04,46510000,0
PHA,07/02/1999,1.08,1.1,1.04,1.04,25686000,0
PHA,07/05/1999,1.08,1.08,1.02,1.02,10784000,0
PHA,07/06/1999,1.04,1.06,1.04,1.06,6507000,0
PHA,07/07/1999,1.04,1.06,1.02,1.04,6425000,0
PHA,07/08/1999,1.06,1.14,1.04,1.06,31955000,0
PHA,07/09/1999,1.1,1.18,1.08,1.12,70335000,0
PHA,07/12/1999,1.16,1.38,1.16,1.38,192834000,0
PHA,07/13/1999,1.4,1.5,1.26,1.28,100517000,0
PHA,07/14/1999,1.3,1.36,1.2,1.22,48160000,0
PHA,07/15/1999,1.24,1.3,1.18,1.22,37801000,0
PHA,07/16/1999,1.24,1.28,1.22,1.26,21586000,0
PHA,07/19/1999,1.26,1.34,1.24,1.3,49695000,0
PHA,07/20/1999,1.32,1.32,1.24,1.24,27346000,0
PHA,07/21/1999,1.2,1.22,1.08,1.12,41933000,0
PHA,07/22/1999,1.12,1.16,1.04,1.04,22317000,0
PHA,07/23/1999,1.04,1.06,0.99,1.02,16246000,0
PHA,07/26/1999,1.0,1.0,0.9,0.95,12054000,0
PHA,07/27/1999,0.92,0.92,0.89,0.92,9270000,0
PHA,07/28/1999,0.95,0.98,0.93,0.95,8780000,0
PHA,07/29/1999,0.95,1.06,0.95,1.0,13190000,0
PHA,07/30/1999,0.97,1.0,0.97,1.0,7540000,0
PHA,08/02/1999,1.0,1.0,0.96,0.97,920000,0
PHA,08/04/1999,0.97,1.02,0.97,1.0,8370000,0
PHA,08/05/1999,1.0,1.0,0.97,0.99,4100000,0
PHA,08/06/1999,0.99,1.02,0.95,0.95,10990000,0
PHA,08/09/1999,0.94,0.94,0.91,0.92,5920000,0
PHA,08/10/1999,0.92,0.92,0.89,0.9,4910000,0
PHA,08/11/1999,0.88,0.89,0.8,0.81,13990000,0
PHA,08/12/1999,0.82,0.86,0.82,0.83,4800000,0
PHA,08/13/1999,0.83,0.84,0.82,0.82,9200000,0
PHA,08/16/1999,0.84,0.84,0.82,0.83,2250000,0
PHA,08/17/1999,0.83,0.83,0.8,0.8,6030000,0
PHA,08/18/1999,0.81,0.84,0.79,0.84,3880000,0
PHA,08/19/1999,0.84,0.89,0.84,0.89,2520000,0
PHA,08/20/1999,0.89,0.92,0.87,0.87,2890000,0
PHA,08/23/1999,0.85,0.85,0.85,0.85,20000,0
PHA,08/24/1999,0.87,0.91,0.87,0.88,3040000,0
PHA,08/25/1999,0.89,0.9,0.88,0.88,2600000,0
PHA,08/26/1999,0.88,0.88,0.85,0.86,1950000,0
PHA,08/27/1999,0.86,0.86,0.85,0.85,3900000,0
PHA,08/30/1999,0.84,0.87,0.83,0.87,8900000,0
PHA,08/31/1999,0.85,0.9,0.85,0.89,5010000,0
PHA,09/01/1999,0.9,0.9,0.86,0.86,2160000,0
PHA,09/02/1999,0.86,0.86,0.84,0.85,5360000,0
PHA,09/03/1999,0.85,0.85,0.83,0.84,1520000,0
PHA,09/06/1999,0.86,0.87,0.85,0.86,2320000,0
PHA,09/07/1999,0.86,0.88,0.86,0.88,4170000,0
PHA,09/08/1999,0.88,0.88,0.87,0.87,1400000,0
PHA,09/09/1999,0.84,0.86,0.84,0.85,960000,0
PHA,09/10/1999,0.88,0.88,0.87,0.88,1270000,0
PHA,09/13/1999,0.88,0.88,0.86,0.87,980000,0
PHA,09/14/1999,0.86,0.86,0.85,0.86,1960000,0
PHA,09/17/1999,1.02,1.06,1.0,1.04,30620000,0
PHA,09/20/1999,1.04,1.1,1.0,1.02,12032000,0
PHA,09/21/1999,1.0,1.02,0.97,0.99,4840000,0
PHA,09/22/1999,0.98,1.06,0.98,1.04,9070000,0
PHA,09/23/1999,1.04,1.04,0.99,0.99,6349000,0
PHA,09/24/1999,0.98,0.98,0.94,0.95,5850000,0
PHA,09/27/1999,0.94,0.95,0.9,0.92,1570000,0
PHA,09/28/1999,0.94,0.96,0.93,0.93,1940000,0
PHA,09/29/1999,0.95,0.95,0.93,0.94,1500000,0
PHA,09/30/1999,0.92,0.93,0.91,0.92,4830000,0
PHA,10/01/1999,0.92,0.96,0.92,0.95,4240000,0
PHA,10/04/1999,0.95,1.0,0.95,0.95,4400000,0
PHA,10/05/1999,0.97,0.97,0.93,0.93,3030000,0
PHA,10/06/1999,0.94,0.94,0.92,0.92,3810000,0
PHA,10/07/1999,0.91,0.91,0.89,0.9,2020000,0
PHA,10/08/1999,0.9,0.92,0.89,0.89,4560000,0
PHA,10/11/1999,0.9,0.9,0.89,0.89,2990000,0
PHA,10/12/1999,0.88,0.88,0.84,0.84,8550000,0
PHA,10/13/1999,0.84,0.86,0.84,0.85,7280000,0
PHA,10/14/1999,0.84,0.85,0.8,0.85,7390000,0
PHA,10/15/1999,0.85,0.88,0.84,0.87,1760000,0
PHA,10/18/1999,0.84,0.84,0.81,0.82,3390000,0
PHA,10/19/1999,0.84,0.86,0.81,0.84,4320000,0
PHA,10/20/1999,0.85,0.91,0.85,0.86,5480000,0
PHA,10/21/1999,0.88,0.88,0.84,0.84,4480000,0
PHA,10/22/1999,0.86,0.86,0.84,0.84,850000,0
PHA,10/25/1999,0.86,0.86,0.77,0.78,11280000,0
PHA,10/26/1999,0.78,0.8,0.77,0.78,3820000,0
PHA,10/27/1999,0.78,0.81,0.78,0.81,4940000,0
PHA,10/28/1999,0.8,0.84,0.79,0.83,2280000,0
PHA,11/03/1999,0.81,0.82,0.8,0.8,1920000,0
PHA,11/04/1999,0.8,0.82,0.8,0.82,370000,0
PHA,11/05/1999,0.81,0.84,0.81,0.83,1160000,0
PHA,11/08/1999,0.84,0.84,0.82,0.84,2850000,0
PHA,11/09/1999,0.84,0.87,0.84,0.85,3000000,0
PHA,11/10/1999,0.83,0.91,0.83,0.88,6470000,0
PHA,11/11/1999,0.91,0.91,0.86,0.88,1930000,0
PHA,11/12/1999,0.85,0.88,0.85,0.88,830000,0
PHA,11/15/1999,0.88,0.88,0.88,0.88,100000,0
PHA,11/16/1999,0.85,0.86,0.84,0.85,2090000,0
PHA,11/17/1999,0.83,0.85,0.82,0.85,2380000,0
PHA,11/18/1999,0.82,0.85,0.82,0.85,600000,0
PHA,11/19/1999,0.85,0.85,0.83,0.83,1860000,0
PHA,11/22/1999,0.83,0.83,0.83,0.83,300000,0
PHA,11/23/1999,0.84,0.86,0.83,0.85,4070000,0
PHA,11/24/1999,0.84,0.84,0.82,0.82,820000,0
PHA,11/25/1999,0.85,0.85,0.82,0.84,5030000,0
PHA,11/26/1999,0.84,0.85,0.84,0.84,3200000,0
PHA,11/29/1999,0.83,0.84,0.83,0.84,810000,0
PHA,12/01/1999,0.81,0.82,0.81,0.81,1260000,0
PHA,12/02/1999,0.8,0.8,0.79,0.79,840000,0
PHA,12/03/1999,0.78,0.83,0.78,0.81,1830000,0
PHA,12/06/1999,0.79,0.81,0.79,0.8,80000,0
PHA,12/07/1999,0.83,0.83,0.8,0.81,620000,0
PHA,12/08/1999,0.8,0.8,0.77,0.78,830000,0
PHA,12/09/1999,0.77,0.77,0.76,0.76,460000,0
PHA,12/10/1999,0.8,0.8,0.79,0.79,150000,0
PHA,12/14/1999,0.75,0.76,0.75,0.76,300000,0
PHA,12/15/1999,0.76,0.76,0.75,0.75,100000,0
PHA,12/16/1999,0.74,0.74,0.74,0.74,60000,0
PHA,12/17/1999,0.74,0.75,0.74,0.75,160000,0
PHA,12/21/1999,0.75,0.75,0.75,0.75,30000,0
PHA,12/22/1999,0.75,0.75,0.71,0.71,110000,0
PHA,12/23/1999,0.75,0.76,0.75,0.76,100000,0
PHA,12/27/1999,0.76,0.77,0.76,0.77,100000,0
PHA,12/28/1999,0.77,0.77,0.76,0.76,100000,0
PHA,12/29/1999,0.75,0.75,0.75,0.75,50000,0
PHA,01/04/2000,0.78,0.78,0.76,0.78,100000,0
PHA,01/05/2000,0.78,0.78,0.75,0.76,520000,0
PHA,01/06/2000,0.78,0.86,0.78,0.82,530000,0
PHA,01/07/2000,0.8,0.8,0.8,0.8,50000,0
PHA,01/10/2000,0.8,0.8,0.8,0.8,70000,0
PHA,01/11/2000,0.79,0.79,0.76,0.76,120000,0
PHA,01/12/2000,0.76,0.76,0.76,0.76,240000,0
PHA,01/13/2000,0.75,0.76,0.75,0.75,780000,0
PHA,01/14/2000,0.75,0.75,0.74,0.74,370000,0
PHA,01/17/2000,0.75,0.76,0.75,0.75,570000,0
PHA,01/18/2000,0.76,0.78,0.76,0.78,1370000,0
PHA,01/19/2000,0.8,0.8,0.78,0.78,1540000,0
PHA,01/20/2000,0.76,0.77,0.75,0.76,1420000,0
PHA,01/21/2000,0.74,0.76,0.74,0.76,350000,0
PHA,01/24/2000,0.75,0.76,0.75,0.76,470000,0
PHA,01/25/2000,0.77,0.77,0.76,0.76,1100000,0
PHA,01/26/2000,0.77,0.78,0.76,0.78,2190000,0
PHA,01/27/2000,0.8,0.84,0.79,0.79,2960000,0
PHA,01/28/2000,0.8,0.8,0.79,0.79,800000,0
PHA,01/31/2000,0.8,0.8,0.78,0.79,1980000,0
PHA,02/01/2000,0.79,0.79,0.78,0.78,1490000,0
PHA,02/02/2000,0.78,0.79,0.78,0.79,1100000,0
PHA,02/03/2000,0.79,0.81,0.78,0.81,740000,0
PHA,02/04/2000,0.8,0.8,0.79,0.8,910000,0
PHA,02/07/2000,0.79,0.81,0.79,0.81,1730000,0
PHA,02/08/2000,0.82,0.85,0.82,0.82,5750000,0
PHA,02/09/2000,0.83,0.84,0.82,0.84,1830000,0
PHA,02/10/2000,0.82,0.87,0.82,0.86,1130000,0
PHA,02/11/2000,0.84,0.95,0.84,0.93,9110000,0
PHA,02/14/2000,0.94,0.95,0.88,0.91,2450000,0
PHA,02/15/2000,0.92,1.04,0.92,0.94,14960000,0
PHA,02/16/2000,0.98,1.02,0.93,0.94,16760000,0
PHA,02/17/2000,0.92,0.95,0.91,0.93,3660000,0
PHA,02/18/2000,0.93,0.95,0.93,0.94,2420000,0
PHA,02/21/2000,0.96,1.0,0.92,0.92,2050000,0
PHA,02/22/2000,0.93,0.93,0.86,0.86,3430000,0
PHA,02/23/2000,0.9,0.9,0.88,0.9,1390000,0
PHA,02/24/2000,0.9,0.9,0.89,0.89,440000,0
PHA,02/28/2000,0.85,0.87,0.85,0.87,580000,0
PHA,02/29/2000,0.84,0.84,0.82,0.82,1580000,0
PHA,03/02/2000,0.82,0.82,0.82,0.82,140000,0
PHA,03/03/2000,0.84,0.85,0.83,0.83,620000,0
PHA,03/06/2000,0.84,0.85,0.84,0.85,500000,0
PHA,03/07/2000,0.86,0.86,0.83,0.83,1100000,0
PHA,03/08/2000,0.81,0.81,0.79,0.79,700000,0
PHA,03/09/2000,0.77,0.79,0.77,0.79,90000,0
PHA,03/10/2000,0.79,0.85,0.79,0.85,910000,0
PHA,03/13/2000,0.82,0.82,0.82,0.82,200000,0
PHA,03/14/2000,0.81,0.81,0.8,0.8,920000,0
PHA,03/15/2000,0.8,0.85,0.8,0.83,1390000,0
PHA,03/16/2000,0.81,0.81,0.81,0.81,470000,0
PHA,03/17/2000,0.8,0.81,0.8,0.81,1720000,0
PHA,03/20/2000,0.78,0.8,0.78,0.8,890000,0
PHA,03/21/2000,0.78,0.83,0.78,0.82,620000,0
PHA,03/22/2000,0.91,0.91,0.83,0.83,540000,0
PHA,03/23/2000,0.83,0.87,0.81,0.81,1320000,0
PHA,03/24/2000,0.83,0.83,0.79,0.8,1560000,0
PHA,03/27/2000,0.8,0.8,0.79,0.79,1000000,0
PHA,03/28/2000,0.8,0.81,0.8,0.8,1830000,0
PHA,03/29/2000,0.8,0.8,0.8,0.8,300000,0
PHA,03/30/2000,0.79,0.8,0.79,0.8,140000,0
PHA,03/31/2000,0.78,0.79,0.78,0.79,160000,0
PHA,04/03/2000,0.77,0.77,0.76,0.76,450000,0
PHA,04/04/2000,0.75,0.75,0.73,0.73,300000,0
PHA,04/05/2000,0.76,0.76,0.72,0.72,860000,0
PHA,04/07/2000,0.72,0.72,0.7,0.7,20000,0
PHA,04/10/2000,0.7,0.7,0.7,0.7,10000,0
PHA,04/11/2000,0.7,0.7,0.7,0.7,220000,0
PHA,04/17/2000,0.7,0.7,0.64,0.7,280000,0
PHA,04/18/2000,0.68,0.68,0.68,0.68,30000,0
PHA,04/19/2000,0.64,0.64,0.64,0.64,10000,0
PHA,04/26/2000,0.52,0.7,0.52,0.65,220000,0
PHA,04/28/2000,0.63,0.63,0.62,0.62,420000,0
PHA,05/02/2000,0.63,0.63,0.63,0.63,60000,0
PHA,05/03/2000,0.64,0.69,0.64,0.66,190000,0
PHA,05/04/2000,0.63,0.63,0.62,0.62,180000,0
PHA,05/05/2000,0.63,0.64,0.63,0.64,360000,0
PHA,05/08/2000,0.66,0.66,0.59,0.59,2170000,0
PHA,05/09/2000,0.59,0.59,0.58,0.58,40000,0
PHA,05/10/2000,0.58,0.58,0.58,0.58,70000,0
PHA,05/19/2000,0.4,0.47,0.4,0.47,360000,0
PHA,05/22/2000,0.4,0.4,0.4,0.4,650000,0
PHA,05/23/2000,0.5,0.5,0.4,0.5,40000,0
PHA,05/26/2000,0.48,0.48,0.4,0.4,1040000,0
PHA,06/14/2000,0.46,0.48,0.46,0.48,750000,0
PHA,06/20/2000,0.36,0.36,0.36,0.36,30000,0
PHA,06/22/2000,0.41,0.41,0.41,0.41,50000,0
PHA,06/23/2000,0.46,0.5,0.46,0.47,760000,0
PHA,07/03/2000,0.46,0.46,0.46,0.46,120000,0
PHA,07/04/2000,0.36,0.36,0.36,0.36,50000,0
PHA,07/05/2000,0.36,0.36,0.36,0.36,100000,0
PHA,07/10/2000,0.39,0.39,0.39,0.39,10000,0
PHA,07/13/2000,0.35,0.36,0.35,0.36,1060000,0
PHA,07/19/2000,0.35,0.35,0.35,0.35,630000,0
PHA,07/31/2000,0.25,0.25,0.25,0.25,30000,0
PHA,08/01/2000,0.26,0.26,0.25,0.25,520000,0
PHA,08/08/2000,0.25,0.25,0.25,0.25,30000,0
PHA,08/10/2000,0.28,0.3,0.28,0.3,160000,0
PHA,08/16/2000,0.3,0.3,0.3,0.3,130000,0
PHA,08/29/2000,0.45,0.45,0.45,0.45,10000,0
PHA,09/12/2000,0.3,0.3,0.3,0.3,100000,0
PHA,09/18/2000,0.25,0.25,0.25,0.25,420000,0
PHA,09/19/2000,0.25,0.25,0.25,0.25,100000,0
PHA,09/21/2000,0.23,0.23,0.23,0.23,40000,0
PHA,09/22/2000,0.25,0.26,0.25,0.26,270000,0
PHA,09/27/2000,0.2,0.25,0.2,0.25,300000,0
PHA,09/29/2000,0.27,0.32,0.27,0.32,4070000,0
PHA,10/02/2000,0.23,0.25,0.225,0.23,250000,0
PHA,10/03/2000,0.23,0.23,0.23,0.23,50000,0
PHA,10/09/2000,0.23,0.23,0.23,0.23,140000,0
PHA,10/31/2000,0.21,0.21,0.21,0.21,50000,0
PHA,11/06/2000,0.22,0.25,0.22,0.25,2210000,0
PHA,11/13/2000,0.2,0.2,0.2,0.2,20000,0
PHA,11/20/2000,0.16,0.16,0.16,0.16,100000,0
PHA,11/21/2000,0.17,0.17,0.17,0.17,10000,0
PHA,11/22/2000,0.2,0.2,0.2,0.2,40000,0
PHA,12/29/2000,0.165,0.165,0.16,0.16,340000,0
PHA,01/08/2001,0.16,0.165,0.16,0.165,220000,0
PHA,01/17/2001,0.165,0.165,0.165,0.165,40000,0
PHA,01/22/2001,0.195,0.23,0.195,0.23,320000,0
PHA,01/23/2001,0.2,0.25,0.2,0.25,1060000,0
PHA,01/24/2001,0.27,0.32,0.27,0.3,1960000,0
PHA,01/25/2001,0.3,0.31,0.3,0.31,340000,0
PHA,01/26/2001,0.31,0.46,0.31,0.38,440000,0
PHA,01/29/2001,0.41,0.45,0.41,0.43,1080000,0
PHA,01/30/2001,0.4,0.4,0.4,0.4,620000,0
PHA,01/31/2001,0.38,0.38,0.38,0.38,100000,0
PHA,02/01/2001,0.38,0.38,0.36,0.37,610000,0
PHA,02/07/2001,0.34,0.34,0.33,0.33,670000,0
PHA,02/12/2001,0.35,0.4,0.35,0.38,1190000,0
PHA,02/15/2001,0.36,0.36,0.36,0.36,100000,0
PHA,02/16/2001,0.36,0.36,0.36,0.36,50000,0
PHA,02/19/2001,0.35,0.35,0.35,0.35,110000,0
PHA,02/22/2001,0.34,0.34,0.34,0.34,170000,0
PHA,02/27/2001,0.34,0.34,0.34,0.34,40000,0
PHA,02/28/2001,0.34,0.34,0.33,0.33,110000,0
PHA,03/13/2001,0.2,0.3,0.2,0.27,60000,0
PHA,03/15/2001,0.27,0.27,0.27,0.27,3000000,0
PHA,03/20/2001,0.27,0.27,0.27,0.27,10000,0
PHA,03/28/2001,0.205,0.205,0.205,0.205,50000,0
PHA,04/19/2001,0.22,0.23,0.22,0.23,80000,0
PHA,04/20/2001,0.23,0.26,0.23,0.26,630000,0
PHA,04/24/2001,0.24,0.24,0.24,0.24,400000,0
PHA,04/25/2001,0.23,0.23,0.21,0.21,1320000,0
PHA,04/26/2001,0.2,0.21,0.2,0.2,760000,0
PHA,05/07/2001,0.3,0.3,0.3,0.3,10000,0
PHA,05/15/2001,0.25,0.25,0.25,0.25,100000,0
PHA,05/16/2001,0.21,0.22,0.21,0.22,120000,0
PHA,05/21/2001,0.19,0.19,0.19,0.19,10000,0
PHA,05/25/2001,0.19,0.21,0.19,0.21,160000,0
PHA,05/28/2001,0.19,0.19,0.19,0.19,700000,0
PHA,06/01/2001,0.18,0.18,0.18,0.18,850000,0
PHA,06/05/2001,0.18,0.18,0.18,0.18,50000,0
PHA,06/08/2001,0.21,0.22,0.21,0.22,650000,0
PHA,06/11/2001,0.23,0.23,0.23,0.23,530000,0
PHA,06/14/2001,0.23,0.28,0.23,0.25,960000,0
PHA,06/18/2001,0.25,0.28,0.25,0.28,880000,0
PHA,06/19/2001,0.25,0.25,0.25,0.25,100000,0
PHA,06/25/2001,0.27,0.3,0.27,0.27,210000,0
PHA,06/26/2001,0.29,0.38,0.29,0.32,7050000,0
PHA,06/27/2001,0.32,0.34,0.32,0.33,520000,0
PHA,06/28/2001,0.33,0.33,0.33,0.33,160000,0
PHA,06/29/2001,0.31,0.31,0.31,0.31,100000,0
PHA,07/03/2001,0.28,0.28,0.27,0.28,350000,0
PHA,07/09/2001,0.28,0.28,0.28,0.28,100000,0
PHA,07/10/2001,0.28,0.28,0.28,0.28,50000,0
PHA,07/11/2001,0.28,0.28,0.28,0.28,100000,0
PHA,07/12/2001,0.28,0.28,0.28,0.28,150000,0
PHA,07/13/2001,0.28,0.28,0.28,0.28,150000,0
PHA,07/16/2001,0.28,0.28,0.28,0.28,30000,0
PHA,07/18/2001,0.31,0.31,0.29,0.29,350000,0
PHA,07/19/2001,0.29,0.29,0.29,0.29,300000,0
PHA,07/24/2001,0.27,0.27,0.27,0.27,100000,0
PHA,07/25/2001,0.27,0.27,0.27,0.27,350000,0
PHA,07/26/2001,0.26,0.26,0.26,0.26,50000,0
PHA,07/27/2001,0.26,0.26,0.26,0.26,140000,0
PHA,07/30/2001,0.25,0.25,0.25,0.25,120000,0
PHA,07/31/2001,0.25,0.25,0.24,0.24,130000,0
PHA,08/07/2001,0.23,0.23,0.23,0.23,100000,0
PHA,08/08/2001,0.23,0.23,0.23,0.23,150000,0
PHA,08/09/2001,0.24,0.24,0.24,0.24,110000,0
PHA,08/10/2001,0.22,0.22,0.22,0.22,30000,0
PHA,08/13/2001,0.24,0.24,0.24,0.24,300000,0
PHA,08/15/2001,0.24,0.27,0.24,0.26,560000,0
PHA,08/24/2001,0.21,0.22,0.21,0.21,220000,0
PHA,08/29/2001,0.21,0.21,0.21,0.21,300000,0
PHA,08/31/2001,0.21,0.21,0.21,0.21,120000,0
PHA,09/04/2001,0.22,0.22,0.22,0.22,100000,0
PHA,09/06/2001,0.21,0.21,0.21,0.21,100000,0
PHA,09/11/2001,0.21,0.21,0.21,0.21,300000,0
PHA,09/14/2001,0.19,0.19,0.19,0.19,50000,0
PHA,09/17/2001,0.19,0.19,0.19,0.19,50000,0
PHA,09/25/2001,0.18,0.18,0.18,0.18,170000,0
PHA,09/27/2001,0.18,0.18,0.18,0.18,100000,0
PHA,10/11/2001,0.12,0.12,0.12,0.12,150000,0
PHA,10/24/2001,0.14,0.14,0.14,0.14,30000,0
PHA,10/25/2001,0.15,0.15,0.14,0.14,1000000,0
PHA,10/30/2001,0.14,0.14,0.14,0.14,500000,0
PHA,10/31/2001,0.14,0.14,0.14,0.14,130000,0
PHA,11/05/2001,0.14,0.14,0.14,0.14,500000,0
PHA,11/06/2001,0.14,0.14,0.14,0.14,580000,0
PHA,11/09/2001,0.14,0.14,0.14,0.14,190000,0
PHA,11/12/2001,0.13,0.13,0.13,0.13,100000,0
PHA,11/14/2001,0.13,0.13,0.13,0.13,200000,0
PHA,11/16/2001,0.15,0.15,0.15,0.15,350000,0
PHA,11/21/2001,0.14,0.14,0.14,0.14,10000,0
PHA,11/28/2001,0.15,0.15,0.15,0.15,200000,0
PHA,11/29/2001,0.18,0.18,0.18,0.18,170000,0
PHA,12/03/2001,0.17,0.17,0.17,0.17,100000,0
PHA,12/04/2001,0.17,0.17,0.17,0.17,50000,0
PHA,12/07/2001,0.17,0.17,0.17,0.17,430000,0
PHA,12/10/2001,0.17,0.17,0.17,0.17,100000,0
PHA,12/11/2001,0.17,0.17,0.17,0.17,200000,0
PHA,12/13/2001,0.17,0.17,0.17,0.17,750000,0
PHA,12/14/2001,0.17,0.17,0.17,0.17,200000,0
PHA,12/19/2001,0.17,0.17,0.17,0.17,100000,0
PHA,12/20/2001,0.17,0.17,0.17,0.17,200000,0
PHA,12/21/2001,0.16,0.16,0.16,0.16,100000,0
PHA,12/28/2001,0.13,0.2,0.13,0.2,900000,0
PHA,01/03/2002,0.15,0.15,0.15,0.15,10000,0
PHA,01/10/2002,0.15,0.15,0.15,0.15,200000,0
PHA,01/15/2002,0.15,0.15,0.15,0.15,90000,0
PHA,01/17/2002,0.15,0.15,0.15,0.15,210000,0
PHA,01/18/2002,0.15,0.15,0.15,0.15,10000,0
PHA,01/25/2002,0.12,0.12,0.12,0.12,10000,0
PHA,01/28/2002,0.15,0.15,0.15,0.15,10000,0
PHA,01/31/2002,0.15,0.15,0.13,0.13,80000,0
PHA,02/04/2002,0.15,0.15,0.15,0.15,20000,0
PHA,02/08/2002,0.2,0.2,0.17,0.17,130000,0
PHA,02/11/2002,0.185,0.185,0.185,0.185,40000,0
PHA,02/12/2002,0.21,0.22,0.21,0.22,180000,0
PHA,02/14/2002,0.25,0.28,0.25,0.28,300000,0
PHA,02/15/2002,0.3,0.3,0.29,0.29,830000,0
PHA,02/18/2002,0.3,0.32,0.3,0.3,150000,0
PHA,02/19/2002,0.34,0.34,0.28,0.28,920000,0
PHA,02/20/2002,0.32,0.32,0.29,0.29,160000,0
PHA,02/22/2002,0.28,0.28,0.28,0.28,50000,0
PHA,03/04/2002,0.28,0.28,0.28,0.28,100000,0
PHA,03/05/2002,0.28,0.28,0.28,0.28,500000,0
PHA,03/07/2002,0.25,0.25,0.25,0.25,1100000,0
PHA,03/18/2002,0.24,0.24,0.24,0.24,500000,0
PHA,04/03/2002,0.21,0.21,0.21,0.21,20000,0
PHA,04/05/2002,0.2,0.2,0.2,0.2,10000,0
PHA,04/10/2002,0.2,0.2,0.18,0.18,600000,0
PHA,04/11/2002,0.195,0.195,0.19,0.19,400000,0
PHA,04/22/2002,0.17,0.17,0.17,0.17,1490000,0
PHA,05/02/2002,0.17,0.17,0.17,0.17,1000000,0
PHA,06/25/2002,0.13,0.13,0.13,0.13,20000,0
PHA,06/28/2002,0.13,0.13,0.13,0.13,420000,0
PHA,07/24/2002,0.13,0.13,0.13,0.13,100000,0
PHA,07/29/2002,0.1,0.1,0.1,0.1,60000,0
PHA,08/29/2002,0.1,0.1,0.1,0.1,200000,0
PHA,08/30/2002,0.1,0.1,0.1,0.1,200000,0
PHA,09/02/2002,0.1,0.11,0.1,0.11,800000,0
PHA,09/30/2002,0.09,0.09,0.09,0.09,100000,0
PHA,10/04/2002,0.1,0.1,0.1,0.1,100000,0
PHA,11/21/2002,0.1,0.1,0.1,0.1,300000,0
PHA,11/22/2002,0.1,0.1,0.1,0.1,100000,0
PHA,02/27/2003,0.1,0.1,0.1,0.1,200000,0
PHA,03/10/2003,0.1,0.1,0.1,0.1,100000,0
PHA,03/24/2003,0.09,0.09,0.09,0.09,100000,0
PHA,04/02/2003,0.13,0.13,0.13,0.13,200000,0
PHA,04/15/2003,0.13,0.13,0.13,0.13,210000,0
PHA,04/24/2003,0.13,0.13,0.13,0.13,80000,0
PHA,05/05/2003,0.105,0.105,0.105,0.105,20000,0
PHA,05/09/2003,0.095,0.105,0.095,0.105,160000,0
PHA,05/12/2003,0.13,0.155,0.13,0.155,750000,0
PHA,05/14/2003,0.19,0.19,0.19,0.19,1980000,0
PHA,05/15/2003,0.2,0.2,0.19,0.19,1620000,0
PHA,05/16/2003,0.23,0.28,0.23,0.28,4970000,0
PHA,05/19/2003,0.32,0.42,0.32,0.42,7290000,0
PHA,05/20/2003,0.5,0.59,0.37,0.41,4970000,0
PHA,05/21/2003,0.38,0.42,0.38,0.42,3740000,0
PHA,05/22/2003,0.43,0.46,0.41,0.41,1330000,0
PHA,05/23/2003,0.44,0.46,0.44,0.44,4170000,0
PHA,05/26/2003,0.41,0.41,0.41,0.41,150000,0
PHA,05/27/2003,0.4,0.41,0.38,0.38,710000,0
PHA,05/28/2003,0.38,0.38,0.34,0.34,690000,0
PHA,05/29/2003,0.33,0.33,0.33,0.33,350000,0
PHA,05/30/2003,0.35,0.4,0.35,0.4,1140000,0
PHA,06/02/2003,0.42,0.47,0.42,0.47,4060000,0
PHA,06/03/2003,0.48,0.48,0.43,0.45,1300000,0
PHA,06/04/2003,0.44,0.46,0.4,0.4,4050000,0
PHA,06/05/2003,0.42,0.42,0.36,0.37,1630000,0
PHA,06/06/2003,0.36,0.36,0.36,0.36,500000,0
PHA,06/09/2003,0.36,0.39,0.36,0.39,1750000,0
PHA,06/10/2003,0.4,0.42,0.39,0.42,890000,0
PHA,06/11/2003,0.43,0.45,0.38,0.38,1070000,0
PHA,06/12/2003,0.38,0.42,0.38,0.39,800000,0
PHA,06/16/2003,0.39,0.39,0.38,0.39,950000,0
PHA,06/17/2003,0.45,0.45,0.39,0.4,1720000,0
PHA,06/18/2003,0.41,0.41,0.39,0.39,570000,0
PHA,06/19/2003,0.39,0.39,0.38,0.38,150000,0
PHA,06/20/2003,0.38,0.38,0.38,0.38,30000,0
PHA,06/23/2003,0.39,0.39,0.36,0.37,1280000,0
PHA,06/24/2003,0.38,0.38,0.36,0.37,570000,0
PHA,06/25/2003,0.39,0.4,0.39,0.4,160000,0
PHA,06/26/2003,0.39,0.4,0.39,0.39,1330000,0
PHA,06/27/2003,0.39,0.4,0.39,0.4,1100000,0
PHA,06/30/2003,0.41,0.41,0.4,0.4,180000,0
PHA,07/01/2003,0.38,0.38,0.38,0.38,100000,0
PHA,07/02/2003,0.44,0.47,0.42,0.43,2210000,0
PHA,07/04/2003,0.44,0.44,0.41,0.41,220000,0
PHA,07/07/2003,0.4,0.4,0.38,0.39,550000,0
PHA,07/08/2003,0.39,0.39,0.39,0.39,100000,0
PHA,07/09/2003,0.41,0.41,0.4,0.4,70000,0
PHA,07/10/2003,0.39,0.39,0.39,0.39,1550000,0
PHA,07/11/2003,0.39,0.4,0.39,0.4,130000,0
PHA,07/14/2003,0.39,0.39,0.39,0.39,250000,0
PHA,07/15/2003,0.39,0.39,0.39,0.39,290000,0
PHA,07/16/2003,0.39,0.39,0.39,0.39,110000,0
PHA,07/17/2003,0.39,0.39,0.39,0.39,10000,0
PHA,07/18/2003,0.39,0.39,0.39,0.39,510000,0
PHA,07/21/2003,0.4,0.44,0.4,0.42,3500000,0
PHA,07/22/2003,0.42,0.42,0.42,0.42,200000,0
PHA,07/23/2003,0.4,0.4,0.4,0.4,220000,0
PHA,07/25/2003,0.4,0.4,0.4,0.4,200000,0
PHA,07/28/2003,0.39,0.39,0.38,0.38,750000,0
PHA,07/29/2003,0.38,0.38,0.37,0.37,690000,0
PHA,07/30/2003,0.37,0.38,0.37,0.38,190000,0
PHA,07/31/2003,0.38,0.38,0.38,0.38,200000,0
PHA,08/04/2003,0.36,0.36,0.35,0.35,350000,0
PHA,08/11/2003,0.35,0.35,0.35,0.35,280000,0
PHA,08/12/2003,0.36,0.36,0.35,0.35,700000,0
PHA,08/13/2003,0.35,0.35,0.35,0.35,550000,0
PHA,08/14/2003,0.35,0.35,0.34,0.34,150000,0
PHA,08/15/2003,0.33,0.33,0.33,0.33,500000,0
PHA,08/18/2003,0.3,0.3,0.3,0.3,10000,0
PHA,08/19/2003,0.3,0.3,0.3,0.3,350000,0
PHA,08/20/2003,0.3,0.3,0.3,0.3,300000,0
PHA,08/21/2003,0.35,0.35,0.35,0.35,20000,0
PHA,08/25/2003,0.3,0.31,0.3,0.3,250000,0
PHA,08/28/2003,0.3,0.3,0.3,0.3,150000,0
PHA,08/29/2003,0.3,0.3,0.3,0.3,100000,0
PHA,09/10/2003,0.32,0.34,0.32,0.33,450000,0
PHA,09/11/2003,0.33,0.33,0.33,0.33,320000,0
PHA,09/12/2003,0.34,0.34,0.33,0.34,750000,0
PHA,09/16/2003,0.32,0.32,0.32,0.32,100000,0
PHA,09/17/2003,0.32,0.32,0.32,0.32,320000,0
PHA,09/18/2003,0.33,0.34,0.33,0.34,550000,0
PHA,09/19/2003,0.38,0.38,0.38,0.38,350000,0
PHA,09/22/2003,0.44,0.45,0.4,0.41,2900000,0
PHA,09/25/2003,0.42,0.42,0.38,0.38,2090000,0
PHA,09/26/2003,0.37,0.37,0.34,0.34,1610000,0
PHA,09/29/2003,0.36,0.36,0.36,0.36,10000,0
PHA,09/30/2003,0.37,0.42,0.37,0.4,5440000,0
PHA,10/01/2003,0.38,0.39,0.38,0.38,340000,0
PHA,10/02/2003,0.37,0.37,0.37,0.37,10000,0
PHA,10/03/2003,0.37,0.38,0.37,0.38,1070000,0
PHA,10/06/2003,0.37,0.37,0.37,0.37,210000,0
PHA,10/07/2003,0.35,0.35,0.35,0.35,250000,0
PHA,10/08/2003,0.34,0.34,0.33,0.33,690000,0
PHA,10/09/2003,0.33,0.33,0.33,0.33,320000,0
PHA,10/13/2003,0.35,0.35,0.34,0.34,240000,0
PHA,10/14/2003,0.35,0.35,0.34,0.34,390000,0
PHA,10/15/2003,0.34,0.34,0.34,0.34,550000,0
PHA,10/16/2003,0.35,0.35,0.35,0.35,210000,0
PHA,10/17/2003,0.34,0.37,0.34,0.37,110000,0
PHA,10/20/2003,0.34,0.34,0.33,0.33,760000,0
PHA,10/21/2003,0.34,0.34,0.34,0.34,230000,0
PHA,10/22/2003,0.34,0.34,0.33,0.33,200000,0
PHA,10/23/2003,0.34,0.34,0.33,0.33,380000,0
PHA,10/24/2003,0.33,0.33,0.32,0.32,420000,0
PHA,10/27/2003,0.32,0.32,0.32,0.32,420000,0
PHA,10/28/2003,0.31,0.31,0.31,0.31,570000,0
PHA,10/29/2003,0.33,0.34,0.33,0.33,570000,0
PHA,10/30/2003,0.33,0.33,0.33,0.33,200000,0
PHA,10/31/2003,0.33,0.33,0.33,0.33,200000,0
PHA,11/03/2003,0.33,0.33,0.33,0.33,240000,0
PHA,11/04/2003,0.33,0.33,0.33,0.33,60000,0
PHA,11/06/2003,0.33,0.33,0.33,0.33,110000,0
PHA,11/07/2003,0.33,0.33,0.33,0.33,180000,0
PHA,11/10/2003,0.32,0.32,0.32,0.32,100000,0
PHA,11/12/2003,0.3,0.3,0.3,0.3,160000,0
PHA,11/13/2003,0.3,0.3,0.3,0.3,100000,0
PHA,11/14/2003,0.3,0.3,0.3,0.3,380000,0
PHA,11/17/2003,0.3,0.3,0.25,0.25,390000,0
PHA,11/18/2003,0.27,0.27,0.27,0.27,100000,0
PHA,11/19/2003,0.26,0.26,0.25,0.25,140000,0
PHA,11/20/2003,0.26,0.26,0.25,0.25,270000,0
PHA,11/21/2003,0.245,0.245,0.245,0.245,150000,0
PHA,11/24/2003,0.23,0.23,0.23,0.23,40000,0
PHA,12/01/2003,0.23,0.23,0.23,0.23,70000,0
PHA,12/04/2003,0.23,0.23,0.23,0.23,100000,0
PHA,12/08/2003,0.24,0.24,0.24,0.24,40000,0
PHA,12/09/2003,0.25,0.25,0.25,0.25,50000,0
PHA,12/10/2003,0.25,0.26,0.25,0.26,210000,0
PHA,12/19/2003,0.28,0.28,0.28,0.28,100000,0
PHA,12/22/2003,0.27,0.27,0.27,0.27,50000,0
PHA,12/30/2003,0.28,0.28,0.28,0.28,50000,0
PHA,01/05/2004,0.28,0.28,0.28,0.28,140000,0
PHA,01/06/2004,0.28,0.28,0.28,0.28,130000,0
PHA,01/08/2004,0.28,0.28,0.28,0.28,20000,0
PHA,01/09/2004,0.28,0.28,0.28,0.28,30000,0
PHA,01/13/2004,0.28,0.28,0.28,0.28,10000,0
PHA,01/15/2004,0.28,0.28,0.28,0.28,40000,0
PHA,01/16/2004,0.26,0.26,0.26,0.26,300000,0
PHA,01/19/2004,0.25,0.25,0.25,0.25,230000,0
PHA,01/20/2004,0.25,0.25,0.25,0.25,60000,0
PHA,01/21/2004,0.25,0.25,0.25,0.25,10000,0
PHA,01/22/2004,0.27,0.27,0.27,0.27,100000,0
PHA,01/27/2004,0.28,0.28,0.28,0.28,50000,0
PHA,01/28/2004,0.27,0.27,0.27,0.27,200000,0
PHA,01/29/2004,0.27,0.27,0.27,0.27,450000,0
PHA,02/02/2004,0.26,0.26,0.26,0.26,100000,0
PHA,02/04/2004,0.26,0.26,0.25,0.26,440000,0
PHA,02/05/2004,0.26,0.3,0.25,0.3,410000,0
PHA,02/06/2004,0.3,0.31,0.3,0.31,110000,0
PHA,02/13/2004,0.32,0.32,0.3,0.3,70000,0
PHA,02/19/2004,0.3,0.3,0.3,0.3,20000,0
PHA,03/02/2004,0.3,0.3,0.3,0.3,210000,0
PHA,03/09/2004,0.25,0.25,0.25,0.25,100000,0
PHA,03/16/2004,0.25,0.25,0.25,0.25,200000,0
PHA,03/17/2004,0.25,0.25,0.25,0.25,100000,0
PHA,03/18/2004,0.25,0.25,0.25,0.25,30000,0
PHA,03/25/2004,0.23,0.23,0.23,0.23,200000,0
PHA,03/26/2004,0.23,0.23,0.23,0.23,50000,0
PHA,03/29/2004,0.25,0.25,0.25,0.25,20000,0
PHA,03/31/2004,0.22,0.22,0.21,0.21,120000,0
PHA,04/01/2004,0.24,0.24,0.24,0.24,100000,0
PHA,04/02/2004,0.24,0.24,0.24,0.24,30000,0
PHA,04/13/2004,0.25,0.25,0.25,0.25,50000,0
PHA,04/19/2004,0.24,0.29,0.24,0.24,690000,0
PHA,04/21/2004,0.24,0.24,0.24,0.24,50000,0
PHA,04/28/2004,0.24,0.24,0.24,0.24,100000,0
PHA,04/30/2004,0.23,0.24,0.23,0.24,170000,0
PHA,05/04/2004,0.22,0.22,0.21,0.21,240000,0
PHA,05/07/2004,0.21,0.21,0.21,0.21,50000,0
PHA,05/18/2004,0.22,0.22,0.22,0.22,50000,0
PHA,06/08/2004,0.22,0.22,0.22,0.22,50000,0
PHA,06/09/2004,0.22,0.22,0.22,0.22,100000,0
PHA,06/10/2004,0.25,0.25,0.25,0.25,50000,0
PHA,06/28/2004,0.25,0.25,0.24,0.24,170000,0
PHA,06/29/2004,0.25,0.25,0.25,0.25,20000,0
PHA,06/30/2004,0.25,0.25,0.24,0.24,150000,0
PHA,07/01/2004,0.25,0.25,0.25,0.25,100000,0
PHA,07/02/2004,0.25,0.25,0.23,0.25,800000,0
PHA,07/05/2004,0.25,0.25,0.25,0.25,60000,0
PHA,07/06/2004,0.23,0.25,0.23,0.25,750000,0
PHA,07/07/2004,0.25,0.25,0.25,0.25,60000,0
PHA,07/08/2004,0.25,0.25,0.25,0.25,160000,0
PHA,07/09/2004,0.25,0.25,0.25,0.25,20000,0
PHA,07/12/2004,0.25,0.25,0.25,0.25,100000,0
PHA,07/13/2004,0.235,0.25,0.235,0.25,120000,0
PHA,07/19/2004,0.18,0.18,0.18,0.18,100000,0
PHA,07/21/2004,0.23,0.27,0.23,0.27,3510000,0
PHA,07/22/2004,0.29,0.31,0.27,0.28,5660000,0
PHA,07/23/2004,0.27,0.27,0.26,0.26,60000,0
PHA,07/27/2004,0.29,0.29,0.27,0.27,400000,0
PHA,07/28/2004,0.28,0.28,0.28,0.28,550000,0
PHA,07/29/2004,0.29,0.29,0.29,0.29,50000,0
PHA,07/30/2004,0.27,0.29,0.27,0.29,150000,0
PHA,08/02/2004,0.25,0.25,0.25,0.25,40000,0
PHA,08/03/2004,0.25,0.25,0.25,0.25,300000,0
PHA,08/04/2004,0.25,0.25,0.25,0.25,240000,0
PHA,08/06/2004,0.24,0.25,0.24,0.25,190000,0
PHA,08/09/2004,0.29,0.37,0.29,0.37,8240000,0
PHA,08/10/2004,0.4,0.43,0.33,0.33,10250000,0
PHA,08/11/2004,0.33,0.33,0.3,0.32,1480000,0
PHA,08/12/2004,0.32,0.32,0.3,0.3,1180000,0
PHA,08/13/2004,0.32,0.32,0.31,0.32,1730000,0
PHA,08/16/2004,0.3,0.3,0.3,0.3,160000,0
PHA,08/17/2004,0.29,0.3,0.28,0.3,520000,0
PHA,08/18/2004,0.31,0.31,0.31,0.31,40000,0
PHA,08/19/2004,0.31,0.31,0.3,0.3,410000,0
PHA,08/20/2004,0.3,0.3,0.3,0.3,60000,0
PHA,08/23/2004,0.3,0.3,0.3,0.3,220000,0
PHA,08/24/2004,0.3,0.3,0.29,0.29,120000,0
PHA,08/25/2004,0.29,0.29,0.28,0.28,50000,0
PHA,08/30/2004,0.3,0.3,0.3,0.3,10000,0
PHA,08/31/2004,0.32,0.32,0.31,0.31,600000,0
PHA,09/01/2004,0.32,0.36,0.32,0.32,1980000,0
PHA,09/02/2004,0.32,0.32,0.31,0.31,750000,0
PHA,09/03/2004,0.32,0.33,0.31,0.33,910000,0
PHA,09/06/2004,0.34,0.34,0.33,0.33,840000,0
PHA,09/07/2004,0.32,0.32,0.32,0.32,190000,0
PHA,09/08/2004,0.31,0.32,0.31,0.32,250000,0
PHA,09/09/2004,0.34,0.34,0.33,0.33,850000,0
PHA,09/10/2004,0.33,0.34,0.33,0.34,440000,0
PHA,09/13/2004,0.34,0.38,0.34,0.36,4370000,0
PHA,09/14/2004,0.35,0.35,0.35,0.35,950000,0
PHA,09/15/2004,0.35,0.35,0.35,0.35,300000,0
PHA,09/16/2004,0.36,0.36,0.35,0.36,650000,0
PHA,09/17/2004,0.36,0.36,0.35,0.35,1070000,0
PHA,09/20/2004,0.35,0.35,0.34,0.34,620000,0
PHA,09/21/2004,0.34,0.34,0.34,0.34,70000,0
PHA,09/23/2004,0.33,0.33,0.33,0.33,30000,0
PHA,09/24/2004,0.34,0.35,0.34,0.34,1290000,0
PHA,09/27/2004,0.33,0.33,0.33,0.33,50000,0
PHA,09/28/2004,0.34,0.34,0.33,0.33,320000,0
PHA,09/29/2004,0.34,0.34,0.34,0.34,50000,0
PHA,09/30/2004,0.33,0.35,0.33,0.34,470000,0
PHA,10/01/2004,0.35,0.36,0.35,0.35,1150000,0
PHA,10/05/2004,0.34,0.34,0.34,0.34,170000,0
PHA,10/06/2004,0.34,0.34,0.33,0.33,610000,0
PHA,10/07/2004,0.34,0.37,0.34,0.37,6200000,0
PHA,10/08/2004,0.36,0.46,0.36,0.37,30030000,0
PHA,10/11/2004,0.39,0.39,0.33,0.33,6220000,0
PHA,10/12/2004,0.34,0.35,0.33,0.33,1060000,0
PHA,10/13/2004,0.33,0.37,0.33,0.37,1190000,0
PHA,10/14/2004,0.36,0.36,0.35,0.35,330000,0
PHA,10/15/2004,0.35,0.35,0.35,0.35,1300000,0
PHA,10/18/2004,0.35,0.35,0.35,0.35,70000,0
PHA,10/19/2004,0.35,0.35,0.34,0.34,730000,0
PHA,10/20/2004,0.34,0.34,0.34,0.34,230000,0
PHA,10/21/2004,0.35,0.35,0.33,0.34,610000,0
PHA,10/22/2004,0.32,0.32,0.3,0.3,730000,0
PHA,10/25/2004,0.29,0.3,0.28,0.3,490000,0
PHA,10/26/2004,0.29,0.29,0.29,0.29,150000,0
PHA,10/27/2004,0.32,0.35,0.32,0.34,5760000,0
PHA,10/28/2004,0.36,0.41,0.36,0.39,33550000,0
PHA,10/29/2004,0.39,0.41,0.35,0.36,14340000,0
PHA,11/02/2004,0.37,0.37,0.35,0.35,2470000,0
PHA,11/03/2004,0.35,0.36,0.35,0.35,3030000,0
PHA,11/04/2004,0.35,0.35,0.33,0.33,3400000,0
PHA,11/05/2004,0.34,0.35,0.33,0.34,4430000,0
PHA,11/08/2004,0.34,0.34,0.32,0.34,490000,0
PHA,11/09/2004,0.32,0.33,0.32,0.32,1160000,0
PHA,11/10/2004,0.32,0.32,0.31,0.31,640000,0
PHA,11/11/2004,0.31,0.31,0.3,0.31,2220000,0
PHA,11/12/2004,0.31,0.31,0.31,0.31,10000,0
PHA,11/16/2004,0.33,0.33,0.33,0.33,720000,0
PHA,11/17/2004,0.34,0.34,0.33,0.33,280000,0
PHA,11/18/2004,0.34,0.34,0.33,0.33,610000,0
PHA,11/19/2004,0.32,0.32,0.32,0.32,30000,0
PHA,11/22/2004,0.32,0.32,0.3,0.3,950000,0
PHA,11/23/2004,0.3,0.3,0.3,0.3,900000,0
PHA,11/24/2004,0.31,0.31,0.31,0.31,580000,0
PHA,11/25/2004,0.31,0.31,0.31,0.31,450000,0
PHA,11/26/2004,0.31,0.31,0.31,0.31,340000,0
PHA,12/01/2004,0.35,0.35,0.31,0.31,370000,0
PHA,12/02/2004,0.3,0.3,0.3,0.3,300000,0
PHA,12/08/2004,0.29,0.29,0.28,0.28,510000,0
PHA,12/10/2004,0.28,0.28,0.27,0.27,630000,0
PHA,12/13/2004,0.28,0.28,0.28,0.28,100000,0
PHA,12/14/2004,0.28,0.29,0.28,0.29,540000,0
PHA,12/15/2004,0.29,0.29,0.29,0.29,10000,0
PHA,12/16/2004,0.28,0.28,0.28,0.28,250000,0
PHA,12/17/2004,0.27,0.27,0.27,0.27,90000,0
PHA,12/20/2004,0.28,0.34,0.28,0.28,3290000,0
PHA,12/21/2004,0.29,0.3,0.29,0.3,450000,0
PHA,12/22/2004,0.3,0.3,0.3,0.3,50000,0
PHA,12/29/2004,0.28,0.28,0.27,0.27,610000,0
PHA,01/04/2005,0.28,0.28,0.28,0.28,10000,0
PHA,01/07/2005,0.31,0.31,0.31,0.31,20000,0
PHA,01/10/2005,0.26,0.26,0.26,0.26,740000,0
PHA,01/13/2005,0.26,0.26,0.26,0.26,300000,0
PHA,01/14/2005,0.27,0.32,0.27,0.32,3440000,0
PHA,01/17/2005,0.31,0.31,0.3,0.3,1060000,0
PHA,01/18/2005,0.29,0.34,0.29,0.31,3560000,0
PHA,01/20/2005,0.32,0.36,0.32,0.36,3520000,0
PHA,01/21/2005,0.38,0.38,0.34,0.34,8650000,0
PHA,01/24/2005,0.34,0.34,0.34,0.34,1270000,0
PHA,01/25/2005,0.34,0.34,0.33,0.34,2680000,0
PHA,01/26/2005,0.34,0.34,0.33,0.34,1150000,0
PHA,01/27/2005,0.34,0.34,0.33,0.33,2420000,0
PHA,01/28/2005,0.34,0.36,0.34,0.36,3790000,0
PHA,01/31/2005,0.33,0.33,0.33,0.33,1160000,0
PHA,02/01/2005,0.34,0.38,0.34,0.35,4390000,0
PHA,02/02/2005,0.37,0.37,0.35,0.35,2550000,0
PHA,02/03/2005,0.35,0.35,0.35,0.35,380000,0
PHA,02/04/2005,0.35,0.36,0.35,0.35,3040000,0
PHA,02/07/2005,0.35,0.36,0.35,0.35,2660000,0
PHA,02/08/2005,0.35,0.36,0.35,0.36,240000,0
PHA,02/09/2005,0.35,0.41,0.35,0.39,23930000,0
PHA,02/10/2005,0.38,0.4,0.38,0.38,5040000,0
PHA,02/11/2005,0.39,0.39,0.37,0.37,3010000,0
PHA,02/14/2005,0.37,0.38,0.37,0.37,1600000,0
PHA,02/15/2005,0.37,0.38,0.37,0.38,480000,0
PHA,02/16/2005,0.39,0.42,0.38,0.38,6550000,0
PHA,02/17/2005,0.38,0.39,0.38,0.39,1040000,0
PHA,02/18/2005,0.4,0.42,0.39,0.39,4350000,0
PHA,02/21/2005,0.4,0.4,0.38,0.38,2220000,0
PHA,02/22/2005,0.38,0.38,0.37,0.37,3280000,0
PHA,02/23/2005,0.37,0.38,0.37,0.38,980000,0
PHA,02/24/2005,0.38,0.39,0.38,0.39,4340000,0
PHA,02/28/2005,0.4,0.44,0.4,0.41,16110000,0
PHA,03/01/2005,0.41,0.41,0.4,0.4,2610000,0
PHA,03/02/2005,0.39,0.4,0.39,0.39,1750000,0
PHA,03/03/2005,0.39,0.39,0.39,0.39,360000,0
PHA,03/04/2005,0.38,0.38,0.38,0.38,540000,0
PHA,03/07/2005,0.4,0.4,0.39,0.39,500000,0
PHA,03/08/2005,0.38,0.38,0.38,0.38,10000,0
PHA,03/09/2005,0.39,0.39,0.39,0.39,2610000,0
PHA,03/10/2005,0.4,0.4,0.39,0.39,1950000,0
PHA,03/11/2005,0.4,0.42,0.38,0.38,8300000,0
PHA,03/14/2005,0.39,0.4,0.37,0.37,3120000,0
PHA,03/15/2005,0.37,0.37,0.37,0.37,40000,0
PHA,03/16/2005,0.37,0.37,0.35,0.35,1830000,0
PHA,03/17/2005,0.35,0.36,0.35,0.35,1820000,0
PHA,03/18/2005,0.35,0.35,0.33,0.33,3310000,0
PHA,03/21/2005,0.33,0.35,0.27,0.3,14910000,0
PHA,03/22/2005,0.29,0.3,0.28,0.28,3710000,0
PHA,03/28/2005,0.28,0.29,0.28,0.29,3380000,0
PHA,03/29/2005,0.28,0.28,0.28,0.28,1320000,0
PHA,03/30/2005,0.28,0.29,0.27,0.29,3400000,0
PHA,03/31/2005,0.3,0.3,0.3,0.3,2100000,0
PHA,04/01/2005,0.3,0.31,0.3,0.3,1580000,0
PHA,04/04/2005,0.31,0.31,0.3,0.3,1500000,0
PHA,04/05/2005,0.3,0.3,0.29,0.29,910000,0
PHA,04/06/2005,0.29,0.3,0.29,0.3,1100000,0
PHA,04/07/2005,0.3,0.3,0.29,0.29,130000,0
PHA,04/08/2005,0.29,0.3,0.29,0.3,2800000,0
PHA,04/11/2005,0.31,0.31,0.31,0.31,300000,0
PHA,04/12/2005,0.32,0.32,0.3,0.3,680000,0
PHA,04/13/2005,0.32,0.32,0.31,0.31,900000,0
PHA,04/14/2005,0.31,0.31,0.31,0.31,2500000,0
PHA,04/15/2005,0.32,0.32,0.32,0.32,560000,0
PHA,04/18/2005,0.32,0.32,0.3,0.31,7750000,0
PHA,04/19/2005,0.3,0.32,0.3,0.3,2330000,0
PHA,04/20/2005,0.31,0.31,0.31,0.31,500000,0
PHA,04/21/2005,0.31,0.31,0.31,0.31,2110000,0
PHA,04/22/2005,0.31,0.33,0.31,0.32,970000,0
PHA,04/25/2005,0.33,0.33,0.31,0.32,2940000,0
PHA,04/26/2005,0.32,0.33,0.32,0.33,1770000,0
PHA,04/27/2005,0.31,0.31,0.31,0.31,3100000,0
PHA,04/28/2005,0.31,0.31,0.31,0.31,1160000,0
PHA,05/04/2005,0.31,0.31,0.31,0.31,900000,0
PHA,05/05/2005,0.31,0.31,0.31,0.31,500000,0
PHA,05/10/2005,0.34,0.35,0.32,0.33,5650000,0
PHA,05/11/2005,0.33,0.37,0.33,0.37,12560000,0
PHA,05/12/2005,0.37,0.37,0.34,0.35,1640000,0
PHA,05/13/2005,0.34,0.34,0.33,0.33,3000000,0
PHA,05/16/2005,0.33,0.33,0.33,0.33,600000,0
PHA,05/17/2005,0.33,0.33,0.32,0.32,1350000,0
PHA,05/19/2005,0.33,0.33,0.32,0.32,650000,0
PHA,05/20/2005,0.32,0.32,0.32,0.32,550000,0
PHA,05/23/2005,0.31,0.31,0.31,0.31,410000,0
PHA,05/25/2005,0.31,0.31,0.3,0.31,440000,0
PHA,05/27/2005,0.31,0.32,0.31,0.32,300000,0
PHA,06/01/2005,0.34,0.34,0.33,0.33,1260000,0
PHA,06/02/2005,0.33,0.33,0.32,0.33,290000,0
PHA,06/03/2005,0.33,0.33,0.33,0.33,200000,0
PHA,06/08/2005,0.31,0.31,0.3,0.3,1250000,0
PHA,06/09/2005,0.3,0.3,0.3,0.3,380000,0
PHA,06/10/2005,0.3,0.3,0.3,0.3,50000,0
PHA,06/14/2005,0.29,0.29,0.29,0.29,120000,0
PHA,06/16/2005,0.29,0.29,0.29,0.29,100000,0
PHA,06/17/2005,0.3,0.3,0.3,0.3,100000,0
PHA,06/24/2005,0.29,0.29,0.29,0.29,100000,0
PHA,06/28/2005,0.3,0.31,0.3,0.31,200000,0
PHA,06/29/2005,0.3,0.3,0.29,0.29,860000,0
PHA,06/30/2005,0.29,0.29,0.25,0.25,120000,0
PHA,07/01/2005,0.25,0.25,0.25,0.25,300000,0
PHA,07/05/2005,0.27,0.27,0.27,0.27,900000,0
PHA,07/06/2005,0.25,0.29,0.25,0.29,110000,0
PHA,07/21/2005,0.26,0.26,0.26,0.26,60000,0
PHA,07/27/2005,0.27,0.27,0.27,0.27,100000,0
PHA,07/28/2005,0.28,0.28,0.28,0.28,80000,0
PHA,07/29/2005,0.27,0.27,0.27,0.27,100000,0
PHA,08/01/2005,0.29,0.3,0.29,0.29,450000,0
PHA,08/02/2005,0.28,0.28,0.28,0.28,3200000,0
PHA,08/04/2005,0.29,0.29,0.29,0.29,100000,0
PHA,08/05/2005,0.28,0.28,0.28,0.28,100000,0
PHA,08/10/2005,0.28,0.28,0.28,0.28,150000,0
PHA,08/11/2005,0.3,0.31,0.3,0.3,600000,0
PHA,08/12/2005,0.31,0.31,0.31,0.31,810000,0
PHA,08/15/2005,0.3,0.3,0.3,0.3,200000,0
PHA,08/16/2005,0.31,0.32,0.31,0.32,5500000,0
PHA,08/17/2005,0.33,0.33,0.32,0.32,1470000,0
PHA,08/18/2005,0.31,0.31,0.31,0.31,1150000,0
PHA,08/19/2005,0.31,0.31,0.31,0.31,240000,0
PHA,08/22/2005,0.3,0.3,0.3,0.3,1000000,0
PHA,08/23/2005,0.31,0.31,0.31,0.31,250000,0
PHA,08/24/2005,0.3,0.3,0.3,0.3,140000,0
PHA,08/25/2005,0.3,0.3,0.3,0.3,330000,0
PHA,08/26/2005,0.31,0.31,0.31,0.31,250000,0
PHA,08/30/2005,0.3,0.31,0.3,0.31,800000,0
PHA,08/31/2005,0.31,0.31,0.31,0.31,180000,0
PHA,09/01/2005,0.31,0.31,0.31,0.31,250000,0
PHA,09/05/2005,0.3,0.3,0.3,0.3,50000,0
PHA,09/06/2005,0.3,0.3,0.3,0.3,500000,0
PHA,09/08/2005,0.31,0.31,0.31,0.31,300000,0
PHA,09/09/2005,0.31,0.31,0.31,0.31,620000,0
PHA,09/12/2005,0.32,0.32,0.31,0.31,520000,0
PHA,09/14/2005,0.31,0.31,0.31,0.31,480000,0
PHA,09/21/2005,0.31,0.31,0.31,0.31,620000,0
PHA,09/22/2005,0.31,0.31,0.31,0.31,300000,0
PHA,09/23/2005,0.3,0.3,0.3,0.3,510000,0
PHA,09/26/2005,0.31,0.31,0.31,0.31,480000,0
PHA,09/30/2005,0.31,0.31,0.31,0.31,2020000,0
PHA,10/03/2005,0.32,0.32,0.31,0.31,580000,0
PHA,10/04/2005,0.31,0.31,0.31,0.31,800000,0
PHA,10/05/2005,0.31,0.31,0.31,0.31,420000,0
PHA,10/06/2005,0.3,0.31,0.3,0.3,330000,0
PHA,10/07/2005,0.3,0.3,0.3,0.3,100000,0
PHA,10/10/2005,0.3,0.3,0.3,0.3,2000000,0
PHA,10/11/2005,0.29,0.29,0.29,0.29,800000,0
PHA,10/12/2005,0.28,0.28,0.28,0.28,460000,0
PHA,10/14/2005,0.3,0.3,0.3,0.3,320000,0
PHA,10/18/2005,0.3,0.3,0.3,0.3,950000,0
PHA,10/20/2005,0.31,0.31,0.31,0.31,100000,0
PHA,10/21/2005,0.3,0.3,0.3,0.3,380000,0
PHA,10/27/2005,0.3,0.3,0.3,0.3,520000,0
PHA,11/07/2005,0.3,0.31,0.3,0.31,3400000,0
PHA,11/09/2005,0.31,0.31,0.31,0.31,1000000,0
PHA,11/10/2005,0.31,0.32,0.31,0.31,3150000,0
PHA,11/11/2005,0.31,0.31,0.31,0.31,300000,0
PHA,11/14/2005,0.3,0.31,0.3,0.31,3550000,0
PHA,11/15/2005,0.31,0.31,0.31,0.31,650000,0
PHA,11/16/2005,0.31,0.31,0.31,0.31,1500000,0
PHA,11/17/2005,0.32,0.32,0.32,0.32,580000,0
PHA,11/18/2005,0.32,0.33,0.32,0.32,3800000,0
PHA,11/21/2005,0.32,0.32,0.32,0.32,3150000,0
PHA,11/22/2005,0.32,0.32,0.32,0.32,2550000,0
PHA,11/23/2005,0.32,0.32,0.32,0.32,1250000,0
PHA,11/24/2005,0.32,0.32,0.32,0.32,1000000,0
PHA,11/25/2005,0.33,0.35,0.33,0.34,3200000,0
PHA,11/29/2005,0.34,0.34,0.34,0.34,3300000,0
PHA,11/30/2005,0.33,0.33,0.33,0.33,3800000,0
PHA,12/01/2005,0.32,0.32,0.32,0.32,1020000,0
PHA,12/02/2005,0.33,0.33,0.32,0.33,350000,0
PHA,12/05/2005,0.32,0.32,0.32,0.32,600000,0
PHA,12/06/2005,0.32,0.32,0.31,0.31,1450000,0
PHA,12/08/2005,0.32,0.32,0.32,0.32,900000,0
PHA,12/12/2005,0.31,0.31,0.31,0.31,20000,0
PHA,12/16/2005,0.3,0.3,0.3,0.3,300000,0
PHA,12/27/2005,0.32,0.32,0.32,0.32,100000,0
PHA,01/05/2006,0.31,0.31,0.31,0.31,50000,0
PHA,01/06/2006,0.3,0.3,0.3,0.3,360000,0
PHA,01/10/2006,0.3,0.3,0.3,0.3,700000,0
PHA,01/11/2006,0.29,0.29,0.29,0.29,360000,0
PHA,01/12/2006,0.29,0.29,0.29,0.29,590000,0
PHA,01/13/2006,0.29,0.29,0.29,0.29,150000,0
PHA,01/16/2006,0.29,0.29,0.29,0.29,200000,0
PHA,01/17/2006,0.29,0.3,0.29,0.3,560000,0
PHA,01/18/2006,0.3,0.3,0.3,0.3,400000,0
PHA,01/19/2006,0.29,0.3,0.29,0.3,620000,0
PHA,01/24/2006,0.3,0.32,0.3,0.31,900000,0
PHA,01/25/2006,0.31,0.31,0.3,0.3,350000,0
PHA,01/26/2006,0.3,0.3,0.3,0.3,540000,0
PHA,01/27/2006,0.3,0.3,0.3,0.3,1200000,0
PHA,01/31/2006,0.3,0.3,0.3,0.3,100000,0
PHA,02/01/2006,0.29,0.29,0.29,0.29,300000,0
PHA,02/03/2006,0.29,0.29,0.29,0.29,200000,0
PHA,02/07/2006,0.29,0.29,0.29,0.29,300000,0
PHA,02/13/2006,0.29,0.29,0.29,0.29,50000,0
PHA,02/20/2006,0.29,0.29,0.29,0.29,470000,0
PHA,02/21/2006,0.29,0.29,0.29,0.29,250000,0
PHA,02/22/2006,0.29,0.3,0.29,0.3,710000,0
PHA,02/24/2006,0.29,0.29,0.28,0.28,1800000,0
PHA,02/28/2006,0.29,0.29,0.29,0.29,130000,0
PHA,03/07/2006,0.28,0.28,0.28,0.28,670000,0
PHA,03/08/2006,0.28,0.28,0.27,0.27,900000,0
PHA,03/15/2006,0.28,0.28,0.28,0.28,500000,0
PHA,03/16/2006,0.27,0.27,0.27,0.27,80000,0
PHA,03/20/2006,0.27,0.27,0.27,0.27,100000,0
PHA,03/21/2006,0.27,0.27,0.27,0.27,210000,0
PHA,03/22/2006,0.3,0.3,0.3,0.3,900000,0
PHA,03/27/2006,0.3,0.3,0.3,0.3,410000,0
PHA,03/30/2006,0.28,0.28,0.28,0.28,100000,0
PHA,03/31/2006,0.28,0.3,0.28,0.3,1150000,0
PHA,04/04/2006,0.28,0.28,0.28,0.28,10000,0
PHA,04/05/2006,0.28,0.28,0.28,0.28,180000,0
PHA,04/06/2006,0.3,0.3,0.3,0.3,100000,0
PHA,04/07/2006,0.3,0.31,0.3,0.3,1430000,0
PHA,04/10/2006,0.3,0.3,0.3,0.3,210000,0
PHA,04/18/2006,0.3,0.3,0.3,0.3,580000,0
PHA,04/19/2006,0.31,0.31,0.31,0.31,1000000,0
PHA,04/20/2006,0.3,0.3,0.3,0.3,100000,0
PHA,04/21/2006,0.31,0.31,0.31,0.31,100000,0
PHA,04/24/2006,0.31,0.31,0.31,0.31,300000,0
PHA,04/25/2006,0.31,0.31,0.3,0.3,360000,0
PHA,04/26/2006,0.31,0.31,0.31,0.31,70000,0
PHA,04/28/2006,0.3,0.3,0.3,0.3,700000,0
PHA,05/02/2006,0.31,0.31,0.3,0.3,700000,0
PHA,05/08/2006,0.3,0.3,0.3,0.3,1550000,0
PHA,05/10/2006,0.31,0.31,0.31,0.31,50000,0
PHA,05/11/2006,0.3,0.3,0.3,0.3,50000,0
PHA,05/15/2006,0.3,0.3,0.3,0.3,200000,0
PHA,05/18/2006,0.31,0.31,0.29,0.29,950000,0
PHA,05/19/2006,0.29,0.29,0.28,0.28,930000,0
PHA,05/26/2006,0.28,0.28,0.28,0.28,200000,0
PHA,05/30/2006,0.27,0.27,0.27,0.27,490000,0
PHA,06/06/2006,0.26,0.26,0.26,0.26,100000,0
PHA,06/07/2006,0.28,0.28,0.28,0.28,80000,0
PHA,06/14/2006,0.27,0.27,0.27,0.27,50000,0
PHA,06/16/2006,0.27,0.27,0.27,0.27,50000,0
PHA,06/30/2006,0.26,0.26,0.26,0.26,12520000,0
PHA,07/04/2006,0.27,0.28,0.25,0.25,900000,0
PHA,07/05/2006,0.25,0.25,0.25,0.25,300000,0
PHA,07/06/2006,0.24,0.25,0.22,0.25,700000,0
PHA,07/07/2006,0.25,0.25,0.23,0.25,950000,0
PHA,07/10/2006,0.24,0.24,0.24,0.24,500000,0
PHA,07/11/2006,0.23,0.23,0.21,0.23,1700000,0
PHA,07/12/2006,0.23,0.23,0.23,0.23,300000,0
PHA,07/13/2006,0.225,0.225,0.205,0.215,2300000,0
PHA,07/17/2006,0.21,0.21,0.195,0.195,1450000,0
PHA,07/18/2006,0.2,0.205,0.195,0.195,680000,0
PHA,07/19/2006,0.195,0.195,0.195,0.195,450000,0
PHA,07/20/2006,0.195,0.195,0.18,0.19,1880000,0
PHA,07/21/2006,0.195,0.2,0.19,0.19,2140000,0
PHA,07/25/2006,0.195,0.195,0.195,0.195,270000,0
PHA,07/26/2006,0.195,0.195,0.195,0.195,50000,0
PHA,07/27/2006,0.2,0.215,0.2,0.215,400000,0
PHA,07/28/2006,0.235,0.235,0.21,0.235,1400000,0
PHA,07/31/2006,0.22,0.22,0.22,0.22,300000,0
PHA,08/01/2006,0.23,0.23,0.22,0.22,300000,0
PHA,08/03/2006,0.225,0.225,0.225,0.225,230000,0
PHA,08/04/2006,0.235,0.25,0.235,0.25,600000,0
PHA,08/07/2006,0.25,0.25,0.25,0.25,760000,0
PHA,08/08/2006,0.25,0.25,0.24,0.25,700000,0
PHA,08/09/2006,0.26,0.27,0.25,0.25,850000,0
PHA,08/10/2006,0.27,0.28,0.27,0.27,950000,0
PHA,08/11/2006,0.25,0.26,0.25,0.26,200000,0
PHA,08/15/2006,0.26,0.26,0.26,0.26,800000,0
PHA,08/28/2006,0.28,0.31,0.28,0.3,2480000,0
PHA,08/29/2006,0.31,0.34,0.31,0.32,3700000,0
PHA,08/30/2006,0.32,0.4,0.32,0.37,8480000,0
PHA,08/31/2006,0.38,0.42,0.35,0.37,12920000,0
PHA,09/01/2006,0.35,0.37,0.35,0.36,2000000,0
PHA,09/04/2006,0.36,0.37,0.36,0.36,3450000,0
PHA,09/05/2006,0.36,0.36,0.35,0.35,570000,0
PHA,09/06/2006,0.34,0.34,0.33,0.33,600000,0
PHA,09/07/2006,0.33,0.33,0.33,0.33,300000,0
PHA,09/08/2006,0.31,0.31,0.31,0.31,200000,0
PHA,09/11/2006,0.3,0.3,0.3,0.3,620000,0
PHA,09/12/2006,0.3,0.3,0.3,0.3,60000,0
PHA,09/13/2006,0.3,0.3,0.3,0.3,230000,0
PHA,09/14/2006,0.3,0.3,0.3,0.3,420000,0
PHA,09/18/2006,0.3,0.3,0.3,0.3,50000,0
PHA,09/19/2006,0.31,0.32,0.31,0.32,4780000,0
PHA,09/21/2006,0.33,0.33,0.32,0.32,1100000,0
PHA,09/22/2006,0.33,0.33,0.33,0.33,210000,0
PHA,09/25/2006,0.33,0.33,0.33,0.33,240000,0
PHA,09/26/2006,0.33,0.33,0.33,0.33,200000,0
PHA,09/27/2006,0.32,0.32,0.32,0.32,300000,0
PHA,10/03/2006,0.3,0.3,0.3,0.3,100000,0
PHA,10/05/2006,0.3,0.3,0.3,0.3,690000,0
PHA,10/06/2006,0.3,0.3,0.3,0.3,200000,0
PHA,10/09/2006,0.31,0.31,0.31,0.31,800000,0
PHA,10/11/2006,0.31,0.31,0.3,0.3,1000000,0
PHA,10/12/2006,0.3,0.31,0.3,0.31,500000,0
PHA,10/13/2006,0.31,0.31,0.31,0.31,680000,0
PHA,10/16/2006,0.31,0.31,0.31,0.31,220000,0
PHA,10/17/2006,0.33,0.36,0.33,0.33,2130000,0
PHA,10/18/2006,0.33,0.36,0.33,0.34,2200000,0
PHA,10/19/2006,0.34,0.36,0.34,0.34,1900000,0
PHA,10/20/2006,0.34,0.34,0.34,0.34,100000,0
PHA,10/23/2006,0.35,0.37,0.35,0.37,4940000,0
PHA,10/25/2006,0.36,0.36,0.35,0.36,510000,0
PHA,10/26/2006,0.37,0.37,0.37,0.37,100000,0
PHA,10/27/2006,0.36,0.37,0.35,0.35,1550000,0
PHA,10/30/2006,0.35,0.35,0.35,0.35,700000,0
PHA,11/02/2006,0.32,0.32,0.32,0.32,200000,0
PHA,11/08/2006,0.33,0.33,0.33,0.33,20000,0
PHA,11/09/2006,0.34,0.34,0.34,0.34,170000,0
PHA,11/10/2006,0.34,0.35,0.34,0.35,2300000,0
PHA,11/13/2006,0.35,0.35,0.35,0.35,1300000,0
PHA,11/14/2006,0.35,0.36,0.35,0.36,150000,0
PHA,11/15/2006,0.37,0.37,0.36,0.36,3090000,0
PHA,11/16/2006,0.36,0.37,0.36,0.37,1850000,0
PHA,11/21/2006,0.35,0.35,0.35,0.35,100000,0
PHA,11/22/2006,0.36,0.36,0.36,0.36,200000,0
PHA,11/23/2006,0.36,0.38,0.36,0.37,1320000,0
PHA,11/24/2006,0.37,0.41,0.37,0.39,6320000,0
PHA,11/27/2006,0.39,0.41,0.39,0.39,4800000,0
PHA,11/28/2006,0.38,0.42,0.38,0.4,6420000,0
PHA,11/29/2006,0.41,0.41,0.38,0.38,5540000,0
PHA,11/30/2006,0.39,0.39,0.38,0.38,1100000,0
PHA,12/04/2006,0.38,0.38,0.38,0.38,40000,0
PHA,12/05/2006,0.36,0.36,0.36,0.36,2200000,0
PHA,12/06/2006,0.34,0.34,0.34,0.34,3060000,0
PHA,12/07/2006,0.35,0.35,0.34,0.34,4100000,0
PHA,12/08/2006,0.35,0.35,0.33,0.33,1050000,0
PHA,12/11/2006,0.32,0.34,0.32,0.34,300000,0
PHA,12/12/2006,0.33,0.33,0.33,0.33,500000,0
PHA,12/13/2006,0.33,0.34,0.33,0.34,120000,0
PHA,12/14/2006,0.33,0.34,0.33,0.34,3850000,0
PHA,12/15/2006,0.33,0.35,0.33,0.35,1800000,0
PHA,12/18/2006,0.35,0.35,0.35,0.35,1110000,0
PHA,12/19/2006,0.35,0.36,0.35,0.35,2780000,0
PHA,12/20/2006,0.35,0.35,0.33,0.35,1320000,0
PHA,12/21/2006,0.35,0.35,0.35,0.35,200000,0
PHA,01/05/2007,0.34,0.34,0.34,0.34,200000,0
PHA,01/09/2007,0.33,0.33,0.33,0.33,100000,0
PHA,01/11/2007,0.33,0.34,0.33,0.34,320000,0
PHA,01/15/2007,0.33,0.33,0.33,0.33,900000,0
PHA,01/18/2007,0.35,0.35,0.35,0.35,50000,0
PHA,01/22/2007,0.36,0.36,0.36,0.36,200000,0
PHA,01/23/2007,0.35,0.35,0.35,0.35,1040000,0
PHA,01/24/2007,0.35,0.35,0.34,0.34,350000,0
PHA,01/25/2007,0.34,0.34,0.34,0.34,1060000,0
PHA,01/26/2007,0.34,0.34,0.34,0.34,70000,0
PHA,01/29/2007,0.35,0.38,0.35,0.36,180000,0
PHA,01/30/2007,0.35,0.35,0.35,0.35,350000,0
PHA,01/31/2007,0.35,0.35,0.35,0.35,1220000,0
PHA,02/01/2007,0.34,0.34,0.34,0.34,600000,0
PHA,02/02/2007,0.35,0.35,0.35,0.35,420000,0
PHA,02/05/2007,0.35,0.35,0.35,0.35,600000,0
PHA,02/06/2007,0.35,0.35,0.35,0.35,300000,0
PHA,02/08/2007,0.36,0.37,0.36,0.37,110000,0
PHA,02/09/2007,0.36,0.39,0.36,0.38,1010000,0
PHA,02/12/2007,0.37,0.39,0.37,0.37,700000,0
PHA,02/13/2007,0.39,0.4,0.39,0.39,600000,0
PHA,02/14/2007,0.39,0.39,0.38,0.38,400000,0
PHA,02/15/2007,0.38,0.38,0.38,0.38,100000,0
PHA,02/16/2007,0.37,0.37,0.37,0.37,990000,0
PHA,02/22/2007,0.37,0.37,0.37,0.37,200000,0
PHA,02/23/2007,0.36,0.36,0.36,0.36,140000,0
PHA,02/26/2007,0.39,0.41,0.39,0.41,1990000,0
PHA,02/27/2007,0.42,0.45,0.4,0.4,2750000,0
PHA,02/28/2007,0.36,0.36,0.36,0.36,100000,0
PHA,03/01/2007,0.39,0.39,0.39,0.39,800000,0
PHA,03/02/2007,0.39,0.39,0.37,0.37,4570000,0
PHA,03/05/2007,0.37,0.37,0.33,0.36,1930000,0
PHA,03/07/2007,0.38,0.38,0.38,0.38,200000,0
PHA,03/13/2007,0.35,0.37,0.35,0.37,170000,0
PHA,03/14/2007,0.4,0.4,0.36,0.36,50000,0
PHA,03/19/2007,0.37,0.37,0.36,0.36,400000,0
PHA,03/20/2007,0.35,0.36,0.35,0.36,700000,0
PHA,03/21/2007,0.36,0.4,0.36,0.37,710000,0
PHA,03/22/2007,0.37,0.37,0.36,0.37,2500000,0
PHA,03/27/2007,0.39,0.43,0.39,0.39,15570000,0
PHA,03/28/2007,0.42,0.45,0.4,0.42,21610000,0
PHA,03/29/2007,0.42,0.42,0.41,0.42,3060000,0
PHA,03/30/2007,0.41,0.43,0.39,0.39,6900000,0
PHA,04/02/2007,0.38,0.41,0.38,0.41,1500000,0
PHA,04/03/2007,0.4,0.4,0.38,0.39,3150000,0
PHA,04/04/2007,0.41,0.41,0.41,0.41,2500000,0
PHA,04/10/2007,0.41,0.41,0.4,0.4,230000,0
PHA,04/11/2007,0.4,0.4,0.4,0.4,200000,0
PHA,04/12/2007,0.38,0.39,0.38,0.39,700000,0
PHA,04/13/2007,0.38,0.38,0.38,0.38,160000,0
PHA,04/16/2007,0.38,0.38,0.38,0.38,300000,0
PHA,04/17/2007,0.38,0.38,0.38,0.38,700000,0
PHA,04/19/2007,0.38,0.38,0.37,0.37,320000,0
PHA,04/20/2007,0.37,0.41,0.37,0.41,500000,0
PHA,04/23/2007,0.38,0.38,0.38,0.38,100000,0
PHA,04/27/2007,0.38,0.38,0.37,0.38,510000,0
PHA,04/30/2007,0.37,0.38,0.37,0.38,2000000,0
PHA,05/02/2007,0.38,0.4,0.37,0.39,2460000,0
PHA,05/04/2007,0.38,0.39,0.38,0.38,850000,0
PHA,05/07/2007,0.38,0.38,0.38,0.38,200000,0
PHA,05/08/2007,0.38,0.38,0.38,0.38,800000,0
PHA,05/09/2007,0.38,0.38,0.38,0.38,1220000,0
PHA,05/10/2007,0.4,0.45,0.4,0.43,7570000,0
PHA,05/11/2007,0.42,0.52,0.42,0.49,47870000,0
PHA,05/15/2007,0.51,0.54,0.49,0.52,23920000,0
PHA,05/16/2007,0.52,0.52,0.48,0.48,3660000,0
PHA,05/17/2007,0.48,0.49,0.48,0.49,2200000,0
PHA,05/18/2007,0.49,0.52,0.49,0.5,12480000,0
PHA,05/21/2007,0.52,0.63,0.51,0.62,26890000,0
PHA,05/22/2007,0.63,0.64,0.54,0.55,15190000,0
PHA,05/23/2007,0.55,0.58,0.55,0.57,1390000,0
PHA,05/24/2007,0.57,0.73,0.57,0.73,48190000,0
PHA,05/25/2007,0.72,0.76,0.69,0.72,33000000,0
PHA,05/28/2007,0.72,0.74,0.68,0.68,16740000,0
PHA,05/29/2007,0.67,0.69,0.66,0.68,6810000,0
PHA,05/30/2007,0.66,0.66,0.62,0.63,5640000,0
PHA,05/31/2007,0.64,0.85,0.64,0.82,37660000,0
PHA,06/01/2007,0.83,0.91,0.81,0.86,35220000,0
PHA,06/04/2007,0.87,0.88,0.79,0.8,13070000,0
PHA,06/05/2007,0.81,0.88,0.81,0.86,18880000,0
PHA,06/06/2007,0.86,0.94,0.85,0.89,30660000,0
PHA,06/07/2007,0.9,0.95,0.88,0.95,25810000,0
PHA,06/08/2007,0.95,0.98,0.91,0.95,22390000,0
PHA,06/12/2007,0.96,0.97,0.91,0.91,8520000,0
PHA,06/13/2007,0.9,0.91,0.86,0.89,7200000,0
PHA,06/14/2007,0.91,0.92,0.89,0.92,7710000,0
PHA,06/15/2007,0.91,0.92,0.84,0.84,4450000,0
PHA,06/18/2007,0.9,0.9,0.85,0.88,1350000,0
PHA,06/19/2007,0.84,0.87,0.84,0.84,5670000,0
PHA,06/20/2007,0.85,0.92,0.85,0.89,7270000,0
PHA,06/21/2007,0.86,0.94,0.86,0.91,8430000,0
PHA,06/22/2007,0.94,0.94,0.88,0.88,3360000,0
PHA,06/25/2007,0.87,0.87,0.83,0.84,7720000,0
PHA,06/26/2007,0.84,0.85,0.84,0.85,2470000,0
PHA,06/27/2007,0.84,0.84,0.77,0.79,4010000,0
PHA,06/28/2007,0.79,0.8,0.79,0.79,710000,0
PHA,06/29/2007,0.78,0.78,0.75,0.75,200000,0
PHA,07/02/2007,0.75,0.75,0.62,0.7,550000,0
PHA,07/03/2007,0.78,0.78,0.68,0.69,2920000,0
PHA,07/04/2007,0.74,0.76,0.72,0.75,4160000,0
PHA,07/05/2007,0.74,0.74,0.71,0.71,2100000,0
PHA,07/06/2007,0.72,0.72,0.66,0.69,2900000,0
PHA,07/09/2007,0.69,0.69,0.69,0.69,630000,0
PHA,07/10/2007,0.68,0.68,0.68,0.68,500000,0
PHA,07/11/2007,0.68,0.75,0.68,0.7,2700000,0
PHA,07/12/2007,0.71,0.72,0.71,0.72,520000,0
PHA,07/13/2007,0.75,0.81,0.75,0.77,4460000,0
PHA,07/16/2007,0.75,0.76,0.74,0.76,440000,0
PHA,07/17/2007,0.76,0.76,0.72,0.76,1930000,0
PHA,07/18/2007,0.76,0.8,0.76,0.77,1880000,0
PHA,07/19/2007,0.76,0.76,0.74,0.74,1390000,0
PHA,07/20/2007,0.75,0.77,0.74,0.75,2910000,0
PHA,07/23/2007,0.75,0.75,0.74,0.74,510000,0
PHA,07/24/2007,0.72,0.72,0.71,0.71,780000,0
PHA,07/25/2007,0.7,0.7,0.69,0.69,340000,0
PHA,07/26/2007,0.69,0.71,0.69,0.71,4370000,0
PHA,07/27/2007,0.74,0.75,0.72,0.72,1070000,0
PHA,07/30/2007,0.68,0.71,0.58,0.63,2490000,0
PHA,07/31/2007,0.65,0.66,0.62,0.62,1280000,0
PHA,08/01/2007,0.6,0.61,0.59,0.61,1820000,0
PHA,08/02/2007,0.61,0.61,0.56,0.56,4740000,0
PHA,08/03/2007,0.56,0.56,0.49,0.49,2630000,0
PHA,08/06/2007,0.43,0.5,0.43,0.5,550000,0
PHA,08/07/2007,0.5,0.53,0.5,0.53,700000,0
PHA,08/08/2007,0.54,0.56,0.54,0.56,290000,0
PHA,08/09/2007,0.56,0.57,0.51,0.51,540000,0
PHA,08/10/2007,0.49,0.5,0.49,0.5,1470000,0
PHA,08/13/2007,0.51,0.51,0.5,0.5,630000,0
PHA,08/14/2007,0.48,0.48,0.48,0.48,500000,0
PHA,08/15/2007,0.48,0.48,0.47,0.47,1380000,0
PHA,08/16/2007,0.45,0.45,0.43,0.43,3630000,0
PHA,08/17/2007,0.43,0.43,0.38,0.38,3970000,0
PHA,08/21/2007,0.43,0.45,0.42,0.45,680000,0
PHA,08/22/2007,0.45,0.52,0.45,0.52,6710000,0
PHA,08/23/2007,0.55,0.58,0.52,0.58,8710000,0
PHA,08/29/2007,0.52,0.52,0.49,0.49,1560000,0
PHA,08/31/2007,0.51,0.54,0.51,0.53,1870000,0
PHA,09/03/2007,0.49,0.49,0.49,0.49,100000,0
PHA,09/04/2007,0.49,0.49,0.49,0.49,1080000,0
PHA,09/06/2007,0.49,0.53,0.49,0.53,620000,0
PHA,09/07/2007,0.53,0.53,0.53,0.53,410000,0
PHA,09/10/2007,0.48,0.48,0.48,0.48,150000,0
PHA,09/11/2007,0.48,0.48,0.47,0.47,1230000,0
PHA,09/12/2007,0.53,0.53,0.52,0.52,350000,0
PHA,09/13/2007,0.5,0.5,0.5,0.5,50000,0
PHA,09/17/2007,0.5,0.5,0.5,0.5,100000,0
PHA,09/20/2007,0.53,0.56,0.53,0.56,1100000,0
PHA,09/21/2007,0.56,0.56,0.53,0.53,320000,0
PHA,09/24/2007,0.53,0.54,0.53,0.54,750000,0
PHA,09/25/2007,0.56,0.56,0.56,0.56,240000,0
PHA,09/26/2007,0.56,0.59,0.56,0.59,350000,0
PHA,09/27/2007,0.6,0.6,0.59,0.6,540000,0
PHA,09/28/2007,0.61,0.69,0.61,0.68,14800000,0
PHA,10/01/2007,0.69,0.74,0.68,0.68,17780000,0
PHA,10/02/2007,0.71,0.71,0.67,0.67,5100000,0
PHA,10/03/2007,0.7,0.7,0.68,0.68,1180000,0
PHA,10/04/2007,0.67,0.67,0.65,0.67,1290000,0
PHA,10/05/2007,0.65,0.67,0.65,0.66,810000,0
PHA,10/08/2007,0.69,0.69,0.64,0.64,930000,0
PHA,10/09/2007,0.66,0.72,0.65,0.7,12690000,0
PHA,10/10/2007,0.71,0.77,0.71,0.74,16770000,0
PHA,10/11/2007,0.74,0.75,0.72,0.72,2860000,0
PHA,10/15/2007,0.72,0.74,0.72,0.72,1190000,0
PHA,10/16/2007,0.71,0.71,0.7,0.71,890000,0
PHA,10/17/2007,0.68,0.68,0.68,0.68,240000,0
PHA,10/18/2007,0.68,0.68,0.67,0.67,700000,0
PHA,10/19/2007,0.66,0.67,0.64,0.64,1460000,0
PHA,10/22/2007,0.6,0.61,0.6,0.6,6120000,0
PHA,10/23/2007,0.62,0.62,0.59,0.6,2790000,0
PHA,10/24/2007,0.58,0.6,0.58,0.6,870000,0
PHA,10/25/2007,0.63,0.63,0.6,0.6,1840000,0
PHA,10/26/2007,0.63,0.67,0.63,0.67,4110000,0
PHA,10/30/2007,0.67,0.72,0.67,0.71,3020000,0
PHA,10/31/2007,0.72,0.74,0.7,0.74,6950000,0
PHA,11/05/2007,0.74,0.88,0.74,0.87,23080000,0
PHA,11/06/2007,0.89,0.94,0.86,0.87,36850000,0
PHA,11/07/2007,0.88,0.88,0.84,0.84,9990000,0
PHA,11/08/2007,0.83,0.84,0.79,0.82,9830000,0
PHA,11/09/2007,0.82,0.83,0.8,0.82,2910000,0
PHA,11/12/2007,0.82,0.83,0.78,0.8,9250000,0
PHA,11/13/2007,0.8,1.04,0.8,1.04,53820000,0
PHA,11/14/2007,1.06,1.16,1.02,1.06,53828000,0
PHA,11/15/2007,1.04,1.04,0.97,0.99,12657000,0
PHA,11/16/2007,0.91,0.99,0.91,0.94,7150000,0
PHA,11/19/2007,0.94,0.97,0.93,0.94,7270000,0
PHA,11/20/2007,0.91,0.97,0.89,0.95,11790000,0
PHA,11/21/2007,0.97,1.08,0.97,0.98,24760000,0
PHA,11/22/2007,0.96,1.02,0.94,1.02,4990000,0
PHA,11/23/2007,1.08,1.08,1.02,1.04,8534000,0
PHA,11/26/2007,1.04,1.06,1.04,1.04,4292000,0
PHA,11/27/2007,1.0,1.02,1.0,1.0,4428000,0
PHA,11/28/2007,1.02,1.02,0.99,0.99,3440000,0
PHA,11/29/2007,1.02,1.02,0.96,0.97,9170000,0
PHA,12/03/2007,0.98,1.18,0.98,1.12,11380000,0
PHA,12/04/2007,1.18,1.34,1.18,1.3,47716000,0
PHA,12/05/2007,1.32,1.36,1.28,1.3,17067000,0
PHA,12/06/2007,1.36,1.52,1.36,1.48,72014000,0
PHA,12/07/2007,1.44,1.5,1.36,1.42,24477000,0
PHA,12/10/2007,1.4,1.4,1.34,1.38,2570000,0
PHA,12/11/2007,1.36,1.44,1.34,1.42,7089000,0
PHA,12/12/2007,1.4,1.44,1.38,1.38,7380000,0
PHA,12/13/2007,1.38,1.42,1.36,1.36,3133000,0
PHA,12/14/2007,1.32,1.36,1.26,1.28,5230000,0
PHA,12/17/2007,1.26,1.26,1.18,1.26,5818000,0
PHA,12/18/2007,1.24,1.26,1.22,1.24,1203000,0
PHA,12/19/2007,1.24,1.26,1.18,1.18,3447000,0
PHA,12/20/2007,1.18,1.2,1.18,1.18,783000,0
PHA,12/21/2007,1.2,1.24,1.2,1.2,2331000,0
PHA,12/26/2007,1.24,1.24,1.2,1.2,1819000,0
PHA,12/27/2007,1.22,1.26,1.22,1.24,3627000,0
PHA,12/28/2007,1.24,1.24,1.2,1.2,972000,0
PHA,01/02/2008,1.22,1.22,1.2,1.2,415000,0
PHA,01/03/2008,1.2,1.24,1.18,1.22,3120000,0
PHA,01/04/2008,1.26,1.36,1.26,1.34,14837000,0
PHA,01/07/2008,1.34,1.34,1.28,1.3,5924000,0
PHA,01/08/2008,1.3,1.34,1.28,1.28,3908000,0
PHA,01/09/2008,1.28,1.32,1.26,1.3,4462000,0
PHA,01/10/2008,1.36,1.36,1.3,1.3,3863000,0
PHA,01/11/2008,1.32,1.32,1.24,1.26,4649000,0
PHA,01/14/2008,1.26,1.26,1.18,1.22,2119000,0
PHA,01/15/2008,1.24,1.24,1.14,1.18,7419000,0
PHA,01/16/2008,1.12,1.12,1.1,1.12,1396000,0
PHA,01/17/2008,1.1,1.1,1.02,1.08,3192000,0
PHA,01/18/2008,0.98,1.02,0.98,1.02,1563000,0
PHA,01/21/2008,1.04,1.08,1.0,1.06,1287000,0
PHA,01/22/2008,0.98,0.98,0.9,0.93,4217000,0
PHA,01/23/2008,0.95,0.98,0.94,0.94,2900000,0
PHA,01/24/2008,1.0,1.0,0.97,0.97,1350000,0
PHA,01/25/2008,1.0,1.06,1.0,1.04,2320000,0
PHA,01/28/2008,1.02,1.02,0.97,0.97,228000,0
PHA,01/29/2008,1.0,1.0,0.99,0.99,350000,0
PHA,01/30/2008,1.0,1.0,0.99,1.0,530000,0
PHA,01/31/2008,0.99,0.99,0.97,0.97,2280000,0
PHA,02/01/2008,0.99,1.0,0.99,1.0,910000,0
PHA,02/04/2008,1.02,1.12,1.02,1.1,2500000,0
PHA,02/05/2008,1.12,1.2,1.1,1.16,4130000,0
PHA,02/06/2008,1.1,1.16,1.06,1.16,1593000,0
PHA,02/07/2008,1.16,1.24,1.16,1.22,3891000,0
PHA,02/08/2008,1.22,1.26,1.2,1.2,3689000,0
PHA,02/11/2008,1.2,1.2,1.14,1.14,1144000,0
PHA,02/12/2008,1.14,1.2,1.14,1.18,553000,0
PHA,02/13/2008,1.2,1.2,1.16,1.16,1232000,0
PHA,02/14/2008,1.2,1.2,1.12,1.12,4092000,0
PHA,02/15/2008,1.1,1.14,1.1,1.14,1057000,0
PHA,02/18/2008,1.2,1.28,1.18,1.22,5206000,0
PHA,02/19/2008,1.24,1.32,1.2,1.32,8685000,0
PHA,02/20/2008,1.4,1.4,1.26,1.26,11814000,0
PHA,02/21/2008,1.32,1.46,1.26,1.42,29156000,0
PHA,02/22/2008,1.42,1.46,1.3,1.34,24348000,0
PHA,02/26/2008,1.4,1.48,1.28,1.28,29927000,0
PHA,02/27/2008,1.32,1.36,1.3,1.34,11641000,0
PHA,02/28/2008,1.34,1.38,1.3,1.34,11550000,0
PHA,02/29/2008,1.32,1.36,1.3,1.34,13197000,0
PHA,03/03/2008,1.32,1.34,1.3,1.32,5770000,0
PHA,03/04/2008,1.34,1.38,1.34,1.36,5246000,0
PHA,03/05/2008,1.38,1.38,1.34,1.34,2684000,0
PHA,03/06/2008,1.3,1.36,1.3,1.34,6948000,0
PHA,03/07/2008,1.34,1.34,1.3,1.3,14415000,0
PHA,03/10/2008,1.32,1.32,1.18,1.18,6494000,0
PHA,03/11/2008,1.16,1.26,1.16,1.26,3942000,0
PHA,03/12/2008,1.28,1.3,1.22,1.26,4955000,0
PHA,03/13/2008,1.26,1.26,1.22,1.24,11000,0
PHA,03/14/2008,1.26,1.26,1.2,1.22,1997000,0
PHA,03/17/2008,1.18,1.18,1.12,1.14,3293000,0
PHA,03/18/2008,1.2,1.2,1.14,1.16,630000,0
PHA,03/19/2008,1.18,1.2,1.16,1.16,523000,0
PHA,03/24/2008,1.18,1.18,1.16,1.16,230000,0
PHA,03/25/2008,1.18,1.2,1.16,1.16,478000,0
PHA,03/26/2008,1.18,1.2,1.14,1.18,3122000,0
PHA,03/27/2008,1.18,1.18,1.16,1.16,510000,0
PHA,03/28/2008,1.16,1.2,1.16,1.16,2214000,0
PHA,03/31/2008,1.22,1.22,1.16,1.16,468000,0
PHA,04/01/2008,1.16,1.2,1.14,1.18,1193000,0
PHA,04/02/2008,1.18,1.2,1.16,1.16,1519000,0
PHA,04/03/2008,1.18,1.24,1.18,1.18,1156000,0
PHA,04/04/2008,1.18,1.18,1.16,1.16,708000,0
PHA,04/08/2008,1.18,1.18,1.14,1.18,264000,0
PHA,04/09/2008,1.18,1.18,1.12,1.12,847000,0
PHA,04/10/2008,1.14,1.14,1.14,1.14,2000,0
PHA,04/11/2008,1.16,1.16,1.08,1.12,2788000,0
PHA,04/14/2008,1.14,1.14,1.1,1.1,249000,0
PHA,04/15/2008,1.1,1.14,1.06,1.06,3817000,0
PHA,04/16/2008,1.1,1.12,1.1,1.12,4000,0
PHA,04/17/2008,1.16,1.16,1.1,1.12,664000,0
PHA,04/18/2008,1.14,1.14,1.1,1.12,165000,0
PHA,04/21/2008,1.12,1.12,1.1,1.1,81000,0
PHA,04/22/2008,1.1,1.12,1.06,1.08,536000,0
PHA,04/23/2008,1.1,1.1,1.1,1.1,1000,0
PHA,04/24/2008,1.1,1.12,1.02,1.12,8306000,0
PHA,04/25/2008,1.14,1.14,1.04,1.04,364000,0
PHA,04/28/2008,1.1,1.1,1.0,1.02,666000,0
PHA,04/29/2008,1.0,1.02,0.96,1.0,812000,0
PHA,04/30/2008,1.0,1.02,0.99,0.99,420000,0
PHA,05/02/2008,0.99,1.04,0.99,0.99,710000,0
PHA,05/05/2008,1.0,1.0,1.0,1.0,10000,0
PHA,05/06/2008,1.0,1.0,0.98,0.99,300000,0
PHA,05/07/2008,1.0,1.02,1.0,1.0,560000,0
PHA,05/08/2008,1.0,1.0,0.95,0.97,2170000,0
PHA,05/09/2008,0.98,0.99,0.98,0.99,310000,0
PHA,05/12/2008,0.99,0.99,0.94,0.98,600000,0
PHA,05/13/2008,0.99,1.06,0.99,1.02,3790000,0
PHA,05/14/2008,1.06,1.06,0.98,0.98,1521000,0
PHA,05/15/2008,0.98,0.99,0.98,0.98,500000,0
PHA,05/16/2008,1.0,1.1,1.0,1.08,9320000,0
PHA,05/19/2008,1.08,1.14,1.08,1.1,6849000,0
PHA,05/20/2008,1.1,1.1,1.04,1.06,2860000,0
PHA,05/21/2008,1.08,1.08,1.02,1.04,2336000,0
PHA,05/22/2008,1.04,1.04,0.99,1.02,1505000,0
PHA,05/23/2008,1.0,1.02,0.99,0.99,1940000,0
PHA,05/26/2008,0.98,1.02,0.98,0.99,1010000,0
PHA,05/27/2008,1.02,1.02,0.99,1.0,1280000,0
PHA,05/28/2008,1.0,1.0,0.97,0.97,2020000,0
PHA,05/29/2008,0.99,0.99,0.95,0.95,370000,0
PHA,05/30/2008,0.95,0.95,0.95,0.95,200000,0
PHA,06/02/2008,0.92,0.92,0.9,0.9,200000,0
PHA,06/03/2008,0.94,0.94,0.94,0.94,160000,0
PHA,06/04/2008,0.94,0.98,0.94,0.97,2220000,0
PHA,06/05/2008,0.96,1.04,0.96,1.04,5270000,0
PHA,06/06/2008,1.06,1.06,1.02,1.06,2082000,0
PHA,06/10/2008,1.02,1.02,0.99,1.02,839000,0
PHA,06/11/2008,1.04,1.04,0.95,0.98,4906000,0
PHA,06/12/2008,0.94,0.97,0.9,0.97,1720000,0
PHA,06/13/2008,0.96,0.96,0.93,0.93,260000,0
PHA,06/16/2008,0.92,0.94,0.92,0.92,140000,0
PHA,06/17/2008,0.92,0.93,0.91,0.93,980000,0
PHA,06/18/2008,0.94,0.94,0.91,0.93,730000,0
PHA,06/19/2008,0.94,0.94,0.9,0.91,580000,0
PHA,06/20/2008,0.9,0.9,0.85,0.86,400000,0
PHA,06/23/2008,0.88,0.88,0.8,0.83,870000,0
PHA,06/24/2008,0.83,0.83,0.8,0.81,380000,0
PHA,06/25/2008,0.8,0.8,0.79,0.79,130000,0
PHA,06/26/2008,0.8,0.83,0.78,0.78,900000,0
PHA,06/27/2008,0.77,0.77,0.76,0.77,120000,0
PHA,06/30/2008,0.78,0.79,0.78,0.79,110000,0
PHA,07/02/2008,0.78,0.78,0.78,0.78,2300000,0
PHA,07/03/2008,0.5,0.7,0.5,0.69,210000,0
PHA,07/04/2008,0.71,0.71,0.66,0.66,400000,0
PHA,07/07/2008,0.66,0.71,0.66,0.71,790000,0
PHA,07/08/2008,0.7,0.71,0.69,0.69,570000,0
PHA,07/09/2008,0.69,0.69,0.68,0.69,1210000,0
PHA,07/10/2008,0.67,0.69,0.67,0.69,1140000,0
PHA,07/11/2008,0.69,0.69,0.67,0.67,580000,0
PHA,07/14/2008,0.69,0.69,0.68,0.68,210000,0
PHA,07/15/2008,0.66,0.67,0.66,0.66,530000,0
PHA,07/17/2008,0.68,0.68,0.68,0.68,30000,0
PHA,07/18/2008,0.68,0.68,0.68,0.68,20000,0
PHA,07/21/2008,0.66,0.66,0.66,0.66,240000,0
PHA,07/22/2008,0.65,0.65,0.62,0.62,520000,0
PHA,07/23/2008,0.65,0.65,0.65,0.65,10000,0
PHA,07/24/2008,0.63,0.65,0.63,0.65,1460000,0
PHA,07/25/2008,0.64,0.73,0.64,0.73,9380000,0
PHA,07/28/2008,0.74,0.74,0.71,0.71,960000,0
PHA,07/29/2008,0.69,0.7,0.69,0.7,2260000,0
PHA,07/30/2008,0.72,0.73,0.72,0.72,1030000,0
PHA,07/31/2008,0.72,0.75,0.72,0.74,3000000,0
PHA,08/01/2008,0.71,0.75,0.71,0.75,3760000,0
PHA,08/04/2008,0.75,0.82,0.75,0.82,1440000,0
PHA,08/05/2008,0.83,0.83,0.82,0.82,270000,0
PHA,08/06/2008,0.84,0.87,0.84,0.87,710000,0
PHA,08/07/2008,0.86,0.96,0.85,0.92,5080000,0
PHA,08/08/2008,0.92,0.99,0.9,0.97,2170000,0
PHA,08/11/2008,0.99,0.99,0.97,0.97,440000,0
PHA,08/12/2008,1.0,1.02,0.99,0.99,5480000,0
PHA,08/13/2008,0.99,1.0,0.97,0.97,1570000,0
PHA,08/14/2008,0.97,1.02,0.97,1.0,1950000,0
PHA,08/15/2008,1.0,1.0,0.97,0.98,1260000,0
PHA,08/19/2008,0.97,0.97,0.94,0.95,1700000,0
PHA,08/20/2008,0.95,0.98,0.95,0.95,930000,0
PHA,08/21/2008,0.94,0.94,0.93,0.93,280000,0
PHA,08/22/2008,0.92,0.93,0.9,0.93,990000,0
PHA,08/26/2008,0.96,0.96,0.96,0.96,130000,0
PHA,08/27/2008,0.99,0.99,0.99,0.99,10000,0
PHA,08/28/2008,0.97,0.97,0.94,0.94,1050000,0
PHA,08/29/2008,0.94,0.94,0.92,0.92,1560000,0
PHA,09/01/2008,0.94,0.94,0.94,0.94,10000,0
PHA,09/02/2008,0.94,0.94,0.91,0.94,2000000,0
PHA,09/04/2008,0.92,0.94,0.91,0.94,3700000,0
PHA,09/05/2008,0.95,0.95,0.95,0.95,60000,0
PHA,09/08/2008,0.93,0.95,0.91,0.93,120000,0
PHA,09/09/2008,0.9,0.91,0.88,0.9,820000,0
PHA,09/10/2008,0.9,0.9,0.88,0.9,330000,0
PHA,09/11/2008,0.89,0.9,0.89,0.9,20000,0
PHA,09/12/2008,0.88,0.9,0.87,0.87,650000,0
PHA,09/15/2008,0.83,0.84,0.83,0.83,1110000,0
PHA,09/16/2008,0.83,0.86,0.83,0.86,2090000,0
PHA,09/17/2008,0.89,0.89,0.86,0.86,960000,0
PHA,09/18/2008,0.81,0.84,0.81,0.84,290000,0
PHA,09/19/2008,0.85,0.89,0.83,0.83,570000,0
PHA,09/22/2008,0.89,0.89,0.89,0.89,20000,0
PHA,09/25/2008,0.88,0.88,0.88,0.88,20000,0
PHA,09/29/2008,0.83,0.89,0.83,0.89,710000,0
PHA,09/30/2008,0.88,0.88,0.88,0.88,120000,0
PHA,10/03/2008,0.85,0.85,0.85,0.85,90000,0
PHA,10/07/2008,0.85,0.85,0.85,0.85,120000,0
PHA,10/09/2008,0.85,0.85,0.85,0.85,90000,0
PHA,10/13/2008,0.8,0.82,0.8,0.8,410000,0
PHA,10/15/2008,0.8,0.8,0.76,0.76,440000,0
PHA,10/22/2008,0.83,0.83,0.72,0.8,240000,0
PHA,10/27/2008,0.74,0.74,0.74,0.74,10000,0
PHA,10/28/2008,0.8,0.8,0.65,0.76,310000,0
PHA,10/29/2008,0.77,0.78,0.68,0.68,80000,0
PHA,10/30/2008,0.77,0.78,0.68,0.75,120000,0
PHA,10/31/2008,0.76,0.76,0.7,0.76,200000,0
PHA,11/03/2008,0.77,0.77,0.77,0.77,10000,0
PHA,11/04/2008,0.76,0.77,0.68,0.7,290000,0
PHA,11/05/2008,0.75,0.75,0.75,0.75,10000,0
PHA,11/10/2008,0.65,0.74,0.65,0.74,60000,0
PHA,11/12/2008,0.65,0.65,0.65,0.65,120000,0
PHA,11/13/2008,0.65,0.65,0.65,0.65,50000,0
PHA,11/14/2008,0.65,0.65,0.65,0.65,150000,0
PHA,11/17/2008,0.71,0.71,0.71,0.71,40000,0
PHA,11/21/2008,0.68,0.68,0.68,0.68,130000,0
PHA,11/25/2008,0.7,0.7,0.7,0.7,10000,0
PHA,11/27/2008,0.62,0.67,0.62,0.67,50000,0
PHA,11/28/2008,0.62,0.62,0.62,0.62,310000,0
PHA,12/02/2008,0.55,0.55,0.55,0.55,10000,0
PHA,12/03/2008,0.68,0.68,0.68,0.68,10000,0
PHA,12/04/2008,0.58,0.58,0.58,0.58,10000,0
PHA,12/05/2008,0.58,0.58,0.58,0.58,20000,0
PHA,12/12/2008,0.58,0.58,0.58,0.58,10000,0
PHA,12/15/2008,0.58,0.59,0.58,0.59,140000,0
PHA,12/16/2008,0.59,0.6,0.59,0.6,70000,0
PHA,12/17/2008,0.6,0.6,0.6,0.6,150000,0
PHA,12/18/2008,0.59,0.59,0.59,0.59,10000,0
PHA,12/19/2008,0.57,0.57,0.57,0.57,30000,0
PHA,12/24/2008,0.57,0.76,0.57,0.72,1610000,0
PHA,01/07/2009,0.72,0.84,0.72,0.79,880000,0
PHA,01/09/2009,0.79,0.85,0.79,0.85,580000,0
PHA,01/13/2009,0.77,0.79,0.74,0.74,500000,0
PHA,01/14/2009,0.77,0.84,0.77,0.83,590000,0
PHA,01/16/2009,0.85,0.86,0.81,0.85,4700000,0
PHA,01/21/2009,0.71,0.71,0.71,0.71,480000,0
PHA,01/22/2009,0.8,0.81,0.73,0.73,70000,0
PHA,01/23/2009,0.78,0.78,0.78,0.78,10000,0
PHA,01/26/2009,0.73,0.73,0.73,0.73,30000,0
PHA,01/28/2009,0.71,0.72,0.71,0.72,1220000,0
PHA,01/29/2009,0.71,0.71,0.71,0.71,230000,0
PHA,01/30/2009,0.71,0.72,0.71,0.71,1470000,0
PHA,02/02/2009,0.72,0.72,0.7,0.72,220000,0
PHA,02/03/2009,0.72,0.73,0.72,0.73,340000,0
PHA,02/04/2009,0.73,0.73,0.73,0.73,300000,0
PHA,02/05/2009,0.71,0.84,0.71,0.84,16770000,0
PHA,02/06/2009,0.85,0.86,0.84,0.85,19990000,0
PHA,02/09/2009,0.85,0.85,0.78,0.8,16380000,0
PHA,02/10/2009,0.79,0.82,0.79,0.82,21430000,0
PHA,02/11/2009,0.82,0.86,0.81,0.86,17320000,0
PHA,02/12/2009,0.85,0.87,0.81,0.82,11350000,0
PHA,02/13/2009,0.8,0.83,0.8,0.82,21880000,0
PHA,02/16/2009,0.79,0.82,0.78,0.81,13760000,0
PHA,02/17/2009,0.8,0.82,0.79,0.8,15850000,0
PHA,02/18/2009,0.8,0.8,0.78,0.79,17760000,0
PHA,02/19/2009,0.79,0.81,0.79,0.79,19270000,0
PHA,02/20/2009,0.78,0.79,0.75,0.77,17440000,0
PHA,02/23/2009,0.77,0.77,0.72,0.74,17850000,0
PHA,02/24/2009,0.7,0.73,0.7,0.7,18190000,0
PHA,02/25/2009,0.69,0.76,0.68,0.74,24270000,0
PHA,02/26/2009,0.72,0.72,0.7,0.7,770000,0
PHA,02/27/2009,0.7,0.7,0.7,0.7,830000,0
PHA,03/02/2009,0.7,0.75,0.7,0.74,2050000,0
PHA,03/03/2009,0.73,0.73,0.7,0.71,1300000,0
PHA,03/04/2009,0.7,0.71,0.7,0.7,380000,0
PHA,03/05/2009,0.73,0.73,0.73,0.73,10000,0
PHA,03/06/2009,0.69,0.69,0.68,0.68,250000,0
PHA,03/09/2009,0.72,0.72,0.65,0.65,580000,0
PHA,03/10/2009,0.64,0.64,0.62,0.62,470000,0
PHA,03/11/2009,0.65,0.65,0.62,0.62,740000,0
PHA,03/12/2009,0.66,0.7,0.61,0.69,1690000,0
PHA,03/13/2009,0.63,0.64,0.62,0.64,440000,0
PHA,03/17/2009,0.6,0.61,0.6,0.61,30000,0
PHA,03/18/2009,0.61,0.61,0.6,0.6,410000,0
PHA,03/19/2009,0.6,0.6,0.58,0.58,5150000,0
PHA,03/20/2009,0.57,0.58,0.57,0.58,240000,0
PHA,03/23/2009,0.58,0.58,0.58,0.58,120000,0
PHA,03/24/2009,0.58,0.6,0.58,0.6,230000,0
PHA,03/25/2009,0.65,0.69,0.65,0.65,500000,0
PHA,03/26/2009,0.64,0.64,0.64,0.64,50000,0
PHA,03/27/2009,0.65,0.67,0.65,0.66,370000,0
PHA,03/31/2009,0.62,0.62,0.62,0.62,200000,0
PHA,04/02/2009,0.61,0.63,0.61,0.62,6530000,0
PHA,04/03/2009,0.65,0.65,0.65,0.65,10000,0
PHA,04/15/2009,0.62,0.62,0.6,0.61,2610000,0
PHA,04/16/2009,0.61,0.61,0.57,0.6,2460000,0
PHA,04/17/2009,0.6,0.6,0.55,0.58,4160000,0
PHA,04/20/2009,0.58,0.58,0.5,0.54,4620000,0
PHA,04/21/2009,0.52,0.52,0.47,0.5,14370000,0
PHA,04/22/2009,0.49,0.51,0.46,0.49,12960000,0
PHA,04/23/2009,0.46,0.48,0.44,0.45,6010000,0
PHA,04/24/2009,0.48,0.54,0.47,0.5,13570000,0
PHA,04/27/2009,0.52,0.52,0.46,0.49,3780000,0
PHA,04/28/2009,0.49,0.49,0.45,0.48,6520000,0
PHA,04/29/2009,0.48,0.48,0.48,0.48,150000,0
PHA,04/30/2009,0.45,0.47,0.44,0.47,4640000,0
PHA,05/04/2009,0.44,0.51,0.44,0.49,13380000,0
PHA,05/05/2009,0.5,0.52,0.5,0.51,2430000,0
PHA,05/06/2009,0.51,0.57,0.5,0.53,25480000,0
PHA,05/07/2009,0.56,0.58,0.53,0.54,13330000,0
PHA,05/08/2009,0.55,0.57,0.53,0.57,9630000,0
PHA,05/11/2009,0.58,0.6,0.57,0.57,11290000,0
PHA,05/12/2009,0.57,0.58,0.57,0.57,2330000,0
PHA,05/13/2009,0.58,0.62,0.58,0.58,10100000,0
PHA,05/14/2009,0.6,0.63,0.58,0.63,18940000,0
PHA,05/15/2009,0.65,0.68,0.64,0.65,19670000,0
PHA,05/18/2009,0.65,0.65,0.62,0.64,2590000,0
PHA,05/19/2009,0.65,0.67,0.64,0.65,6530000,0
PHA,05/20/2009,0.66,0.68,0.65,0.66,7670000,0
PHA,05/21/2009,0.67,0.67,0.65,0.65,1440000,0
PHA,05/22/2009,0.65,0.65,0.64,0.65,1610000,0
PHA,05/25/2009,0.65,0.66,0.64,0.66,4240000,0
PHA,05/26/2009,0.66,0.66,0.62,0.63,4170000,0
PHA,05/27/2009,0.66,0.66,0.63,0.63,2110000,0
PHA,05/28/2009,0.63,0.64,0.63,0.63,1250000,0
PHA,05/29/2009,0.63,0.64,0.62,0.63,2540000,0
PHA,06/01/2009,0.65,0.65,0.63,0.63,530000,0
PHA,06/02/2009,0.63,0.66,0.63,0.63,3530000,0
PHA,06/03/2009,0.65,0.65,0.62,0.64,190000,0
PHA,06/04/2009,0.63,0.65,0.63,0.64,10390000,0
PHA,06/05/2009,0.65,0.66,0.64,0.64,1790000,0
PHA,06/08/2009,0.65,0.72,0.64,0.69,30620000,0
PHA,06/09/2009,0.72,0.72,0.69,0.7,10490000,0
PHA,06/10/2009,0.7,0.76,0.7,0.75,21350000,0
PHA,06/11/2009,0.75,0.78,0.75,0.78,12470000,0
PHA,06/15/2009,0.77,0.77,0.73,0.74,6450000,0
PHA,06/16/2009,0.72,0.74,0.71,0.71,4580000,0
PHA,06/17/2009,0.71,0.71,0.67,0.68,1680000,0
PHA,06/18/2009,0.69,0.72,0.69,0.7,4420000,0
PHA,06/19/2009,0.73,0.73,0.67,0.67,2890000,0
PHA,06/22/2009,0.69,0.7,0.66,0.69,2790000,0
PHA,06/23/2009,0.67,0.67,0.6,0.65,2170000,0
PHA,06/24/2009,0.69,0.69,0.67,0.68,1470000,0
PHA,06/25/2009,0.72,0.72,0.69,0.69,3030000,0
PHA,06/26/2009,0.71,0.71,0.69,0.7,4930000,0
PHA,06/29/2009,0.71,0.72,0.65,0.68,3070000,0
PHA,06/30/2009,0.69,0.69,0.68,0.69,1280000,0
PHA,07/01/2009,0.69,0.69,0.67,0.67,210000,0
PHA,07/02/2009,0.69,0.69,0.67,0.67,1290000,0
PHA,07/03/2009,0.66,0.66,0.65,0.65,160000,0
PHA,07/06/2009,0.68,0.68,0.65,0.65,940000,0
PHA,07/07/2009,0.68,0.68,0.67,0.67,790000,0
PHA,07/08/2009,0.67,0.67,0.66,0.67,500000,0
PHA,07/09/2009,0.68,0.68,0.68,0.68,30000,0
PHA,07/10/2009,0.68,0.68,0.66,0.66,1720000,0
PHA,07/13/2009,0.69,0.69,0.66,0.66,540000,0
PHA,07/14/2009,0.66,0.71,0.66,0.7,4450000,0
PHA,07/15/2009,0.7,0.71,0.69,0.71,1640000,0
PHA,07/16/2009,0.71,0.71,0.7,0.71,220000,0
PHA,07/20/2009,0.69,0.74,0.69,0.73,31230000,0
PHA,07/21/2009,0.73,0.73,0.7,0.72,1180000,0
PHA,07/22/2009,0.73,0.75,0.7,0.7,2950000,0
PHA,07/23/2009,0.72,0.72,0.7,0.71,1350000,0
PHA,07/24/2009,0.72,0.72,0.69,0.71,6640000,0
PHA,07/27/2009,0.72,0.73,0.71,0.72,6310000,0
PHA,07/28/2009,0.73,0.75,0.73,0.73,4770000,0
PHA,07/29/2009,0.74,0.76,0.74,0.76,8180000,0
PHA,07/30/2009,0.77,0.77,0.72,0.73,7260000,0
PHA,07/31/2009,0.72,0.73,0.71,0.71,3560000,0
PHA,08/03/2009,0.73,0.73,0.67,0.7,8310000,0
PHA,08/04/2009,0.7,0.7,0.66,0.67,5520000,0
PHA,08/06/2009,0.69,0.69,0.64,0.65,13370000,0
PHA,08/07/2009,0.65,0.65,0.62,0.62,11890000,0
PHA,08/10/2009,0.62,0.62,0.58,0.61,29750000,0
PHA,08/11/2009,0.6,0.63,0.6,0.6,6940000,0
PHA,08/12/2009,0.6,0.61,0.6,0.61,1060000,0
PHA,08/13/2009,0.61,0.62,0.61,0.62,3510000,0
PHA,08/14/2009,0.62,0.64,0.62,0.63,5860000,0
PHA,08/17/2009,0.63,0.63,0.6,0.62,470000,0
PHA,08/18/2009,0.61,0.62,0.6,0.62,2980000,0
PHA,08/19/2009,0.62,0.62,0.6,0.61,3450000,0
PHA,08/20/2009,0.61,0.61,0.61,0.61,1270000,0
PHA,08/24/2009,0.63,0.63,0.6,0.61,3660000,0
PHA,08/25/2009,0.61,0.62,0.6,0.61,5370000,0
PHA,08/26/2009,0.62,0.65,0.61,0.62,13670000,0
PHA,08/27/2009,0.63,0.63,0.62,0.62,2280000,0
PHA,08/28/2009,0.62,0.62,0.61,0.62,3390000,0
PHA,09/01/2009,0.62,0.63,0.61,0.63,5250000,0
PHA,09/02/2009,0.62,0.62,0.61,0.62,6400000,0
PHA,09/03/2009,0.62,0.62,0.61,0.62,7430000,0
PHA,09/04/2009,0.62,0.63,0.62,0.62,2470000,0
PHA,09/08/2009,0.62,0.62,0.61,0.62,1650000,0
PHA,09/09/2009,0.62,0.63,0.61,0.63,1820000,0
PHA,09/10/2009,0.62,0.66,0.62,0.66,31920000,0
PHA,09/11/2009,0.67,0.68,0.64,0.65,9740000,0
PHA,09/14/2009,0.65,0.67,0.64,0.66,50780000,0
PHA,09/15/2009,0.64,0.65,0.59,0.6,17850000,0
PHA,09/16/2009,0.6,0.6,0.56,0.57,10690000,0
PHA,09/17/2009,0.58,0.58,0.54,0.54,9670000,0
PHA,09/18/2009,0.55,0.55,0.53,0.53,9340000,0
PHA,09/22/2009,0.52,0.53,0.52,0.53,3780000,0
PHA,09/23/2009,0.52,0.56,0.52,0.54,3870000,0
PHA,09/24/2009,0.53,0.55,0.53,0.54,2030000,0
PHA,09/25/2009,0.53,0.56,0.53,0.56,9780000,0
PHA,09/28/2009,0.54,0.56,0.53,0.56,590000,0
PHA,09/29/2009,0.56,0.56,0.53,0.55,2830000,0
PHA,09/30/2009,0.55,0.55,0.54,0.54,860000,0
PHA,10/01/2009,0.53,0.55,0.53,0.53,990000,0
PHA,10/02/2009,0.54,0.54,0.53,0.53,1310000,0
PHA,10/05/2009,0.54,0.54,0.54,0.54,1670000,0
PHA,10/06/2009,0.55,0.57,0.55,0.57,5220000,0
PHA,10/07/2009,0.58,0.59,0.56,0.57,5840000,0
PHA,10/08/2009,0.56,0.56,0.55,0.55,2530000,0
PHA,10/09/2009,0.55,0.56,0.55,0.55,1690000,0
PHA,10/12/2009,0.55,0.57,0.54,0.57,4120000,0
PHA,10/13/2009,0.55,0.56,0.54,0.55,1400000,0
PHA,10/14/2009,0.54,0.56,0.54,0.54,850000,0
PHA,10/15/2009,0.54,0.54,0.54,0.54,100000,0
PHA,10/16/2009,0.55,0.56,0.54,0.55,2080000,0
PHA,10/19/2009,0.55,0.56,0.55,0.55,460000,0
PHA,10/20/2009,0.55,0.55,0.54,0.54,940000,0
PHA,10/21/2009,0.56,0.56,0.54,0.54,880000,0
PHA,10/22/2009,0.54,0.56,0.54,0.54,1110000,0
PHA,10/23/2009,0.55,0.55,0.54,0.55,340000,0
PHA,10/26/2009,0.55,0.56,0.54,0.55,2030000,0
PHA,10/27/2009,0.54,0.54,0.53,0.53,2970000,0
PHA,10/28/2009,0.54,0.56,0.53,0.55,7560000,0
PHA,10/29/2009,0.55,0.55,0.54,0.54,1930000,0
PHA,10/30/2009,0.54,0.54,0.54,0.54,820000,0
PHA,11/03/2009,0.53,0.53,0.52,0.52,3460000,0
PHA,11/04/2009,0.53,0.53,0.52,0.53,580000,0
PHA,11/05/2009,0.54,0.54,0.53,0.53,170000,0
PHA,11/06/2009,0.52,0.53,0.52,0.53,370000,0
PHA,11/09/2009,0.54,0.54,0.52,0.52,1130000,0
PHA,11/10/2009,0.52,0.53,0.5,0.52,2670000,0
PHA,11/11/2009,0.52,0.54,0.51,0.53,6150000,0
PHA,11/12/2009,0.51,0.52,0.5,0.51,16530000,0
PHA,11/13/2009,0.51,0.52,0.5,0.51,1780000,0
PHA,11/16/2009,0.5,0.5,0.5,0.5,800000,0
PHA,11/17/2009,0.5,0.5,0.5,0.5,1080000,0
PHA,11/18/2009,0.5,0.51,0.49,0.5,4200000,0
PHA,11/19/2009,0.54,0.57,0.5,0.5,62480000,0
PHA,11/20/2009,0.52,0.52,0.49,0.51,7420000,0
PHA,11/23/2009,0.51,0.51,0.49,0.49,3690000,0
PHA,11/24/2009,0.5,0.5,0.49,0.49,12940000,0
PHA,11/25/2009,0.5,0.5,0.48,0.5,1760000,0
PHA,11/26/2009,0.49,0.5,0.49,0.5,4610000,0
PHA,11/27/2009,0.5,0.52,0.49,0.5,22540000,0
PHA,12/01/2009,0.49,0.51,0.48,0.49,8930000,0
PHA,12/02/2009,0.49,0.49,0.46,0.48,7240000,0
PHA,12/03/2009,0.48,0.49,0.45,0.47,14040000,0
PHA,12/04/2009,0.46,0.47,0.45,0.46,7290000,0
PHA,12/07/2009,0.45,0.45,0.43,0.44,6450000,0
PHA,12/08/2009,0.44,0.44,0.38,0.41,80100000,0
PHA,12/09/2009,0.4,0.42,0.4,0.42,4190000,0
PHA,12/10/2009,0.42,0.43,0.42,0.43,9050000,0
PHA,12/11/2009,0.43,0.43,0.41,0.41,1210000,0
PHA,12/14/2009,0.41,0.42,0.4,0.4,2380000,0
PHA,12/15/2009,0.39,0.39,0.38,0.38,7240000,0
PHA,12/16/2009,0.38,0.38,0.37,0.38,1700000,0
PHA,12/17/2009,0.38,0.38,0.34,0.35,29490000,0
PHA,12/18/2009,0.34,0.37,0.34,0.36,77090000,0
PHA,12/21/2009,0.36,0.36,0.33,0.36,8440000,0
PHA,12/22/2009,0.35,0.36,0.35,0.36,1090000,0
PHA,12/23/2009,0.36,0.37,0.35,0.36,1500000,0
PHA,12/28/2009,0.36,0.36,0.35,0.36,1450000,0
PHA,12/29/2009,0.35,0.36,0.35,0.36,1010000,0
PHA,01/04/2010,0.35,0.36,0.35,0.35,200000,0
PHA,01/05/2010,0.36,0.4,0.36,0.37,23120000,0
PHA,01/06/2010,0.38,0.39,0.38,0.39,5610000,0
PHA,01/07/2010,0.39,0.39,0.35,0.36,35970000,0
PHA,01/08/2010,0.36,0.37,0.36,0.36,2180000,0
PHA,01/11/2010,0.36,0.36,0.35,0.35,14820000,0
PHA,01/12/2010,0.35,0.37,0.35,0.37,1900000,0
PHA,01/13/2010,0.36,0.38,0.36,0.37,10140000,0
PHA,01/14/2010,0.37,0.37,0.35,0.36,26370000,0
PHA,01/15/2010,0.35,0.36,0.35,0.36,13860000,0
PHA,01/18/2010,0.36,0.36,0.34,0.34,12530000,0
PHA,01/19/2010,0.34,0.34,0.32,0.34,21000000,0
PHA,01/20/2010,0.34,0.34,0.33,0.34,3590000,0
PHA,01/21/2010,0.33,0.35,0.33,0.35,1710000,0
PHA,01/22/2010,0.33,0.34,0.33,0.33,5390000,0
PHA,01/25/2010,0.32,0.34,0.32,0.33,4710000,0
PHA,01/26/2010,0.33,0.34,0.32,0.32,3880000,0
PHA,01/27/2010,0.32,0.32,0.31,0.32,13460000,0
PHA,01/28/2010,0.32,0.33,0.31,0.33,6090000,0
PHA,01/29/2010,0.31,0.32,0.3,0.32,6140000,0
PHA,02/01/2010,0.3,0.32,0.3,0.32,720000,0
PHA,02/02/2010,0.31,0.32,0.3,0.32,400000,0
PHA,02/03/2010,0.31,0.32,0.3,0.3,10470000,0
PHA,02/04/2010,0.3,0.3,0.29,0.3,3650000,0
PHA,02/05/2010,0.28,0.29,0.28,0.29,1690000,0
PHA,02/08/2010,0.28,0.29,0.28,0.28,2700000,0
PHA,02/09/2010,0.27,0.27,0.24,0.25,17140000,0
PHA,02/10/2010,0.26,0.28,0.26,0.28,6380000,0
PHA,02/11/2010,0.28,0.28,0.26,0.28,3150000,0
PHA,02/12/2010,0.28,0.3,0.28,0.28,2500000,0
PHA,02/15/2010,0.29,0.3,0.27,0.3,3590000,0
PHA,02/16/2010,0.29,0.31,0.29,0.31,6920000,0
PHA,02/17/2010,0.31,0.32,0.29,0.3,9570000,0
PHA,02/18/2010,0.3,0.31,0.29,0.29,4040000,0
PHA,02/19/2010,0.3,0.3,0.28,0.29,4250000,0
PHA,02/22/2010,0.3,0.3,0.25,0.26,31690000,0
PHA,02/23/2010,0.27,0.28,0.26,0.28,5640000,0
PHA,02/24/2010,0.27,0.28,0.27,0.28,4100000,0
PHA,02/25/2010,0.28,0.28,0.27,0.27,1230000,0
PHA,02/26/2010,0.28,0.3,0.27,0.29,7010000,0
PHA,03/01/2010,0.29,0.3,0.28,0.29,3860000,0
PHA,03/02/2010,0.29,0.33,0.29,0.33,35530000,0
PHA,03/03/2010,0.37,0.41,0.35,0.37,87050000,0
PHA,03/04/2010,0.38,0.38,0.36,0.36,12950000,0
PHA,03/05/2010,0.36,0.37,0.35,0.36,7980000,0
PHA,03/08/2010,0.37,0.38,0.35,0.36,13290000,0
PHA,03/09/2010,0.37,0.37,0.35,0.36,6550000,0
PHA,03/10/2010,0.36,0.36,0.34,0.35,6070000,0
PHA,03/11/2010,0.35,0.35,0.34,0.35,4100000,0
PHA,03/12/2010,0.35,0.35,0.34,0.35,2320000,0
PHA,03/15/2010,0.35,0.36,0.34,0.36,7700000,0
PHA,03/16/2010,0.35,0.36,0.34,0.34,2540000,0
PHA,03/17/2010,0.34,0.34,0.33,0.34,3650000,0
PHA,03/18/2010,0.34,0.34,0.32,0.33,1750000,0
PHA,03/19/2010,0.32,0.33,0.32,0.33,1990000,0
PHA,03/22/2010,0.33,0.33,0.31,0.32,2090000,0
PHA,03/23/2010,0.32,0.32,0.31,0.32,4070000,0
PHA,03/24/2010,0.32,0.33,0.32,0.32,2700000,0
PHA,03/25/2010,0.32,0.32,0.32,0.32,2280000,0
PHA,03/26/2010,0.32,0.33,0.31,0.32,1650000,0
PHA,03/29/2010,0.33,0.33,0.31,0.32,990000,0
PHA,03/30/2010,0.32,0.32,0.32,0.32,950000,0
PHA,03/31/2010,0.32,0.32,0.32,0.32,1160000,0
PHA,04/05/2010,0.33,0.33,0.32,0.32,180000,0
PHA,04/06/2010,0.32,0.33,0.32,0.33,2760000,0
PHA,04/07/2010,0.34,0.34,0.33,0.33,500000,0
PHA,04/08/2010,0.32,0.33,0.32,0.33,920000,0
PHA,04/12/2010,0.33,0.33,0.32,0.32,3240000,0
PHA,04/13/2010,0.33,0.33,0.32,0.32,1960000,0
PHA,04/14/2010,0.32,0.34,0.32,0.34,4540000,0
PHA,04/15/2010,0.34,0.34,0.33,0.33,1370000,0
PHA,04/16/2010,0.32,0.32,0.32,0.32,2610000,0
PHA,04/19/2010,0.32,0.33,0.32,0.33,1210000,0
PHA,04/20/2010,0.33,0.33,0.31,0.31,3590000,0
PHA,04/21/2010,0.31,0.31,0.31,0.31,540000,0
PHA,04/22/2010,0.31,0.31,0.31,0.31,500000,0
PHA,04/23/2010,0.31,0.31,0.31,0.31,680000,0
PHA,04/26/2010,0.31,0.32,0.31,0.32,1860000,0
PHA,04/27/2010,0.32,0.33,0.31,0.32,5490000,0
PHA,04/28/2010,0.31,0.32,0.31,0.31,1020000,0
PHA,04/29/2010,0.31,0.32,0.31,0.31,1980000,0
PHA,04/30/2010,0.31,0.31,0.3,0.31,1310000,0
PHA,05/04/2010,0.31,0.31,0.29,0.3,7610000,0
PHA,05/05/2010,0.3,0.31,0.29,0.3,1300000,0
PHA,05/06/2010,0.29,0.29,0.29,0.29,10000,0
PHA,05/07/2010,0.29,0.3,0.28,0.28,5810000,0
PHA,05/11/2010,0.29,0.31,0.28,0.29,19250000,0
PHA,05/12/2010,0.3,0.3,0.29,0.29,2410000,0
PHA,05/13/2010,0.29,0.3,0.29,0.29,980000,0
PHA,05/14/2010,0.29,0.3,0.29,0.3,5050000,0
PHA,05/17/2010,0.3,0.3,0.29,0.29,220000,0
PHA,05/18/2010,0.3,0.3,0.3,0.3,80000,0
PHA,06/29/2010,0.29,0.35,0.29,0.35,40880000,0
PHA,07/01/2010,0.34,0.35,0.32,0.33,12600000,0
PHA,07/02/2010,0.34,0.34,0.32,0.32,6750000,0
PHA,07/05/2010,0.33,0.34,0.32,0.32,6090000,0
PHA,07/06/2010,0.32,0.34,0.32,0.32,29730000,0
PHA,07/07/2010,0.32,0.33,0.32,0.33,3390000,0
PHA,07/08/2010,0.33,0.34,0.32,0.33,5890000,0
PHA,07/09/2010,0.34,0.34,0.33,0.33,17870000,0
PHA,07/12/2010,0.33,0.34,0.32,0.33,5390000,0
PHA,07/13/2010,0.32,0.32,0.31,0.32,8610000,0
PHA,07/14/2010,0.31,0.31,0.3,0.3,1370000,0
PHA,07/15/2010,0.3,0.31,0.3,0.31,3540000,0
PHA,07/16/2010,0.31,0.32,0.3,0.32,3430000,0
PHA,07/19/2010,0.31,0.31,0.3,0.31,2070000,0
PHA,07/20/2010,0.31,0.31,0.31,0.31,960000,0
PHA,07/21/2010,0.31,0.32,0.3,0.31,1090000,0
PHA,07/22/2010,0.31,0.31,0.3,0.31,410000,0
PHA,07/23/2010,0.3,0.32,0.3,0.32,2540000,0
PHA,07/26/2010,0.32,0.32,0.32,0.32,10000,0
PHA,07/27/2010,0.3,0.32,0.3,0.32,1590000,0
PHA,07/28/2010,0.31,0.32,0.31,0.31,3000000,0
PHA,07/29/2010,0.31,0.31,0.31,0.31,1100000,0
PHA,07/30/2010,0.31,0.31,0.3,0.3,690000,0
PHA,08/02/2010,0.3,0.31,0.3,0.31,1530000,0
PHA,08/03/2010,0.3,0.31,0.3,0.3,910000,0
PHA,08/04/2010,0.3,0.3,0.3,0.3,710000,0
PHA,08/05/2010,0.3,0.3,0.29,0.3,460000,0
PHA,08/06/2010,0.28,0.29,0.28,0.29,4530000,0
PHA,08/09/2010,0.29,0.3,0.29,0.3,860000,0
PHA,08/10/2010,0.3,0.3,0.29,0.3,1190000,0
PHA,08/11/2010,0.29,0.29,0.28,0.29,800000,0
PHA,08/12/2010,0.28,0.29,0.28,0.29,80000,0
PHA,08/13/2010,0.29,0.29,0.28,0.29,1280000,0
PHA,08/16/2010,0.29,0.29,0.28,0.29,400000,0
PHA,08/17/2010,0.29,0.295,0.29,0.295,950000,0
PHA,08/20/2010,0.295,0.295,0.295,0.295,10000,0
PHA,08/23/2010,0.285,0.3,0.28,0.295,830000,0
PHA,08/24/2010,0.295,0.295,0.29,0.295,260000,0
PHA,08/26/2010,0.28,0.29,0.28,0.28,960000,0
PHA,08/27/2010,0.28,0.28,0.275,0.275,1890000,0
PHA,08/31/2010,0.27,0.275,0.26,0.275,2340000,0
PHA,09/01/2010,0.28,0.28,0.27,0.28,710000,0
PHA,09/02/2010,0.28,0.28,0.28,0.28,300000,0
PHA,09/03/2010,0.29,0.29,0.28,0.28,220000,0
PHA,09/06/2010,0.29,0.295,0.29,0.295,1310000,0
PHA,09/07/2010,0.28,0.29,0.28,0.29,210000,0
PHA,09/08/2010,0.28,0.29,0.28,0.29,450000,0
PHA,09/09/2010,0.29,0.3,0.28,0.295,5310000,0
PHA,09/13/2010,0.295,0.31,0.295,0.31,3000000,0
PHA,09/14/2010,0.315,0.315,0.3,0.305,4570000,0
PHA,09/15/2010,0.31,0.31,0.3,0.31,1420000,0
PHA,09/16/2010,0.31,0.32,0.31,0.315,350000,0
PHA,09/20/2010,0.31,0.315,0.31,0.31,310000,0
PHA,09/21/2010,0.32,0.32,0.3,0.315,2050000,0
PHA,09/22/2010,0.31,0.31,0.305,0.305,210000,0
PHA,09/23/2010,0.3,0.3,0.295,0.295,630000,0
PHA,09/24/2010,0.295,0.32,0.295,0.31,2290000,0
PHA,09/27/2010,0.32,0.32,0.31,0.31,970000,0
PHA,09/28/2010,0.31,0.315,0.31,0.315,20000,0
PHA,09/29/2010,0.31,0.31,0.31,0.31,40000,0
PHA,09/30/2010,0.295,0.3,0.295,0.295,440000,0
PHA,10/01/2010,0.31,0.315,0.31,0.315,170000,0
PHA,10/04/2010,0.3,0.315,0.3,0.315,60000,0
PHA,10/05/2010,0.31,0.31,0.31,0.31,130000,0
PHA,10/06/2010,0.31,0.31,0.3,0.3,430000,0
PHA,10/07/2010,0.295,0.3,0.295,0.295,1620000,0
PHA,10/08/2010,0.29,0.29,0.285,0.285,840000,0
PHA,10/11/2010,0.305,0.305,0.29,0.29,60000,0
PHA,10/12/2010,0.29,0.295,0.28,0.295,1550000,0
PHA,10/13/2010,0.28,0.295,0.28,0.29,870000,0
PHA,10/14/2010,0.295,0.295,0.28,0.29,1500000,0
PHA,10/15/2010,0.29,0.29,0.28,0.29,500000,0
PHA,10/19/2010,0.285,0.29,0.285,0.29,310000,0
PHA,10/20/2010,0.28,0.28,0.275,0.28,3430000,0
PHA,10/21/2010,0.28,0.28,0.27,0.275,2060000,0
PHA,10/22/2010,0.28,0.28,0.275,0.275,1550000,0
PHA,10/26/2010,0.275,0.28,0.275,0.28,620000,0
PHA,10/27/2010,0.275,0.28,0.275,0.28,140000,0
PHA,10/28/2010,0.27,0.28,0.27,0.28,390000,0
PHA,11/02/2010,0.27,0.275,0.27,0.275,450000,0
PHA,11/03/2010,0.27,0.275,0.27,0.275,970000,0
PHA,11/04/2010,0.275,0.28,0.275,0.275,1940000,0
PHA,11/05/2010,0.27,0.275,0.27,0.275,630000,0
PHA,11/08/2010,0.27,0.275,0.27,0.275,1610000,0
PHA,11/09/2010,0.27,0.275,0.27,0.275,530000,0
PHA,11/10/2010,0.275,0.275,0.27,0.275,680000,0
PHA,11/11/2010,0.27,0.275,0.27,0.275,750000,0
PHA,11/12/2010,0.27,0.275,0.265,0.275,1300000,0
PHA,11/15/2010,0.27,0.27,0.265,0.27,450000,0
PHA,11/17/2010,0.26,0.27,0.26,0.265,540000,0
PHA,11/18/2010,0.27,0.27,0.26,0.27,290000,0
PHA,11/19/2010,0.26,0.27,0.26,0.27,85280000,0
PHA,11/22/2010,0.27,0.27,0.265,0.27,300000,0
PHA,11/23/2010,0.265,0.275,0.265,0.265,1210000,0
PHA,11/25/2010,0.26,0.26,0.26,0.26,300000,0
PHA,11/26/2010,0.26,0.26,0.255,0.26,1810000,0
PHA,11/30/2010,0.25,0.265,0.25,0.265,680000,0
PHA,12/01/2010,0.26,0.26,0.26,0.26,50000,0
PHA,12/02/2010,0.265,0.265,0.25,0.26,1690000,0
PHA,12/03/2010,0.265,0.265,0.255,0.26,320000,0
PHA,12/06/2010,0.25,0.26,0.25,0.25,600000,0
PHA,12/08/2010,0.255,0.26,0.255,0.26,350000,0
PHA,12/09/2010,0.25,0.26,0.25,0.25,500000,0
PHA,12/10/2010,0.25,0.25,0.245,0.25,800000,0
PHA,12/13/2010,0.25,0.25,0.25,0.25,10000,0
PHA,12/14/2010,0.255,0.255,0.245,0.25,650000,0
PHA,12/15/2010,0.25,0.25,0.25,0.25,1500000,0
PHA,12/16/2010,0.245,0.245,0.24,0.245,540000,0
PHA,12/17/2010,0.25,0.285,0.245,0.26,187660000,0
PHA,12/20/2010,0.28,0.28,0.255,0.27,23130000,0
PHA,12/21/2010,0.27,0.27,0.26,0.265,850000,0
PHA,12/22/2010,0.245,0.26,0.245,0.26,70350000,0
PHA,12/23/2010,0.26,0.27,0.255,0.26,1500000,0
PHA,12/28/2010,0.26,0.26,0.25,0.25,1500000,0
PHA,12/29/2010,0.26,0.26,0.26,0.26,1450000,0
PHA,12/30/2010,0.26,0.26,0.25,0.255,3500000,0
PHA,01/03/2011,0.255,0.265,0.25,0.26,1890000,0
PHA,01/04/2011,0.26,0.26,0.26,0.26,1280000,0
PHA,01/05/2011,0.255,0.255,0.245,0.25,18000000,0
PHA,01/06/2011,0.255,0.26,0.25,0.26,4820000,0
PHA,01/07/2011,0.255,0.265,0.255,0.255,2030000,0
PHA,01/10/2011,0.26,0.265,0.26,0.26,3030000,0
PHA,01/11/2011,0.265,0.315,0.265,0.3,40930000,0
PHA,01/12/2011,0.315,0.33,0.28,0.28,13070000,0
PHA,01/13/2011,0.29,0.3,0.29,0.3,6980000,0
PHA,01/14/2011,0.3,0.31,0.29,0.29,5780000,0
PHA,01/17/2011,0.29,0.3,0.29,0.3,8900000,0
PHA,01/18/2011,0.31,0.325,0.305,0.31,12120000,0
PHA,01/19/2011,0.32,0.32,0.31,0.31,3620000,0
PHA,01/20/2011,0.3,0.31,0.3,0.31,360000,0
PHA,01/21/2011,0.305,0.305,0.29,0.295,2910000,0
PHA,01/24/2011,0.295,0.295,0.29,0.29,2100000,0
PHA,01/25/2011,0.29,0.29,0.29,0.29,1820000,0
PHA,01/26/2011,0.29,0.29,0.29,0.29,460000,0
PHA,01/27/2011,0.285,0.295,0.285,0.29,1250000,0
PHA,01/28/2011,0.285,0.29,0.285,0.29,1810000,0
PHA,01/31/2011,0.285,0.285,0.28,0.28,600000,0
PHA,02/01/2011,0.285,0.285,0.285,0.285,70000,0
PHA,02/02/2011,0.275,0.28,0.275,0.28,6150000,0
PHA,02/03/2011,0.28,0.285,0.28,0.285,870000,0
PHA,02/04/2011,0.29,0.29,0.29,0.29,170000,0
PHA,02/07/2011,0.28,0.285,0.28,0.285,1030000,0
PHA,02/08/2011,0.28,0.28,0.28,0.28,530000,0
PHA,02/09/2011,0.28,0.28,0.27,0.27,740000,0
PHA,02/10/2011,0.28,0.28,0.28,0.28,500000,0
PHA,02/11/2011,0.27,0.27,0.265,0.27,1640000,0
PHA,02/14/2011,0.28,0.29,0.27,0.29,3590000,0
PHA,02/15/2011,0.29,0.29,0.29,0.29,30000,0
PHA,02/16/2011,0.285,0.29,0.285,0.285,350000,0
PHA,02/17/2011,0.285,0.285,0.28,0.285,380000,0
PHA,02/18/2011,0.28,0.28,0.28,0.28,10000,0
PHA,02/21/2011,0.28,0.285,0.28,0.285,530000,0
PHA,02/22/2011,0.28,0.28,0.28,0.28,210000,0
PHA,02/23/2011,0.28,0.28,0.275,0.275,420000,0
PHA,02/24/2011,0.27,0.28,0.27,0.28,1510000,0
PHA,02/25/2011,0.275,0.28,0.275,0.28,22130000,0
PHA,03/01/2011,0.28,0.28,0.28,0.28,150000,0
PHA,03/04/2011,0.28,0.28,0.27,0.28,970000,0
PHA,03/07/2011,0.275,0.28,0.275,0.28,4940000,0
PHA,03/10/2011,0.27,0.28,0.27,0.28,130000,0
PHA,03/11/2011,0.275,0.28,0.275,0.28,360000,0
PHA,03/14/2011,0.27,0.28,0.27,0.28,110000,0
PHA,03/15/2011,0.27,0.275,0.27,0.275,130000,0
PHA,03/16/2011,0.27,0.275,0.265,0.275,670000,0
PHA,03/17/2011,0.26,0.265,0.26,0.265,700000,0
PHA,03/18/2011,0.265,0.265,0.26,0.265,1210000,0
PHA,03/22/2011,0.275,0.275,0.275,0.275,530000,0
PHA,03/23/2011,0.27,0.27,0.27,0.27,50000,0
PHA,03/24/2011,0.275,0.275,0.275,0.275,10000,0
PHA,03/28/2011,0.265,0.275,0.265,0.275,60000,0
PHA,03/29/2011,0.27,0.27,0.27,0.27,200000,0
PHA,03/31/2011,0.275,0.275,0.275,0.275,10000,0
PHA,04/04/2011,0.26,0.27,0.26,0.27,900000,0
PHA,04/05/2011,0.27,0.275,0.265,0.275,150000,0
PHA,04/06/2011,0.27,0.275,0.26,0.27,6830000,0
PHA,04/07/2011,0.265,0.27,0.265,0.27,40000,0
PHA,04/08/2011,0.265,0.27,0.265,0.27,1010000,0
PHA,04/12/2011,0.265,0.275,0.265,0.275,410000,0
PHA,04/13/2011,0.265,0.265,0.26,0.26,1500000,0
PHA,04/14/2011,0.265,0.265,0.25,0.26,4160000,0
PHA,04/15/2011,0.27,0.27,0.27,0.27,10000,0
PHA,04/20/2011,0.26,0.26,0.26,0.26,300000,0
PHA,04/25/2011,0.26,0.26,0.25,0.25,4900000,0
PHA,04/26/2011,0.25,0.26,0.25,0.255,560000,0
PHA,04/27/2011,0.25,0.25,0.25,0.25,1000000,0
PHA,04/28/2011,0.26,0.26,0.26,0.26,10000,0
PHA,05/02/2011,0.255,0.26,0.255,0.26,20000,0
PHA,05/03/2011,0.255,0.255,0.255,0.255,900000,0
PHA,05/04/2011,0.255,0.255,0.255,0.255,570000,0
PHA,05/05/2011,0.255,0.255,0.255,0.255,100000,0
PHA,05/06/2011,0.255,0.255,0.255,0.255,40000,0
PHA,05/09/2011,0.26,0.26,0.26,0.26,10000,0
PHA,05/10/2011,0.26,0.265,0.26,0.265,1150000,0
PHA,05/11/2011,0.255,0.255,0.245,0.25,5720000,0
PHA,05/12/2011,0.25,0.26,0.25,0.26,830000,0
PHA,05/16/2011,0.25,0.25,0.25,0.25,500000,0
PHA,05/17/2011,0.25,0.25,0.25,0.25,600000,0
PHA,05/18/2011,0.245,0.255,0.245,0.255,4410000,0
PHA,05/19/2011,0.245,0.255,0.245,0.255,6000000,0
PHA,05/20/2011,0.25,0.26,0.25,0.26,340000,0
PHA,05/23/2011,0.245,0.25,0.24,0.24,860000,0
PHA,05/24/2011,0.245,0.245,0.245,0.245,10000,0
PHA,05/26/2011,0.24,0.25,0.24,0.25,160000,0
PHA,05/30/2011,0.245,0.25,0.245,0.25,920000,0
PHA,05/31/2011,0.24,0.25,0.24,0.25,1660000,0
PHA,06/01/2011,0.245,0.245,0.245,0.245,170000,0
PHA,06/02/2011,0.24,0.25,0.24,0.25,2460000,0
PHA,06/03/2011,0.245,0.25,0.245,0.25,240000,0
PHA,06/06/2011,0.245,0.25,0.24,0.25,410000,0
PHA,06/07/2011,0.245,0.245,0.245,0.245,1900000,0
PHA,06/08/2011,0.245,0.245,0.245,0.245,50000,0
PHA,06/09/2011,0.24,0.245,0.24,0.245,2110000,0
PHA,06/10/2011,0.23,0.25,0.23,0.25,170000,0
PHA,06/16/2011,0.235,0.245,0.235,0.245,2470000,0
PHA,06/17/2011,0.24,0.245,0.24,0.245,40000,0
PHA,06/21/2011,0.245,0.245,0.235,0.235,260000,0
PHA,06/22/2011,0.245,0.245,0.24,0.24,210000,0
PHA,06/23/2011,0.24,0.24,0.24,0.24,210000,0
PHA,06/24/2011,0.24,0.24,0.235,0.24,410000,0
PHA,06/29/2011,0.23,0.24,0.23,0.24,150000,0
PHA,07/01/2011,0.235,0.25,0.235,0.25,20000,0
PHA,07/04/2011,0.25,0.255,0.25,0.255,1160000,0
PHA,07/05/2011,0.25,0.255,0.245,0.25,380000,0
PHA,07/06/2011,0.25,0.255,0.25,0.255,800000,0
PHA,07/07/2011,0.255,0.255,0.24,0.25,2480000,0
PHA,07/08/2011,0.245,0.25,0.24,0.24,1510000,0
PHA,07/11/2011,0.245,0.245,0.245,0.245,90000,0
PHA,07/12/2011,0.25,0.25,0.25,0.25,490000,0
PHA,07/13/2011,0.255,0.255,0.245,0.255,1150000,0
PHA,07/14/2011,0.255,0.255,0.25,0.25,330000,0
PHA,07/15/2011,0.26,0.265,0.25,0.265,4270000,0
PHA,07/18/2011,0.265,0.28,0.265,0.275,3590000,0
PHA,07/19/2011,0.28,0.295,0.265,0.275,4230000,0
PHA,07/20/2011,0.275,0.275,0.275,0.275,50000,0
PHA,07/21/2011,0.26,0.28,0.26,0.275,4920000,0
PHA,07/22/2011,0.275,0.275,0.27,0.275,430000,0
PHA,07/26/2011,0.26,0.285,0.26,0.28,440000,0
PHA,07/27/2011,0.26,0.28,0.255,0.275,280000,0
PHA,07/28/2011,0.27,0.27,0.27,0.27,100000,0
PHA,07/29/2011,0.27,0.27,0.27,0.27,100000,0
PHA,08/01/2011,0.275,0.275,0.275,0.275,20000,0
PHA,08/02/2011,0.26,0.28,0.26,0.28,2490000,0
PHA,08/03/2011,0.275,0.275,0.27,0.27,720000,0
PHA,08/04/2011,0.275,0.28,0.275,0.28,690000,0
PHA,08/05/2011,0.265,0.275,0.25,0.27,3180000,0
PHA,08/08/2011,0.265,0.265,0.26,0.265,580000,0
PHA,08/09/2011,0.255,0.255,0.245,0.255,1670000,0
PHA,08/10/2011,0.26,0.265,0.26,0.265,500000,0
PHA,08/11/2011,0.265,0.265,0.26,0.26,770000,0
PHA,08/12/2011,0.265,0.27,0.265,0.27,1100000,0
PHA,08/15/2011,0.275,0.275,0.275,0.275,10000,0
PHA,08/16/2011,0.28,0.41,0.28,0.41,156840000,0
PHA,08/17/2011,0.45,0.48,0.375,0.375,257610000,0
PHA,08/18/2011,0.385,0.385,0.35,0.355,40390000,0
PHA,08/19/2011,0.335,0.385,0.33,0.34,42030000,0
PHA,08/22/2011,0.355,0.365,0.34,0.35,30160000,0
PHA,08/23/2011,0.36,0.46,0.35,0.38,314430000,0
PHA,08/24/2011,0.4,0.41,0.385,0.4,92050000,0
PHA,08/25/2011,0.4,0.4,0.355,0.365,48600000,0
PHA,08/26/2011,0.37,0.37,0.345,0.355,21140000,0
PHA,08/31/2011,0.355,0.365,0.35,0.355,7420000,0
PHA,09/01/2011,0.35,0.36,0.345,0.355,10750000,0
PHA,09/02/2011,0.36,0.36,0.34,0.34,10860000,0
PHA,09/05/2011,0.34,0.34,0.33,0.335,8130000,0
PHA,09/06/2011,0.355,0.355,0.325,0.33,8530000,0
PHA,09/07/2011,0.325,0.325,0.31,0.31,9980000,0
PHA,09/08/2011,0.31,0.315,0.3,0.3,11830000,0
PHA,09/09/2011,0.295,0.33,0.295,0.315,6560000,0
PHA,09/12/2011,0.31,0.315,0.31,0.31,1030000,0
PHA,09/13/2011,0.305,0.31,0.305,0.31,2440000,0
PHA,09/14/2011,0.305,0.31,0.3,0.3,6610000,0
PHA,09/15/2011,0.31,0.31,0.3,0.305,3640000,0
PHA,09/16/2011,0.31,0.335,0.31,0.325,10620000,0
PHA,09/19/2011,0.335,0.355,0.33,0.335,14390000,0
PHA,09/20/2011,0.33,0.33,0.32,0.33,2790000,0
PHA,09/21/2011,0.32,0.32,0.31,0.315,1250000,0
PHA,09/22/2011,0.32,0.32,0.3,0.315,5700000,0
PHA,09/23/2011,0.3,0.3,0.29,0.29,5840000,0
PHA,09/26/2011,0.28,0.28,0.25,0.26,21010000,0
PHA,09/28/2011,0.27,0.275,0.26,0.275,2470000,0
PHA,09/29/2011,0.27,0.27,0.26,0.265,3760000,0
PHA,09/30/2011,0.265,0.275,0.26,0.265,1180000,0
PHA,10/03/2011,0.26,0.26,0.25,0.255,1250000,0
PHA,10/04/2011,0.255,0.275,0.255,0.275,400000,0
PHA,10/05/2011,0.275,0.275,0.275,0.275,50000,0
PHA,10/06/2011,0.275,0.28,0.275,0.275,2250000,0
PHA,10/07/2011,0.28,0.285,0.28,0.28,860000,0
PHA,10/10/2011,0.275,0.285,0.275,0.28,920000,0
PHA,10/11/2011,0.285,0.29,0.275,0.275,4460000,0
PHA,10/12/2011,0.28,0.285,0.265,0.285,1170000,0
PHA,10/13/2011,0.27,0.28,0.27,0.28,440000,0
PHA,10/14/2011,0.28,0.305,0.28,0.3,3300000,0
PHA,10/17/2011,0.305,0.305,0.295,0.305,2290000,0
PHA,10/18/2011,0.295,0.305,0.29,0.3,1560000,0
PHA,10/19/2011,0.3,0.31,0.29,0.295,2320000,0
PHA,10/20/2011,0.29,0.295,0.29,0.295,580000,0
PHA,10/21/2011,0.295,0.3,0.295,0.295,1010000,0
PHA,10/24/2011,0.305,0.31,0.3,0.305,5250000,0
PHA,10/25/2011,0.3,0.31,0.3,0.305,2450000,0
PHA,10/26/2011,0.305,0.31,0.3,0.305,1670000,0
PHA,10/27/2011,0.3,0.305,0.3,0.305,550000,0
PHA,10/28/2011,0.305,0.305,0.3,0.3,2700000,0
PHA,11/02/2011,0.29,0.29,0.29,0.29,300000,0
PHA,11/03/2011,0.295,0.3,0.29,0.295,2070000,0
PHA,11/04/2011,0.3,0.305,0.295,0.305,320000,0
PHA,11/08/2011,0.305,0.305,0.305,0.305,90000,0
PHA,11/09/2011,0.305,0.305,0.305,0.305,200000,0
PHA,11/10/2011,0.305,0.305,0.29,0.295,4210000,0
PHA,11/11/2011,0.29,0.295,0.29,0.295,460000,0
PHA,11/14/2011,0.295,0.3,0.29,0.29,1990000,0
PHA,11/15/2011,0.29,0.3,0.29,0.3,990000,0
PHA,11/16/2011,0.29,0.3,0.29,0.295,1090000,0
PHA,11/17/2011,0.29,0.295,0.29,0.295,280000,0
PHA,11/18/2011,0.295,0.3,0.295,0.3,1410000,0
PHA,11/21/2011,0.285,0.285,0.285,0.285,40000,0
PHA,11/22/2011,0.29,0.305,0.29,0.3,1520000,0
PHA,11/23/2011,0.305,0.33,0.3,0.315,8760000,0
PHA,11/24/2011,0.315,0.315,0.315,0.315,2340000,0
PHA,11/25/2011,0.315,0.325,0.31,0.315,4830000,0
PHA,11/28/2011,0.315,0.315,0.3,0.3,100000,0
PHA,11/29/2011,0.31,0.31,0.3,0.31,540000,0
PHA,12/01/2011,0.3,0.31,0.295,0.31,320000,0
PHA,12/02/2011,0.295,0.3,0.29,0.29,2850000,0
PHA,12/05/2011,0.305,0.305,0.29,0.3,1160000,0
PHA,12/06/2011,0.295,0.295,0.285,0.285,2270000,0
PHA,12/07/2011,0.295,0.295,0.28,0.29,1830000,0
PHA,12/08/2011,0.29,0.29,0.28,0.28,1380000,0
PHA,12/09/2011,0.29,0.295,0.29,0.295,80000,0
PHA,12/12/2011,0.295,0.295,0.28,0.29,650000,0
PHA,12/13/2011,0.29,0.295,0.28,0.285,1250000,0
PHA,12/14/2011,0.29,0.3,0.29,0.29,2820000,0
PHA,12/15/2011,0.3,0.325,0.295,0.295,222700000,0
PHA,12/16/2011,0.295,0.295,0.285,0.285,6560000,0
PHA,12/19/2011,0.28,0.28,0.28,0.28,280000,0
PHA,12/20/2011,0.285,0.285,0.28,0.28,2310000,0
PHA,12/21/2011,0.275,0.285,0.275,0.285,530000,0
PHA,12/22/2011,0.275,0.285,0.275,0.285,1020000,0
PHA,12/23/2011,0.275,0.285,0.275,0.285,5830000,0
PHA,12/26/2011,0.28,0.28,0.27,0.275,6740000,0
PHA,12/27/2011,0.265,0.27,0.265,0.27,1220000,0
PHA,12/28/2011,0.275,0.275,0.27,0.27,2600000,0
PHA,12/29/2011,0.28,0.28,0.26,0.26,2710000,0
PHA,01/02/2012,0.27,0.28,0.27,0.27,390000,0
PHA,01/03/2012,0.275,0.285,0.27,0.27,4540000,0
PHA,01/04/2012,0.27,0.275,0.27,0.275,2360000,0
PHA,01/05/2012,0.28,0.29,0.28,0.29,3660000,0
PHA,01/06/2012,0.28,0.28,0.28,0.28,350000,0
PHA,01/09/2012,0.285,0.285,0.28,0.28,430000,0
PHA,01/10/2012,0.28,0.295,0.28,0.29,580000,0
PHA,01/11/2012,0.29,0.29,0.27,0.275,2800000,0
PHA,01/12/2012,0.275,0.335,0.275,0.29,21030000,0
PHA,01/13/2012,0.3,0.315,0.29,0.29,9880000,0
PHA,01/16/2012,0.29,0.295,0.285,0.29,1800000,0
PHA,01/17/2012,0.29,0.295,0.29,0.29,1280000,0
PHA,01/18/2012,0.29,0.29,0.285,0.285,3680000,0
PHA,01/19/2012,0.295,0.305,0.29,0.3,11450000,0
PHA,01/20/2012,0.3,0.31,0.3,0.31,280000,0
PHA,01/24/2012,0.31,0.31,0.295,0.305,1710000,0
PHA,01/26/2012,0.3,0.31,0.3,0.3,3100000,0
PHA,01/27/2012,0.3,0.3,0.29,0.295,2210000,0
PHA,01/30/2012,0.295,0.295,0.28,0.28,2850000,0
PHA,01/31/2012,0.285,0.295,0.285,0.295,180000,0
PHA,02/01/2012,0.285,0.3,0.285,0.3,1680000,0
PHA,02/02/2012,0.3,0.3,0.295,0.295,450000,0
PHA,02/03/2012,0.295,0.295,0.29,0.29,3240000,0
PHA,02/06/2012,0.29,0.295,0.285,0.29,3660000,0
PHA,02/07/2012,0.29,0.29,0.285,0.29,1990000,0
