PRC,02/12/1999,2.2,2.2,2.2,2.2,2000,0
PRC,02/16/1999,2.22,2.22,2.22,2.22,5000,0
PRC,02/18/1999,2.24,2.28,2.24,2.28,31000,0
PRC,02/19/1999,2.3,2.3,2.3,2.3,7000,0
PRC,02/22/1999,2.28,2.3,2.28,2.3,52000,0
PRC,02/26/1999,2.26,2.26,2.26,2.26,2000,0
PRC,03/01/1999,2.24,2.24,2.24,2.24,20000,0
PRC,03/02/1999,2.24,2.24,2.24,2.24,130000,0
PRC,03/03/1999,2.3,2.36,2.3,2.36,6000,0
PRC,03/04/1999,2.4,2.4,2.2,2.2,97000,0
PRC,03/08/1999,2.4,2.44,2.4,2.4,154000,0
PRC,03/09/1999,2.44,2.44,2.44,2.44,10000,0
PRC,03/10/1999,2.4,2.46,2.4,2.46,268000,0
PRC,03/11/1999,2.46,2.46,2.4,2.4,160000,0
PRC,03/15/1999,2.36,2.36,2.36,2.36,60000,0
PRC,03/18/1999,2.3,2.4,2.3,2.4,181000,0
PRC,03/23/1999,2.4,2.4,2.4,2.4,100000,0
PRC,03/24/1999,2.4,2.4,2.4,2.4,30000,0
PRC,03/25/1999,2.5,2.5,2.5,2.5,50000,0
PRC,03/26/1999,2.5,2.5,2.42,2.42,120000,0
PRC,03/29/1999,2.5,2.5,2.5,2.5,5000,0
PRC,03/30/1999,2.5,2.5,2.5,2.5,10000,0
PRC,04/07/1999,2.5,2.5,2.5,2.5,61000,0
PRC,04/12/1999,2.5,2.55,2.5,2.55,79000,0
PRC,04/15/1999,2.5,2.5,2.5,2.5,215000,0
PRC,04/19/1999,2.5,2.5,2.5,2.5,4000,0
PRC,04/20/1999,2.5,2.5,2.5,2.5,2000,0
PRC,04/21/1999,2.5,2.5,2.5,2.5,25000,0
PRC,04/22/1999,2.6,2.7,2.6,2.7,105000,0
PRC,04/23/1999,2.7,2.8,2.7,2.8,146000,0
PRC,04/26/1999,2.9,3.5,2.9,3.25,700000,0
PRC,04/27/1999,3.3,3.3,2.8,3.1,148000,0
PRC,04/28/1999,3.2,3.2,3.2,3.2,25000,0
PRC,04/29/1999,3.2,3.35,3.2,3.35,35000,0
PRC,04/30/1999,3.2,3.3,3.2,3.2,27000,0
PRC,05/03/1999,3.2,3.2,3.2,3.2,25000,0
PRC,05/05/1999,3.2,3.2,3.0,3.0,137000,0
PRC,05/06/1999,3.0,3.0,3.0,3.0,134000,0
PRC,05/07/1999,3.0,3.4,3.0,3.4,42000,0
PRC,05/10/1999,3.2,3.2,3.2,3.2,100000,0
PRC,05/13/1999,3.0,3.0,3.0,3.0,40000,0
PRC,05/21/1999,2.8,2.8,2.8,2.8,20000,0
PRC,05/24/1999,3.0,3.0,3.0,3.0,34000,0
PRC,05/25/1999,3.0,3.0,3.0,3.0,30000,0
PRC,05/27/1999,3.0,3.0,3.0,3.0,10000,0
PRC,05/31/1999,3.0,3.0,3.0,3.0,8000,0
PRC,06/01/1999,3.1,3.1,3.05,3.05,10000,0
PRC,06/03/1999,3.1,3.3,3.1,3.3,21000,0
PRC,06/08/1999,3.1,3.2,3.1,3.2,25000,0
PRC,06/09/1999,3.1,3.2,3.1,3.2,176000,0
PRC,06/10/1999,3.35,3.35,3.25,3.25,45000,0
PRC,06/11/1999,3.2,3.2,3.2,3.2,55000,0
PRC,06/14/1999,3.2,3.3,3.2,3.3,134000,0
PRC,06/15/1999,3.3,3.5,3.3,3.5,120000,0
PRC,06/16/1999,3.5,4.0,3.5,4.0,36000,0
PRC,06/18/1999,3.6,4.0,3.6,3.8,68000,0
PRC,06/21/1999,4.0,4.3,4.0,4.3,67000,0
PRC,06/22/1999,4.5,4.5,4.0,4.0,135000,0
PRC,06/24/1999,4.0,4.0,4.0,4.0,30000,0
PRC,06/25/1999,3.8,3.9,3.8,3.9,30000,0
PRC,06/28/1999,4.2,4.6,4.2,4.6,25000,0
PRC,06/29/1999,4.1,4.1,4.1,4.1,20000,0
PRC,06/30/1999,4.1,4.1,4.1,4.1,5000,0
PRC,07/01/1999,4.0,4.0,4.0,4.0,5000,0
PRC,07/02/1999,4.0,4.0,4.0,4.0,118000,0
PRC,07/05/1999,4.1,4.3,4.1,4.3,7000,0
PRC,07/06/1999,4.3,4.3,4.3,4.3,5000,0
PRC,07/07/1999,4.1,4.5,4.1,4.5,27000,0
PRC,07/08/1999,4.5,4.9,4.5,4.9,132000,0
PRC,07/09/1999,4.5,4.5,4.3,4.3,42000,0
PRC,07/13/1999,4.6,4.6,4.6,4.6,64000,0
PRC,07/14/1999,4.4,4.5,4.4,4.5,42000,0
PRC,07/15/1999,4.5,4.7,4.5,4.7,90000,0
PRC,07/16/1999,4.6,4.7,4.6,4.7,192000,0
PRC,07/19/1999,4.6,5.0,4.6,5.0,203000,0
PRC,07/20/1999,5.0,5.0,5.0,5.0,20000,0
PRC,07/22/1999,4.5,4.6,4.5,4.5,253000,0
PRC,07/26/1999,4.3,4.3,4.3,4.3,30000,0
PRC,07/27/1999,4.2,4.2,4.0,4.0,21000,0
PRC,08/04/1999,4.1,4.1,4.0,4.0,139000,0
PRC,08/05/1999,4.0,4.0,4.0,4.0,50000,0
PRC,08/11/1999,4.0,4.0,4.0,4.0,50000,0
PRC,08/13/1999,4.0,4.0,4.0,4.0,50000,0
PRC,08/16/1999,4.0,4.0,4.0,4.0,55000,0
PRC,08/19/1999,4.0,4.0,4.0,4.0,4000,0
PRC,08/20/1999,4.0,4.0,4.0,4.0,4000,0
PRC,08/23/1999,4.6,4.6,4.6,4.6,1000,0
PRC,08/31/1999,4.4,4.4,4.4,4.4,14000,0
PRC,09/01/1999,4.4,4.4,4.4,4.4,23000,0
PRC,09/03/1999,4.4,4.4,4.4,4.4,13000,0
PRC,09/07/1999,4.3,4.5,4.3,4.5,60000,0
PRC,09/08/1999,4.3,4.3,4.3,4.3,3000,0
PRC,09/09/1999,4.3,4.3,4.3,4.3,22000,0
PRC,09/17/1999,4.5,4.5,4.5,4.5,100000,0
PRC,09/20/1999,4.4,4.4,4.4,4.4,2000,0
PRC,09/21/1999,4.3,4.3,4.3,4.3,5000,0
PRC,09/23/1999,4.4,4.4,4.4,4.4,5000,0
PRC,09/28/1999,4.4,4.4,4.4,4.4,20000,0
PRC,09/29/1999,4.4,4.4,4.4,4.4,20000,0
PRC,09/30/1999,4.4,4.4,4.4,4.4,10000,0
PRC,10/01/1999,4.5,4.6,4.5,4.6,100000,0
PRC,10/05/1999,4.9,5.0,4.9,5.0,140000,0
PRC,10/06/1999,5.0,5.0,5.0,5.0,72000,0
PRC,10/11/1999,5.0,5.0,4.9,4.9,80000,0
PRC,10/12/1999,5.0,5.0,4.9,4.9,10000,0
PRC,10/13/1999,4.8,4.8,4.5,4.5,82000,0
PRC,10/14/1999,4.3,4.5,4.1,4.5,55000,0
PRC,10/18/1999,4.5,4.5,4.5,4.5,11000,0
PRC,10/19/1999,4.5,4.5,4.5,4.5,116000,0
PRC,10/25/1999,4.1,4.1,4.1,4.1,25000,0
PRC,10/27/1999,4.6,4.6,4.2,4.2,25000,0
PRC,11/03/1999,4.0,4.0,4.0,4.0,6000,0
PRC,11/05/1999,4.2,4.2,4.2,4.2,6000,0
PRC,11/08/1999,4.5,4.5,4.2,4.2,38000,0
PRC,11/15/1999,4.2,4.2,4.2,4.2,12000,0
PRC,11/16/1999,4.2,4.2,4.2,4.2,10000,0
PRC,12/03/1999,4.2,4.2,4.2,4.2,5000,0
PRC,12/07/1999,4.2,4.2,4.2,4.2,10000,0
PRC,12/13/1999,4.2,4.2,4.2,4.2,24000,0
PRC,12/16/1999,4.2,4.2,4.2,4.2,9000,0
PRC,12/22/1999,4.2,4.2,4.2,4.2,7000,0
PRC,01/11/2000,4.2,4.2,4.2,4.2,190000,0
PRC,01/12/2000,4.0,4.0,4.0,4.0,33000,0
PRC,01/28/2000,4.0,4.0,4.0,4.0,11000,0
PRC,02/03/2000,3.5,3.5,3.5,3.5,1000,0
PRC,02/07/2000,3.5,3.5,3.5,3.5,17000,0
PRC,02/08/2000,4.1,4.1,4.1,4.1,9000,0
PRC,02/11/2000,3.6,3.6,3.6,3.6,2000,0
PRC,02/15/2000,3.6,3.6,3.5,3.5,10000,0
PRC,02/28/2000,3.7,3.7,3.7,3.7,16000,0
PRC,02/29/2000,3.7,3.7,3.5,3.5,144000,0
PRC,03/03/2000,3.5,3.5,3.2,3.2,9510000,0
PRC,03/06/2000,3.2,3.2,3.2,3.2,68000,0
PRC,03/07/2000,3.0,3.2,3.0,3.0,242000,0
PRC,03/08/2000,2.9,3.0,2.8,2.8,155000,0
PRC,03/15/2000,2.5,2.5,2.5,2.5,3507000,0
PRC,03/16/2000,2.5,2.5,2.5,2.5,10000,0
PRC,03/17/2000,2.5,2.5,2.5,2.5,120000,0
PRC,03/23/2000,2.3,2.3,2.3,2.3,12000,0
PRC,03/27/2000,2.3,2.3,2.3,2.3,190000,0
PRC,03/28/2000,2.3,2.3,2.3,2.3,10000,0
PRC,03/30/2000,2.7,2.7,2.7,2.7,10000,0
PRC,03/31/2000,2.9,3.0,2.75,2.75,68000,0
PRC,04/06/2000,2.6,2.7,2.6,2.7,20000,0
PRC,04/12/2000,2.3,2.3,2.3,2.3,28000,0
PRC,04/14/2000,2.5,2.5,2.5,2.5,41000,0
PRC,04/28/2000,2.7,2.7,2.7,2.7,10000,0
PRC,05/31/2000,5.1,5.1,5.1,5.1,5000,0
PRC,06/30/2000,4.05,4.05,4.05,4.05,2000,0
PRC,07/04/2000,3.25,3.25,3.2,3.2,80000,0
PRC,07/05/2000,3.3,3.3,3.3,3.3,70000,0
PRC,07/12/2000,2.8,2.8,2.8,2.8,30000,0
PRC,08/03/2000,3.05,3.05,3.05,3.05,12000,0
PRC,08/10/2000,4.1,4.1,4.1,4.1,1000,0
PRC,08/22/2000,4.1,4.1,4.1,4.1,1528000,0
PRC,08/23/2000,3.5,3.5,3.5,3.5,17000,0
PRC,08/24/2000,3.1,3.1,3.1,3.1,5000,0
PRC,08/25/2000,3.05,3.05,3.0,3.0,25000,0
PRC,09/13/2000,3.0,3.0,3.0,3.0,787000,0
PRC,09/18/2000,3.0,3.0,3.0,3.0,40000,0
PRC,09/28/2000,3.3,3.3,3.3,3.3,5000,0
PRC,10/02/2000,3.3,3.3,3.3,3.3,5000,0
PRC,10/03/2000,3.2,3.2,3.2,3.2,10000,0
PRC,10/04/2000,3.1,3.1,3.1,3.1,10000,0
PRC,10/09/2000,3.0,3.0,2.8,2.8,10083000,0
PRC,10/10/2000,2.5,2.5,2.5,2.5,46000,0
PRC,10/11/2000,2.5,2.5,2.5,2.5,18000,0
PRC,10/17/2000,2.3,2.3,2.3,2.3,5000,0
PRC,10/20/2000,2.0,2.0,2.0,2.0,5000,0
PRC,10/23/2000,2.0,2.0,2.0,2.0,6433000,0
PRC,12/05/2000,3.0,3.0,3.0,3.0,4000,0
PRC,12/11/2000,3.0,3.0,3.0,3.0,5000,0
PRC,12/19/2000,3.0,3.0,3.0,3.0,50000,0
PRC,12/21/2000,3.0,3.0,3.0,3.0,50000,0
PRC,12/27/2000,3.0,3.0,3.0,3.0,50000,0
PRC,01/09/2001,3.5,3.5,3.5,3.5,5000,0
PRC,02/09/2001,4.0,4.1,4.0,4.0,194000,0
PRC,02/15/2001,4.3,4.4,4.3,4.4,20000,0
PRC,02/16/2001,4.3,4.3,4.3,4.3,3000,0
PRC,02/19/2001,4.5,4.5,4.5,4.5,5000,0
PRC,02/23/2001,4.5,4.5,4.5,4.5,5000,0
PRC,02/26/2001,4.5,4.5,4.5,4.5,3000,0
PRC,02/27/2001,4.5,4.5,4.5,4.5,2000,0
PRC,02/28/2001,4.3,4.3,4.3,4.3,1000,0
PRC,03/01/2001,4.3,4.3,4.3,4.3,16000,0
PRC,03/02/2001,4.3,4.6,4.3,4.6,11000,0
PRC,03/07/2001,4.4,4.4,4.4,4.4,24000,0
PRC,03/09/2001,4.5,4.6,4.5,4.6,10000,0
PRC,03/15/2001,4.0,4.0,4.0,4.0,500000,0
PRC,03/19/2001,4.0,4.0,4.0,4.0,50000,0
PRC,04/05/2001,4.0,4.0,4.0,4.0,13651000,0
PRC,04/11/2001,4.0,4.0,4.0,4.0,10000000,0
PRC,04/17/2001,4.0,4.0,4.0,4.0,10000000,0
PRC,04/19/2001,4.0,4.0,4.0,4.0,4333000,0
PRC,04/20/2001,4.0,4.0,4.0,4.0,36000,0
PRC,04/27/2001,4.2,5.0,4.2,5.0,209000,0
PRC,05/07/2001,4.5,5.0,4.5,5.0,55000,0
PRC,05/22/2001,4.5,4.5,4.5,4.5,10000,0
PRC,05/28/2001,5.0,5.0,5.0,5.0,52000,0
PRC,05/31/2001,5.1,5.1,5.1,5.1,5000,0
PRC,06/01/2001,5.0,5.0,5.0,5.0,38000,0
PRC,06/04/2001,5.0,5.0,5.0,5.0,57000,0
PRC,06/07/2001,5.0,5.0,5.0,5.0,23000,0
PRC,06/13/2001,5.0,5.3,5.0,5.3,17000,0
PRC,06/14/2001,5.5,5.5,5.5,5.5,2000,0
PRC,06/15/2001,5.3,5.3,5.3,5.3,5000,0
PRC,06/19/2001,5.4,5.4,5.4,5.4,3000,0
PRC,06/20/2001,5.1,5.3,5.1,5.3,45000,0
PRC,06/21/2001,5.3,5.3,5.3,5.3,1000,0
PRC,06/22/2001,5.0,5.1,5.0,5.1,7000,0
PRC,06/25/2001,5.1,5.1,5.1,5.1,30000,0
PRC,06/26/2001,5.1,5.1,5.0,5.0,27000,0
PRC,06/27/2001,5.0,5.1,5.0,5.1,1027000,0
PRC,06/28/2001,5.1,5.1,5.1,5.1,413000,0
PRC,06/29/2001,5.1,5.1,5.1,5.1,52000,0
PRC,07/02/2001,5.1,5.1,5.1,5.1,84000,0
PRC,07/03/2001,5.0,5.1,5.0,5.1,30000,0
PRC,07/04/2001,5.1,5.1,5.0,5.0,199000,0
PRC,07/05/2001,5.1,5.1,5.1,5.1,60000,0
PRC,07/11/2001,5.2,5.2,5.2,5.2,46000,0
PRC,07/12/2001,5.2,5.4,5.2,5.4,5000,0
PRC,07/13/2001,5.1,5.1,5.1,5.1,15000,0
PRC,07/16/2001,5.1,5.1,5.1,5.1,15000,0
PRC,07/18/2001,5.1,5.1,5.1,5.1,40000,0
PRC,07/19/2001,5.1,5.1,5.1,5.1,8000,0
PRC,07/23/2001,5.0,5.1,5.0,5.1,15410000,0
PRC,07/25/2001,5.2,5.2,5.2,5.2,5000,0
PRC,07/27/2001,5.2,5.2,5.2,5.2,5000,0
PRC,07/31/2001,5.2,5.2,5.2,5.2,53000,0
PRC,08/01/2001,5.2,5.2,5.2,5.2,30000,0
PRC,08/03/2001,5.1,5.1,5.1,5.1,2000,0
PRC,08/06/2001,5.1,5.2,5.1,5.2,2000000,0
PRC,08/07/2001,5.2,5.2,5.2,5.2,5000,0
PRC,08/10/2001,5.2,5.2,5.2,5.2,5000,0
PRC,08/15/2001,5.2,5.2,5.2,5.2,10000,0
PRC,08/21/2001,5.1,5.1,5.0,5.1,40000,0
PRC,08/22/2001,5.1,5.1,5.1,5.1,20000,0
PRC,08/23/2001,5.1,5.1,5.1,5.1,14000,0
PRC,08/24/2001,5.2,5.2,5.2,5.2,1567000,0
PRC,08/31/2001,5.1,5.1,5.1,5.1,5000,0
PRC,09/03/2001,5.1,5.1,5.1,5.1,377000,0
PRC,09/07/2001,5.2,5.2,5.2,5.2,5000,0
PRC,09/11/2001,5.0,5.0,5.0,5.0,11000,0
PRC,09/17/2001,5.0,5.0,5.0,5.0,2000,0
PRC,09/18/2001,5.0,5.0,5.0,5.0,1000,0
PRC,09/19/2001,5.0,5.1,5.0,5.1,20000,0
PRC,09/20/2001,5.0,5.0,5.0,5.0,4000,0
PRC,09/21/2001,4.9,4.9,4.9,4.9,24000,0
PRC,09/24/2001,5.2,5.2,5.2,5.2,400000,0
PRC,09/25/2001,4.8,4.8,4.8,4.8,25000,0
PRC,09/26/2001,4.7,4.8,4.7,4.8,23000,0
PRC,09/27/2001,4.8,4.8,4.8,4.8,3000,0
PRC,10/02/2001,4.8,4.8,4.8,4.8,10000,0
PRC,10/03/2001,4.8,4.8,4.8,4.8,40000,0
PRC,10/09/2001,4.8,4.8,4.8,4.8,20000,0
PRC,10/11/2001,5.1,5.2,4.8,4.8,452000,0
PRC,10/18/2001,4.8,4.8,4.8,4.8,30000,0
PRC,10/22/2001,4.8,4.8,4.8,4.8,65000,0
PRC,10/23/2001,4.8,4.8,4.7,4.7,40000,0
PRC,11/09/2001,4.5,4.5,4.5,4.5,10000,0
PRC,12/07/2001,4.5,4.5,4.5,4.5,204000,0
PRC,12/10/2001,4.5,4.7,4.5,4.7,210000,0
PRC,12/11/2001,4.5,4.5,4.5,4.5,10000,0
PRC,01/09/2002,4.7,4.7,4.7,4.7,57000,0
PRC,01/10/2002,4.7,4.7,4.7,4.7,28000,0
PRC,01/18/2002,4.5,4.5,4.5,4.5,50000,0
PRC,01/29/2002,4.5,4.5,4.3,4.3,35000,0
PRC,02/06/2002,4.3,4.3,4.3,4.3,6433000,0
PRC,02/08/2002,4.4,4.4,4.4,4.4,10000,0
PRC,02/12/2002,4.3,4.3,4.3,4.3,20000,0
PRC,02/13/2002,4.3,4.3,4.3,4.3,48000,0
PRC,02/14/2002,4.3,4.3,4.3,4.3,15000,0
PRC,02/15/2002,4.3,4.3,4.3,4.3,13000,0
PRC,02/18/2002,4.3,4.3,4.3,4.3,10000,0
PRC,02/19/2002,4.3,4.3,4.3,4.3,18000,0
PRC,02/20/2002,4.2,4.2,4.2,4.2,84000,0
PRC,02/21/2002,4.1,4.1,4.1,4.1,6000,0
PRC,02/22/2002,4.2,4.2,4.2,4.2,5000,0
PRC,02/27/2002,4.2,4.2,4.2,4.2,5000,0
PRC,03/01/2002,4.2,4.2,4.2,4.2,1000,0
PRC,03/08/2002,4.0,4.2,4.0,4.2,4750000,0
PRC,04/10/2002,4.2,4.2,4.2,4.2,10000,0
PRC,04/16/2002,6.3,6.3,6.3,6.3,2000,0
PRC,04/29/2002,4.2,4.2,4.2,4.2,500000,0
PRC,05/08/2002,4.2,4.2,4.2,4.2,9000,0
PRC,05/10/2002,6.0,6.0,6.0,6.0,56000,0
PRC,05/13/2002,6.3,6.5,4.3,6.1,2700000,0
PRC,05/14/2002,6.0,6.0,6.0,6.0,5000,0
PRC,06/03/2002,5.0,5.0,5.0,5.0,1000,0
PRC,06/04/2002,4.8,4.8,4.8,4.8,5000,0
PRC,06/05/2002,5.0,5.0,5.0,5.0,10000,0
PRC,06/07/2002,5.0,5.0,4.8,4.8,13000,0
PRC,06/10/2002,5.0,5.0,4.8,4.8,24000,0
PRC,06/11/2002,4.6,4.6,4.1,4.6,34000,0
PRC,06/18/2002,4.6,4.6,4.6,4.6,200000,0
PRC,06/21/2002,4.6,4.6,4.6,4.6,100000,0
PRC,06/27/2002,4.6,4.6,4.6,4.6,200000,0
PRC,07/02/2002,5.0,5.0,5.0,5.0,5000,0
PRC,07/17/2002,5.5,5.5,5.5,5.5,5000,0
PRC,07/18/2002,5.5,6.0,5.5,6.0,383000,0
PRC,07/25/2002,4.6,4.6,4.6,4.6,15000,0
PRC,08/12/2002,5.0,5.0,5.0,5.0,5000,0
PRC,09/03/2002,5.0,5.0,5.0,5.0,1000,0
PRC,09/11/2002,5.0,5.0,5.0,5.0,1000,0
PRC,10/25/2002,5.0,5.0,5.0,5.0,1000,0
PRC,01/06/2003,4.0,4.0,4.0,4.0,3000,0
PRC,01/07/2003,4.0,4.0,4.0,4.0,5000000,0
PRC,01/21/2003,4.0,4.0,4.0,4.0,2000,0
PRC,01/22/2003,4.0,4.0,4.0,4.0,10000,0
PRC,01/27/2003,4.0,4.0,4.0,4.0,4000000,0
PRC,03/06/2003,4.0,4.0,4.0,4.0,5000,0
PRC,03/12/2003,4.0,4.0,4.0,4.0,2000000,0
PRC,04/30/2003,3.5,3.5,3.5,3.5,15000,0
PRC,05/15/2003,3.5,3.5,3.5,3.5,10000,0
PRC,05/21/2003,3.5,3.5,3.5,3.5,5000,0
PRC,06/12/2003,4.0,4.0,4.0,4.0,10000,0
PRC,07/02/2003,4.0,4.0,4.0,4.0,5000,0
PRC,07/15/2003,3.5,3.5,3.5,3.5,35000,0
PRC,08/01/2003,3.7,3.7,3.7,3.7,100000,0
PRC,08/06/2003,3.7,3.7,3.7,3.7,7000,0
PRC,08/14/2003,4.0,4.0,4.0,4.0,10000,0
PRC,08/25/2003,4.0,4.0,4.0,4.0,50000,0
PRC,09/01/2003,3.7,3.7,3.7,3.7,62000,0
PRC,09/04/2003,3.7,3.7,3.7,3.7,10000,0
PRC,09/09/2003,4.0,4.0,4.0,4.0,1000,0
PRC,09/30/2003,3.8,3.8,3.8,3.8,220000,0
PRC,10/07/2003,3.8,3.8,3.8,3.8,1000,0
PRC,10/14/2003,3.8,3.8,3.8,3.8,15000,0
PRC,10/15/2003,3.8,3.8,3.8,3.8,12000,0
PRC,10/16/2003,3.7,3.7,3.7,3.7,10000,0
PRC,10/21/2003,3.5,3.5,3.5,3.5,10000,0
PRC,10/22/2003,3.5,3.5,3.5,3.5,95000,0
PRC,10/23/2003,3.8,3.8,3.8,3.8,485000,0
PRC,11/07/2003,3.5,3.5,3.5,3.5,1000,0
PRC,12/02/2003,3.5,3.8,3.5,3.8,301000,0
PRC,12/03/2003,3.9,3.9,3.9,3.9,3000,0
PRC,12/04/2003,3.9,3.9,3.9,3.9,3000,0
PRC,12/15/2003,3.8,3.8,3.8,3.8,4000,0
PRC,12/23/2003,3.7,3.7,3.7,3.7,2000,0
PRC,12/30/2003,3.5,3.5,3.5,3.5,7000,0
PRC,01/08/2004,3.7,3.7,3.7,3.7,15000,0
PRC,01/13/2004,3.5,3.5,3.5,3.5,46000,0
PRC,01/23/2004,3.3,3.3,3.3,3.3,4000,0
PRC,01/26/2004,3.5,3.5,3.5,3.5,2000,0
PRC,01/27/2004,3.5,3.5,3.5,3.5,34000,0
PRC,02/05/2004,3.5,3.5,3.5,3.5,23000,0
PRC,02/10/2004,3.5,3.5,3.5,3.5,45000,0
PRC,02/12/2004,3.3,3.5,3.3,3.5,144000,0
PRC,02/13/2004,3.5,3.5,3.5,3.5,16000,0
PRC,03/22/2004,3.3,3.3,3.3,3.3,12000,0
PRC,03/26/2004,3.3,3.3,3.3,3.3,5850000,0
PRC,04/05/2004,3.5,3.5,3.5,3.5,9000,0
PRC,04/13/2004,3.0,3.0,3.0,3.0,200000,0
PRC,04/19/2004,3.5,3.5,3.5,3.5,235000,0
PRC,04/22/2004,3.5,3.5,3.5,3.5,235000,0
PRC,05/17/2004,3.3,3.3,3.3,3.3,30000,0
PRC,05/31/2004,3.2,3.2,3.2,3.2,20000,0
PRC,06/14/2004,3.2,3.2,3.2,3.2,33000,0
PRC,06/22/2004,3.2,3.4,3.2,3.4,40000,0
PRC,06/23/2004,3.4,3.4,3.4,3.4,20000,0
PRC,06/24/2004,3.8,3.8,3.4,3.4,24000,0
PRC,06/25/2004,3.4,3.6,3.4,3.4,392000,0
PRC,06/28/2004,3.4,3.4,3.4,3.4,30000,0
PRC,06/30/2004,3.4,3.4,3.4,3.4,4000,0
PRC,07/22/2004,3.4,3.4,3.4,3.4,190000,0
PRC,07/30/2004,3.4,3.4,3.4,3.4,190000,0
PRC,08/04/2004,3.4,3.4,3.4,3.4,48000,0
PRC,08/05/2004,3.4,3.4,3.4,3.4,50000,0
PRC,08/10/2004,3.4,3.4,3.4,3.4,163000,0
PRC,08/16/2004,3.4,3.4,3.4,3.4,33000,0
PRC,08/27/2004,3.3,3.3,3.3,3.3,40000,0
PRC,08/30/2004,4.0,4.0,4.0,4.0,370000,0
PRC,09/16/2004,4.0,4.0,3.3,3.3,530000,0
PRC,09/17/2004,3.3,3.3,3.3,3.3,70000,0
PRC,09/21/2004,3.3,3.3,3.3,3.3,41000,0
PRC,09/23/2004,3.3,3.3,3.3,3.3,70000,0
PRC,09/27/2004,3.3,3.3,3.3,3.3,40000,0
PRC,09/30/2004,3.3,3.3,3.3,3.3,5000,0
PRC,10/11/2004,3.2,3.2,3.2,3.2,20000,0
PRC,10/12/2004,3.2,3.2,3.2,3.2,38000,0
PRC,10/13/2004,3.0,3.0,3.0,3.0,23000,0
PRC,10/19/2004,3.2,3.2,3.1,3.1,50000,0
PRC,10/21/2004,3.0,3.0,3.0,3.0,55000,0
PRC,11/03/2004,3.0,3.0,3.0,3.0,30000,0
PRC,11/04/2004,3.0,3.0,3.0,3.0,30000,0
PRC,11/05/2004,2.9,2.9,2.9,2.9,55000,0
PRC,11/08/2004,2.9,2.9,2.9,2.9,30000,0
PRC,11/11/2004,2.9,2.9,2.9,2.9,2000,0
PRC,11/12/2004,2.8,2.8,2.8,2.8,5000,0
PRC,11/18/2004,2.8,2.8,2.8,2.8,18000,0
PRC,11/23/2004,2.7,2.7,2.7,2.7,50000,0
PRC,12/08/2004,2.6,2.65,2.6,2.65,170000,0
PRC,12/16/2004,2.6,2.6,2.6,2.6,100000,0
PRC,01/13/2005,2.7,2.8,2.7,2.8,40000,0
PRC,01/17/2005,2.8,2.8,2.8,2.8,7000,0
PRC,01/18/2005,2.9,2.9,2.9,2.9,40000,0
PRC,01/19/2005,2.8,2.8,2.8,2.8,3000,0
PRC,01/28/2005,3.1,3.1,3.1,3.1,100000,0
PRC,02/11/2005,3.2,3.2,3.2,3.2,100000,0
PRC,02/17/2005,3.5,3.5,3.5,3.5,60000,0
PRC,02/18/2005,3.1,3.1,3.1,3.1,1000000,0
PRC,03/07/2005,3.1,3.1,3.1,3.1,35000,0
PRC,03/09/2005,3.1,3.1,3.1,3.1,123000,0
PRC,03/30/2005,3.0,3.0,3.0,3.0,11000,0
PRC,03/31/2005,3.0,3.0,3.0,3.0,20000,0
PRC,04/20/2005,3.2,3.2,3.2,3.2,20000,0
PRC,04/28/2005,3.1,3.1,3.1,3.1,1000,0
PRC,05/12/2005,3.5,3.5,3.5,3.5,100000,0
PRC,05/20/2005,3.5,3.5,3.5,3.5,2000,0
PRC,06/01/2005,4.0,4.0,4.0,4.0,1000,0
PRC,06/03/2005,3.6,3.6,3.6,3.6,50000,0
PRC,06/21/2005,3.6,3.6,3.6,3.6,130000,0
PRC,06/24/2005,3.6,3.6,3.6,3.6,6000,0
PRC,06/27/2005,3.6,3.6,3.6,3.6,13000,0
PRC,06/30/2005,3.6,3.6,3.6,3.6,65000,0
PRC,07/01/2005,3.6,3.6,3.6,3.6,50000,0
PRC,07/04/2005,3.5,3.5,3.5,3.5,3000,0
PRC,07/11/2005,3.5,3.5,3.5,3.5,50000,0
PRC,07/15/2005,3.5,3.5,3.5,3.5,50000,0
PRC,07/19/2005,3.5,3.5,3.5,3.5,70000,0
PRC,07/22/2005,3.4,3.4,3.4,3.4,50000,0
PRC,08/10/2005,4.0,4.0,4.0,4.0,13146000,0
PRC,08/19/2005,3.5,3.5,3.0,3.0,13196000,0
PRC,09/09/2005,3.3,3.3,3.3,3.3,119000,0
PRC,09/23/2005,3.0,3.0,3.0,3.0,14000,0
PRC,09/30/2005,3.0,3.0,3.0,3.0,4600000,0
PRC,10/17/2005,3.0,3.0,3.0,3.0,1912000,0
PRC,10/18/2005,3.0,3.0,3.0,3.0,1000,0
PRC,10/26/2005,3.0,3.0,3.0,3.0,88000,0
PRC,10/27/2005,3.0,3.0,3.0,3.0,11000,0
PRC,11/18/2005,3.1,3.1,3.1,3.1,28000,0
PRC,12/09/2005,3.0,3.0,3.0,3.0,106000,0
PRC,12/12/2005,3.0,3.0,3.0,3.0,5000,0
PRC,01/12/2006,3.0,3.0,3.0,3.0,11000,0
PRC,01/17/2006,4.2,4.2,3.1,3.1,2000,0
PRC,01/24/2006,3.15,3.15,3.1,3.1,79000,0
PRC,02/01/2006,3.2,3.2,3.15,3.15,85000,0
PRC,02/06/2006,3.15,3.15,3.1,3.1,16000,0
PRC,02/07/2006,3.15,3.15,3.15,3.15,110000,0
PRC,02/09/2006,3.15,3.15,3.15,3.15,100000,0
PRC,02/14/2006,3.15,3.15,3.15,3.15,100000,0
PRC,02/17/2006,3.15,3.15,3.15,3.15,100000,0
PRC,02/27/2006,3.15,3.15,3.15,3.15,100000,0
PRC,03/01/2006,3.15,3.15,3.15,3.15,100000,0
PRC,03/02/2006,3.15,3.15,3.15,3.15,3000,0
PRC,03/09/2006,3.15,3.15,3.15,3.15,125000,0
PRC,03/24/2006,3.0,3.0,3.0,3.0,6000,0
PRC,04/04/2006,3.15,3.3,3.15,3.3,227000,0
PRC,04/05/2006,3.3,3.3,3.3,3.3,100000,0
PRC,04/06/2006,3.3,3.3,3.3,3.3,100000,0
PRC,04/11/2006,3.3,3.3,3.3,3.3,132000,0
PRC,04/17/2006,3.15,3.2,3.15,3.2,69000,0
PRC,04/20/2006,3.15,3.15,3.15,3.15,100000,0
PRC,04/25/2006,3.0,3.0,3.0,3.0,11000,0
PRC,05/03/2006,3.0,3.0,3.0,3.0,14000,0
PRC,06/07/2006,3.0,3.0,3.0,3.0,75000,0
PRC,06/13/2006,3.15,3.15,3.15,3.15,5756000,0
PRC,06/16/2006,3.2,3.2,3.2,3.2,1000,0
PRC,07/10/2006,3.0,3.0,3.0,3.0,120000,0
PRC,07/19/2006,3.1,3.1,3.1,3.1,2000,0
PRC,07/21/2006,3.1,3.1,3.1,3.1,33000,0
PRC,08/04/2006,3.0,3.0,3.0,3.0,10000,0
PRC,08/16/2006,3.0,3.0,3.0,3.0,30000,0
PRC,08/18/2006,3.0,3.0,3.0,3.0,10000,0
PRC,08/23/2006,2.95,2.95,2.95,2.95,250000,0
PRC,08/24/2006,2.9,2.9,2.9,2.9,4000,0
PRC,08/31/2006,2.9,2.9,2.9,2.9,30000,0
PRC,09/12/2006,2.9,2.9,2.9,2.9,150000,0
PRC,09/14/2006,2.9,2.9,2.9,2.9,100000,0
PRC,09/15/2006,2.9,2.9,2.9,2.9,6000,0
PRC,09/18/2006,2.9,2.9,2.9,2.9,133000,0
PRC,09/21/2006,2.8,2.8,2.8,2.8,5000,0
PRC,09/22/2006,2.8,2.8,2.8,2.8,72000,0
PRC,09/25/2006,2.8,2.8,2.8,2.8,150000,0
PRC,10/10/2006,2.9,3.0,2.9,2.95,161000,0
PRC,10/12/2006,2.9,2.9,2.9,2.9,9000,0
PRC,10/17/2006,2.8,2.8,2.8,2.8,10000,0
PRC,10/19/2006,2.95,3.05,2.95,3.05,100000,0
PRC,10/20/2006,3.05,3.05,3.0,3.0,1416000,0
PRC,10/23/2006,3.05,3.05,3.05,3.05,50000,0
PRC,10/25/2006,3.0,3.0,3.0,3.0,45000,0
PRC,10/27/2006,3.05,3.05,3.05,3.05,12000,0
PRC,11/03/2006,3.0,3.0,3.0,3.0,279000,0
PRC,11/08/2006,3.0,3.0,3.0,3.0,2000,0
PRC,11/09/2006,3.0,3.0,3.0,3.0,117000,0
PRC,11/10/2006,3.0,3.0,3.0,3.0,130000,0
PRC,11/13/2006,3.0,3.0,3.0,3.0,24000,0
PRC,11/14/2006,2.8,2.8,2.8,2.8,717000,0
PRC,11/17/2006,2.85,2.85,2.85,2.85,10000,0
PRC,11/29/2006,2.8,2.8,2.8,2.8,330000,0
PRC,12/06/2006,3.1,3.1,3.1,3.1,191000,0
PRC,12/07/2006,3.0,3.0,3.0,3.0,10000,0
PRC,12/13/2006,3.0,3.25,3.0,3.2,231000,0
PRC,12/19/2006,3.2,3.25,3.2,3.25,366000,0
PRC,12/21/2006,3.25,3.25,3.25,3.25,28000,0
PRC,12/22/2006,3.25,3.25,3.25,3.25,100000,0
PRC,01/02/2007,3.25,3.25,3.25,3.25,5000,0
PRC,01/03/2007,3.25,3.25,3.25,3.25,1000,0
PRC,01/08/2007,3.25,3.25,3.25,3.25,216000,0
PRC,01/17/2007,3.25,3.25,3.25,3.25,5000,0
PRC,01/26/2007,3.3,3.3,3.3,3.3,8000,0
PRC,02/12/2007,2.9,2.9,2.9,2.9,16000,0
PRC,02/19/2007,2.9,2.9,2.9,2.9,1000,0
PRC,02/20/2007,3.0,3.0,3.0,3.0,1000,0
PRC,02/21/2007,3.05,3.05,3.05,3.05,56000,0
PRC,03/12/2007,4.2,4.2,4.2,4.2,3000,0
PRC,03/16/2007,3.0,3.0,3.0,3.0,11000,0
PRC,03/19/2007,4.15,4.15,4.15,4.15,131000,0
PRC,03/20/2007,4.05,4.05,4.05,4.05,20000,0
PRC,03/21/2007,3.05,3.05,3.05,3.05,131000,0
PRC,03/23/2007,3.15,3.15,3.0,3.0,12000,0
PRC,04/02/2007,4.2,4.2,4.2,4.2,131000,0
PRC,05/07/2007,3.0,3.05,3.0,3.05,9570000,0
PRC,05/09/2007,3.05,3.05,3.05,3.05,131000,0
PRC,05/28/2007,4.2,4.4,4.2,4.4,2263000,0
PRC,05/29/2007,4.55,4.55,4.4,4.4,21000,0
PRC,05/30/2007,3.0,3.0,3.0,3.0,5000,0
PRC,05/31/2007,3.4,3.4,3.4,3.4,1000,0
PRC,06/01/2007,3.7,3.7,3.7,3.7,2078000,0
PRC,06/06/2007,3.8,3.8,3.8,3.8,15000,0
PRC,06/13/2007,3.9,3.9,3.9,3.9,2000,0
PRC,06/14/2007,3.9,3.9,3.9,3.9,5000,0
PRC,06/15/2007,3.9,4.0,3.8,3.8,252000,0
PRC,06/18/2007,3.9,3.95,3.8,3.95,56000,0
PRC,06/20/2007,4.0,4.05,4.0,4.05,80000,0
PRC,06/22/2007,3.9,3.9,3.9,3.9,1000,0
PRC,06/25/2007,3.8,3.8,3.8,3.8,6000,0
PRC,06/26/2007,3.85,3.95,3.85,3.95,111000,0
PRC,06/27/2007,4.0,4.0,3.9,3.9,16000,0
PRC,06/28/2007,4.0,4.0,4.0,4.0,29000,0
PRC,06/29/2007,4.0,4.0,4.0,4.0,12000,0
PRC,07/06/2007,4.0,4.0,3.3,3.35,2005000,0
PRC,07/09/2007,3.6,3.6,3.6,3.6,1000,0
PRC,07/10/2007,4.0,4.2,4.0,4.2,142000,0
PRC,07/11/2007,4.3,4.3,4.0,4.0,105000,0
PRC,07/12/2007,4.2,4.2,4.2,4.2,55000,0
PRC,07/19/2007,4.15,4.15,4.1,4.1,10000,0
PRC,07/23/2007,4.0,4.0,4.0,4.0,9000,0
PRC,07/24/2007,4.0,4.0,3.9,4.0,63000,0
PRC,08/03/2007,3.55,3.55,3.55,3.55,5000,0
PRC,09/10/2007,3.6,3.8,3.6,3.8,18000,0
PRC,09/12/2007,3.25,3.25,3.25,3.25,327000,0
PRC,09/28/2007,3.45,3.45,3.45,3.45,10000,0
PRC,10/02/2007,3.45,3.45,3.45,3.45,10000,0
PRC,10/03/2007,3.5,3.5,3.5,3.5,60000,0
PRC,10/17/2007,3.5,3.5,3.5,3.5,1000,0
PRC,10/24/2007,3.65,3.65,3.65,3.65,1000,0
PRC,10/25/2007,3.6,3.6,3.6,3.6,4000,0
PRC,10/26/2007,3.55,3.6,3.4,3.4,29000,0
PRC,12/07/2007,3.1,3.1,3.1,3.1,200000,0
PRC,12/18/2007,3.3,3.3,3.3,3.3,2000,0
PRC,12/26/2007,3.5,3.5,3.0,3.35,515000,0
PRC,12/27/2007,3.5,3.5,3.5,3.5,6000,0
PRC,12/28/2007,4.0,4.0,3.55,3.55,52000,0
PRC,01/02/2008,3.5,3.5,3.5,3.5,27000,0
PRC,01/04/2008,3.5,3.5,3.5,3.5,5000,0
PRC,01/22/2008,3.2,3.2,3.2,3.2,1000,0
PRC,01/25/2008,3.2,3.2,3.2,3.2,1000,0
PRC,01/28/2008,3.15,3.2,3.0,3.2,132000,0
PRC,01/29/2008,3.0,3.0,3.0,3.0,18000,0
PRC,01/30/2008,3.0,3.0,3.0,3.0,15000,0
PRC,01/31/2008,3.0,3.0,3.0,3.0,5000,0
PRC,02/05/2008,3.0,3.0,3.0,3.0,16000,0
PRC,02/06/2008,3.0,3.0,3.0,3.0,30000,0
PRC,02/14/2008,3.0,3.0,3.0,3.0,1000,0
PRC,02/26/2008,3.0,3.0,3.0,3.0,5000,0
PRC,03/03/2008,3.1,3.1,3.1,3.1,3000,0
PRC,03/05/2008,3.0,3.0,3.0,3.0,31000,0
PRC,03/17/2008,3.0,3.0,3.0,3.0,801000,0
PRC,03/27/2008,3.0,3.0,3.0,3.0,46000,0
PRC,03/31/2008,2.95,2.95,2.9,2.9,173000,0
PRC,04/29/2008,3.0,3.0,3.0,3.0,1000,0
PRC,05/05/2008,3.0,3.0,3.0,3.0,10000,0
PRC,05/23/2008,3.1,3.1,3.1,3.1,5000,0
PRC,05/27/2008,3.2,3.2,3.2,3.2,1000,0
PRC,06/04/2008,3.3,3.3,3.3,3.3,2000,0
PRC,06/06/2008,3.4,3.4,3.4,3.4,5000,0
PRC,06/11/2008,3.5,3.5,3.5,3.5,3000,0
PRC,06/18/2008,3.7,3.7,3.7,3.7,3000,0
PRC,06/19/2008,3.7,3.7,3.7,3.7,10000,0
PRC,06/30/2008,3.8,3.8,3.8,3.8,2000,0
PRC,07/01/2008,3.8,3.8,3.8,3.8,10000,0
PRC,07/03/2008,3.8,3.8,3.7,3.7,10000,0
PRC,07/04/2008,3.7,3.7,3.7,3.7,3000,0
PRC,07/14/2008,3.7,3.7,3.7,3.7,2000,0
PRC,07/18/2008,3.6,3.6,3.6,3.6,5000,0
PRC,07/21/2008,3.55,3.55,3.5,3.5,30000,0
PRC,07/22/2008,3.5,3.5,3.5,3.5,10000,0
PRC,08/19/2008,3.55,3.55,3.55,3.55,495000,0
PRC,09/12/2008,3.65,3.65,3.65,3.65,5000,0
PRC,09/18/2008,3.65,3.65,3.5,3.5,12000,0
PRC,10/27/2008,3.0,3.0,3.0,3.0,3000,0
PRC,11/19/2008,2.5,2.5,2.5,2.5,100000,0
PRC,12/08/2008,2.3,2.3,2.28,2.28,959000,0
PRC,12/10/2008,2.28,2.28,2.28,2.28,16000,0
PRC,12/16/2008,2.5,2.5,2.5,2.5,9000,0
PRC,12/17/2008,2.6,2.6,2.6,2.6,100000,0
PRC,12/18/2008,2.6,2.6,2.6,2.6,10000,0
PRC,01/14/2009,2.9,2.9,2.9,2.9,5000,0
PRC,02/20/2009,2.8,2.85,2.8,2.85,20000,0
PRC,03/13/2009,2.8,2.8,2.8,2.8,10000,0
PRC,04/01/2009,2.8,2.8,2.8,2.8,2000,0
PRC,04/14/2009,2.8,2.8,2.8,2.8,50000,0
PRC,04/21/2009,2.3,2.3,2.3,2.3,2000,0
PRC,05/15/2009,2.3,2.3,2.3,2.3,3000,0
PRC,06/01/2009,2.38,2.38,2.38,2.38,11000,0
PRC,06/05/2009,2.5,2.5,2.5,2.5,25000,0
PRC,06/08/2009,2.5,2.5,2.5,2.5,20000,0
PRC,06/09/2009,2.5,2.5,2.5,2.5,6000,0
PRC,06/11/2009,2.5,2.5,2.5,2.5,6000,0
PRC,06/15/2009,2.5,2.5,2.5,2.5,2000,0
PRC,06/16/2009,2.5,2.5,2.5,2.5,5000,0
PRC,06/18/2009,2.5,2.5,2.5,2.5,2000,0
PRC,06/29/2009,2.5,2.5,2.5,2.5,2000,0
PRC,06/30/2009,2.5,2.5,2.5,2.5,6000,0
PRC,07/01/2009,2.5,2.65,2.5,2.65,50000,0
PRC,07/10/2009,2.65,2.65,2.65,2.65,10000,0
PRC,07/24/2009,2.42,2.42,2.42,2.42,10000,0
PRC,07/27/2009,2.42,2.42,2.42,2.42,368000,0
PRC,07/30/2009,2.4,2.4,2.4,2.4,100000,0
PRC,08/14/2009,2.3,2.3,2.3,2.3,12000,0
PRC,08/19/2009,2.3,2.6,2.3,2.6,2000,0
PRC,08/28/2009,2.3,2.6,2.3,2.6,2000,0
PRC,09/11/2009,2.3,2.6,2.3,2.6,8000,0
PRC,09/18/2009,2.3,2.3,2.2,2.2,11000,0
PRC,09/24/2009,2.22,2.22,2.22,2.22,1000,0
PRC,09/28/2009,2.3,2.3,2.3,2.3,50000,0
PRC,10/19/2009,2.4,2.4,2.4,2.4,1000,0
PRC,10/30/2009,2.6,2.7,2.6,2.7,60000,0
PRC,11/20/2009,2.8,2.8,2.8,2.8,6000,0
PRC,12/08/2009,2.02,2.02,2.02,2.02,5000,0
PRC,12/18/2009,2.04,2.04,2.04,2.04,100000,0
PRC,12/23/2009,2.1,2.1,2.1,2.1,100000,0
PRC,12/28/2009,2.1,2.2,2.1,2.2,279000,0
PRC,12/29/2009,2.1,2.7,2.1,2.7,450000,0
PRC,01/04/2010,2.7,2.7,2.7,2.7,1000,0
PRC,01/07/2010,2.12,2.12,2.1,2.1,140000,0
PRC,01/08/2010,2.08,2.4,2.08,2.4,31000,0
PRC,02/18/2010,2.04,2.04,2.04,2.04,83000,0
PRC,03/08/2010,2.06,2.06,2.06,2.06,1000,0
PRC,03/18/2010,2.1,2.1,2.1,2.1,78000,0
PRC,03/23/2010,2.1,2.1,2.1,2.1,100000,0
PRC,03/25/2010,2.1,2.1,2.1,2.1,60000,0
PRC,03/29/2010,2.1,2.1,2.1,2.1,215000,0
PRC,03/30/2010,2.1,2.1,2.1,2.1,50000,0
PRC,04/05/2010,2.12,2.12,2.1,2.1,50000,0
PRC,04/07/2010,2.1,2.1,2.1,2.1,190000,0
PRC,04/08/2010,2.1,2.1,2.1,2.1,25000,0
PRC,04/21/2010,2.1,2.1,2.1,2.1,80000,0
PRC,04/22/2010,2.1,2.1,2.1,2.1,50000,0
PRC,04/28/2010,2.12,2.12,2.1,2.1,50000,0
PRC,04/29/2010,2.12,2.12,2.12,2.12,1000,0
PRC,05/05/2010,2.12,2.12,2.1,2.1,50000,0
PRC,05/07/2010,2.1,2.1,2.1,2.1,4000,0
PRC,05/24/2010,2.12,2.12,2.12,2.12,26000,0
PRC,06/18/2010,2.1,2.1,2.1,2.1,50000,0
PRC,06/21/2010,2.1,2.1,2.1,2.1,50000,0
PRC,06/25/2010,2.1,2.1,2.1,2.1,50000,0
PRC,06/29/2010,2.1,2.1,2.1,2.1,50000,0
PRC,07/05/2010,2.1,2.1,2.1,2.1,105000,0
PRC,07/23/2010,2.1,2.1,2.1,2.1,65000,0
PRC,08/23/2010,2.1,2.1,2.1,2.1,20000000,0
PRC,09/09/2010,2.1,2.1,2.1,2.1,9080000,0
PRC,09/30/2010,2.0,2.0,2.0,2.0,6000,0
PRC,10/04/2010,2.02,2.02,2.02,2.02,14000,0
PRC,10/06/2010,2.3,2.3,2.3,2.3,27000,0
PRC,10/07/2010,2.3,2.58,2.3,2.5,93000,0
PRC,10/08/2010,2.5,2.5,2.49,2.5,64000,0
PRC,10/11/2010,2.6,2.6,2.6,2.6,30000,0
PRC,10/12/2010,3.0,3.0,3.0,3.0,50000,0
PRC,10/13/2010,3.2,3.5,3.0,3.5,181000,0
PRC,10/14/2010,3.5,4.05,3.5,4.0,113000,0
PRC,10/15/2010,4.0,4.0,3.7,4.0,1821000,0
PRC,10/18/2010,4.0,4.0,4.0,4.0,156000,0
PRC,10/19/2010,4.0,4.0,3.85,3.9,33000,0
PRC,10/22/2010,3.5,4.4,3.5,4.4,379000,0
PRC,10/26/2010,4.5,4.75,4.5,4.75,61000,0
PRC,10/27/2010,4.85,4.85,4.85,4.85,10000,0
PRC,10/28/2010,4.85,4.85,4.85,4.85,2000,0
PRC,10/29/2010,4.75,4.8,4.75,4.8,5000,0
PRC,11/12/2010,4.6,4.6,4.6,4.6,1000,0
PRC,11/17/2010,4.59,4.59,4.59,4.59,4000,0
PRC,11/18/2010,4.5,4.5,4.5,4.5,6000,0
PRC,11/22/2010,4.0,4.0,4.0,4.0,1000,0
PRC,11/23/2010,4.5,4.5,4.45,4.45,12000,0
PRC,11/24/2010,4.0,4.0,4.0,4.0,11000,0
PRC,12/01/2010,4.0,4.0,4.0,4.0,2000,0
PRC,12/06/2010,4.0,4.0,4.0,4.0,11000,0
PRC,12/14/2010,3.9,3.9,3.9,3.9,15000,0
PRC,12/15/2010,4.0,4.0,4.0,4.0,200000,0
PRC,12/16/2010,4.0,4.0,4.0,4.0,10000,0
PRC,01/11/2011,4.35,4.45,4.35,4.45,35000,0
PRC,01/12/2011,4.45,4.45,4.45,4.45,20000,0
PRC,01/17/2011,4.0,4.0,4.0,4.0,100000,0
PRC,01/19/2011,4.01,4.01,4.0,4.0,4000,0
PRC,01/26/2011,4.01,4.01,4.01,4.01,2000,0
PRC,01/27/2011,4.01,4.01,4.01,4.01,1000,0
PRC,01/28/2011,4.01,4.01,4.01,4.01,1000,0
PRC,02/01/2011,4.01,4.01,4.01,4.01,1000,0
PRC,02/07/2011,4.01,4.01,4.01,4.01,100000,0
PRC,02/10/2011,4.45,4.45,4.45,4.45,45000,0
PRC,02/14/2011,4.1,4.1,4.1,4.1,1000,0
PRC,02/15/2011,4.4,4.6,4.4,4.5,94000,0
PRC,02/17/2011,4.65,5.5,4.5,5.5,777000,0
PRC,02/18/2011,6.0,6.5,5.9,6.4,246400,0
PRC,02/21/2011,6.4,6.6,6.4,6.6,231000,0
PRC,02/22/2011,6.5,7.5,6.5,6.9,271500,0
PRC,02/23/2011,6.9,7.0,6.9,7.0,19400,0
PRC,02/24/2011,7.0,7.0,6.9,6.9,9200,0
PRC,02/28/2011,7.1,7.1,6.9,6.9,40700,0
PRC,03/01/2011,6.12,6.3,5.51,6.3,16500,0
PRC,03/02/2011,5.55,6.0,5.5,5.5,11600,0
PRC,03/03/2011,5.35,5.5,5.3,5.4,32000,0
PRC,03/04/2011,5.16,5.4,5.16,5.4,5400,0
PRC,03/07/2011,5.4,5.4,5.4,5.4,2000,0
PRC,03/08/2011,5.4,5.4,5.4,5.4,1000,0
PRC,03/09/2011,5.79,5.79,5.79,5.79,1000,0
PRC,03/10/2011,5.75,5.75,5.75,5.75,800,0
PRC,03/11/2011,5.7,5.7,5.7,5.7,1000,0
PRC,03/15/2011,5.68,5.68,5.68,5.68,800,0
PRC,03/16/2011,5.65,5.65,5.65,5.65,1000,0
PRC,03/21/2011,5.65,5.65,5.65,5.65,4500,0
PRC,03/22/2011,5.65,5.65,5.4,5.4,9400,0
PRC,03/23/2011,5.65,5.65,5.65,5.65,1000,0
PRC,03/24/2011,5.4,5.4,4.6,5.4,79600,0
PRC,03/25/2011,5.4,5.4,5.4,5.4,5000,0
PRC,03/28/2011,5.4,5.4,5.4,5.4,20000,0
PRC,03/29/2011,5.0,6.0,5.0,5.4,6404700,0
PRC,03/30/2011,5.35,5.35,5.15,5.35,60500,0
PRC,03/31/2011,5.15,5.5,5.15,5.4,4200,0
PRC,04/04/2011,5.45,5.45,5.45,5.45,39700,0
PRC,04/05/2011,5.49,5.49,5.49,5.49,2300,0
PRC,04/06/2011,5.45,5.5,5.35,5.5,94900,0
PRC,04/07/2011,5.65,5.65,5.4,5.6,133100,0
PRC,04/08/2011,5.5,5.5,5.5,5.5,30000,0
PRC,04/11/2011,5.4,5.4,5.35,5.35,32100,0
PRC,04/12/2011,5.35,5.35,5.01,5.01,30500,0
PRC,04/13/2011,5.6,5.6,5.2,5.2,32400,0
PRC,04/14/2011,5.2,5.2,5.1,5.1,10100,0
PRC,04/15/2011,5.11,5.2,5.11,5.2,229800,0
PRC,04/18/2011,5.15,5.15,5.15,5.15,800,0
PRC,04/19/2011,5.2,5.4,5.2,5.4,32000,0
PRC,04/25/2011,5.2,5.2,5.2,5.2,10500,0
PRC,04/26/2011,5.6,5.6,5.6,5.6,100,0
PRC,04/27/2011,5.18,5.18,5.18,5.18,1000000,0
PRC,05/02/2011,5.17,5.6,5.17,5.6,1200,0
PRC,05/03/2011,5.3,5.3,5.3,5.3,10000,0
PRC,05/05/2011,5.3,5.3,5.3,5.3,22200,0
PRC,05/09/2011,5.3,5.3,5.3,5.3,30000,0
PRC,05/10/2011,5.31,5.31,5.31,5.31,3000,0
PRC,05/12/2011,5.3,5.3,5.12,5.12,282200,0
PRC,05/13/2011,5.4,5.4,5.4,5.4,1000,0
PRC,05/16/2011,5.4,5.4,5.1,5.2,57400,0
PRC,05/17/2011,5.19,5.19,5.1,5.1,24100,0
PRC,05/20/2011,5.1,5.1,5.05,5.05,10200,0
PRC,05/23/2011,5.05,5.25,5.05,5.25,1400,0
PRC,05/25/2011,5.2,5.2,5.2,5.2,251200,0
PRC,05/26/2011,5.2,5.2,5.2,5.2,19200,0
PRC,05/27/2011,5.2,5.2,5.2,5.2,130800,0
PRC,05/30/2011,5.25,5.65,5.25,5.55,39200,0
PRC,05/31/2011,5.27,5.27,5.26,5.26,1000,0
PRC,06/01/2011,5.26,5.26,5.26,5.26,600,0
PRC,06/03/2011,5.2,5.3,5.0,5.3,5063000,0
PRC,06/06/2011,5.3,5.3,5.2,5.3,12400,0
PRC,06/08/2011,5.3,5.3,5.3,5.3,5200,0
PRC,06/15/2011,5.5,5.5,5.49,5.5,123000,0
PRC,06/21/2011,5.5,5.5,5.5,5.5,10000,0
PRC,06/23/2011,5.2,5.5,5.2,5.5,19800,0
PRC,06/24/2011,5.64,5.65,5.5,5.5,17000,0
PRC,06/27/2011,5.65,5.65,5.5,5.5,11000,0
PRC,06/30/2011,5.5,5.5,5.5,5.5,24700,0
PRC,07/01/2011,5.5,5.5,5.5,5.5,10000,0
PRC,07/05/2011,5.64,5.65,5.64,5.65,2000,0
PRC,07/06/2011,5.5,5.5,5.5,5.5,1400,0
PRC,07/07/2011,5.64,5.64,5.64,5.64,300,0
PRC,07/08/2011,5.3,5.3,5.0,5.3,17000,0
PRC,07/12/2011,5.5,5.5,5.5,5.5,3000,0
PRC,07/13/2011,5.3,5.3,5.3,5.3,3000,0
PRC,07/15/2011,5.64,5.65,5.64,5.65,1000,0
PRC,07/25/2011,5.65,5.65,5.65,5.65,1000,0
PRC,07/26/2011,5.65,5.65,5.65,5.65,35800,0
PRC,07/27/2011,5.3,5.3,5.3,5.3,500,0
PRC,08/09/2011,5.32,5.32,5.32,5.32,300,0
PRC,08/10/2011,5.35,5.35,5.35,5.35,3500,0
PRC,08/16/2011,5.5,5.5,5.5,5.5,1000,0
PRC,09/05/2011,5.31,5.31,5.3,5.3,2000,0
PRC,09/08/2011,5.3,5.3,5.02,5.02,161000,0
PRC,09/13/2011,5.06,5.06,5.06,5.06,16000,0
PRC,09/15/2011,5.1,5.1,5.08,5.08,10600,0
PRC,09/16/2011,5.15,5.15,5.15,5.15,100,0
PRC,09/19/2011,5.3,5.38,5.3,5.38,7000,0
PRC,09/20/2011,5.42,5.5,5.42,5.5,9000,0
PRC,09/30/2011,5.3,5.3,5.3,5.3,37800,0
PRC,10/07/2011,5.06,5.06,5.05,5.05,700,0
PRC,10/12/2011,5.05,5.05,5.05,5.05,200,0
PRC,10/18/2011,5.06,5.06,5.05,5.05,1100,0
PRC,10/19/2011,5.3,5.3,5.0,5.0,201100,0
PRC,10/20/2011,5.0,5.0,5.0,5.0,266900,0
PRC,11/08/2011,5.52,5.52,5.52,5.52,5900,0
PRC,11/09/2011,5.5,5.5,5.48,5.48,87000,0
PRC,11/10/2011,5.5,5.5,5.49,5.5,217900,0
PRC,11/14/2011,5.5,5.5,5.5,5.5,10000,0
PRC,11/16/2011,5.55,5.6,5.55,5.6,33100,0
PRC,11/17/2011,5.6,5.6,5.6,5.6,58200,0
PRC,11/18/2011,5.5,5.5,5.5,5.5,17800,0
PRC,11/23/2011,5.5,5.5,5.5,5.5,6300,0
PRC,11/24/2011,5.5,5.5,5.5,5.5,5000,0
PRC,11/25/2011,5.55,5.55,5.55,5.55,5000,0
PRC,11/28/2011,5.65,5.65,5.65,5.65,12500,0
PRC,11/29/2011,5.7,5.75,5.7,5.75,37800,0
PRC,12/01/2011,5.85,6.8,5.85,6.15,151900,0
PRC,12/02/2011,6.4,6.5,6.4,6.5,20900,0
PRC,12/05/2011,6.5,6.5,6.5,6.5,4900,0
PRC,12/06/2011,6.5,6.5,6.5,6.5,500,0
PRC,12/07/2011,6.5,6.5,6.45,6.45,5400,0
PRC,12/08/2011,6.8,6.8,6.8,6.8,100,0
PRC,12/09/2011,6.8,7.1,6.8,7.0,252100,0
PRC,12/12/2011,7.2,7.5,7.2,7.2,33200,0
PRC,12/13/2011,7.55,7.55,7.15,7.15,12500,0
PRC,12/14/2011,7.2,7.2,7.2,7.2,100,0
PRC,12/15/2011,7.2,7.2,6.0,6.97,61354000,0
PRC,12/16/2011,7.2,7.2,7.2,7.2,100000,0
PRC,12/21/2011,6.8,6.8,6.8,6.8,7000,0
PRC,12/23/2011,7.2,7.3,7.2,7.3,59000,0
PRC,12/28/2011,7.5,8.0,6.95,6.95,436000,0
PRC,12/29/2011,7.0,7.4,7.0,7.0,116000,0
PRC,01/02/2012,7.0,7.0,7.0,7.0,46800,0
PRC,01/03/2012,7.05,7.05,7.05,7.05,6000,0
PRC,01/05/2012,6.96,7.05,6.96,7.05,10500,0
PRC,01/09/2012,7.15,7.2,7.15,7.2,102100,0
PRC,01/11/2012,7.3,7.6,7.3,7.6,72300,0
PRC,01/12/2012,7.4,7.7,7.4,7.7,51000,0
PRC,01/13/2012,7.8,7.8,7.8,7.8,5000,0
PRC,01/16/2012,7.8,7.8,7.8,7.8,20000,0
PRC,01/17/2012,8.0,8.0,8.0,8.0,15000,0
PRC,01/18/2012,8.25,8.25,8.25,8.25,7000,0
PRC,01/19/2012,8.3,8.7,8.3,8.7,29300,0
PRC,01/20/2012,8.8,10.0,8.8,9.45,85711300,0
PRC,01/24/2012,9.45,9.45,8.81,8.82,47900,0
PRC,01/27/2012,8.55,8.55,8.55,8.55,100,0
PRC,01/30/2012,8.8,8.8,8.8,8.8,3500,0
PRC,01/31/2012,9.0,9.0,9.0,9.0,5000,0
PRC,02/01/2012,9.0,9.4,9.0,9.4,6400,0
PRC,02/02/2012,9.25,9.25,9.05,9.05,2200,0
PRC,02/06/2012,9.0,9.0,9.0,9.0,14600,0
PRC,02/07/2012,9.4,9.4,9.0,9.0,6600,0
