PRIM,05/24/2000,2.0,2.0,2.0,2.0,7000,0
PRIM,06/06/2000,0.5,0.61,0.5,0.61,1070000,0
PRIM,06/07/2000,1.2,4.1,1.2,2.9,212000,0
PRIM,06/08/2000,2.9,3.8,2.9,3.25,467000,0
PRIM,06/09/2000,2.55,2.8,2.55,2.55,421000,0
PRIM,06/13/2000,2.32,2.6,2.32,2.6,30000,0
PRIM,06/14/2000,2.5,2.5,2.5,2.5,3000,0
PRIM,06/15/2000,2.6,2.6,2.5,2.5,60000,0
PRIM,06/16/2000,2.6,2.6,2.6,2.6,5000,0
PRIM,06/21/2000,2.5,2.5,2.5,2.5,100000,0
PRIM,06/22/2000,2.5,2.5,2.5,2.5,20000,0
PRIM,06/27/2000,2.26,2.26,2.26,2.26,10000,0
PRIM,06/28/2000,2.28,2.28,2.28,2.28,3000,0
PRIM,06/29/2000,2.28,2.28,2.26,2.26,40000,0
PRIM,06/30/2000,2.22,2.22,2.22,2.22,43000,0
PRIM,07/11/2000,2.0,2.0,1.8,1.98,69000,0
PRIM,07/12/2000,2.0,2.04,2.0,2.04,46000,0
PRIM,07/13/2000,2.04,2.04,2.0,2.0,18000,0
PRIM,07/14/2000,2.0,2.0,2.0,2.0,2000,0
PRIM,07/19/2000,2.06,2.06,2.06,2.06,10000,0
PRIM,07/20/2000,2.04,2.04,1.98,2.0,27000,0
PRIM,07/21/2000,1.98,2.1,1.98,2.1,12000,0
PRIM,07/25/2000,2.1,2.1,2.1,2.1,1000,0
PRIM,07/27/2000,1.9,1.9,1.9,1.9,1000,0
PRIM,08/01/2000,1.92,1.92,1.9,1.9,9000,0
PRIM,08/02/2000,2.1,2.1,2.1,2.1,100000,0
PRIM,08/04/2000,1.8,2.1,1.8,2.1,3000,0
PRIM,08/10/2000,2.0,2.0,2.0,2.0,1000,0
PRIM,08/14/2000,2.0,2.0,2.0,2.0,30000,0
PRIM,08/15/2000,2.0,2.0,2.0,2.0,9000,0
PRIM,08/16/2000,2.14,2.14,2.14,2.14,3000,0
PRIM,08/18/2000,2.0,2.0,2.0,2.0,50000,0
PRIM,08/24/2000,2.0,2.0,2.0,2.0,11000,0
PRIM,08/25/2000,2.0,2.0,2.0,2.0,1000,0
PRIM,08/29/2000,2.1,2.1,2.1,2.1,2000,0
PRIM,08/30/2000,2.12,2.2,2.12,2.12,30000,0
PRIM,08/31/2000,2.12,2.12,2.12,2.12,3000,0
PRIM,09/04/2000,2.12,2.12,2.12,2.12,10000,0
PRIM,09/05/2000,2.16,2.16,2.14,2.14,15000,0
PRIM,09/07/2000,2.16,2.2,2.16,2.2,43000,0
PRIM,09/08/2000,2.16,2.16,2.16,2.16,17000,0
PRIM,09/11/2000,2.16,2.16,2.1,2.1,30000,0
PRIM,09/13/2000,2.04,2.06,2.02,2.02,120000,0
PRIM,09/14/2000,2.02,2.02,2.0,2.0,50000,0
PRIM,09/15/2000,2.0,2.0,1.98,1.98,57000,0
PRIM,11/07/2000,2.5,2.5,2.5,2.5,2000,0
PRIM,11/09/2000,2.0,2.0,1.8,1.8,11000,0
PRIM,11/10/2000,1.8,1.8,1.8,1.8,10000,0
PRIM,11/13/2000,1.5,1.5,1.5,1.5,5000,0
PRIM,11/16/2000,1.5,1.5,1.5,1.5,20000,0
PRIM,11/17/2000,1.5,1.5,1.5,1.5,5000,0
PRIM,11/21/2000,1.5,1.5,1.5,1.5,10000,0
PRIM,11/22/2000,1.5,1.5,1.5,1.5,20000,0
PRIM,11/24/2000,2.0,2.0,2.0,2.0,4000,0
PRIM,12/13/2000,2.48,2.48,2.48,2.48,5000,0
PRIM,12/18/2000,2.0,2.0,2.0,2.0,50000,0
PRIM,12/20/2000,2.0,2.0,2.0,2.0,10000,0
PRIM,12/21/2000,2.0,2.0,2.0,2.0,10000,0
PRIM,12/22/2000,2.0,2.0,2.0,2.0,40000,0
PRIM,01/04/2001,2.0,2.0,2.0,2.0,27000,0
PRIM,01/10/2001,2.0,2.0,2.0,2.0,10000,0
PRIM,01/22/2001,2.0,2.38,2.0,2.38,25000,0
PRIM,01/24/2001,2.1,2.1,2.1,2.1,5000,0
PRIM,01/26/2001,2.0,2.0,2.0,2.0,17000,0
PRIM,01/29/2001,2.0,2.0,2.0,2.0,2000,0
PRIM,01/30/2001,2.0,2.0,2.0,2.0,8000,0
PRIM,02/01/2001,2.0,2.0,2.0,2.0,20000,0
PRIM,02/02/2001,2.0,2.0,2.0,2.0,10000,0
PRIM,02/05/2001,2.0,2.0,2.0,2.0,20000,0
PRIM,02/08/2001,2.2,2.2,2.2,2.2,25000,0
PRIM,02/09/2001,2.1,2.1,2.1,2.1,2000,0
PRIM,02/13/2001,2.1,2.1,2.1,2.1,8000,0
PRIM,02/28/2001,2.1,2.1,2.1,2.1,20000,0
PRIM,03/06/2001,2.0,2.0,2.0,2.0,9000,0
PRIM,03/07/2001,2.1,2.1,2.1,2.1,6000,0
PRIM,03/08/2001,2.12,2.12,2.12,2.12,11000,0
PRIM,03/12/2001,2.14,2.14,2.14,2.14,1000,0
PRIM,03/13/2001,2.04,2.04,2.0,2.0,10000,0
PRIM,03/14/2001,2.04,2.04,2.04,2.04,16000,0
PRIM,03/15/2001,2.02,2.02,2.0,2.0,30000,0
PRIM,03/16/2001,2.0,2.0,2.0,2.0,3000,0
PRIM,03/19/2001,2.0,2.0,1.96,1.96,25000,0
PRIM,03/30/2001,2.0,2.0,2.0,2.0,23000,0
PRIM,05/16/2001,1.7,1.7,1.7,1.7,1000,0
PRIM,05/24/2001,2.0,2.0,2.0,2.0,7000,0
PRIM,06/01/2001,1.74,1.74,1.74,1.74,1000,0
PRIM,06/04/2001,2.2,2.2,2.2,2.2,12000,0
PRIM,06/06/2001,2.18,2.18,2.18,2.18,5000,0
PRIM,06/15/2001,1.7,1.7,1.7,1.7,4000,0
PRIM,06/22/2001,1.8,1.8,1.78,1.78,20000,0
PRIM,07/02/2001,1.78,1.78,1.78,1.78,5000,0
PRIM,07/03/2001,1.74,1.74,1.74,1.74,10000,0
PRIM,07/18/2001,1.7,1.7,1.7,1.7,20000,0
PRIM,07/19/2001,1.6,1.6,1.6,1.6,10000,0
PRIM,07/20/2001,1.6,1.6,1.6,1.6,4000,0
PRIM,07/23/2001,1.6,1.6,1.6,1.6,2000,0
PRIM,07/24/2001,1.62,1.62,1.62,1.62,5000,0
PRIM,07/25/2001,1.7,1.7,1.7,1.7,6000,0
PRIM,07/31/2001,1.8,1.8,1.8,1.8,10000,0
PRIM,08/01/2001,1.6,1.6,1.6,1.6,5000,0
PRIM,08/03/2001,1.6,1.6,1.6,1.6,5000,0
PRIM,08/06/2001,1.5,1.5,1.5,1.5,18000,0
PRIM,09/24/2001,1.0,1.0,1.0,1.0,6000,0
PRIM,10/04/2001,1.3,1.3,1.3,1.3,10000,0
PRIM,10/05/2001,1.28,1.28,1.28,1.28,10000,0
PRIM,10/17/2001,1.2,1.2,1.2,1.2,55000,0
PRIM,10/18/2001,1.18,1.18,1.16,1.16,22000,0
PRIM,10/23/2001,1.14,1.14,1.14,1.14,2000,0
PRIM,10/30/2001,1.14,1.14,1.14,1.14,2000,0
PRIM,11/06/2001,1.14,1.14,1.14,1.14,11000,0
PRIM,11/07/2001,1.14,1.14,1.14,1.14,6000,0
PRIM,11/12/2001,1.14,1.14,1.14,1.14,2000,0
PRIM,12/04/2001,1.12,1.12,1.12,1.12,9000,0
PRIM,01/11/2002,1.28,1.3,1.28,1.3,50000,0
PRIM,01/17/2002,1.3,1.3,1.3,1.3,50000,0
PRIM,01/18/2002,1.32,1.32,1.32,1.32,23000,0
PRIM,01/30/2002,1.32,1.32,1.32,1.32,4000,0
PRIM,01/31/2002,1.32,1.32,1.32,1.32,3000,0
PRIM,02/01/2002,1.32,1.32,1.32,1.32,4000,0
PRIM,02/06/2002,1.96,1.96,1.72,1.72,58000,0
PRIM,02/15/2002,1.72,1.72,1.72,1.72,6000,0
PRIM,02/18/2002,1.72,1.72,1.72,1.72,20000,0
PRIM,02/19/2002,1.74,1.74,1.72,1.72,40000,0
PRIM,02/20/2002,1.74,1.74,1.74,1.74,18000,0
PRIM,02/21/2002,1.74,1.74,1.74,1.74,3000,0
PRIM,02/22/2002,1.9,2.3,1.9,2.3,245000,0
PRIM,02/26/2002,2.5,2.9,2.5,2.6,503000,0
PRIM,02/27/2002,2.5,2.5,2.04,2.1,82000,0
PRIM,02/28/2002,2.1,2.2,2.0,2.0,42000,0
PRIM,03/01/2002,1.94,1.98,1.94,1.98,30000,0
PRIM,03/05/2002,1.98,2.02,1.98,2.02,10000,0
PRIM,03/07/2002,2.3,2.5,2.1,2.3,1423000,0
PRIM,03/08/2002,2.4,2.95,2.4,2.8,2079000,0
PRIM,03/11/2002,3.0,3.0,2.65,2.65,493000,0
PRIM,03/12/2002,2.65,2.65,2.48,2.5,299000,0
PRIM,03/13/2002,2.5,2.5,2.48,2.5,70000,0
PRIM,03/14/2002,2.5,2.5,2.34,2.34,41000,0
PRIM,03/15/2002,2.4,2.44,2.4,2.44,30000,0
PRIM,03/18/2002,2.48,2.55,2.48,2.48,58000,0
PRIM,03/19/2002,2.48,2.65,2.46,2.5,463000,0
PRIM,03/20/2002,2.5,2.5,2.4,2.4,255000,0
PRIM,03/21/2002,2.34,2.36,2.34,2.36,191000,0
PRIM,03/22/2002,2.36,2.4,2.36,2.4,240000,0
PRIM,03/25/2002,2.5,2.5,2.4,2.4,110000,0
PRIM,03/26/2002,2.36,2.38,2.36,2.38,48000,0
PRIM,03/27/2002,2.36,2.44,2.34,2.44,179000,0
PRIM,04/01/2002,2.4,2.4,2.4,2.4,8000,0
PRIM,04/02/2002,2.36,2.36,2.32,2.34,112000,0
PRIM,04/03/2002,2.28,2.3,2.28,2.28,70000,0
PRIM,04/04/2002,2.26,2.26,2.0,2.08,185000,0
PRIM,04/05/2002,2.08,2.1,2.06,2.06,50000,0
PRIM,04/09/2002,2.06,2.06,2.06,2.06,10000,0
PRIM,04/12/2002,1.8,1.8,1.8,1.8,2000,0
PRIM,04/16/2002,1.74,1.74,1.74,1.74,10000,0
PRIM,04/19/2002,1.74,1.74,1.74,1.74,30000,0
PRIM,04/22/2002,1.74,1.74,1.74,1.74,20000,0
PRIM,04/24/2002,1.72,1.78,1.72,1.74,99000,0
PRIM,04/26/2002,1.74,1.74,1.74,1.74,90000,0
PRIM,04/29/2002,1.6,1.6,1.6,1.6,15000,0
PRIM,05/03/2002,1.74,1.74,1.74,1.74,6000,0
PRIM,05/06/2002,1.76,1.78,1.76,1.78,54000,0
PRIM,05/07/2002,1.78,1.78,1.76,1.76,118000,0
PRIM,05/08/2002,1.74,1.74,1.74,1.74,40000,0
PRIM,05/09/2002,1.9,1.9,1.8,1.8,199000,0
PRIM,05/10/2002,1.8,2.14,1.8,2.06,1697000,0
PRIM,05/13/2002,2.2,2.2,2.04,2.04,512000,0
PRIM,05/14/2002,1.98,1.98,1.86,1.9,374000,0
PRIM,05/15/2002,1.86,1.86,1.8,1.82,217000,0
PRIM,05/16/2002,1.84,1.84,1.82,1.84,142000,0
PRIM,05/17/2002,1.82,1.82,1.78,1.78,158000,0
PRIM,05/22/2002,1.76,1.76,1.74,1.74,100000,0
PRIM,05/23/2002,1.76,1.76,1.74,1.74,51000,0
PRIM,05/24/2002,1.74,1.74,1.74,1.74,119000,0
PRIM,05/27/2002,1.74,1.84,1.74,1.84,359000,0
PRIM,05/28/2002,1.8,1.8,1.8,1.8,135000,0
PRIM,05/29/2002,1.78,1.78,1.78,1.78,20000,0
PRIM,05/30/2002,1.82,1.92,1.82,1.86,160000,0
PRIM,05/31/2002,1.86,1.86,1.86,1.86,25000,0
PRIM,06/03/2002,1.74,1.74,1.74,1.74,93000,0
PRIM,06/04/2002,1.76,1.76,1.76,1.76,10000,0
PRIM,06/05/2002,1.76,1.78,1.76,1.78,158000,0
PRIM,06/06/2002,1.8,1.8,1.8,1.8,70000,0
PRIM,06/07/2002,1.74,1.74,1.72,1.72,140000,0
PRIM,06/10/2002,1.72,1.72,1.68,1.68,52000,0
PRIM,06/11/2002,1.68,1.68,1.68,1.68,96000,0
PRIM,06/13/2002,1.68,1.68,1.68,1.68,10000,0
PRIM,06/14/2002,1.68,1.68,1.68,1.68,193000,0
PRIM,06/18/2002,1.68,1.7,1.68,1.7,60000,0
PRIM,06/19/2002,1.68,1.68,1.68,1.68,15000,0
PRIM,06/21/2002,1.66,1.66,1.66,1.66,87000,0
PRIM,06/24/2002,1.66,1.66,1.66,1.66,5000,0
PRIM,06/25/2002,1.66,1.66,1.64,1.66,30000,0
PRIM,06/26/2002,1.6,1.6,1.6,1.6,22000,0
PRIM,06/28/2002,1.6,1.6,1.6,1.6,60000,0
PRIM,07/03/2002,1.6,1.6,1.56,1.56,360000,0
PRIM,07/04/2002,1.54,1.54,1.34,1.34,51000,0
PRIM,07/05/2002,1.3,1.32,1.3,1.32,16000,0
PRIM,07/08/2002,1.36,1.36,1.32,1.36,16000,0
PRIM,07/10/2002,1.32,1.32,1.32,1.32,1000,0
PRIM,07/16/2002,1.34,1.34,1.26,1.26,76000,0
PRIM,07/17/2002,1.2,1.2,1.2,1.2,50000,0
PRIM,07/18/2002,1.14,1.14,1.14,1.14,1000,0
PRIM,07/31/2002,1.16,1.16,1.1,1.14,76000,0
PRIM,08/02/2002,1.08,1.08,1.08,1.08,3000,0
PRIM,08/07/2002,1.06,1.08,1.06,1.08,37000,0
PRIM,08/09/2002,1.1,1.1,1.1,1.1,120000,0
PRIM,08/14/2002,1.2,1.2,1.2,1.2,141000,0
PRIM,08/27/2002,1.22,1.24,1.22,1.24,40000,0
PRIM,08/28/2002,1.24,1.24,1.24,1.24,20000,0
PRIM,08/29/2002,1.24,1.24,1.2,1.2,34000,0
PRIM,09/06/2002,1.12,1.12,1.12,1.12,60000,0
PRIM,09/09/2002,1.14,1.16,1.14,1.16,21000,0
PRIM,09/10/2002,1.16,1.16,1.16,1.16,120000,0
PRIM,09/11/2002,1.16,1.2,1.16,1.2,90000,0
PRIM,09/16/2002,1.2,1.2,1.2,1.2,20000,0
PRIM,09/17/2002,1.2,1.2,1.2,1.2,24000,0
PRIM,09/18/2002,1.2,1.2,1.2,1.2,45000,0
PRIM,09/19/2002,1.18,1.18,1.18,1.18,20000,0
PRIM,09/20/2002,1.16,1.16,1.16,1.16,20000,0
PRIM,09/23/2002,1.16,1.32,1.16,1.28,311000,0
PRIM,09/24/2002,1.28,1.28,1.28,1.28,52000,0
PRIM,09/25/2002,1.26,1.26,1.2,1.2,131000,0
PRIM,09/26/2002,1.2,1.2,1.18,1.18,21000,0
PRIM,09/27/2002,1.2,1.4,1.2,1.38,775000,0
PRIM,09/30/2002,1.28,1.28,1.24,1.26,492000,0
PRIM,10/01/2002,1.26,1.26,1.26,1.26,160000,0
PRIM,10/02/2002,1.22,1.22,1.2,1.2,195000,0
PRIM,10/03/2002,1.18,1.18,1.04,1.1,384000,0
PRIM,10/04/2002,1.1,1.1,1.1,1.1,20000,0
PRIM,10/07/2002,1.06,1.06,1.0,1.0,195000,0
PRIM,10/08/2002,1.0,1.06,0.83,1.06,180000,0
PRIM,10/09/2002,1.0,1.0,1.0,1.0,38000,0
PRIM,10/10/2002,0.83,0.83,0.83,0.83,10000,0
PRIM,10/17/2002,1.0,1.0,1.0,1.0,20000,0
PRIM,10/18/2002,0.95,0.95,0.95,0.95,60000,0
PRIM,10/21/2002,0.71,0.71,0.71,0.71,10000,0
PRIM,10/23/2002,1.0,1.0,1.0,1.0,90000,0
PRIM,10/24/2002,0.95,0.95,0.85,0.91,280000,0
PRIM,10/25/2002,0.92,0.92,0.92,0.92,80000,0
PRIM,10/28/2002,0.91,0.91,0.91,0.91,40000,0
PRIM,10/29/2002,0.91,0.91,0.91,0.91,10000,0
PRIM,10/30/2002,0.81,0.81,0.81,0.81,10000,0
PRIM,11/05/2002,0.81,0.81,0.81,0.81,20000,0
PRIM,11/06/2002,0.81,0.81,0.81,0.81,20000,0
PRIM,11/13/2002,0.7,0.7,0.7,0.7,40000,0
PRIM,11/21/2002,0.72,0.72,0.72,0.72,20000,0
PRIM,11/28/2002,0.72,0.72,0.7,0.7,40000,0
PRIM,11/29/2002,0.51,0.51,0.51,0.51,100000,0
PRIM,12/02/2002,0.52,0.52,0.51,0.51,150000,0
PRIM,12/03/2002,0.5,0.5,0.5,0.5,10000,0
PRIM,12/04/2002,0.75,0.75,0.75,0.75,10000,0
PRIM,12/09/2002,0.74,0.74,0.65,0.65,40000,0
PRIM,12/10/2002,0.65,0.65,0.65,0.65,20000,0
PRIM,12/11/2002,0.62,0.68,0.62,0.68,20000,0
PRIM,12/13/2002,0.65,0.65,0.65,0.65,50000,0
PRIM,12/16/2002,0.6,0.6,0.6,0.6,50000,0
PRIM,12/17/2002,0.6,0.6,0.55,0.55,160000,0
PRIM,12/18/2002,0.5,0.55,0.5,0.55,30000,0
PRIM,12/20/2002,0.6,0.6,0.6,0.6,40000,0
PRIM,01/07/2003,0.7,0.7,0.7,0.7,10000,0
PRIM,01/09/2003,0.6,0.6,0.6,0.6,110000,0
PRIM,01/10/2003,0.6,0.6,0.6,0.6,20000,0
PRIM,01/14/2003,0.6,0.6,0.6,0.6,10000,0
PRIM,01/15/2003,0.6,0.6,0.6,0.6,40000,0
PRIM,01/16/2003,0.6,0.6,0.6,0.6,160000,0
PRIM,01/27/2003,0.6,0.6,0.58,0.58,120000,0
PRIM,01/29/2003,0.6,0.6,0.6,0.6,10000,0
PRIM,01/30/2003,0.6,0.6,0.6,0.6,10000,0
PRIM,02/05/2003,0.6,0.6,0.6,0.6,40000,0
PRIM,02/11/2003,0.6,0.6,0.6,0.6,100000,0
PRIM,03/04/2003,0.6,0.6,0.6,0.6,50000,0
PRIM,03/05/2003,0.6,0.6,0.6,0.6,100000,0
PRIM,03/06/2003,0.6,0.6,0.6,0.6,20000,0
PRIM,03/07/2003,0.6,0.6,0.6,0.6,60000,0
PRIM,03/11/2003,0.6,0.6,0.6,0.6,100000,0
PRIM,03/12/2003,0.6,0.6,0.6,0.6,60000,0
PRIM,03/13/2003,0.6,0.6,0.6,0.6,140000,0
PRIM,03/14/2003,0.6,0.6,0.6,0.6,100000,0
PRIM,04/11/2003,0.5,0.55,0.5,0.55,150000,0
PRIM,04/14/2003,0.55,0.6,0.55,0.6,170000,0
PRIM,04/22/2003,0.6,0.6,0.6,0.6,40000,0
PRIM,04/23/2003,0.57,0.57,0.56,0.56,40000,0
PRIM,05/07/2003,0.55,0.55,0.55,0.55,30000,0
PRIM,05/08/2003,0.55,0.55,0.55,0.55,60000,0
PRIM,05/13/2003,0.52,0.52,0.52,0.52,20000,0
PRIM,05/20/2003,0.6,0.6,0.6,0.6,40000,0
PRIM,06/16/2003,0.6,0.6,0.6,0.6,50000,0
PRIM,07/02/2003,0.5,0.5,0.48,0.5,150000,0
PRIM,07/07/2003,0.52,0.52,0.52,0.52,120000,0
PRIM,07/08/2003,0.6,0.6,0.6,0.6,10000,0
PRIM,07/09/2003,0.6,0.75,0.6,0.75,390000,0
PRIM,07/15/2003,0.6,0.6,0.6,0.6,50000,0
PRIM,07/16/2003,0.6,0.6,0.6,0.6,180000,0
PRIM,07/21/2003,0.7,0.7,0.7,0.7,20000,0
PRIM,07/23/2003,0.7,0.7,0.7,0.7,50000,0
PRIM,07/24/2003,0.7,0.7,0.7,0.7,50000,0
PRIM,07/28/2003,0.65,0.65,0.65,0.65,50000,0
PRIM,07/29/2003,0.65,0.65,0.65,0.65,90000,0
PRIM,08/21/2003,0.65,0.65,0.65,0.65,90000,0
PRIM,08/28/2003,0.65,0.65,0.65,0.65,50000,0
PRIM,08/29/2003,0.65,0.65,0.65,0.65,50000,0
PRIM,09/01/2003,0.6,0.6,0.6,0.6,10000,0
PRIM,09/02/2003,0.6,0.6,0.6,0.6,20000,0
PRIM,09/05/2003,0.62,0.62,0.62,0.62,20000,0
PRIM,09/09/2003,0.6,0.6,0.6,0.6,10000,0
PRIM,09/23/2003,0.6,0.6,0.6,0.6,30000,0
PRIM,10/02/2003,0.6,0.6,0.6,0.6,50000,0
PRIM,10/08/2003,0.6,0.6,0.6,0.6,10000,0
PRIM,11/03/2003,0.5,0.5,0.5,0.5,30000,0
PRIM,11/04/2003,0.5,0.5,0.5,0.5,10000,0
PRIM,11/05/2003,0.6,0.6,0.6,0.6,10000,0
PRIM,11/06/2003,0.6,0.6,0.6,0.6,10000,0
PRIM,11/17/2003,0.5,0.5,0.5,0.5,100000,0
PRIM,11/18/2003,0.5,0.5,0.5,0.5,10000,0
PRIM,11/19/2003,0.5,0.5,0.5,0.5,30000,0
PRIM,12/08/2003,0.6,0.6,0.6,0.6,150000,0
PRIM,12/11/2003,0.52,0.52,0.52,0.52,10000,0
PRIM,12/29/2003,0.5,0.5,0.5,0.5,10000,0
PRIM,12/30/2003,0.6,0.6,0.6,0.6,10000,0
PRIM,01/09/2004,0.5,0.6,0.5,0.6,20000,0
PRIM,01/15/2004,0.7,0.7,0.7,0.7,10000,0
PRIM,01/19/2004,0.8,0.9,0.8,0.9,40000,0
PRIM,01/20/2004,1.0,1.0,1.0,1.0,50000,0
PRIM,01/21/2004,1.0,1.1,1.0,1.1,150000,0
PRIM,01/22/2004,1.2,1.28,1.1,1.1,420000,0
PRIM,01/23/2004,1.12,1.26,1.12,1.2,591000,0
PRIM,01/26/2004,1.2,1.28,1.18,1.18,592000,0
PRIM,01/27/2004,1.24,1.26,1.2,1.26,391000,0
PRIM,01/28/2004,1.28,1.28,1.22,1.22,62000,0
PRIM,02/03/2004,1.1,1.1,1.1,1.1,2000,0
PRIM,02/04/2004,1.1,1.1,1.1,1.1,20000,0
PRIM,02/05/2004,1.1,1.1,1.1,1.1,8000,0
PRIM,02/11/2004,1.1,1.16,1.1,1.16,49000,0
PRIM,02/24/2004,1.16,1.16,1.16,1.16,51000,0
PRIM,02/27/2004,1.0,1.0,1.0,1.0,3000,0
PRIM,06/10/2004,0.6,0.6,0.6,0.6,40000,0
PRIM,06/14/2004,0.83,0.9,0.83,0.9,130000,0
PRIM,06/15/2004,1.0,1.02,0.92,1.0,180000,0
PRIM,06/18/2004,0.95,0.98,0.95,0.98,40000,0
PRIM,06/21/2004,0.98,1.1,0.98,1.04,450000,0
PRIM,06/22/2004,1.14,1.2,1.1,1.1,110000,0
PRIM,06/24/2004,1.08,1.12,1.08,1.12,91000,0
PRIM,06/25/2004,1.12,1.26,1.12,1.24,372000,0
PRIM,06/28/2004,1.3,1.42,1.3,1.4,441000,0
PRIM,06/29/2004,1.42,1.46,1.3,1.32,420000,0
PRIM,06/30/2004,1.3,1.3,1.22,1.26,104000,0
PRIM,07/01/2004,1.28,1.34,1.28,1.3,242000,0
PRIM,07/02/2004,1.36,1.36,1.3,1.3,151000,0
PRIM,07/05/2004,1.26,1.26,1.24,1.24,17000,0
PRIM,07/06/2004,1.28,1.28,1.28,1.28,20000,0
PRIM,07/07/2004,1.28,1.28,1.28,1.28,30000,0
PRIM,07/08/2004,1.2,1.24,1.2,1.2,6000,0
PRIM,07/09/2004,1.16,1.16,1.16,1.16,20000,0
PRIM,07/12/2004,1.14,1.14,1.14,1.14,50000,0
PRIM,07/13/2004,1.14,1.18,1.14,1.18,60000,0
PRIM,07/14/2004,1.18,1.18,1.14,1.14,81000,0
PRIM,07/15/2004,1.14,1.14,1.12,1.12,204000,0
PRIM,07/16/2004,1.04,1.12,1.04,1.1,116000,0
PRIM,07/19/2004,1.08,1.1,1.08,1.1,144000,0
PRIM,07/20/2004,1.08,1.08,1.02,1.02,46000,0
PRIM,07/23/2004,1.04,1.04,1.04,1.04,50000,0
PRIM,07/26/2004,1.04,1.04,1.04,1.04,20000,0
PRIM,07/27/2004,1.04,1.08,1.04,1.08,88000,0
PRIM,07/29/2004,1.08,1.1,1.08,1.1,82000,0
PRIM,08/02/2004,1.06,1.06,1.04,1.04,70000,0
PRIM,08/03/2004,1.04,1.04,1.04,1.04,47000,0
PRIM,08/06/2004,1.1,1.1,1.1,1.1,22000,0
PRIM,08/09/2004,1.04,1.04,1.04,1.04,60000,0
PRIM,08/10/2004,1.08,1.08,1.08,1.08,300000,0
PRIM,08/11/2004,1.08,1.1,1.08,1.08,50000,0
PRIM,08/12/2004,1.06,1.06,1.06,1.06,20000,0
PRIM,08/17/2004,1.04,1.04,1.04,1.04,50000,0
PRIM,08/18/2004,1.04,1.04,1.04,1.04,32000,0
PRIM,08/19/2004,1.02,1.02,1.02,1.02,75000,0
PRIM,08/20/2004,1.04,1.04,1.04,1.04,10000,0
PRIM,08/23/2004,1.02,1.04,1.02,1.02,284000,0
PRIM,08/25/2004,1.0,1.0,1.0,1.0,10000,0
PRIM,08/27/2004,1.0,1.0,1.0,1.0,20000,0
PRIM,08/31/2004,0.96,0.96,0.96,0.96,30000,0
PRIM,09/01/2004,1.04,1.06,1.04,1.06,20000,0
PRIM,09/02/2004,1.06,1.1,1.06,1.1,190000,0
PRIM,09/03/2004,1.1,1.1,1.04,1.04,70000,0
PRIM,09/07/2004,1.08,1.08,1.06,1.06,90000,0
PRIM,09/08/2004,1.1,1.12,1.1,1.12,20000,0
PRIM,09/09/2004,1.12,1.16,1.12,1.16,60000,0
PRIM,09/10/2004,1.12,1.12,1.12,1.12,100000,0
PRIM,09/16/2004,1.06,1.06,1.06,1.06,39000,0
PRIM,09/20/2004,1.06,1.06,1.06,1.06,15000,0
PRIM,09/21/2004,1.08,1.08,1.08,1.08,1000,0
PRIM,09/24/2004,1.06,1.08,1.06,1.08,150000,0
PRIM,09/30/2004,1.02,1.02,1.02,1.02,14000,0
PRIM,10/05/2004,1.0,1.0,1.0,1.0,5000,0
PRIM,10/08/2004,1.0,1.02,1.0,1.02,100000,0
PRIM,10/11/2004,1.04,1.06,1.04,1.04,238000,0
PRIM,10/12/2004,1.04,1.06,1.04,1.06,95000,0
PRIM,10/13/2004,1.04,1.04,1.04,1.04,10000,0
PRIM,10/14/2004,1.04,1.04,1.04,1.04,20000,0
PRIM,10/15/2004,1.02,1.02,1.02,1.02,30000,0
PRIM,10/19/2004,1.02,1.02,1.02,1.02,70000,0
PRIM,10/20/2004,1.0,1.04,1.0,1.02,27000,0
PRIM,10/22/2004,0.98,0.98,0.98,0.98,35000,0
PRIM,10/28/2004,0.95,0.95,0.95,0.95,10000,0
PRIM,11/03/2004,0.97,0.97,0.97,0.97,50000,0
PRIM,11/04/2004,0.96,0.96,0.96,0.96,10000,0
PRIM,11/05/2004,1.06,1.06,1.06,1.06,160000,0
PRIM,11/08/2004,1.06,1.06,1.06,1.06,13000,0
PRIM,11/09/2004,1.16,1.2,1.1,1.16,91000,0
PRIM,11/10/2004,1.2,1.2,1.2,1.2,120000,0
PRIM,11/12/2004,1.14,1.14,1.12,1.12,77000,0
PRIM,11/17/2004,1.12,1.12,1.12,1.12,19000,0
PRIM,11/18/2004,1.14,1.14,1.12,1.14,128000,0
PRIM,11/19/2004,1.14,1.14,1.14,1.14,30000,0
PRIM,11/23/2004,1.14,1.14,1.14,1.14,64000,0
PRIM,11/25/2004,1.14,1.14,1.14,1.14,42000,0
PRIM,12/09/2004,1.04,1.04,1.04,1.04,15000,0
PRIM,12/13/2004,1.04,1.04,1.04,1.04,11000,0
PRIM,12/16/2004,1.04,1.04,1.04,1.04,15000,0
PRIM,12/17/2004,1.04,1.04,1.04,1.04,1000,0
PRIM,12/21/2004,1.04,1.1,1.04,1.1,8000,0
PRIM,12/22/2004,1.08,1.1,1.08,1.1,25000,0
PRIM,01/05/2005,1.1,1.1,1.1,1.1,50000,0
PRIM,01/06/2005,1.1,1.1,1.1,1.1,150000,0
PRIM,01/11/2005,1.04,1.04,1.04,1.04,20000,0
PRIM,01/12/2005,1.04,1.04,1.04,1.04,1000,0
PRIM,01/14/2005,1.04,1.04,1.04,1.04,10000,0
PRIM,01/17/2005,1.08,1.08,1.08,1.08,80000,0
PRIM,01/18/2005,1.04,1.06,1.04,1.04,262000,0
PRIM,01/19/2005,1.08,1.08,1.08,1.08,16000,0
PRIM,01/20/2005,1.08,1.1,1.08,1.1,22000,0
PRIM,01/21/2005,1.1,1.1,1.08,1.08,110000,0
PRIM,01/24/2005,1.04,1.06,1.04,1.04,62000,0
PRIM,01/25/2005,1.1,1.18,1.1,1.18,115000,0
PRIM,01/26/2005,1.2,1.32,1.2,1.32,80000,0
PRIM,01/27/2005,1.32,1.32,1.22,1.22,80000,0
PRIM,01/28/2005,1.2,1.26,1.2,1.26,221000,0
PRIM,01/31/2005,1.24,1.24,1.24,1.24,20000,0
PRIM,02/01/2005,1.22,1.26,1.22,1.26,86000,0
PRIM,02/02/2005,1.24,1.3,1.22,1.28,245000,0
PRIM,02/03/2005,1.28,1.28,1.26,1.26,57000,0
PRIM,02/04/2005,1.26,1.26,1.2,1.2,60000,0
PRIM,02/07/2005,1.16,1.16,1.16,1.16,56000,0
PRIM,02/10/2005,1.2,1.2,1.2,1.2,5000,0
PRIM,02/15/2005,1.2,1.3,1.2,1.3,114000,0
PRIM,02/16/2005,1.6,1.62,1.32,1.32,150000,0
PRIM,02/18/2005,1.24,1.32,1.24,1.32,86000,0
PRIM,02/21/2005,1.32,1.32,1.3,1.3,116000,0
PRIM,02/22/2005,1.3,1.3,1.26,1.26,84000,0
PRIM,03/01/2005,1.22,1.22,1.22,1.22,7000,0
PRIM,03/02/2005,1.24,1.28,1.24,1.28,55000,0
PRIM,03/03/2005,1.3,1.3,1.28,1.28,22000,0
PRIM,03/07/2005,1.34,1.46,1.34,1.46,563000,0
PRIM,03/10/2005,1.5,1.5,1.46,1.5,132000,0
PRIM,03/11/2005,1.5,1.56,1.5,1.52,105000,0
PRIM,03/17/2005,1.5,1.5,1.48,1.48,55000,0
PRIM,03/18/2005,1.4,1.4,1.4,1.4,20000,0
PRIM,04/04/2005,1.3,1.3,1.3,1.3,10000,0
PRIM,04/07/2005,1.2,1.2,1.2,1.2,20000,0
PRIM,04/12/2005,1.2,1.2,1.2,1.2,5000,0
PRIM,04/13/2005,1.3,1.3,1.3,1.3,5000,0
PRIM,04/15/2005,1.26,1.26,1.26,1.26,100000,0
PRIM,04/21/2005,1.2,1.2,1.2,1.2,20000,0
PRIM,05/06/2005,1.2,1.2,1.2,1.2,20000,0
PRIM,05/09/2005,1.2,1.2,1.2,1.2,2000,0
PRIM,05/10/2005,1.2,1.2,1.2,1.2,50000,0
PRIM,05/20/2005,1.0,1.1,1.0,1.0,62000,0
PRIM,05/23/2005,1.0,1.0,1.0,1.0,30000,0
PRIM,07/27/2005,1.0,1.0,1.0,1.0,50000,0
PRIM,07/29/2005,1.1,1.1,1.1,1.1,20000,0
PRIM,08/02/2005,1.1,1.1,1.1,1.1,2000,0
PRIM,08/03/2005,1.1,1.1,1.1,1.1,20000,0
PRIM,08/08/2005,1.08,1.08,1.06,1.06,33000,0
PRIM,08/10/2005,1.08,1.08,1.08,1.08,22000,0
PRIM,08/11/2005,1.08,1.08,1.02,1.02,10000,0
PRIM,08/12/2005,1.02,1.02,1.02,1.02,20000,0
PRIM,08/16/2005,1.02,1.02,1.02,1.02,15000,0
PRIM,08/18/2005,1.02,1.02,1.0,1.0,20000,0
PRIM,08/30/2005,1.08,1.1,1.0,1.0,120000,0
PRIM,09/01/2005,1.0,1.0,1.0,1.0,960000,0
PRIM,09/02/2005,1.0,1.06,1.0,1.06,50000,0
PRIM,09/12/2005,0.92,0.93,0.92,0.93,46000,0
PRIM,09/13/2005,1.0,1.0,1.0,1.0,30000,0
PRIM,09/16/2005,0.96,0.96,0.96,0.96,10000,0
PRIM,09/19/2005,1.0,1.0,1.0,1.0,10000,0
PRIM,09/20/2005,1.0,1.0,1.0,1.0,20000,0
PRIM,09/21/2005,1.0,1.0,1.0,1.0,30000,0
PRIM,09/23/2005,1.06,1.12,1.02,1.1,360000,0
PRIM,09/26/2005,1.06,1.1,1.04,1.1,105000,0
PRIM,09/27/2005,1.1,1.1,1.1,1.1,100000,0
PRIM,09/28/2005,1.1,1.1,1.1,1.1,50000,0
PRIM,10/04/2005,1.08,1.1,1.08,1.1,40000,0
PRIM,10/05/2005,1.04,1.04,1.04,1.04,20000,0
PRIM,10/07/2005,1.0,1.16,1.0,1.16,427000,0
PRIM,10/11/2005,1.1,1.1,1.1,1.1,60000,0
PRIM,10/13/2005,1.1,1.18,1.1,1.18,254000,0
PRIM,10/14/2005,1.2,1.28,1.2,1.26,156000,0
PRIM,10/17/2005,1.22,1.22,1.2,1.2,120000,0
PRIM,10/18/2005,1.1,1.1,1.1,1.1,70000,0
PRIM,10/19/2005,1.1,1.1,1.1,1.1,70000,0
PRIM,11/16/2005,1.02,1.02,1.02,1.02,52000,0
PRIM,11/18/2005,1.02,1.02,1.02,1.02,6000,0
PRIM,11/29/2005,1.06,1.1,1.06,1.1,212000,0
PRIM,12/02/2005,1.1,1.1,1.0,1.0,122000,0
PRIM,12/05/2005,1.2,1.2,1.16,1.16,70000,0
PRIM,12/08/2005,1.08,1.08,1.08,1.08,14000,0
PRIM,01/05/2006,1.06,1.06,1.06,1.06,9000,0
PRIM,01/06/2006,1.08,1.08,1.08,1.08,10000,0
PRIM,01/09/2006,1.0,1.1,1.0,1.1,5000,0
PRIM,01/10/2006,1.1,1.1,1.1,1.1,15000,0
PRIM,01/13/2006,1.04,1.1,1.04,1.1,27000,0
PRIM,01/17/2006,1.1,1.14,1.1,1.12,135000,0
PRIM,01/18/2006,1.14,1.16,1.14,1.16,25000,0
PRIM,01/26/2006,1.1,1.18,1.1,1.16,305000,0
PRIM,01/27/2006,1.18,1.18,1.18,1.18,23000,0
PRIM,02/10/2006,1.12,1.12,1.12,1.12,5000,0
PRIM,02/13/2006,1.06,1.12,1.06,1.12,16000,0
PRIM,02/17/2006,1.1,1.1,1.1,1.1,47000,0
PRIM,02/20/2006,1.06,1.06,1.06,1.06,20000,0
PRIM,02/22/2006,1.06,1.06,1.02,1.06,100000,0
PRIM,02/23/2006,1.08,1.08,1.06,1.06,45000,0
PRIM,02/24/2006,1.04,1.04,0.95,0.95,6000,0
PRIM,03/03/2006,1.0,1.0,1.0,1.0,10000,0
PRIM,03/06/2006,1.06,1.06,1.06,1.06,10000,0
PRIM,03/08/2006,1.0,1.0,1.0,1.0,10000,0
PRIM,03/09/2006,1.0,1.0,1.0,1.0,10000,0
PRIM,03/14/2006,1.0,1.0,0.87,0.87,30000,0
PRIM,03/22/2006,0.9,0.92,0.9,0.92,70000,0
PRIM,03/23/2006,0.92,0.92,0.89,0.89,100000,0
PRIM,03/28/2006,0.93,0.93,0.93,0.93,50000,0
PRIM,03/29/2006,0.92,0.92,0.92,0.92,10000,0
PRIM,03/30/2006,0.95,0.95,0.95,0.95,20000,0
PRIM,04/06/2006,1.0,1.02,1.0,1.02,80000,0
PRIM,04/07/2006,1.02,1.04,1.02,1.04,65000,0
PRIM,04/10/2006,1.02,1.02,1.02,1.02,2000,0
PRIM,04/18/2006,1.02,1.02,1.02,1.02,1000,0
PRIM,04/19/2006,1.04,1.08,1.04,1.08,25000,0
PRIM,04/20/2006,1.1,1.1,1.1,1.1,40000,0
PRIM,04/21/2006,1.1,1.1,1.1,1.1,55000,0
PRIM,04/25/2006,1.14,1.2,1.14,1.2,11000,0
PRIM,05/10/2006,1.12,1.12,1.12,1.12,113000,0
PRIM,05/11/2006,1.12,1.12,1.12,1.12,5000,0
PRIM,05/12/2006,1.14,1.14,1.14,1.14,34000,0
PRIM,05/15/2006,1.14,1.14,1.14,1.14,120000,0
PRIM,05/19/2006,1.0,1.0,1.0,1.0,6000,0
PRIM,05/31/2006,1.04,1.04,1.04,1.04,10000,0
PRIM,06/01/2006,1.04,1.06,1.04,1.06,20000,0
PRIM,06/29/2006,1.0,1.0,1.0,1.0,59000,0
PRIM,07/06/2006,0.92,0.92,0.92,0.92,40000,0
PRIM,07/13/2006,0.92,0.92,0.92,0.92,10000,0
PRIM,07/17/2006,0.9,0.9,0.9,0.9,10000,0
PRIM,07/19/2006,0.88,0.88,0.88,0.88,40000,0
PRIM,07/20/2006,0.88,0.88,0.88,0.88,50000,0
PRIM,07/21/2006,0.85,0.85,0.85,0.85,50000,0
PRIM,07/31/2006,0.86,0.86,0.86,0.86,20000,0
PRIM,08/08/2006,0.86,0.86,0.86,0.86,40000,0
PRIM,09/04/2006,0.86,0.86,0.86,0.86,50000,0
PRIM,09/05/2006,0.8,0.85,0.8,0.85,230000,0
PRIM,09/06/2006,0.85,0.85,0.85,0.85,40000,0
PRIM,09/12/2006,0.8,0.8,0.8,0.8,10000,0
PRIM,09/21/2006,0.81,0.81,0.81,0.81,30000,0
PRIM,09/22/2006,0.82,0.82,0.82,0.82,10000,0
PRIM,09/26/2006,0.83,0.83,0.83,0.83,20000,0
PRIM,10/02/2006,0.83,0.83,0.83,0.83,40000,0
PRIM,10/04/2006,0.83,0.83,0.83,0.83,20000,0
PRIM,10/12/2006,0.83,0.83,0.83,0.83,120000,0
PRIM,10/19/2006,0.84,0.84,0.84,0.84,10000,0
PRIM,10/20/2006,0.88,0.92,0.88,0.92,210000,0
PRIM,10/27/2006,0.92,0.95,0.92,0.95,30000,0
PRIM,11/09/2006,0.95,0.95,0.95,0.95,50000,0
PRIM,11/20/2006,0.93,0.93,0.93,0.93,20000,0
PRIM,11/21/2006,0.9,0.9,0.9,0.9,20000,0
PRIM,11/27/2006,1.02,1.18,1.0,1.18,770000,0
PRIM,11/28/2006,1.2,1.26,1.04,1.04,770000,0
PRIM,11/30/2006,0.93,0.94,0.93,0.94,38000,0
PRIM,12/06/2006,0.94,0.94,0.94,0.94,70000,0
PRIM,12/18/2006,0.96,0.96,0.96,0.96,10000,0
PRIM,12/22/2006,0.95,0.95,0.95,0.95,60000,0
PRIM,12/29/2006,0.95,0.95,0.95,0.95,20000,0
PRIM,01/08/2007,0.96,0.96,0.96,0.96,10000,0
PRIM,01/09/2007,0.98,0.98,0.98,0.98,40000,0
PRIM,01/10/2007,1.02,1.04,1.02,1.04,220000,0
PRIM,01/11/2007,1.0,1.0,1.0,1.0,20000,0
PRIM,01/12/2007,1.0,1.0,1.0,1.0,10000,0
PRIM,01/18/2007,1.0,1.0,1.0,1.0,50000,0
PRIM,01/19/2007,1.0,1.0,1.0,1.0,50000,0
PRIM,01/24/2007,1.0,1.0,1.0,1.0,10000,0
PRIM,01/29/2007,1.04,1.08,1.02,1.02,290000,0
PRIM,01/30/2007,0.97,0.97,0.97,0.97,8000,0
PRIM,01/31/2007,0.97,0.97,0.97,0.97,10000,0
PRIM,02/01/2007,0.97,0.97,0.97,0.97,60000,0
PRIM,02/08/2007,0.96,0.96,0.96,0.96,40000,0
PRIM,02/12/2007,0.97,0.97,0.97,0.97,20000,0
PRIM,02/13/2007,0.97,1.0,0.97,1.0,80000,0
PRIM,02/19/2007,1.0,1.14,1.0,1.08,330000,0
PRIM,02/20/2007,1.08,1.08,1.08,1.08,90000,0
PRIM,02/26/2007,0.97,0.97,0.97,0.97,50000,0
PRIM,02/27/2007,1.0,1.0,1.0,1.0,90000,0
PRIM,03/01/2007,0.94,0.94,0.94,0.94,10000,0
PRIM,03/02/2007,0.94,0.94,0.94,0.94,50000,0
PRIM,03/07/2007,0.95,0.95,0.95,0.95,100000,0
PRIM,03/15/2007,0.93,0.93,0.93,0.93,30000,0
PRIM,03/28/2007,0.93,0.93,0.93,0.93,50000,0
PRIM,03/30/2007,0.93,0.93,0.93,0.93,100000,0
PRIM,04/02/2007,0.93,0.93,0.93,0.93,50000,0
PRIM,04/13/2007,0.94,0.94,0.94,0.94,80000,0
PRIM,04/24/2007,0.97,0.97,0.97,0.97,80000,0
PRIM,05/08/2007,0.97,0.97,0.97,0.97,10000,0
PRIM,05/09/2007,0.97,0.97,0.97,0.97,20000,0
PRIM,05/10/2007,0.97,0.97,0.97,0.97,10000,0
PRIM,05/18/2007,0.9,0.9,0.9,0.9,80000,0
PRIM,05/23/2007,0.93,0.93,0.93,0.93,10000,0
PRIM,05/25/2007,1.04,1.04,1.04,1.04,30000,0
PRIM,05/30/2007,0.94,0.94,0.94,0.94,49000,0
PRIM,05/31/2007,0.94,0.94,0.94,0.94,60000,0
PRIM,06/01/2007,0.94,0.94,0.94,0.94,50000,0
PRIM,06/05/2007,0.96,0.96,0.96,0.96,50000,0
PRIM,06/06/2007,1.0,1.14,1.0,1.08,370000,0
PRIM,06/13/2007,1.0,1.0,0.95,0.95,12000,0
PRIM,06/14/2007,1.0,1.12,1.0,1.08,140000,0
PRIM,06/15/2007,1.08,1.54,1.08,1.26,1846000,0
PRIM,06/18/2007,1.26,1.28,1.16,1.28,204000,0
PRIM,06/19/2007,1.24,1.26,1.16,1.2,243000,0
PRIM,06/20/2007,1.2,1.22,1.2,1.22,253000,0
PRIM,06/22/2007,1.12,1.12,1.12,1.12,10000,0
PRIM,06/25/2007,1.16,1.16,1.14,1.16,272000,0
PRIM,06/26/2007,1.14,1.14,1.14,1.14,49000,0
PRIM,06/27/2007,1.12,1.12,1.08,1.1,289000,0
PRIM,06/28/2007,1.02,1.02,1.02,1.02,100000,0
PRIM,06/29/2007,1.02,1.02,1.0,1.02,208000,0
PRIM,07/02/2007,1.0,1.0,0.9,0.9,155000,0
PRIM,07/04/2007,0.95,0.95,0.95,0.95,50000,0
PRIM,07/09/2007,0.97,0.97,0.97,0.97,100000,0
PRIM,07/13/2007,0.97,0.97,0.97,0.97,20000,0
PRIM,07/19/2007,0.94,0.94,0.94,0.94,50000,0
PRIM,07/23/2007,0.94,0.94,0.94,0.94,50000,0
PRIM,07/24/2007,0.94,0.94,0.94,0.94,50000,0
PRIM,07/25/2007,0.94,0.94,0.94,0.94,30000,0
PRIM,08/03/2007,0.9,0.9,0.9,0.9,50000,0
PRIM,08/10/2007,0.78,0.78,0.78,0.78,10000,0
PRIM,08/24/2007,0.85,0.85,0.85,0.85,70000,0
PRIM,08/30/2007,0.85,0.9,0.85,0.85,100000,0
PRIM,08/31/2007,0.85,0.94,0.85,0.94,190000,0
PRIM,09/04/2007,0.77,0.8,0.77,0.8,150000,0
PRIM,09/05/2007,0.77,0.77,0.76,0.76,320000,0
PRIM,09/07/2007,0.8,0.8,0.8,0.8,100000,0
PRIM,09/12/2007,0.76,0.76,0.76,0.76,100000,0
PRIM,09/18/2007,0.75,0.75,0.75,0.75,50000,0
PRIM,09/19/2007,0.75,0.75,0.75,0.75,50000,0
PRIM,09/24/2007,0.74,0.74,0.72,0.74,800000,0
PRIM,09/25/2007,0.74,0.75,0.74,0.75,100000,0
PRIM,09/26/2007,0.75,0.9,0.75,0.9,2550000,0
PRIM,09/27/2007,0.98,0.98,0.87,0.9,840000,0
PRIM,09/28/2007,0.89,0.89,0.8,0.85,340000,0
PRIM,10/02/2007,0.79,0.8,0.79,0.8,290000,0
PRIM,10/03/2007,0.79,0.79,0.78,0.78,130000,0
PRIM,10/09/2007,0.77,0.77,0.77,0.77,100000,0
PRIM,10/11/2007,0.75,0.77,0.75,0.77,350000,0
PRIM,10/16/2007,0.75,0.75,0.75,0.75,120000,0
PRIM,10/17/2007,0.75,0.75,0.75,0.75,50000,0
PRIM,10/19/2007,0.75,0.75,0.75,0.75,200000,0
PRIM,10/26/2007,0.75,0.75,0.75,0.75,100000,0
PRIM,11/20/2007,0.65,0.65,0.65,0.65,50000,0
PRIM,12/10/2007,0.63,0.63,0.63,0.63,30000,0
PRIM,12/13/2007,0.62,0.62,0.62,0.62,70000,0
PRIM,12/14/2007,0.65,0.65,0.65,0.65,230000,0
PRIM,12/17/2007,0.65,0.65,0.65,0.65,20000,0
PRIM,12/27/2007,0.65,0.65,0.65,0.65,50000,0
PRIM,12/28/2007,0.65,0.65,0.65,0.65,130000,0
PRIM,01/03/2008,0.65,0.65,0.65,0.65,10000,0
PRIM,01/04/2008,0.65,0.65,0.65,0.65,50000,0
PRIM,01/09/2008,0.7,0.7,0.65,0.65,60000,0
PRIM,01/10/2008,0.65,0.65,0.65,0.65,100000,0
PRIM,01/14/2008,0.65,0.65,0.6,0.6,60000,0
PRIM,01/15/2008,0.65,0.68,0.65,0.68,40000,0
PRIM,01/16/2008,0.61,0.61,0.6,0.6,310000,0
PRIM,01/18/2008,0.56,0.56,0.55,0.55,140000,0
PRIM,01/22/2008,0.5,0.5,0.5,0.5,60000,0
PRIM,01/28/2008,0.5,0.5,0.5,0.5,30000,0
PRIM,01/29/2008,0.5,0.5,0.5,0.5,130000,0
PRIM,01/31/2008,0.5,0.5,0.5,0.5,100000,0
PRIM,02/19/2008,0.5,0.5,0.5,0.5,30000,0
PRIM,02/20/2008,0.5,0.5,0.5,0.5,20000,0
PRIM,03/05/2008,0.5,0.5,0.5,0.5,50000,0
PRIM,03/12/2008,0.45,0.45,0.45,0.45,50000,0
PRIM,04/24/2008,0.45,0.45,0.45,0.45,20000,0
PRIM,06/17/2008,0.3,0.3,0.3,0.3,10000,0
PRIM,06/24/2008,0.3,0.3,0.3,0.3,50000,0
PRIM,07/22/2008,0.31,0.31,0.31,0.31,10000,0
PRIM,07/25/2008,0.35,0.35,0.35,0.35,10000,0
PRIM,07/29/2008,0.44,0.44,0.44,0.44,10000,0
PRIM,07/30/2008,0.45,0.59,0.45,0.59,70000,0
PRIM,07/31/2008,0.59,0.78,0.59,0.78,120000,0
PRIM,09/18/2008,0.47,0.47,0.47,0.47,20000,0
PRIM,10/17/2008,0.3,0.3,0.3,0.3,30000,0
PRIM,01/22/2009,0.31,0.31,0.31,0.31,10000,0
PRIM,01/23/2009,0.31,0.33,0.31,0.33,200000,0
PRIM,01/28/2009,0.36,0.36,0.36,0.36,10000,0
PRIM,01/29/2009,0.3,0.3,0.3,0.3,20000,0
PRIM,03/24/2009,0.33,0.33,0.33,0.33,10000,0
PRIM,04/16/2009,0.2,0.2,0.2,0.2,10000,0
PRIM,06/01/2009,0.28,0.28,0.28,0.28,10000,0
PRIM,06/05/2009,0.28,0.28,0.28,0.28,20000,0
PRIM,06/09/2009,0.28,0.28,0.28,0.28,20000,0
PRIM,07/01/2009,0.34,0.34,0.34,0.34,70000,0
PRIM,07/02/2009,0.36,0.48,0.36,0.48,90000,0
PRIM,07/06/2009,0.36,0.36,0.36,0.36,150000,0
PRIM,07/08/2009,0.45,0.54,0.45,0.54,120000,0
PRIM,07/09/2009,0.75,0.81,0.75,0.81,530000,0
PRIM,07/10/2009,1.0,1.04,0.86,0.86,1390000,0
PRIM,07/13/2009,0.81,0.81,0.81,0.81,120000,0
PRIM,07/14/2009,0.78,0.78,0.75,0.76,330000,0
PRIM,07/15/2009,0.85,0.85,0.85,0.85,10000,0
PRIM,07/21/2009,0.7,0.7,0.7,0.7,140000,0
PRIM,07/22/2009,0.71,0.71,0.7,0.7,80000,0
PRIM,07/23/2009,0.71,0.71,0.71,0.71,10000,0
PRIM,07/24/2009,0.71,0.71,0.71,0.71,40000,0
PRIM,07/27/2009,0.99,0.99,0.99,0.99,50000,0
PRIM,07/30/2009,0.8,0.8,0.8,0.8,280000,0
PRIM,07/31/2009,0.8,0.8,0.8,0.8,210000,0
PRIM,08/03/2009,0.8,0.8,0.8,0.8,10000,0
PRIM,08/07/2009,0.72,0.78,0.72,0.78,70000,0
PRIM,08/10/2009,0.7,0.7,0.7,0.7,20000,0
PRIM,08/11/2009,0.71,0.71,0.7,0.7,140000,0
PRIM,08/12/2009,0.69,0.69,0.69,0.69,150000,0
PRIM,08/13/2009,0.62,0.62,0.62,0.62,40000,0
PRIM,08/17/2009,0.62,0.71,0.62,0.71,170000,0
PRIM,08/18/2009,0.75,0.75,0.75,0.75,10000,0
PRIM,09/01/2009,0.74,0.74,0.74,0.74,100000,0
PRIM,09/02/2009,0.7,0.7,0.7,0.7,40000,0
PRIM,09/08/2009,0.7,0.7,0.7,0.7,100000,0
PRIM,09/10/2009,0.63,0.7,0.63,0.7,130000,0
PRIM,09/11/2009,0.65,0.65,0.65,0.65,10000,0
PRIM,09/18/2009,0.68,0.68,0.66,0.66,20000,0
PRIM,09/22/2009,0.65,0.65,0.64,0.64,30000,0
PRIM,09/25/2009,0.65,0.65,0.65,0.65,150000,0
PRIM,09/29/2009,0.62,0.63,0.6,0.6,850000,0
PRIM,10/08/2009,0.62,0.68,0.62,0.68,60000,0
PRIM,10/09/2009,0.65,0.65,0.64,0.64,200000,0
PRIM,10/12/2009,0.64,0.64,0.64,0.64,20000,0
PRIM,10/13/2009,0.65,0.65,0.65,0.65,10000,0
PRIM,10/15/2009,0.75,0.8,0.7,0.72,610000,0
PRIM,10/16/2009,0.73,0.84,0.72,0.81,1010000,0
PRIM,10/20/2009,0.79,0.85,0.79,0.8,250000,0
PRIM,10/21/2009,0.79,0.8,0.79,0.79,60000,0
PRIM,10/22/2009,0.88,1.18,0.82,1.18,7070000,0
PRIM,10/23/2009,1.28,1.76,1.2,1.76,17990000,0
PRIM,10/26/2009,2.5,2.6,2.44,2.6,5492000,0
PRIM,10/27/2009,3.4,3.9,2.9,3.0,18454000,0
PRIM,10/28/2009,2.95,2.95,2.3,2.46,7492000,0
PRIM,10/29/2009,2.3,2.44,2.24,2.26,5593000,0
PRIM,10/30/2009,2.4,2.4,2.16,2.16,1690000,0
PRIM,11/03/2009,2.12,2.12,1.8,1.9,6235000,0
PRIM,11/04/2009,1.98,2.65,1.98,2.55,10969000,0
PRIM,11/05/2009,2.75,2.8,2.38,2.5,7115000,0
PRIM,11/06/2009,2.46,2.5,2.32,2.38,976000,0
PRIM,11/09/2009,2.38,2.4,2.22,2.36,987000,0
PRIM,11/10/2009,2.38,2.38,2.3,2.3,455000,0
PRIM,11/11/2009,2.36,2.38,2.16,2.22,723000,0
PRIM,11/12/2009,2.28,2.34,2.24,2.34,601000,0
PRIM,11/13/2009,2.34,2.6,2.26,2.36,1751000,0
PRIM,11/16/2009,2.36,2.44,2.36,2.42,151000,0
PRIM,11/17/2009,2.42,2.42,2.28,2.28,368000,0
PRIM,11/18/2009,2.38,2.38,2.14,2.16,703000,0
PRIM,11/19/2009,2.2,2.2,1.96,1.96,1844000,0
PRIM,11/20/2009,2.06,2.08,1.98,2.04,575000,0
PRIM,11/23/2009,1.98,2.1,1.94,1.96,471000,0
PRIM,11/24/2009,2.0,2.06,1.96,2.0,201000,0
PRIM,11/25/2009,2.0,2.0,1.98,1.98,65000,0
PRIM,11/26/2009,1.94,1.94,1.94,1.94,212000,0
PRIM,11/27/2009,1.9,1.9,1.88,1.9,212000,0
PRIM,12/01/2009,1.88,1.9,1.86,1.9,268000,0
PRIM,12/02/2009,1.86,1.86,1.86,1.86,138000,0
PRIM,12/03/2009,1.84,1.86,1.84,1.86,76000,0
PRIM,12/04/2009,1.84,1.84,1.84,1.84,11000,0
PRIM,12/07/2009,1.82,1.9,1.8,1.9,42000,0
PRIM,12/08/2009,1.8,1.8,1.76,1.76,165000,0
PRIM,12/09/2009,1.74,1.74,1.64,1.64,230000,0
PRIM,12/10/2009,1.68,1.68,1.62,1.62,231000,0
PRIM,12/11/2009,1.6,1.62,1.58,1.62,38000,0
PRIM,12/14/2009,1.6,1.6,1.6,1.6,148000,0
PRIM,12/15/2009,1.6,1.62,1.56,1.58,164000,0
PRIM,12/16/2009,1.58,1.58,1.54,1.54,22000,0
PRIM,12/17/2009,1.54,1.54,1.48,1.48,182000,0
PRIM,12/18/2009,1.44,1.44,1.4,1.4,33000,0
PRIM,12/21/2009,1.42,1.42,1.4,1.4,10000,0
PRIM,12/22/2009,1.4,1.4,1.4,1.4,88000,0
PRIM,12/23/2009,1.38,1.48,1.38,1.38,23000,0
PRIM,12/28/2009,1.38,1.38,1.36,1.36,22000,0
PRIM,12/29/2009,1.36,1.5,1.34,1.5,14000,0
PRIM,01/04/2010,1.48,1.48,1.46,1.48,79000,0
PRIM,01/05/2010,1.7,1.7,1.7,1.7,1000,0
PRIM,01/06/2010,1.68,1.68,1.68,1.68,100000,0
PRIM,01/07/2010,1.7,2.2,1.7,2.2,333000,0
PRIM,01/08/2010,2.2,2.2,2.06,2.06,216000,0
PRIM,01/11/2010,2.0,2.0,1.88,2.0,122000,0
PRIM,01/12/2010,1.86,1.9,1.82,1.9,83000,0
PRIM,01/13/2010,1.8,2.04,1.8,1.94,112000,0
PRIM,01/14/2010,1.9,1.9,1.9,1.9,30000,0
PRIM,01/15/2010,1.9,1.9,1.84,1.84,3000,0
PRIM,01/18/2010,1.86,1.94,1.86,1.94,42000,0
PRIM,01/19/2010,1.9,1.9,1.84,1.88,38000,0
PRIM,01/20/2010,1.84,1.9,1.84,1.9,27000,0
PRIM,01/25/2010,1.8,1.8,1.7,1.78,91000,0
PRIM,01/26/2010,1.74,1.76,1.72,1.72,76000,0
PRIM,01/27/2010,1.74,1.74,1.7,1.7,81000,0
PRIM,01/28/2010,1.7,1.7,1.7,1.7,20000,0
PRIM,01/29/2010,1.68,1.68,1.68,1.68,25000,0
PRIM,02/01/2010,1.66,1.66,1.66,1.66,1000,0
PRIM,02/02/2010,1.66,1.66,1.56,1.56,16000,0
PRIM,02/04/2010,1.58,1.58,1.56,1.58,34000,0
PRIM,02/05/2010,1.56,1.56,1.52,1.52,13000,0
PRIM,02/09/2010,1.54,1.54,1.42,1.42,14000,0
PRIM,02/11/2010,1.52,1.6,1.5,1.6,100000,0
PRIM,02/12/2010,1.6,1.8,1.6,1.8,309000,0
PRIM,02/23/2010,1.6,1.6,1.58,1.58,5000,0
PRIM,02/25/2010,1.58,1.58,1.52,1.58,17000,0
PRIM,02/26/2010,1.72,1.76,1.64,1.64,77000,0
PRIM,03/01/2010,1.74,1.74,1.74,1.74,3000,0
PRIM,03/02/2010,1.6,1.6,1.6,1.6,79000,0
PRIM,03/04/2010,1.62,1.62,1.62,1.62,1000,0
PRIM,03/05/2010,1.64,1.64,1.64,1.64,20000,0
PRIM,03/11/2010,1.64,1.64,1.62,1.62,58000,0
PRIM,03/12/2010,1.62,1.62,1.62,1.62,36000,0
PRIM,03/18/2010,1.62,1.7,1.62,1.7,23000,0
PRIM,03/19/2010,2.0,2.0,2.0,2.0,1000,0
PRIM,03/22/2010,1.7,1.7,1.7,1.7,6000,0
PRIM,03/25/2010,1.62,1.62,1.62,1.62,26000,0
PRIM,03/26/2010,1.62,1.62,1.62,1.62,30000,0
PRIM,03/29/2010,1.62,1.62,1.62,1.62,3000,0
PRIM,03/31/2010,1.64,1.64,1.62,1.64,30000,0
PRIM,04/05/2010,1.64,1.68,1.62,1.68,46000,0
PRIM,04/06/2010,1.7,1.9,1.7,1.8,193000,0
PRIM,04/07/2010,1.84,1.88,1.84,1.88,57000,0
PRIM,04/08/2010,1.88,1.88,1.84,1.86,18000,0
PRIM,04/12/2010,1.7,1.7,1.7,1.7,2000,0
PRIM,04/13/2010,1.7,1.7,1.7,1.7,10000,0
PRIM,04/14/2010,1.68,1.7,1.68,1.7,12000,0
PRIM,04/16/2010,1.68,1.7,1.68,1.68,342000,0
PRIM,04/19/2010,1.64,1.64,1.64,1.64,6000,0
PRIM,04/21/2010,1.7,1.7,1.7,1.7,100000,0
PRIM,04/23/2010,1.68,1.68,1.68,1.68,10000,0
PRIM,04/27/2010,1.68,1.68,1.68,1.68,98000,0
PRIM,04/30/2010,1.7,1.7,1.68,1.68,71000,0
PRIM,05/05/2010,1.62,1.62,1.62,1.62,1000,0
PRIM,05/12/2010,1.62,1.7,1.62,1.7,45000,0
PRIM,05/13/2010,1.7,1.8,1.7,1.8,11000,0
PRIM,05/14/2010,1.64,1.78,1.64,1.78,90000,0
PRIM,05/17/2010,1.72,1.72,1.72,1.72,5000,0
PRIM,05/18/2010,1.72,1.72,1.72,1.72,63000,0
PRIM,05/19/2010,1.7,1.7,1.68,1.68,63000,0
PRIM,05/20/2010,1.66,1.66,1.66,1.66,9000,0
PRIM,05/21/2010,1.64,1.64,1.6,1.6,10000,0
PRIM,05/26/2010,1.58,1.58,1.58,1.58,35000,0
PRIM,05/27/2010,1.52,1.52,1.52,1.52,20000,0
PRIM,05/28/2010,1.6,1.6,1.6,1.6,169000,0
PRIM,06/03/2010,1.52,1.58,1.52,1.58,55000,0
PRIM,06/04/2010,1.52,1.86,1.52,1.8,1097000,0
PRIM,06/07/2010,1.8,1.8,1.74,1.8,417000,0
PRIM,06/08/2010,1.8,1.98,1.8,1.92,1430000,0
PRIM,06/09/2010,1.96,2.85,1.96,2.85,11662000,0
PRIM,06/10/2010,2.9,3.15,2.6,2.6,9743000,0
PRIM,06/11/2010,2.7,2.7,2.3,2.3,1901000,0
PRIM,06/15/2010,2.24,2.4,2.2,2.32,320000,0
PRIM,06/16/2010,2.3,2.3,2.2,2.22,443000,0
PRIM,06/17/2010,2.2,2.4,2.12,2.28,802000,0
PRIM,06/18/2010,2.28,2.36,2.24,2.26,335000,0
PRIM,06/21/2010,2.26,2.26,2.2,2.2,113000,0
PRIM,06/22/2010,2.16,2.16,2.06,2.06,582000,0
PRIM,06/23/2010,2.08,2.08,2.08,2.08,88000,0
PRIM,06/24/2010,2.08,2.08,2.02,2.02,208000,0
PRIM,06/25/2010,2.0,2.26,2.0,2.22,267000,0
PRIM,06/28/2010,2.3,2.3,2.14,2.14,232000,0
PRIM,06/29/2010,2.12,2.12,2.04,2.12,333000,0
PRIM,07/01/2010,2.04,2.04,2.04,2.04,110000,0
PRIM,07/02/2010,2.06,2.12,2.04,2.04,225000,0
PRIM,07/05/2010,2.08,2.08,2.02,2.06,75000,0
PRIM,07/06/2010,2.02,2.04,2.02,2.04,155000,0
PRIM,07/07/2010,2.0,2.0,1.96,1.96,320000,0
PRIM,07/08/2010,2.04,2.04,2.04,2.04,1000,0
PRIM,07/09/2010,1.96,2.0,1.96,2.0,30000,0
PRIM,07/14/2010,2.02,2.08,2.02,2.08,20000,0
PRIM,07/15/2010,2.08,2.08,2.0,2.0,52000,0
PRIM,07/16/2010,2.02,2.02,2.02,2.02,41000,0
PRIM,07/19/2010,2.08,2.2,2.08,2.2,245000,0
PRIM,07/20/2010,2.14,2.14,2.08,2.12,82000,0
PRIM,07/21/2010,2.06,2.08,2.06,2.06,235000,0
PRIM,07/22/2010,2.06,2.06,2.04,2.04,56000,0
PRIM,07/23/2010,2.04,2.04,2.02,2.02,33000,0
PRIM,07/26/2010,1.98,2.02,1.98,2.02,150000,0
PRIM,07/27/2010,2.02,2.02,1.97,1.97,89000,0
PRIM,07/28/2010,1.96,2.0,1.96,1.98,85000,0
PRIM,07/29/2010,1.96,1.96,1.92,1.92,60000,0
PRIM,07/30/2010,1.92,1.92,1.92,1.92,90000,0
PRIM,08/03/2010,1.96,1.96,1.96,1.96,52000,0
PRIM,08/04/2010,1.96,1.97,1.96,1.97,70000,0
PRIM,08/06/2010,1.99,2.0,1.99,2.0,50000,0
PRIM,08/09/2010,1.98,1.98,1.98,1.98,50000,0
PRIM,08/10/2010,1.98,2.0,1.98,1.98,53000,0
PRIM,08/11/2010,1.98,2.06,1.98,2.06,63000,0
PRIM,08/12/2010,2.16,2.16,2.0,2.0,11000,0
PRIM,08/13/2010,2.0,2.0,1.96,1.96,173000,0
PRIM,08/16/2010,1.9,1.9,1.9,1.9,8000,0
PRIM,08/17/2010,1.9,1.9,1.9,1.9,3000,0
PRIM,08/19/2010,1.98,1.98,1.98,1.98,110000,0
PRIM,08/20/2010,1.98,2.1,1.98,2.02,70000,0
PRIM,08/23/2010,2.15,2.16,2.15,2.16,53000,0
PRIM,08/24/2010,2.16,2.16,2.16,2.16,1000,0
PRIM,08/25/2010,2.02,2.02,2.0,2.0,67000,0
PRIM,08/26/2010,2.0,2.08,1.98,2.08,126000,0
PRIM,08/27/2010,1.9,2.14,1.9,2.14,62000,0
PRIM,08/31/2010,1.9,1.95,1.9,1.95,4000,0
PRIM,09/02/2010,2.14,2.14,2.1,2.14,81000,0
PRIM,09/03/2010,2.01,2.12,2.01,2.12,21000,0
PRIM,09/06/2010,2.15,2.15,2.15,2.15,20000,0
PRIM,09/07/2010,2.08,2.08,2.04,2.04,62000,0
PRIM,09/08/2010,2.1,2.1,2.1,2.1,25000,0
PRIM,09/09/2010,2.1,2.25,2.1,2.24,222000,0
PRIM,09/13/2010,2.25,2.29,2.2,2.25,102000,0
PRIM,09/14/2010,2.25,2.25,2.14,2.16,61000,0
PRIM,09/15/2010,2.14,2.14,2.08,2.08,145000,0
PRIM,09/16/2010,2.08,2.08,2.01,2.02,150000,0
PRIM,09/17/2010,2.03,2.03,2.02,2.03,37000,0
PRIM,09/20/2010,2.1,2.1,2.1,2.1,48000,0
PRIM,09/21/2010,2.24,2.24,2.24,2.24,24000,0
PRIM,09/22/2010,2.2,2.2,2.15,2.15,79000,0
PRIM,09/23/2010,2.22,2.3,2.19,2.25,357000,0
PRIM,09/24/2010,2.23,2.35,2.23,2.35,167000,0
PRIM,09/27/2010,2.37,2.43,2.35,2.38,462000,0
PRIM,09/28/2010,2.2,2.3,2.2,2.3,32000,0
PRIM,09/29/2010,2.28,2.34,2.28,2.34,30000,0
PRIM,10/04/2010,2.27,2.27,2.27,2.27,10000,0
PRIM,10/05/2010,2.18,2.29,2.18,2.29,157000,0
PRIM,10/06/2010,2.29,2.29,2.18,2.2,119000,0
PRIM,10/07/2010,2.18,2.18,2.18,2.18,1000,0
PRIM,10/08/2010,2.17,2.19,2.14,2.14,71000,0
PRIM,10/12/2010,2.13,2.14,2.08,2.14,56000,0
PRIM,10/14/2010,2.12,2.12,2.12,2.12,109000,0
PRIM,10/15/2010,2.14,2.18,2.14,2.18,218000,0
PRIM,10/18/2010,2.1,2.1,2.1,2.1,150000,0
PRIM,10/19/2010,2.1,2.12,2.1,2.1,123000,0
PRIM,10/22/2010,2.18,2.22,2.18,2.22,147000,0
PRIM,10/26/2010,2.18,2.22,2.15,2.22,68000,0
PRIM,10/27/2010,2.13,2.13,2.05,2.08,114000,0
PRIM,10/28/2010,2.06,2.06,2.06,2.06,25000,0
PRIM,11/02/2010,2.06,2.19,2.05,2.19,159000,0
PRIM,11/03/2010,2.2,2.21,2.07,2.07,128000,0
PRIM,11/04/2010,2.08,2.08,2.07,2.07,39000,0
PRIM,11/05/2010,2.07,2.18,2.07,2.18,25000,0
PRIM,11/08/2010,2.1,2.19,2.1,2.19,56000,0
PRIM,11/09/2010,2.11,2.12,2.07,2.08,172000,0
PRIM,11/10/2010,2.08,2.08,2.08,2.08,1000,0
PRIM,11/11/2010,2.08,2.08,1.98,1.98,272000,0
PRIM,11/12/2010,1.99,1.99,1.99,1.99,210000,0
PRIM,11/15/2010,2.0,2.1,2.0,2.1,8000,0
PRIM,11/17/2010,2.1,2.1,2.1,2.1,1000,0
PRIM,11/18/2010,1.99,2.12,1.99,2.0,39000,0
PRIM,11/19/2010,2.01,2.04,2.01,2.04,56000,0
PRIM,11/24/2010,2.0,2.0,2.0,2.0,10000,0
PRIM,11/25/2010,2.01,2.1,2.01,2.01,51000,0
PRIM,11/26/2010,2.01,2.01,1.95,1.98,320000,0
PRIM,11/30/2010,1.95,1.95,1.95,1.95,60000,0
PRIM,12/01/2010,1.93,1.93,1.92,1.92,100000,0
PRIM,12/02/2010,1.92,1.92,1.92,1.92,6000,0
PRIM,12/07/2010,1.98,1.98,1.92,1.92,50000,0
PRIM,12/09/2010,1.93,1.94,1.92,1.92,230000,0
PRIM,12/10/2010,1.95,1.95,1.94,1.95,190000,0
PRIM,12/13/2010,1.96,1.96,1.95,1.95,48000,0
PRIM,12/14/2010,1.93,1.93,1.93,1.93,10000,0
PRIM,12/16/2010,1.94,2.0,1.92,1.92,130000,0
PRIM,12/17/2010,1.93,2.19,1.93,2.19,64000,0
PRIM,12/20/2010,2.08,2.08,2.02,2.02,50000,0
PRIM,12/21/2010,2.0,2.12,2.0,2.0,517000,0
PRIM,12/22/2010,2.04,2.08,2.04,2.08,49000,0
PRIM,12/23/2010,2.0,2.08,2.0,2.0,36000,0
PRIM,12/28/2010,1.95,1.98,1.95,1.97,11000,0
PRIM,12/29/2010,1.99,2.0,1.99,2.0,24000,0
PRIM,12/30/2010,1.96,2.07,1.93,1.96,21000,0
PRIM,01/03/2011,2.05,2.05,2.01,2.04,182000,0
PRIM,01/04/2011,2.07,2.14,2.01,2.07,300000,0
PRIM,01/05/2011,2.06,2.1,2.06,2.1,184000,0
PRIM,01/06/2011,2.01,2.01,2.01,2.01,6000,0
PRIM,01/07/2011,2.08,2.3,2.08,2.3,530000,0
PRIM,01/10/2011,2.16,2.16,2.15,2.15,9000,0
PRIM,01/11/2011,2.1,2.1,2.06,2.09,137000,0
PRIM,01/12/2011,2.09,2.21,2.09,2.21,28000,0
PRIM,01/13/2011,2.06,2.29,2.0,2.29,300000,0
PRIM,01/17/2011,2.2,2.2,2.1,2.1,38000,0
PRIM,01/18/2011,2.08,2.08,2.08,2.08,5000,0
PRIM,01/19/2011,2.08,2.08,2.08,2.08,3000,0
PRIM,01/20/2011,2.16,2.68,2.16,2.3,1347000,0
PRIM,01/21/2011,2.48,2.48,2.16,2.34,74000,0
PRIM,01/24/2011,2.2,2.7,2.2,2.4,562000,0
PRIM,01/25/2011,2.5,2.55,2.36,2.36,434000,0
PRIM,01/26/2011,2.4,2.46,2.38,2.4,260000,0
PRIM,01/27/2011,2.48,2.5,2.4,2.42,204000,0
PRIM,01/28/2011,2.44,2.44,2.4,2.44,216000,0
PRIM,01/31/2011,2.44,2.44,2.32,2.32,79000,0
PRIM,02/02/2011,2.25,2.32,2.25,2.3,56000,0
PRIM,02/03/2011,2.3,2.3,2.3,2.3,11000,0
PRIM,02/04/2011,2.37,2.39,2.37,2.39,10000,0
PRIM,02/08/2011,2.39,2.39,2.25,2.39,13000,0
PRIM,02/10/2011,2.23,2.23,2.23,2.23,40000,0
PRIM,02/15/2011,2.2,2.2,2.2,2.2,20000,0
PRIM,02/16/2011,2.16,2.2,2.16,2.2,15000,0
PRIM,02/17/2011,2.15,2.15,2.15,2.15,45000,0
PRIM,02/18/2011,2.15,2.15,2.13,2.15,22000,0
PRIM,02/21/2011,2.15,2.15,2.0,2.15,106000,0
PRIM,02/23/2011,2.03,2.19,2.02,2.02,21000,0
PRIM,02/24/2011,2.06,2.14,2.0,2.14,82000,0
PRIM,02/28/2011,2.01,2.01,2.01,2.01,5000,0
PRIM,03/02/2011,2.14,2.14,2.14,2.14,10000,0
PRIM,03/03/2011,2.05,2.05,2.05,2.05,20000,0
PRIM,03/04/2011,2.14,2.14,2.14,2.14,9000,0
PRIM,03/09/2011,2.07,2.07,2.05,2.05,10000,0
PRIM,03/10/2011,2.05,2.05,2.05,2.05,9000,0
PRIM,03/16/2011,2.01,2.01,1.98,1.98,155000,0
PRIM,03/23/2011,1.96,2.0,1.96,2.0,49000,0
PRIM,03/28/2011,2.09,2.2,2.0,2.0,331000,0
PRIM,03/29/2011,2.05,2.1,2.0,2.1,190000,0
PRIM,03/31/2011,2.04,2.04,2.03,2.03,25000,0
PRIM,04/01/2011,2.05,2.1,2.03,2.1,120000,0
PRIM,04/04/2011,2.1,2.1,2.1,2.1,10000,0
PRIM,04/06/2011,2.19,2.2,2.1,2.16,76000,0
PRIM,04/08/2011,2.06,2.1,2.06,2.08,80000,0
PRIM,04/11/2011,2.04,2.04,2.03,2.03,125000,0
PRIM,04/13/2011,2.03,2.03,2.02,2.02,22000,0
PRIM,04/14/2011,2.02,2.02,2.02,2.02,16000,0
PRIM,04/15/2011,2.01,2.08,2.01,2.08,9000,0
PRIM,04/18/2011,2.02,2.02,2.02,2.02,5000,0
PRIM,04/19/2011,2.0,2.0,2.0,2.0,10000,0
PRIM,04/26/2011,2.01,2.01,2.0,2.0,93000,0
PRIM,04/28/2011,2.0,2.0,2.0,2.0,27000,0
PRIM,04/29/2011,1.95,1.95,1.95,1.95,51000,0
PRIM,05/02/2011,2.0,2.0,2.0,2.0,53000,0
PRIM,05/04/2011,2.0,2.0,2.0,2.0,30000,0
PRIM,05/05/2011,1.96,1.96,1.96,1.96,10000,0
PRIM,05/09/2011,1.95,1.95,1.92,1.92,30000,0
PRIM,05/11/2011,1.91,1.92,1.9,1.92,59000,0
PRIM,05/12/2011,1.92,1.92,1.84,1.84,21000,0
PRIM,05/13/2011,1.91,1.91,1.88,1.88,196000,0
PRIM,05/17/2011,1.86,1.86,1.86,1.86,5000,0
PRIM,05/19/2011,1.86,1.86,1.86,1.86,10000,0
PRIM,05/20/2011,1.86,1.86,1.86,1.86,4000,0
PRIM,05/25/2011,1.86,1.86,1.86,1.86,15000,0
PRIM,05/31/2011,1.88,1.88,1.88,1.88,36000,0
PRIM,06/01/2011,1.88,2.07,1.88,2.07,88000,0
PRIM,06/02/2011,2.02,2.2,2.02,2.19,209000,0
PRIM,06/03/2011,2.17,2.17,1.97,1.97,3000,0
PRIM,06/06/2011,2.02,2.08,1.82,1.82,365000,0
PRIM,06/09/2011,1.9,1.9,1.86,1.86,27000,0
PRIM,06/10/2011,1.9,1.96,1.9,1.96,29000,0
PRIM,06/14/2011,2.08,2.08,1.88,1.88,127000,0
PRIM,06/15/2011,1.88,1.88,1.88,1.88,91000,0
PRIM,06/16/2011,1.88,1.89,1.87,1.88,104000,0
PRIM,06/17/2011,1.9,1.9,1.85,1.85,9000,0
PRIM,06/21/2011,1.85,1.85,1.85,1.85,50000,0
PRIM,06/22/2011,1.92,1.92,1.92,1.92,11000,0
PRIM,06/23/2011,1.85,1.85,1.85,1.85,50000,0
PRIM,06/24/2011,1.85,1.85,1.85,1.85,50000,0
PRIM,06/27/2011,1.85,1.85,1.85,1.85,14000,0
PRIM,06/28/2011,1.85,1.85,1.85,1.85,55000,0
PRIM,06/29/2011,1.82,1.83,1.82,1.83,53000,0
PRIM,06/30/2011,1.85,2.04,1.85,1.94,83000,0
PRIM,07/05/2011,1.88,1.88,1.88,1.88,50000,0
PRIM,07/06/2011,1.88,1.88,1.88,1.88,2000,0
PRIM,07/07/2011,1.88,1.88,1.88,1.88,25000,0
PRIM,07/12/2011,1.86,1.86,1.86,1.86,1000,0
PRIM,07/14/2011,1.9,1.9,1.9,1.9,2000,0
PRIM,07/15/2011,2.07,2.14,2.07,2.1,78000,0
PRIM,07/18/2011,2.0,2.13,2.0,2.13,20000,0
PRIM,07/19/2011,1.95,2.1,1.95,2.1,2864000,0
PRIM,07/20/2011,2.0,2.0,2.0,2.0,40000,0
PRIM,07/21/2011,2.04,2.11,2.04,2.11,50000,0
PRIM,07/25/2011,1.95,2.1,1.95,2.1,40000,0
PRIM,07/26/2011,1.95,2.1,1.95,2.0,55000,0
PRIM,07/27/2011,2.0,2.0,2.0,2.0,30000,0
PRIM,07/28/2011,2.0,2.0,2.0,2.0,93000,0
PRIM,07/29/2011,1.91,1.91,1.9,1.9,150000,0
PRIM,08/01/2011,1.9,1.91,1.9,1.91,103000,0
PRIM,08/02/2011,1.91,2.2,1.91,1.95,801000,0
PRIM,08/03/2011,1.95,1.95,1.9,1.95,197000,0
PRIM,08/04/2011,1.93,1.93,1.93,1.93,20000,0
PRIM,08/05/2011,1.95,1.95,1.95,1.95,60000,0
PRIM,08/08/2011,1.91,1.91,1.89,1.89,199000,0
PRIM,08/09/2011,1.86,1.86,1.72,1.75,302000,0
PRIM,08/10/2011,1.79,1.8,1.78,1.8,263000,0
PRIM,08/11/2011,1.8,1.8,1.8,1.8,71000,0
PRIM,08/12/2011,1.8,1.8,1.73,1.74,305000,0
PRIM,08/15/2011,1.78,1.78,1.78,1.78,5000,0
PRIM,08/16/2011,1.77,1.78,1.76,1.78,70000,0
PRIM,08/18/2011,1.78,1.78,1.76,1.76,75000,0
PRIM,08/19/2011,1.78,1.78,1.78,1.78,20000,0
PRIM,08/22/2011,1.78,1.78,1.77,1.78,200000,0
PRIM,08/23/2011,1.78,1.95,1.78,1.9,494000,0
PRIM,08/24/2011,1.9,1.92,1.77,1.78,366000,0
PRIM,08/25/2011,1.78,1.78,1.75,1.75,101000,0
PRIM,08/26/2011,1.71,1.71,1.7,1.7,286000,0
PRIM,08/31/2011,1.69,1.7,1.69,1.7,81000,0
PRIM,09/01/2011,1.7,1.7,1.69,1.69,250000,0
PRIM,09/02/2011,1.8,1.8,1.8,1.8,65000,0
PRIM,09/05/2011,1.79,1.79,1.79,1.79,6000,0
PRIM,09/07/2011,1.79,1.8,1.7,1.7,145000,0
PRIM,09/12/2011,1.73,1.73,1.72,1.72,60000,0
PRIM,09/13/2011,1.72,1.72,1.62,1.62,171000,0
PRIM,09/14/2011,1.68,1.69,1.68,1.68,76000,0
PRIM,09/20/2011,1.69,1.69,1.67,1.67,10000,0
PRIM,09/22/2011,1.72,1.72,1.7,1.7,24000,0
PRIM,09/23/2011,1.69,1.69,1.65,1.65,80000,0
PRIM,09/26/2011,1.63,1.63,1.48,1.48,330000,0
PRIM,09/28/2011,1.5,1.51,1.5,1.5,38000,0
PRIM,09/30/2011,1.5,1.52,1.5,1.52,76000,0
PRIM,10/03/2011,1.51,1.51,1.51,1.51,9000,0
PRIM,10/05/2011,1.52,1.52,1.5,1.5,34000,0
PRIM,10/11/2011,1.51,1.8,1.51,1.8,37000,0
PRIM,10/18/2011,1.53,1.53,1.53,1.53,2000,0
PRIM,10/19/2011,1.61,1.61,1.61,1.61,30000,0
PRIM,10/20/2011,1.6,1.6,1.6,1.6,10000,0
PRIM,10/21/2011,1.6,1.6,1.6,1.6,1000,0
PRIM,10/24/2011,1.6,1.6,1.58,1.58,58000,0
PRIM,10/25/2011,1.68,1.68,1.68,1.68,10000,0
PRIM,10/28/2011,1.7,1.7,1.7,1.7,15000,0
PRIM,11/02/2011,1.68,1.68,1.66,1.66,105000,0
PRIM,11/04/2011,1.6,1.6,1.6,1.6,100000,0
PRIM,11/09/2011,1.66,1.66,1.5,1.5,1176000,0
PRIM,11/10/2011,1.6,1.6,1.58,1.58,100000,0
PRIM,11/16/2011,1.54,1.54,1.54,1.54,10000,0
PRIM,11/22/2011,1.55,1.55,1.5,1.5,461000,0
PRIM,11/23/2011,1.63,1.7,1.63,1.65,80000,0
PRIM,11/25/2011,1.54,1.65,1.5,1.5,115000,0
PRIM,11/28/2011,1.51,1.55,1.51,1.52,52000,0
PRIM,12/01/2011,1.55,1.55,1.55,1.55,1000,0
PRIM,12/05/2011,1.53,1.53,1.5,1.5,7000,0
PRIM,12/06/2011,1.51,1.51,1.51,1.51,17000,0
PRIM,12/07/2011,1.52,1.52,1.52,1.52,2000,0
PRIM,12/08/2011,1.52,1.52,1.52,1.52,18000,0
PRIM,12/12/2011,1.53,1.53,1.53,1.53,5000,0
PRIM,12/13/2011,1.52,1.6,1.5,1.6,34000,0
PRIM,12/15/2011,1.6,1.6,1.6,1.6,30000,0
PRIM,12/21/2011,1.54,1.54,1.54,1.54,2064000,0
PRIM,12/22/2011,1.54,1.54,1.5,1.5,193000,0
PRIM,12/23/2011,1.5,1.5,1.5,1.5,130000,0
PRIM,12/26/2011,1.45,1.45,1.42,1.45,51000,0
PRIM,12/28/2011,1.45,1.45,1.45,1.45,69000,0
PRIM,01/03/2012,1.43,1.59,1.43,1.59,42000,0
PRIM,01/04/2012,1.59,1.61,1.59,1.6,362000,0
PRIM,01/05/2012,1.6,1.6,1.58,1.58,172000,0
PRIM,01/06/2012,1.59,1.68,1.59,1.68,115000,0
PRIM,01/10/2012,1.59,1.65,1.59,1.61,320000,0
PRIM,01/11/2012,1.6,2.0,1.6,1.92,3138000,0
PRIM,01/12/2012,1.92,1.92,1.71,1.72,124000,0
PRIM,01/13/2012,1.7,1.91,1.7,1.76,937000,0
PRIM,01/16/2012,1.76,1.79,1.76,1.76,80000,0
PRIM,01/17/2012,1.76,1.77,1.72,1.75,84000,0
PRIM,01/18/2012,1.73,1.73,1.73,1.73,3000,0
PRIM,01/19/2012,1.75,1.8,1.73,1.8,175000,0
PRIM,01/20/2012,1.72,1.79,1.7,1.79,45000,0
PRIM,01/24/2012,1.73,1.74,1.72,1.72,129000,0
PRIM,01/26/2012,1.75,1.75,1.75,1.75,14000,0
PRIM,01/27/2012,1.71,1.71,1.71,1.71,4000,0
PRIM,01/30/2012,1.79,1.79,1.79,1.79,5000,0
PRIM,01/31/2012,1.72,1.79,1.72,1.72,39000,0
PRIM,02/01/2012,1.75,1.75,1.75,1.75,67000,0
PRIM,02/02/2012,1.75,1.9,1.75,1.87,994000,0
PRIM,02/03/2012,1.89,1.89,1.75,1.85,147000,0
PRIM,02/06/2012,1.75,1.81,1.7,1.7,79000,0
PRIM,02/07/2012,1.8,1.8,1.71,1.71,31000,0
