RLC,01/04/2001,1.84,1.84,1.84,1.84,100000,0
RLC,01/23/2001,2.1,2.2,2.1,2.1,30000,0
RLC,01/24/2001,2.2,2.2,2.14,2.14,310000,0
RLC,01/25/2001,2.02,2.02,1.98,2.0,590000,0
RLC,01/26/2001,2.14,2.14,2.14,2.14,10000,0
RLC,01/29/2001,2.2,2.3,2.2,2.2,134000,0
RLC,01/30/2001,2.1,2.1,2.1,2.1,201000,0
RLC,01/31/2001,2.16,2.16,2.1,2.1,410000,0
RLC,02/01/2001,2.1,2.1,2.1,2.1,176000,0
RLC,02/02/2001,2.1,2.12,2.1,2.1,375000,0
RLC,02/05/2001,2.1,2.1,2.1,2.1,270000,0
RLC,02/06/2001,2.1,2.1,2.1,2.1,258000,0
RLC,02/07/2001,2.1,2.1,2.1,2.1,35000,0
RLC,02/09/2001,2.1,2.1,2.1,2.1,65000,0
RLC,02/12/2001,2.1,2.1,2.1,2.1,424000,0
RLC,02/15/2001,2.12,2.12,2.12,2.12,40000,0
RLC,02/16/2001,2.2,2.26,2.2,2.26,185000,0
RLC,02/19/2001,2.24,2.28,2.22,2.22,62000,0
RLC,02/21/2001,2.2,2.2,2.2,2.2,28000,0
RLC,02/22/2001,2.18,2.18,2.18,2.18,8000,0
RLC,02/27/2001,2.16,2.16,2.16,2.16,18000,0
RLC,03/01/2001,2.16,2.16,2.14,2.16,2000000,0
RLC,03/02/2001,2.18,2.2,2.16,2.2,23000,0
RLC,03/05/2001,2.2,2.2,2.2,2.2,10000,0
RLC,03/06/2001,2.16,2.16,2.16,2.16,2000,0
RLC,03/09/2001,2.18,2.18,2.18,2.18,1000,0
RLC,03/13/2001,2.1,2.1,2.1,2.1,2400000,0
RLC,03/16/2001,2.1,2.1,2.1,2.1,3000000,0
RLC,03/19/2001,2.02,2.02,2.0,2.0,30000,0
RLC,05/15/2001,2.1,2.1,2.0,2.02,57000,0
RLC,05/16/2001,2.02,2.02,2.0,2.0,70000,0
RLC,06/05/2001,2.04,2.04,2.04,2.04,1000,0
RLC,06/07/2001,2.04,2.04,2.04,2.04,10000,0
RLC,06/28/2001,2.02,2.02,2.0,2.0,2050000,0
RLC,06/29/2001,2.0,2.0,2.0,2.0,24000,0
RLC,07/04/2001,2.04,2.04,2.04,2.04,10000,0
RLC,07/12/2001,2.1,2.1,2.04,2.04,2010000,0
RLC,07/23/2001,2.04,2.04,2.04,2.04,2500000,0
RLC,07/24/2001,2.0,2.0,2.0,2.0,609000,0
RLC,07/25/2001,2.0,2.0,2.0,2.0,10000,0
RLC,07/26/2001,2.0,2.0,2.0,2.0,100000,0
RLC,07/27/2001,2.02,2.02,2.02,2.02,2000,0
RLC,07/31/2001,2.02,2.02,2.0,2.0,44000,0
RLC,08/01/2001,2.0,2.0,2.0,2.0,164000,0
RLC,08/02/2001,2.02,2.02,2.0,2.0,35000,0
RLC,08/03/2001,2.02,2.02,2.02,2.02,2000,0
RLC,08/06/2001,2.0,2.0,2.0,2.0,52000,0
RLC,08/07/2001,2.0,2.0,2.0,2.0,1000,0
RLC,08/08/2001,2.0,2.0,2.0,2.0,100000,0
RLC,08/15/2001,2.0,2.02,2.0,2.02,15000,0
RLC,08/22/2001,2.0,2.0,2.0,2.0,7000,0
RLC,08/23/2001,2.0,2.0,2.0,2.0,1000,0
RLC,08/24/2001,1.98,1.98,1.98,1.98,100000,0
RLC,08/29/2001,1.98,1.98,1.98,1.98,2000,0
RLC,08/30/2001,1.98,1.98,1.98,1.98,25000,0
RLC,09/04/2001,1.94,1.94,1.94,1.94,35000,0
RLC,09/07/2001,1.94,1.94,1.94,1.94,11000,0
RLC,09/14/2001,1.6,1.6,1.6,1.6,20000,0
RLC,09/17/2001,1.64,1.64,1.6,1.6,69000,0
RLC,09/27/2001,1.6,1.6,1.6,1.6,20000,0
RLC,10/03/2001,1.8,1.8,1.8,1.8,5000,0
RLC,10/04/2001,1.8,1.8,1.8,1.8,2000,0
RLC,10/05/2001,1.6,1.6,1.6,1.6,8617000,0
RLC,10/10/2001,1.5,1.5,1.5,1.5,782000,0
RLC,10/18/2001,1.5,1.5,1.5,1.5,5000,0
RLC,10/22/2001,1.4,1.4,1.4,1.4,10000,0
RLC,10/23/2001,1.4,1.4,1.4,1.4,94000,0
RLC,10/26/2001,1.4,1.4,1.4,1.4,24000,0
RLC,11/16/2001,1.4,1.4,1.4,1.4,17000,0
RLC,11/22/2001,1.4,1.4,1.4,1.4,1000,0
RLC,12/06/2001,1.5,1.5,1.5,1.5,20000,0
RLC,12/27/2001,1.5,1.5,1.5,1.5,13000,0
RLC,01/09/2002,1.48,1.48,1.48,1.48,9000,0
RLC,01/29/2002,1.46,1.46,1.46,1.46,1000,0
RLC,01/30/2002,1.46,1.46,1.46,1.46,1000,0
RLC,02/01/2002,1.52,1.56,1.52,1.56,40000,0
RLC,02/05/2002,1.58,1.6,1.58,1.6,37000,0
RLC,02/12/2002,1.76,1.82,1.76,1.82,45000,0
RLC,02/13/2002,1.86,1.9,1.86,1.9,10000,0
RLC,02/14/2002,1.8,1.8,1.78,1.78,65000,0
RLC,02/22/2002,1.78,1.78,1.78,1.78,4000,0
RLC,02/27/2002,1.8,1.8,1.8,1.8,1000,0
RLC,03/01/2002,1.8,1.8,1.8,1.8,1000,0
RLC,03/11/2002,1.66,1.7,1.66,1.7,40000,0
RLC,03/13/2002,1.74,1.78,1.72,1.78,24000,0
RLC,03/15/2002,1.72,1.72,1.72,1.72,54000,0
RLC,03/19/2002,1.76,1.76,1.76,1.76,32000,0
RLC,03/20/2002,1.76,1.76,1.76,1.76,2000,0
RLC,03/22/2002,1.76,1.76,1.76,1.76,2893000,0
RLC,03/27/2002,1.78,1.78,1.78,1.78,10000,0
RLC,04/01/2002,1.76,1.76,1.76,1.76,32000,0
RLC,04/05/2002,1.76,1.76,1.76,1.76,2000,0
RLC,04/10/2002,1.9,1.9,1.8,1.8,400000,0
RLC,04/11/2002,1.8,1.8,1.8,1.8,1100000,0
RLC,04/25/2002,1.76,1.76,1.76,1.76,17000,0
RLC,05/07/2002,1.72,1.72,1.72,1.72,10000,0
RLC,05/13/2002,1.8,1.8,1.8,1.8,40000,0
RLC,05/14/2002,1.8,1.8,1.8,1.8,80000,0
RLC,05/17/2002,1.8,1.8,1.8,1.8,110000,0
RLC,05/21/2002,1.8,1.82,1.8,1.82,162000,0
RLC,05/22/2002,1.82,1.82,1.82,1.82,178000,0
RLC,05/29/2002,1.76,1.76,1.76,1.76,49000,0
RLC,05/30/2002,1.78,2.1,1.78,2.04,1311000,0
RLC,06/03/2002,2.1,2.1,2.0,2.0,265000,0
RLC,06/04/2002,1.96,1.96,1.96,1.96,31000,0
RLC,06/05/2002,1.96,1.98,1.9,1.92,344000,0
RLC,06/06/2002,1.9,1.9,1.88,1.88,150000,0
RLC,06/07/2002,1.76,1.76,1.76,1.76,2000,0
RLC,06/18/2002,1.8,1.8,1.78,1.78,36000,0
RLC,06/24/2002,1.78,1.78,1.78,1.78,50000,0
RLC,06/25/2002,1.78,1.78,1.78,1.78,13000,0
RLC,06/26/2002,1.78,1.78,1.78,1.78,16000,0
RLC,07/02/2002,1.76,1.76,1.76,1.76,12000,0
RLC,07/03/2002,1.76,1.76,1.76,1.76,100000,0
RLC,07/09/2002,1.6,1.6,1.6,1.6,110000,0
RLC,07/10/2002,1.6,1.62,1.6,1.6,250000,0
RLC,07/19/2002,1.6,1.6,1.6,1.6,24000,0
RLC,07/29/2002,1.6,1.6,1.6,1.6,866000,0
RLC,07/30/2002,1.6,1.6,1.6,1.6,34000,0
RLC,08/07/2002,1.5,1.5,1.5,1.5,30000,0
RLC,08/08/2002,1.5,1.5,1.5,1.5,20000,0
RLC,08/12/2002,1.5,1.5,1.5,1.5,16000,0
RLC,08/13/2002,1.5,1.5,1.5,1.5,27000,0
RLC,08/21/2002,1.5,1.5,1.5,1.5,10000,0
RLC,09/02/2002,1.5,1.5,1.5,1.5,1000,0
RLC,09/04/2002,1.5,1.5,1.5,1.5,10000,0
RLC,09/09/2002,1.5,1.5,1.5,1.5,5000,0
RLC,09/17/2002,1.52,1.52,1.52,1.52,9000,0
RLC,09/19/2002,1.52,1.52,1.52,1.52,1000,0
RLC,10/09/2002,1.7,1.7,1.7,1.7,12000,0
RLC,10/25/2002,1.5,1.5,1.5,1.5,85419000,0
RLC,11/07/2002,1.5,1.5,1.5,1.5,30000,0
RLC,11/14/2002,1.5,1.5,1.5,1.5,20000,0
RLC,11/18/2002,1.4,1.4,1.4,1.4,50000,0
RLC,11/19/2002,1.3,1.3,1.3,1.3,20000,0
RLC,11/26/2002,1.3,1.3,1.3,1.3,9000,0
RLC,12/09/2002,1.3,1.4,1.3,1.4,215000,0
RLC,12/23/2002,1.2,1.2,1.2,1.2,10000,0
RLC,01/06/2003,1.2,1.2,1.2,1.2,10000,0
RLC,01/09/2003,1.2,1.2,1.2,1.2,24000,0
RLC,01/10/2003,1.22,1.22,1.22,1.22,2000,0
RLC,01/17/2003,1.28,1.3,1.28,1.3,51000,0
RLC,01/24/2003,1.26,1.26,1.26,1.26,18000,0
RLC,01/31/2003,1.28,1.28,1.28,1.28,10000,0
RLC,02/06/2003,1.28,1.3,1.28,1.3,61000,0
RLC,02/19/2003,1.22,1.22,1.22,1.22,2000,0
RLC,02/26/2003,1.26,1.26,1.2,1.2,430000,0
RLC,02/27/2003,1.2,1.2,1.2,1.2,100000,0
RLC,03/03/2003,1.2,1.2,1.2,1.2,70000,0
RLC,03/05/2003,1.18,1.18,1.16,1.16,50000,0
RLC,03/13/2003,1.3,1.3,1.3,1.3,8000,0
RLC,03/18/2003,1.16,1.16,1.16,1.16,12000,0
RLC,03/21/2003,1.16,1.16,1.16,1.16,6000,0
RLC,04/22/2003,1.32,1.32,1.32,1.32,30000,0
RLC,04/23/2003,1.32,1.32,1.32,1.32,5000,0
RLC,04/24/2003,1.32,1.32,1.32,1.32,5000,0
RLC,05/05/2003,1.22,1.22,1.22,1.22,5000,0
RLC,05/08/2003,1.22,1.24,1.22,1.24,35000,0
RLC,05/15/2003,1.28,1.28,1.28,1.28,10000,0
RLC,05/16/2003,1.28,1.28,1.28,1.28,27000,0
RLC,05/19/2003,1.3,1.3,1.3,1.3,3000,0
RLC,05/20/2003,1.3,1.3,1.3,1.3,47000,0
RLC,05/27/2003,1.3,1.3,1.3,1.3,50000,0
RLC,06/06/2003,1.4,1.4,1.4,1.4,73000,0
RLC,06/12/2003,1.42,1.42,1.42,1.42,70000,0
RLC,06/16/2003,1.42,1.42,1.42,1.42,60000,0
RLC,06/17/2003,1.42,1.42,1.42,1.42,100000,0
RLC,06/18/2003,1.42,1.42,1.42,1.42,102000,0
RLC,06/19/2003,1.42,1.42,1.42,1.42,75000,0
RLC,06/20/2003,1.42,1.42,1.42,1.42,36000,0
RLC,06/24/2003,1.42,1.42,1.42,1.42,20000,0
RLC,06/26/2003,1.46,1.46,1.46,1.46,72000,0
RLC,07/01/2003,1.68,1.7,1.68,1.7,200000,0
RLC,07/04/2003,2.0,2.1,2.0,2.0,381000,0
RLC,07/09/2003,1.9,2.0,1.9,2.0,156000,0
RLC,07/10/2003,2.0,2.02,2.0,2.02,70000,0
RLC,07/11/2003,2.0,2.0,2.0,2.0,70000,0
RLC,07/16/2003,2.02,2.02,2.02,2.02,20000,0
RLC,07/22/2003,2.04,2.04,2.04,2.04,22000,0
RLC,07/23/2003,2.04,2.04,2.04,2.04,26000,0
RLC,07/24/2003,2.06,2.08,2.06,2.08,80000,0
RLC,07/28/2003,2.04,2.04,2.04,2.04,25000,0
RLC,07/29/2003,2.02,2.02,2.0,2.0,80000,0
RLC,08/06/2003,1.92,1.92,1.9,1.9,823000,0
RLC,08/12/2003,1.9,1.9,1.9,1.9,111000,0
RLC,08/14/2003,1.9,1.9,1.9,1.9,28000,0
RLC,08/15/2003,1.9,1.9,1.9,1.9,7000,0
RLC,08/26/2003,1.9,1.9,1.9,1.9,110000,0
RLC,08/28/2003,1.92,1.92,1.92,1.92,10000,0
RLC,09/03/2003,2.0,2.0,2.0,2.0,6000,0
RLC,09/10/2003,1.94,1.94,1.94,1.94,5000,0
RLC,09/11/2003,1.94,1.94,1.94,1.94,2000,0
RLC,09/12/2003,1.94,1.94,1.94,1.94,13000,0
RLC,09/19/2003,1.96,1.96,1.96,1.96,90000,0
RLC,09/23/2003,2.0,2.0,2.0,2.0,6000,0
RLC,10/01/2003,1.96,1.96,1.96,1.96,26000,0
RLC,10/06/2003,2.0,2.0,2.0,2.0,1000,0
RLC,10/13/2003,1.96,1.96,1.96,1.96,101000,0
RLC,10/14/2003,1.96,1.96,1.94,1.94,20000,0
RLC,10/15/2003,1.92,1.92,1.92,1.92,4000,0
RLC,10/27/2003,1.8,1.8,1.8,1.8,10000,0
RLC,10/28/2003,1.8,1.8,1.8,1.8,1000,0
RLC,10/31/2003,1.8,1.8,1.8,1.8,8000,0
RLC,11/06/2003,1.8,1.8,1.8,1.8,10000,0
RLC,11/10/2003,1.8,1.8,1.8,1.8,3000,0
RLC,11/12/2003,1.8,1.8,1.8,1.8,4000,0
RLC,11/13/2003,1.8,1.8,1.8,1.8,22000,0
RLC,11/14/2003,1.8,1.8,1.8,1.8,2000,0
RLC,11/19/2003,1.82,1.82,1.82,1.82,3000,0
RLC,12/11/2003,1.82,1.82,1.8,1.8,33000,0
RLC,12/16/2003,1.8,1.8,1.8,1.8,3000,0
RLC,12/17/2003,1.8,1.8,1.8,1.8,32000,0
RLC,12/30/2003,2.1,2.6,2.1,2.6,1345000,0
RLC,01/20/2004,2.04,2.04,2.04,2.04,10000,0
RLC,01/22/2004,2.04,2.04,2.04,2.04,4000,0
RLC,01/23/2004,2.06,2.06,2.06,2.06,14000,0
RLC,01/26/2004,2.08,2.08,2.08,2.08,1000,0
RLC,01/29/2004,2.08,2.08,2.08,2.08,3000,0
RLC,02/03/2004,2.12,2.12,2.1,2.1,20000,0
RLC,02/11/2004,2.08,2.12,2.04,2.12,82000,0
RLC,02/12/2004,2.06,2.06,2.06,2.06,82000,0
RLC,02/13/2004,2.06,2.06,2.04,2.04,167000,0
RLC,02/16/2004,2.04,2.04,2.04,2.04,25000,0
RLC,02/17/2004,2.02,2.02,2.02,2.02,50000,0
RLC,02/19/2004,2.02,2.02,2.02,2.02,145000,0
RLC,02/20/2004,2.02,2.02,2.0,2.0,374000,0
RLC,02/23/2004,1.98,1.98,1.98,1.98,30000,0
RLC,02/24/2004,1.94,1.94,1.94,1.94,64000,0
RLC,02/26/2004,2.0,2.0,2.0,2.0,50000,0
RLC,02/27/2004,2.0,2.0,2.0,2.0,10000,0
RLC,03/02/2004,2.02,2.02,2.02,2.02,3000,0
RLC,03/03/2004,2.02,2.02,2.02,2.02,7000,0
RLC,03/04/2004,2.02,2.02,2.0,2.02,133000,0
RLC,03/09/2004,2.0,2.0,2.0,2.0,100000,0
RLC,03/15/2004,1.8,1.82,1.8,1.82,9000,0
RLC,03/18/2004,1.82,1.82,1.82,1.82,100000,0
RLC,03/22/2004,1.82,1.82,1.82,1.82,20000,0
RLC,03/24/2004,1.8,1.8,1.8,1.8,20000,0
RLC,03/25/2004,1.8,1.8,1.8,1.8,326000,0
RLC,03/26/2004,1.8,1.8,1.8,1.8,100000,0
RLC,03/29/2004,1.8,1.8,1.78,1.78,101000,0
RLC,03/30/2004,1.78,1.78,1.78,1.78,85000,0
RLC,03/31/2004,1.78,1.78,1.78,1.78,5000,0
RLC,04/01/2004,1.78,1.78,1.78,1.78,223000,0
RLC,04/02/2004,1.76,1.76,1.76,1.76,250000,0
RLC,04/06/2004,1.78,1.78,1.78,1.78,100000,0
RLC,04/12/2004,1.78,1.78,1.78,1.78,20000,0
RLC,04/13/2004,1.76,1.78,1.76,1.76,223000,0
RLC,04/14/2004,1.78,1.78,1.78,1.78,20000,0
RLC,04/19/2004,1.8,1.8,1.78,1.78,79000,0
RLC,04/20/2004,1.78,1.78,1.78,1.78,22000,0
RLC,04/21/2004,1.8,1.8,1.78,1.78,307000,0
RLC,04/22/2004,1.8,1.8,1.8,1.8,20000,0
RLC,04/23/2004,1.78,1.8,1.78,1.8,19000,0
RLC,04/27/2004,1.84,1.88,1.84,1.88,40000,0
RLC,04/28/2004,1.84,1.84,1.84,1.84,24000,0
RLC,04/29/2004,1.84,1.84,1.84,1.84,35000,0
RLC,05/26/2004,1.78,1.78,1.78,1.78,25000,0
RLC,06/01/2004,1.78,1.78,1.78,1.78,20000,0
RLC,06/02/2004,1.78,1.78,1.78,1.78,40000,0
RLC,06/03/2004,1.78,1.78,1.78,1.78,50000,0
RLC,06/07/2004,1.78,1.78,1.78,1.78,120000,0
RLC,06/08/2004,1.8,1.8,1.8,1.8,20000,0
RLC,06/09/2004,1.8,1.8,1.8,1.8,5000,0
RLC,06/10/2004,1.8,1.8,1.8,1.8,7000,0
RLC,06/14/2004,1.78,1.78,1.78,1.78,10000,0
RLC,06/18/2004,1.78,1.78,1.78,1.78,18000,0
RLC,06/24/2004,1.78,1.78,1.78,1.78,4000,0
RLC,07/02/2004,1.82,1.84,1.82,1.84,40000,0
RLC,07/14/2004,1.86,1.86,1.86,1.86,10000,0
RLC,07/15/2004,1.86,1.88,1.86,1.88,48000,0
RLC,07/21/2004,1.88,1.88,1.88,1.88,70000,0
RLC,07/22/2004,1.88,1.88,1.88,1.88,25000,0
RLC,07/23/2004,1.88,1.88,1.88,1.88,5000,0
RLC,07/26/2004,1.86,1.86,1.86,1.86,3000,0
RLC,07/28/2004,1.9,1.9,1.9,1.9,20000,0
RLC,07/30/2004,1.88,1.88,1.88,1.88,1000,0
RLC,08/04/2004,1.88,1.88,1.88,1.88,1000,0
RLC,08/06/2004,2.0,2.0,2.0,2.0,10000,0
RLC,08/12/2004,1.92,1.92,1.92,1.92,30000,0
RLC,08/20/2004,1.92,1.92,1.92,1.92,9000,0
RLC,09/09/2004,2.02,2.02,2.0,2.0,91000,0
RLC,09/10/2004,2.0,2.0,2.0,2.0,69000,0
RLC,09/14/2004,1.98,1.98,1.98,1.98,2000,0
RLC,09/16/2004,1.94,2.0,1.94,2.0,45000,0
RLC,09/20/2004,1.92,1.92,1.92,1.92,86000,0
RLC,09/22/2004,1.94,2.0,1.94,2.0,59000,0
RLC,09/24/2004,2.0,2.0,2.0,2.0,50000,0
RLC,09/28/2004,2.0,2.0,2.0,2.0,10000,0
RLC,09/29/2004,2.0,2.0,1.96,1.98,216000,0
RLC,09/30/2004,1.96,1.96,1.96,1.96,2000,0
RLC,10/01/2004,1.98,1.98,1.98,1.98,15000,0
RLC,10/04/2004,2.0,2.08,2.0,2.08,633000,0
RLC,10/05/2004,2.1,2.14,2.1,2.14,68000,0
RLC,10/06/2004,2.08,2.12,2.08,2.1,147000,0
RLC,10/07/2004,2.1,2.14,2.1,2.14,251000,0
RLC,10/08/2004,2.18,2.3,2.18,2.22,324000,0
RLC,10/11/2004,2.2,2.2,2.16,2.16,244000,0
RLC,10/12/2004,2.1,2.1,2.1,2.1,75000,0
RLC,10/14/2004,2.1,2.1,2.1,2.1,35000,0
RLC,10/15/2004,2.1,2.1,2.1,2.1,1000,0
RLC,10/18/2004,2.1,2.1,2.1,2.1,51000,0
RLC,10/26/2004,2.08,2.08,2.08,2.08,50000,0
RLC,10/27/2004,2.1,2.1,2.08,2.08,65000,0
RLC,10/28/2004,2.06,2.06,2.06,2.06,5000,0
RLC,10/29/2004,2.08,2.08,2.06,2.06,67000,0
RLC,11/02/2004,2.06,2.06,2.06,2.06,21000,0
RLC,11/08/2004,2.04,2.04,2.04,2.04,80000,0
RLC,11/09/2004,2.04,2.04,2.04,2.04,63000,0
RLC,11/12/2004,2.06,2.06,2.06,2.06,91000,0
RLC,11/16/2004,2.08,2.08,2.08,2.08,10000,0
RLC,11/17/2004,2.1,2.2,2.1,2.1,157000,0
RLC,11/18/2004,2.1,2.1,2.1,2.1,77000,0
RLC,11/19/2004,2.1,2.12,2.1,2.12,89000,0
RLC,11/23/2004,2.1,2.1,2.1,2.1,3000,0
RLC,11/24/2004,2.1,2.1,2.1,2.1,2000,0
RLC,11/25/2004,2.16,2.16,2.16,2.16,2000,0
RLC,11/26/2004,2.2,2.36,2.2,2.3,310000,0
RLC,11/30/2004,2.3,2.5,2.3,2.46,371000,0
RLC,12/06/2004,2.3,2.3,2.3,2.3,10000,0
RLC,12/07/2004,2.3,2.3,2.3,2.3,11000,0
RLC,12/08/2004,2.3,2.3,2.3,2.3,61000,0
RLC,12/09/2004,2.3,2.3,2.3,2.3,20000,0
RLC,12/10/2004,2.3,2.3,2.3,2.3,100000,0
RLC,12/16/2004,2.3,2.4,2.3,2.4,30000,0
RLC,12/20/2004,2.3,2.4,2.3,2.4,69000,0
RLC,12/21/2004,2.48,2.48,2.48,2.48,20000,0
RLC,12/22/2004,2.3,2.3,2.3,2.3,10000,0
RLC,12/29/2004,2.4,2.4,2.4,2.4,12000,0
RLC,01/04/2005,2.44,2.44,2.44,2.44,210000,0
RLC,01/06/2005,2.44,2.48,2.44,2.48,13000,0
RLC,01/11/2005,2.4,2.4,2.4,2.4,100000,0
RLC,01/13/2005,2.4,2.4,2.4,2.4,30000,0
RLC,01/17/2005,2.4,2.42,2.4,2.42,72000,0
RLC,01/19/2005,2.44,2.5,2.44,2.48,126000,0
RLC,01/20/2005,2.44,2.46,2.44,2.46,51000,0
RLC,01/21/2005,2.46,2.48,2.46,2.48,60000,0
RLC,01/24/2005,2.6,2.6,2.6,2.6,10000,0
RLC,01/25/2005,2.6,2.6,2.6,2.6,60000,0
RLC,01/27/2005,2.44,2.44,2.44,2.44,120000,0
RLC,01/28/2005,2.6,2.6,2.6,2.6,15000,0
RLC,01/31/2005,2.6,2.6,2.6,2.6,209000,0
RLC,02/01/2005,2.6,2.65,2.6,2.65,30000,0
RLC,02/02/2005,2.6,2.6,2.6,2.6,10000,0
RLC,02/03/2005,2.7,2.7,2.7,2.7,35000,0
RLC,02/04/2005,2.6,2.6,2.6,2.6,1000,0
RLC,02/07/2005,2.6,2.6,2.6,2.6,115000,0
RLC,02/08/2005,2.7,2.7,2.7,2.7,1000,0
RLC,02/10/2005,2.8,2.8,2.8,2.8,15000,0
RLC,02/11/2005,2.75,2.75,2.75,2.75,4000,0
RLC,02/14/2005,2.95,2.95,2.95,2.95,202000,0
RLC,02/16/2005,2.95,2.95,2.85,2.85,108000,0
RLC,02/17/2005,2.95,2.95,2.95,2.95,90000,0
RLC,02/18/2005,2.85,2.95,2.85,2.95,70000,0
RLC,02/21/2005,2.8,2.8,2.8,2.8,31000,0
RLC,02/22/2005,2.8,2.8,2.8,2.8,18000,0
RLC,02/24/2005,2.9,2.95,2.9,2.95,12000,0
RLC,03/02/2005,2.95,2.95,2.95,2.95,6000,0
RLC,03/03/2005,2.95,3.0,2.95,3.0,143000,0
RLC,03/04/2005,3.0,3.15,3.0,3.15,766000,0
RLC,03/07/2005,3.1,3.25,3.1,3.2,468000,0
RLC,03/08/2005,3.25,3.75,3.25,3.75,457000,0
RLC,03/09/2005,3.75,3.8,3.75,3.8,357000,0
RLC,03/10/2005,3.85,4.4,3.85,4.4,1612000,0
RLC,03/11/2005,4.4,5.1,4.15,5.0,3376000,0
RLC,03/14/2005,4.9,4.9,4.7,4.75,334000,0
RLC,03/15/2005,4.7,4.75,4.7,4.75,563000,0
RLC,03/16/2005,4.5,4.95,4.5,4.9,1034000,0
RLC,03/17/2005,4.9,4.95,4.9,4.95,304000,0
RLC,03/18/2005,4.8,4.8,4.8,4.8,10000,0
RLC,03/21/2005,4.85,4.85,4.85,4.85,692000,0
RLC,03/22/2005,4.85,4.85,4.65,4.65,950000,0
RLC,03/28/2005,4.65,4.65,4.65,4.65,121000,0
RLC,03/29/2005,4.55,4.6,4.55,4.6,130000,0
RLC,03/30/2005,4.5,4.75,4.3,4.75,890000,0
RLC,03/31/2005,4.8,4.85,4.8,4.85,255000,0
RLC,04/01/2005,4.85,4.85,4.85,4.85,117000,0
RLC,04/04/2005,4.85,5.1,4.85,5.1,2283000,0
RLC,04/05/2005,5.0,5.1,4.9,4.9,351000,0
RLC,04/06/2005,4.9,4.9,4.85,4.9,926000,0
RLC,04/07/2005,4.85,4.85,4.75,4.8,790000,0
RLC,04/08/2005,4.8,4.9,4.8,4.9,1530000,0
RLC,04/12/2005,4.7,4.7,4.5,4.5,12000,0
RLC,04/13/2005,4.5,4.75,4.5,4.75,26000,0
RLC,04/14/2005,4.5,4.8,4.5,4.8,416000,0
RLC,04/18/2005,4.55,4.6,4.55,4.6,599000,0
RLC,04/19/2005,4.55,4.55,4.55,4.55,50000,0
RLC,04/20/2005,4.5,4.6,4.5,4.6,111000,0
RLC,04/21/2005,4.5,4.55,4.5,4.55,235000,0
RLC,04/22/2005,4.55,4.6,4.55,4.6,670000,0
RLC,04/25/2005,4.5,4.55,4.5,4.55,500000,0
RLC,04/27/2005,4.55,4.55,4.55,4.55,1518000,0
RLC,04/28/2005,4.55,4.55,4.55,4.55,257000,0
RLC,04/29/2005,4.55,4.55,4.55,4.55,40000,0
RLC,05/03/2005,4.6,4.75,4.6,4.75,126000,0
RLC,05/04/2005,4.65,4.8,4.65,4.8,74000,0
RLC,05/05/2005,4.85,5.0,4.85,5.0,545000,0
RLC,05/06/2005,5.1,5.3,4.95,5.0,600000,0
RLC,05/09/2005,5.0,5.2,5.0,5.2,564000,0
RLC,05/10/2005,4.85,4.85,4.85,4.85,2000,0
RLC,05/11/2005,4.9,5.0,4.9,5.0,382000,0
RLC,05/12/2005,5.0,5.1,5.0,5.1,653000,0
RLC,05/13/2005,5.0,5.0,5.0,5.0,130000,0
RLC,05/16/2005,4.95,4.95,4.95,4.95,64000,0
RLC,05/17/2005,5.0,5.0,5.0,5.0,1010000,0
RLC,05/20/2005,4.9,4.9,4.85,4.85,1808000,0
RLC,05/23/2005,4.85,4.85,4.85,4.85,3000,0
RLC,05/24/2005,4.9,4.9,4.9,4.9,10000,0
RLC,05/25/2005,4.85,4.85,4.85,4.85,1906000,0
RLC,05/31/2005,4.85,4.85,4.85,4.85,146000,0
RLC,06/01/2005,4.85,4.85,4.85,4.85,9000,0
RLC,06/02/2005,4.85,4.85,4.85,4.85,66000,0
RLC,06/07/2005,4.85,4.85,4.85,4.85,2000,0
RLC,06/08/2005,4.85,4.85,4.85,4.85,10000,0
RLC,06/09/2005,4.6,4.6,4.6,4.6,1000,0
RLC,06/10/2005,4.6,4.6,4.55,4.55,71000,0
RLC,06/15/2005,4.55,4.6,4.55,4.6,24000,0
RLC,06/16/2005,4.6,4.8,4.6,4.8,33000,0
RLC,06/17/2005,4.85,4.85,4.85,4.85,55000,0
RLC,06/21/2005,4.55,4.55,4.55,4.55,1000,0
RLC,06/24/2005,4.55,4.55,4.55,4.55,2000,0
RLC,06/30/2005,4.2,4.2,4.2,4.2,50000,0
RLC,07/01/2005,4.25,4.25,4.25,4.25,10000,0
RLC,07/05/2005,4.2,4.4,4.2,4.4,102000,0
RLC,07/08/2005,4.3,4.3,4.3,4.3,2000,0
RLC,07/18/2005,4.2,4.25,4.2,4.25,3000,0
RLC,07/21/2005,4.25,4.25,4.2,4.25,157000,0
RLC,07/22/2005,4.25,4.25,4.25,4.25,10000,0
RLC,07/29/2005,4.25,4.25,4.25,4.25,20000,0
RLC,08/03/2005,4.4,4.4,4.4,4.4,10000,0
RLC,08/12/2005,4.4,4.4,4.4,4.4,11000,0
RLC,08/15/2005,4.25,4.25,4.25,4.25,140000,0
RLC,08/16/2005,4.1,4.2,4.1,4.2,34000,0
RLC,08/18/2005,4.2,4.2,4.2,4.2,50000,0
RLC,08/19/2005,4.05,4.05,4.05,4.05,10000,0
RLC,08/22/2005,4.05,4.05,4.05,4.05,40000,0
RLC,08/23/2005,4.05,4.05,4.05,4.05,10000,0
RLC,08/24/2005,4.0,4.0,3.95,3.95,30000,0
RLC,08/25/2005,3.95,4.0,3.95,4.0,9000,0
RLC,08/30/2005,4.0,4.0,4.0,4.0,26000,0
RLC,08/31/2005,4.05,4.05,4.0,4.0,15000,0
RLC,09/01/2005,4.0,4.0,4.0,4.0,107000,0
RLC,09/02/2005,3.95,3.95,3.95,3.95,1000,0
RLC,09/05/2005,4.0,4.0,3.95,3.95,20000,0
RLC,09/06/2005,4.0,4.1,4.0,4.1,42000,0
RLC,09/07/2005,4.1,4.1,4.1,4.1,208000,0
RLC,09/09/2005,4.25,4.3,4.25,4.3,28000,0
RLC,09/12/2005,4.3,4.6,4.3,4.5,190000,0
RLC,09/13/2005,4.55,4.65,4.55,4.65,3994000,0
RLC,09/14/2005,4.65,4.65,4.6,4.65,4422000,0
RLC,09/15/2005,4.65,4.8,4.65,4.8,1929000,0
RLC,09/16/2005,4.8,4.95,4.8,4.9,5871000,0
RLC,09/19/2005,4.95,5.2,4.95,5.1,1164000,0
RLC,09/20/2005,5.0,5.0,4.95,4.95,474000,0
RLC,09/21/2005,4.95,5.2,4.95,5.2,3142000,0
RLC,09/22/2005,5.2,5.2,5.1,5.2,551000,0
RLC,09/23/2005,5.2,5.2,5.2,5.2,1470000,0
RLC,09/26/2005,5.2,5.2,5.2,5.2,1005000,0
RLC,09/27/2005,5.1,5.2,5.1,5.2,1841000,0
RLC,09/28/2005,5.2,5.2,5.1,5.2,942000,0
RLC,09/29/2005,5.2,5.2,5.1,5.2,2784000,0
RLC,09/30/2005,5.2,5.2,5.1,5.1,1789000,0
RLC,10/04/2005,5.0,5.1,5.0,5.1,1370000,0
RLC,10/05/2005,5.0,5.0,5.0,5.0,1465000,0
RLC,10/06/2005,5.0,5.0,5.0,5.0,1530000,0
RLC,10/10/2005,5.1,5.5,5.1,5.5,2264000,0
RLC,10/11/2005,5.5,5.7,5.4,5.6,493000,0
RLC,10/12/2005,5.6,5.7,5.6,5.7,147000,0
RLC,10/13/2005,5.7,5.7,5.7,5.7,112000,0
RLC,10/14/2005,5.7,5.7,5.7,5.7,387000,0
RLC,10/17/2005,5.7,5.7,5.7,5.7,562000,0
RLC,10/18/2005,5.7,6.0,5.7,6.0,1017000,0
RLC,10/19/2005,5.9,5.9,5.8,5.9,420000,0
RLC,10/20/2005,5.9,5.9,5.9,5.9,505000,0
RLC,10/21/2005,5.8,5.9,5.8,5.9,440000,0
RLC,10/24/2005,5.8,5.8,5.8,5.8,913000,0
RLC,10/25/2005,5.8,5.8,5.8,5.8,111000,0
RLC,10/26/2005,5.8,5.8,5.8,5.8,600000,0
RLC,10/27/2005,5.7,5.8,5.7,5.8,540000,0
RLC,11/02/2005,5.8,6.0,5.8,6.0,759000,0
RLC,11/07/2005,6.0,6.0,5.8,5.9,100000,0
RLC,11/08/2005,6.0,6.0,6.0,6.0,458000,0
RLC,11/09/2005,6.0,6.2,6.0,6.2,1279000,0
RLC,11/10/2005,6.2,6.3,6.2,6.3,197000,0
RLC,11/11/2005,6.2,6.2,6.2,6.2,10000,0
RLC,11/14/2005,6.2,6.2,6.2,6.2,430000,0
RLC,11/15/2005,6.2,6.2,6.2,6.2,450000,0
RLC,11/17/2005,6.1,6.1,6.1,6.1,2000,0
RLC,11/18/2005,6.2,6.2,6.2,6.2,6000,0
RLC,11/21/2005,6.1,6.2,6.1,6.1,532000,0
RLC,11/22/2005,6.1,6.2,6.1,6.2,639000,0
RLC,11/23/2005,6.1,6.1,6.1,6.1,44000,0
RLC,11/24/2005,6.2,6.2,6.1,6.2,291000,0
RLC,11/25/2005,6.1,6.1,6.0,6.1,793000,0
RLC,11/29/2005,6.1,6.1,6.1,6.1,1000000,0
RLC,11/30/2005,6.0,6.0,6.0,6.0,290000,0
RLC,12/01/2005,6.1,6.1,6.0,6.0,43000,0
RLC,12/02/2005,6.0,6.0,6.0,6.0,128000,0
RLC,12/05/2005,6.0,6.0,6.0,6.0,2000,0
RLC,12/06/2005,5.9,5.9,5.8,5.9,540000,0
RLC,12/08/2005,5.9,5.9,5.9,5.9,23000,0
RLC,12/09/2005,5.8,5.8,5.8,5.8,201000,0
RLC,12/12/2005,5.8,5.8,5.8,5.8,136000,0
RLC,12/13/2005,5.7,5.7,5.7,5.7,276000,0
RLC,12/15/2005,5.7,5.7,5.7,5.7,50000,0
RLC,12/16/2005,5.8,5.8,5.8,5.8,50000,0
RLC,12/19/2005,5.7,5.7,5.7,5.7,185000,0
RLC,12/20/2005,5.7,5.7,5.7,5.7,90000,0
RLC,12/21/2005,5.7,5.7,5.7,5.7,20000,0
RLC,12/22/2005,5.7,5.7,5.7,5.7,2000,0
RLC,12/23/2005,5.6,5.6,5.6,5.6,9000,0
RLC,12/27/2005,5.7,5.7,5.7,5.7,20000,0
RLC,12/28/2005,5.7,5.7,5.7,5.7,23000,0
RLC,12/29/2005,5.7,5.7,5.7,5.7,83000,0
RLC,01/02/2006,5.7,5.7,5.7,5.7,3000,0
RLC,01/03/2006,5.7,5.7,5.7,5.7,66000,0
RLC,01/04/2006,5.8,5.8,5.8,5.8,5000,0
RLC,01/05/2006,5.8,5.9,5.8,5.9,73000,0
RLC,01/09/2006,6.0,6.0,6.0,6.0,5000,0
RLC,01/10/2006,6.1,6.1,6.1,6.1,3000,0
RLC,01/12/2006,6.1,6.1,6.1,6.1,5000,0
RLC,01/13/2006,6.1,6.1,6.0,6.0,160000,0
RLC,01/16/2006,6.1,6.1,6.1,6.1,1090000,0
RLC,01/17/2006,6.0,6.0,6.0,6.0,20000,0
RLC,01/18/2006,6.0,6.1,5.9,5.9,141000,0
RLC,01/19/2006,6.0,6.0,5.9,6.0,45000,0
RLC,01/23/2006,5.8,6.0,5.8,6.0,16000,0
RLC,01/24/2006,5.8,5.9,5.8,5.9,18000,0
RLC,01/25/2006,6.0,6.0,6.0,6.0,95000,0
RLC,01/26/2006,6.0,6.0,6.0,6.0,22000,0
RLC,01/31/2006,6.0,6.0,6.0,6.0,21000,0
RLC,02/01/2006,6.0,6.0,6.0,6.0,71000,0
RLC,02/03/2006,6.1,6.1,6.1,6.1,81000,0
RLC,02/06/2006,6.1,6.2,6.1,6.1,216000,0
RLC,02/07/2006,6.1,6.1,6.0,6.0,124000,0
RLC,02/09/2006,6.0,6.0,6.0,6.0,21000,0
RLC,02/10/2006,6.0,6.0,6.0,6.0,1000,0
RLC,02/13/2006,6.0,6.0,6.0,6.0,41000,0
RLC,02/14/2006,6.1,6.1,6.1,6.1,54000,0
RLC,02/15/2006,6.2,6.7,6.2,6.7,244000,0
RLC,02/16/2006,6.6,6.6,6.4,6.5,40000,0
RLC,02/17/2006,6.6,6.6,6.5,6.5,86000,0
RLC,02/20/2006,6.3,6.4,6.3,6.4,108000,0
RLC,02/21/2006,6.3,6.5,6.3,6.5,302000,0
RLC,02/23/2006,6.5,6.5,6.5,6.5,2000,0
RLC,02/24/2006,6.5,6.5,6.3,6.4,79000,0
RLC,02/27/2006,6.3,6.5,6.3,6.5,21000,0
RLC,02/28/2006,6.5,6.5,6.5,6.5,22000,0
RLC,03/01/2006,6.5,6.5,6.5,6.5,12000,0
RLC,03/02/2006,6.5,6.6,6.5,6.6,12000,0
RLC,03/03/2006,6.5,6.8,6.5,6.8,34000,0
RLC,03/06/2006,6.8,6.8,6.8,6.8,29000,0
RLC,03/08/2006,6.6,6.6,6.6,6.6,10000,0
RLC,03/14/2006,6.7,6.7,6.7,6.7,1000000,0
RLC,03/15/2006,6.7,6.8,6.7,6.8,34000,0
RLC,03/16/2006,6.8,6.8,6.7,6.7,3004000,0
RLC,03/17/2006,6.6,6.7,6.6,6.6,335000,0
RLC,03/21/2006,6.7,7.1,6.7,6.9,710000,0
RLC,03/22/2006,6.9,7.6,6.9,7.5,1565000,0
RLC,03/23/2006,7.6,7.8,7.6,7.8,1250000,0
RLC,03/24/2006,7.8,8.1,7.8,8.1,2274000,0
RLC,03/27/2006,8.1,8.1,8.0,8.0,559000,0
RLC,03/28/2006,8.0,8.0,8.0,8.0,303000,0
RLC,03/29/2006,8.0,8.0,8.0,8.0,287000,0
RLC,03/30/2006,8.0,8.0,8.0,8.0,999000,0
RLC,03/31/2006,8.0,8.0,7.9,7.9,437000,0
RLC,04/03/2006,8.0,8.0,8.0,8.0,1000,0
RLC,04/04/2006,8.0,8.0,8.0,8.0,23000,0
RLC,04/05/2006,7.9,8.1,7.9,8.1,442000,0
RLC,04/06/2006,8.1,8.3,8.0,8.1,423000,0
RLC,04/07/2006,8.1,8.1,8.1,8.1,15000,0
RLC,04/10/2006,8.2,8.3,8.2,8.2,83000,0
RLC,04/11/2006,8.3,8.4,8.3,8.3,1033000,0
RLC,04/12/2006,8.4,8.4,8.4,8.4,14000,0
RLC,04/17/2006,8.4,8.4,8.4,8.4,478000,0
RLC,04/18/2006,8.5,8.6,8.4,8.4,899000,0
RLC,04/19/2006,8.6,8.8,8.6,8.8,1206000,0
RLC,04/20/2006,8.9,9.1,8.9,9.1,359000,0
RLC,04/21/2006,9.1,9.2,9.1,9.2,223000,0
RLC,04/24/2006,9.3,9.6,9.3,9.5,303000,0
RLC,04/25/2006,9.5,9.6,9.3,9.5,455000,0
RLC,04/26/2006,9.6,9.6,9.6,9.6,30000,0
RLC,04/27/2006,9.6,9.7,9.5,9.5,145000,0
RLC,04/28/2006,9.5,9.9,9.5,9.9,422000,0
RLC,05/02/2006,9.9,11.25,9.9,10.75,736000,0
RLC,05/03/2006,10.75,11.5,10.75,11.25,438600,0
RLC,05/04/2006,11.0,11.25,10.75,10.75,1106200,0
RLC,05/05/2006,11.0,11.25,11.0,11.25,695200,0
RLC,05/08/2006,11.25,12.0,11.25,12.0,1552300,0
RLC,05/09/2006,11.75,11.75,11.0,11.5,629900,0
RLC,05/10/2006,11.5,11.75,11.5,11.5,70600,0
RLC,05/11/2006,11.75,12.0,11.75,12.0,372000,0
RLC,05/12/2006,11.75,12.75,11.75,12.5,947200,0
RLC,05/15/2006,12.0,12.5,12.0,12.25,1729500,0
RLC,05/16/2006,12.25,12.25,11.75,11.75,380300,0
RLC,05/17/2006,11.5,11.75,11.5,11.75,36000,0
RLC,05/18/2006,11.5,11.5,11.0,11.0,461100,0
RLC,05/19/2006,11.0,11.25,11.0,11.25,11400,0
RLC,05/22/2006,11.0,11.0,11.0,11.0,24000,0
RLC,05/23/2006,10.75,11.0,10.75,11.0,366200,0
RLC,05/24/2006,11.0,11.0,11.0,11.0,39000,0
RLC,05/25/2006,10.75,10.75,10.5,10.5,979000,0
RLC,05/26/2006,10.5,11.0,10.5,11.0,67000,0
RLC,05/29/2006,11.0,11.0,11.0,11.0,281300,0
RLC,05/30/2006,11.0,11.0,11.0,11.0,22200,0
RLC,05/31/2006,11.0,11.0,11.0,11.0,89000,0
RLC,06/02/2006,11.25,11.5,11.25,11.5,77600,0
RLC,06/05/2006,11.75,11.75,11.5,11.5,14200,0
RLC,06/06/2006,11.75,11.75,11.75,11.75,1000,0
RLC,06/07/2006,11.5,11.5,11.25,11.25,155700,0
RLC,06/08/2006,11.25,11.25,10.5,10.75,584600,0
RLC,06/09/2006,11.0,11.0,10.75,10.75,479700,0
RLC,06/13/2006,10.75,10.75,10.5,10.5,229500,0
RLC,06/14/2006,10.0,10.0,9.8,9.9,478000,0
RLC,06/15/2006,9.8,9.8,9.8,9.8,4000,0
RLC,06/16/2006,10.0,10.0,10.0,10.0,46000,0
RLC,06/19/2006,10.25,10.25,10.0,10.0,262000,0
RLC,06/20/2006,10.0,10.0,10.0,10.0,2000,0
RLC,06/21/2006,9.8,10.0,9.8,10.0,190000,0
RLC,06/22/2006,10.0,10.0,10.0,10.0,263000,0
RLC,06/23/2006,10.0,10.0,9.9,9.9,11000,0
RLC,06/26/2006,9.8,9.8,9.8,9.8,17000,0
RLC,06/27/2006,9.8,9.9,9.8,9.8,250000,0
RLC,06/28/2006,9.8,9.8,9.6,9.8,78000,0
RLC,06/29/2006,9.7,9.9,9.7,9.9,100000,0
RLC,06/30/2006,9.9,10.25,9.9,10.25,98000,0
RLC,07/03/2006,10.25,10.25,10.25,10.25,120300,0
RLC,07/04/2006,10.25,10.25,10.25,10.25,364500,0
RLC,07/05/2006,10.25,10.5,10.25,10.5,442200,0
RLC,07/06/2006,10.5,10.75,10.5,10.75,216500,0
RLC,07/07/2006,10.75,10.75,10.5,10.75,17900,0
RLC,07/10/2006,10.75,10.75,10.75,10.75,7400,0
RLC,07/11/2006,10.75,11.0,10.75,11.0,277000,0
RLC,07/12/2006,11.0,11.0,10.75,10.75,2700,0
RLC,07/13/2006,10.75,11.0,10.75,11.0,15100,0
RLC,07/14/2006,10.75,10.75,10.75,10.75,186600,0
RLC,07/17/2006,10.75,10.75,10.75,10.75,100,0
RLC,07/18/2006,10.75,10.75,10.75,10.75,23000,0
RLC,07/19/2006,10.75,10.75,10.5,10.5,35600,0
RLC,07/20/2006,10.75,10.75,10.75,10.75,91600,0
RLC,07/21/2006,10.75,10.75,10.5,10.75,276400,0
RLC,07/25/2006,10.75,10.75,10.75,10.75,30000,0
RLC,07/26/2006,10.75,10.75,10.75,10.75,21300,0
RLC,07/27/2006,11.0,11.25,11.0,11.0,262000,0
RLC,07/28/2006,11.0,11.25,11.0,11.25,45900,0
RLC,07/31/2006,11.25,11.5,11.25,11.5,84100,0
RLC,08/01/2006,11.5,11.5,11.5,11.5,191100,0
RLC,08/02/2006,11.5,11.5,11.25,11.25,75100,0
RLC,08/03/2006,11.25,11.5,11.25,11.5,83200,0
RLC,08/04/2006,11.5,11.5,11.25,11.25,157600,0
RLC,08/07/2006,11.25,11.25,11.25,11.25,5200,0
RLC,08/08/2006,11.5,12.25,11.5,12.25,922900,0
RLC,08/09/2006,12.0,12.0,11.75,12.0,317900,0
RLC,08/10/2006,11.75,11.75,11.75,11.75,1200,0
RLC,08/11/2006,11.75,11.75,11.5,11.75,85900,0
RLC,08/14/2006,11.75,11.75,11.75,11.75,32700,0
RLC,08/15/2006,11.75,11.75,11.75,11.75,35500,0
RLC,08/16/2006,12.0,12.0,11.75,12.0,233500,0
RLC,08/17/2006,12.0,12.0,11.75,11.75,125800,0
RLC,08/18/2006,11.75,12.0,11.75,12.0,812700,0
RLC,08/22/2006,12.0,12.25,12.0,12.25,291000,0
RLC,08/23/2006,12.25,12.25,12.0,12.0,33300,0
RLC,08/24/2006,12.25,12.25,12.0,12.0,342700,0
RLC,08/25/2006,12.0,12.25,12.0,12.25,123700,0
RLC,08/28/2006,12.25,12.75,12.25,12.5,2091600,0
RLC,08/29/2006,12.75,13.0,12.75,12.75,73600,0
RLC,08/30/2006,12.75,13.5,12.75,13.25,766300,0
RLC,08/31/2006,13.25,13.25,13.25,13.25,68100,0
RLC,09/01/2006,13.25,13.25,13.0,13.25,713500,0
RLC,09/04/2006,13.0,13.25,13.0,13.0,132900,0
RLC,09/05/2006,13.0,13.0,13.0,13.0,1256200,0
RLC,09/06/2006,13.0,13.25,12.75,13.0,1042200,0
RLC,09/07/2006,13.0,13.25,13.0,13.25,423600,0
RLC,09/08/2006,13.0,13.25,13.0,13.25,136700,0
RLC,09/11/2006,13.0,13.25,13.0,13.25,153000,0
RLC,09/12/2006,13.25,13.25,13.25,13.25,166100,0
RLC,09/13/2006,13.25,13.25,13.0,13.25,22400,0
RLC,09/14/2006,13.25,13.25,13.0,13.0,104200,0
RLC,09/15/2006,13.0,13.0,12.75,13.0,764400,0
RLC,09/18/2006,13.0,13.25,12.75,13.0,3867700,0
RLC,09/19/2006,13.0,13.25,13.0,13.0,2965000,0
RLC,09/20/2006,13.0,13.0,12.75,13.0,3218200,0
RLC,09/21/2006,13.0,13.0,12.75,13.0,2499500,0
RLC,09/22/2006,13.0,13.0,12.75,13.0,2664800,0
RLC,10/05/2006,12.5,14.0,12.5,14.0,23929400,0
RLC,10/06/2006,14.0,14.0,13.5,13.5,26528100,0
RLC,10/09/2006,13.5,13.5,13.25,13.5,1869200,0
RLC,10/10/2006,13.5,13.5,13.25,13.25,952800,0
RLC,10/11/2006,13.25,13.25,13.0,13.25,322700,0
RLC,10/12/2006,13.0,13.0,13.0,13.0,18130500,0
RLC,10/13/2006,13.0,13.0,13.0,13.0,6797200,0
RLC,10/16/2006,13.0,13.0,12.75,12.75,8855600,0
RLC,10/17/2006,12.75,13.0,12.75,13.0,6069900,0
RLC,10/18/2006,13.0,13.0,12.75,13.0,8226300,0
RLC,10/19/2006,13.25,13.25,13.0,13.0,2108500,0
RLC,10/20/2006,13.25,14.25,13.25,14.0,6690300,0
RLC,10/23/2006,14.0,14.5,14.0,14.25,3415900,0
RLC,10/25/2006,14.25,14.75,14.0,14.5,2462700,0
RLC,10/26/2006,14.75,15.25,14.75,15.25,1596400,0
RLC,10/27/2006,15.0,15.5,15.0,15.5,2629300,0
RLC,10/30/2006,15.5,15.5,15.0,15.25,4110400,0
RLC,10/31/2006,15.25,15.25,14.5,14.5,4816900,0
RLC,11/02/2006,14.25,14.5,14.25,14.5,3677700,0
RLC,11/03/2006,14.5,15.25,14.5,15.0,4762800,0
RLC,11/06/2006,15.0,15.5,15.0,15.5,2971700,0
RLC,11/07/2006,15.5,15.5,15.25,15.5,3336700,0
RLC,11/08/2006,15.25,15.25,14.5,15.25,1052800,0
RLC,11/09/2006,15.25,15.5,15.0,15.5,5495000,0
RLC,11/10/2006,15.5,15.5,15.25,15.5,1073600,0
RLC,11/13/2006,15.25,15.5,15.0,15.5,1472700,0
RLC,11/14/2006,15.5,15.5,15.0,15.5,668600,0
RLC,11/15/2006,15.5,15.5,15.0,15.0,1496900,0
RLC,11/16/2006,15.0,15.5,15.0,15.5,3043300,0
RLC,11/17/2006,15.25,15.75,15.25,15.75,3691600,0
RLC,11/20/2006,16.0,16.0,15.75,16.0,1011200,0
RLC,11/21/2006,16.0,16.0,15.75,16.0,9197900,0
RLC,11/22/2006,16.0,16.0,15.75,15.75,2770900,0
RLC,11/23/2006,15.75,16.0,15.5,16.0,627700,0
RLC,11/24/2006,16.0,16.0,15.5,15.75,252900,0
RLC,11/27/2006,16.0,16.0,15.5,15.75,1266400,0
RLC,11/28/2006,15.75,16.0,15.25,16.0,11811500,0
RLC,11/29/2006,15.75,16.0,15.75,16.0,7448900,0
RLC,11/30/2006,15.75,16.25,15.75,16.0,27890900,0
RLC,12/04/2006,16.0,16.25,16.0,16.0,1306900,0
RLC,12/05/2006,16.25,16.75,16.25,16.5,1549200,0
RLC,12/06/2006,16.5,16.5,16.25,16.5,227400,0
RLC,12/07/2006,16.25,16.5,16.25,16.25,13237100,0
RLC,12/08/2006,16.25,16.25,16.25,16.25,1925100,0
RLC,12/11/2006,16.25,16.75,16.25,16.5,1848000,0
RLC,12/12/2006,16.25,16.75,16.25,16.5,4200700,0
RLC,12/13/2006,16.25,16.5,16.0,16.0,1309300,0
RLC,12/14/2006,16.0,16.25,15.75,16.0,11157500,0
RLC,12/15/2006,15.75,16.0,15.75,15.75,4064000,0
RLC,12/18/2006,16.0,16.0,15.75,15.75,4162400,0
RLC,12/19/2006,15.75,15.75,15.5,15.5,4196300,0
RLC,12/20/2006,15.5,15.5,15.25,15.5,165600,0
RLC,12/21/2006,16.25,16.25,15.5,15.5,986500,0
RLC,12/22/2006,15.5,15.5,15.25,15.25,707300,0
RLC,12/27/2006,15.5,16.0,15.5,15.5,951700,0
RLC,12/28/2006,15.5,16.0,15.5,15.75,3850600,0
RLC,12/29/2006,16.0,16.25,15.75,16.25,2069200,0
RLC,01/02/2007,16.0,16.0,15.75,16.0,240400,0
RLC,01/03/2007,15.75,15.75,15.5,15.75,4263500,0
RLC,01/04/2007,15.75,15.75,15.75,15.75,1034400,0
RLC,01/05/2007,15.75,16.0,15.75,15.75,2318300,0
RLC,01/08/2007,15.75,15.75,15.25,15.5,387200,0
RLC,01/09/2007,15.5,15.5,15.25,15.25,550000,0
RLC,01/10/2007,15.25,15.25,15.0,15.0,717300,0
RLC,01/11/2007,15.0,15.25,15.0,15.25,11252100,0
RLC,01/12/2007,15.25,15.5,15.25,15.5,11136400,0
RLC,01/15/2007,15.5,15.5,15.5,15.5,4153700,0
RLC,01/16/2007,15.5,15.75,15.25,15.75,1418800,0
RLC,01/17/2007,15.75,15.75,15.25,15.5,13253200,0
RLC,01/18/2007,15.5,15.75,15.5,15.5,8892900,0
RLC,01/19/2007,15.5,15.5,15.25,15.25,3907600,0
RLC,01/22/2007,15.5,15.5,15.0,15.0,5829500,0
RLC,01/23/2007,15.0,15.0,14.75,15.0,1023200,0
RLC,01/24/2007,15.0,15.25,14.75,15.25,26846900,0
RLC,01/25/2007,16.0,16.5,16.0,16.25,12912600,0
RLC,01/26/2007,16.0,16.0,15.25,15.75,3195600,0
RLC,01/29/2007,15.75,16.0,15.75,15.75,1897400,0
RLC,01/30/2007,16.0,16.0,15.75,16.0,1858000,0
RLC,01/31/2007,16.0,16.25,15.75,16.25,1696900,0
RLC,02/01/2007,16.25,16.5,16.0,16.5,1921300,0
RLC,02/02/2007,16.5,18.0,16.5,17.75,12708400,0
RLC,02/05/2007,17.75,17.75,17.5,17.75,835400,0
RLC,02/06/2007,17.75,17.75,17.5,17.75,15389800,0
RLC,02/07/2007,17.5,17.75,17.5,17.5,1951800,0
RLC,02/08/2007,17.75,18.0,17.75,18.0,5793900,0
RLC,02/09/2007,18.0,18.25,17.5,17.75,2363600,0
RLC,02/12/2007,18.0,18.0,17.75,18.0,3114500,0
RLC,02/13/2007,18.25,18.5,18.0,18.25,8875700,0
RLC,02/14/2007,18.75,18.75,18.25,18.75,7861200,0
RLC,02/15/2007,19.0,20.5,19.0,19.75,1572600,0
RLC,02/16/2007,19.75,21.25,19.75,21.0,6055600,0
RLC,02/19/2007,21.0,21.0,21.0,21.0,5782400,0
RLC,02/20/2007,21.25,21.75,21.25,21.75,1147900,0
RLC,02/21/2007,22.0,23.0,22.0,22.75,363200,0
RLC,02/22/2007,22.75,23.0,22.25,23.0,5822900,0
RLC,02/23/2007,23.0,23.0,22.0,22.0,7371500,0
RLC,02/26/2007,22.0,22.0,20.5,20.75,4620700,0
RLC,02/27/2007,20.5,21.0,20.5,20.75,3111400,0
RLC,02/28/2007,19.5,19.5,18.0,18.5,8653900,0
RLC,03/01/2007,18.5,20.0,18.5,19.5,5491500,0
RLC,03/02/2007,19.25,19.5,19.0,19.25,4833500,0
RLC,03/05/2007,19.25,19.25,18.25,19.0,2799700,0
RLC,03/06/2007,19.0,19.0,17.75,18.25,4580700,0
RLC,03/07/2007,18.5,19.0,18.5,18.75,3759000,0
RLC,03/08/2007,19.0,19.0,18.75,18.75,6107400,0
RLC,03/09/2007,19.5,20.0,19.5,19.75,4195300,0
RLC,03/12/2007,20.0,20.0,19.5,19.75,5385000,0
RLC,03/13/2007,19.75,19.75,19.5,19.5,2329000,0
RLC,03/14/2007,18.75,18.75,18.25,18.25,799400,0
RLC,03/15/2007,19.0,19.0,18.25,18.5,4215100,0
RLC,03/16/2007,19.0,19.0,18.25,18.5,6914400,0
RLC,03/19/2007,18.5,18.5,18.25,18.5,1981100,0
RLC,03/20/2007,18.5,19.25,18.5,18.75,826300,0
RLC,03/21/2007,18.75,19.25,18.5,18.5,2106500,0
RLC,03/22/2007,18.5,19.0,18.5,18.75,3702100,0
RLC,03/23/2007,18.75,19.0,18.75,19.0,9204400,0
RLC,03/26/2007,19.0,20.5,19.0,20.5,2909400,0
RLC,03/27/2007,20.5,20.5,19.75,20.0,638600,0
RLC,03/28/2007,19.75,20.0,19.5,20.0,280800,0
RLC,03/29/2007,20.0,20.5,19.75,20.0,2491400,0
RLC,03/30/2007,20.0,20.0,19.0,19.5,1918800,0
RLC,04/02/2007,19.75,19.75,19.5,19.75,2126900,0
RLC,04/03/2007,19.75,20.0,19.5,19.75,1220800,0
RLC,04/04/2007,20.0,21.25,20.0,20.5,8769600,0
RLC,04/10/2007,20.5,20.5,20.25,20.25,2419700,0
RLC,04/11/2007,20.25,20.25,20.0,20.0,103000,0
RLC,04/12/2007,20.0,20.0,19.5,19.75,539100,0
RLC,04/13/2007,19.75,19.75,19.5,19.5,537500,0
RLC,04/16/2007,19.5,20.25,19.25,19.5,5387500,0
RLC,04/17/2007,20.0,20.0,19.25,19.5,6172100,0
RLC,04/18/2007,19.5,19.5,19.25,19.25,2220800,0
RLC,04/19/2007,19.0,19.25,18.75,19.0,1882000,0
RLC,04/20/2007,19.0,19.0,18.0,18.25,2591600,0
RLC,04/23/2007,19.0,19.0,17.75,17.75,4127900,0
RLC,04/24/2007,18.0,18.25,18.0,18.25,5121000,0
RLC,04/25/2007,18.25,18.5,18.0,18.25,2071500,0
RLC,04/26/2007,18.5,18.5,18.25,18.5,5266000,0
RLC,04/27/2007,18.5,18.5,18.25,18.5,7624100,0
RLC,04/30/2007,18.5,18.5,18.0,18.25,4613000,0
RLC,05/02/2007,18.25,18.25,17.75,18.0,8454500,0
RLC,05/03/2007,18.0,18.0,17.5,17.5,1366700,0
RLC,05/04/2007,17.5,17.5,17.25,17.5,397400,0
RLC,05/07/2007,17.5,17.75,17.5,17.5,893700,0
RLC,05/08/2007,17.5,17.75,17.5,17.75,5335200,0
RLC,05/09/2007,17.75,18.25,17.75,18.25,558700,0
RLC,05/10/2007,18.25,18.25,18.0,18.25,539900,0
RLC,05/11/2007,18.25,18.25,18.0,18.0,1064500,0
RLC,05/15/2007,18.0,19.0,18.0,19.0,2524900,0
RLC,05/16/2007,19.0,19.5,18.75,19.25,15170900,0
RLC,05/17/2007,19.25,19.25,19.0,19.0,13877000,0
RLC,05/18/2007,19.0,19.25,19.0,19.25,12223900,0
RLC,05/21/2007,19.25,19.25,19.0,19.25,10629900,0
RLC,05/22/2007,19.25,19.5,19.0,19.5,9531000,0
RLC,05/23/2007,19.5,20.25,19.5,20.0,15740800,0
RLC,05/24/2007,20.0,20.0,19.75,20.0,19044300,0
RLC,05/25/2007,19.75,20.0,19.5,20.0,10886400,0
RLC,05/28/2007,20.0,20.25,20.0,20.0,3390800,0
RLC,05/29/2007,20.0,20.25,19.75,20.0,6099400,0
RLC,05/30/2007,20.0,20.0,19.5,19.5,2866500,0
RLC,05/31/2007,19.5,20.25,19.5,20.0,5595400,0
RLC,06/01/2007,20.0,20.75,20.0,20.75,8399800,0
RLC,06/04/2007,20.75,20.75,20.25,20.5,5272100,0
RLC,06/05/2007,20.5,20.5,19.75,19.75,5780200,0
RLC,06/06/2007,19.75,20.0,19.75,20.0,172000,0
RLC,06/07/2007,20.0,20.0,19.75,19.75,866100,0
RLC,06/08/2007,19.75,19.75,19.25,19.5,3372700,0
RLC,06/12/2007,19.5,19.75,19.5,19.5,13277000,0
RLC,06/13/2007,19.5,19.5,19.25,19.5,2633000,0
RLC,06/14/2007,19.25,20.0,19.25,20.0,3540700,0
RLC,06/15/2007,20.25,21.0,20.25,21.0,6418800,0
RLC,06/18/2007,20.75,20.75,20.5,20.5,9384500,0
RLC,06/19/2007,20.5,20.5,20.25,20.25,9221300,0
RLC,06/20/2007,20.25,20.75,20.25,20.5,12820400,0
RLC,06/21/2007,20.5,22.0,20.5,21.5,3423200,0
RLC,06/22/2007,21.75,21.75,20.25,20.25,7520600,0
RLC,06/25/2007,20.5,20.5,20.0,20.25,923700,0
RLC,06/26/2007,20.0,20.0,20.0,20.0,355300,0
RLC,06/27/2007,20.0,20.0,19.0,19.25,507900,0
RLC,06/28/2007,19.5,19.5,19.5,19.5,2856500,0
RLC,06/29/2007,19.5,19.75,19.5,19.5,4517800,0
RLC,07/02/2007,19.5,20.0,19.5,19.5,1600300,0
RLC,07/03/2007,19.75,20.0,19.5,20.0,3010100,0
RLC,07/04/2007,20.0,21.0,20.0,21.0,3017600,0
RLC,07/05/2007,21.0,21.75,21.0,21.75,2512200,0
RLC,07/06/2007,21.75,21.75,21.0,21.25,6313700,0
RLC,07/09/2007,21.25,21.25,20.5,20.75,3645200,0
RLC,07/10/2007,20.5,20.5,20.0,20.25,4328300,0
RLC,07/11/2007,20.25,20.25,19.75,19.75,1298400,0
RLC,07/12/2007,19.75,20.25,19.75,20.0,8768600,0
RLC,07/13/2007,20.5,21.0,20.5,20.5,7100200,0
RLC,07/16/2007,20.5,20.5,19.75,19.75,3284200,0
RLC,07/17/2007,20.0,20.0,19.75,19.75,987700,0
RLC,07/18/2007,20.0,20.25,20.0,20.25,4598700,0
RLC,07/19/2007,20.0,20.0,19.75,20.0,494300,0
RLC,07/20/2007,20.0,20.25,19.75,20.0,10906500,0
RLC,07/23/2007,20.0,20.25,20.0,20.25,2086600,0
RLC,07/24/2007,20.5,20.5,19.75,19.75,1160600,0
RLC,07/25/2007,19.5,19.5,19.0,19.25,6270800,0
RLC,07/26/2007,19.5,19.5,19.0,19.25,1524400,0
RLC,07/27/2007,18.75,18.75,17.25,17.25,5496800,0
RLC,07/30/2007,17.0,17.5,16.75,17.5,3690000,0
RLC,07/31/2007,17.5,18.75,17.5,18.75,4599600,0
RLC,08/01/2007,18.25,19.0,18.0,18.75,5768800,0
RLC,08/02/2007,18.75,19.25,18.75,18.75,5023200,0
RLC,08/03/2007,18.75,18.75,18.25,18.5,5890300,0
RLC,08/06/2007,17.75,17.75,16.75,17.25,972000,0
RLC,08/07/2007,17.25,17.5,17.0,17.0,4501100,0
RLC,08/08/2007,17.0,17.75,17.0,17.75,9973200,0
RLC,08/09/2007,17.75,18.25,17.75,18.0,1734400,0
RLC,08/10/2007,17.0,17.5,17.0,17.5,518400,0
RLC,08/13/2007,17.75,18.0,17.25,17.75,3647100,0
RLC,08/14/2007,18.0,18.0,17.0,17.0,8424600,0
RLC,08/15/2007,16.75,16.75,15.25,16.0,8449500,0
RLC,08/16/2007,15.75,15.75,14.75,14.75,12173800,0
RLC,08/17/2007,15.0,15.0,14.5,14.75,4144800,0
RLC,08/21/2007,14.75,16.5,14.75,16.25,5804200,0
RLC,08/22/2007,16.5,17.0,15.75,17.0,2623200,0
RLC,08/23/2007,17.5,17.75,17.5,17.5,4799400,0
RLC,08/24/2007,17.5,17.75,17.5,17.5,3489400,0
RLC,08/28/2007,17.5,17.75,17.5,17.75,7566200,0
RLC,08/29/2007,17.25,17.25,16.75,17.0,4373200,0
RLC,08/30/2007,17.5,17.5,17.25,17.5,2844500,0
RLC,08/31/2007,17.25,18.0,17.25,18.0,723800,0
RLC,09/03/2007,18.0,18.5,18.0,18.5,208500,0
RLC,09/04/2007,18.25,18.75,18.25,18.75,1002700,0
RLC,09/05/2007,18.75,18.75,18.5,18.5,3525700,0
RLC,09/06/2007,18.0,18.0,17.75,18.0,1025000,0
RLC,09/07/2007,17.75,18.25,17.75,18.0,62800,0
RLC,09/10/2007,17.5,17.75,17.5,17.5,2310500,0
RLC,09/11/2007,17.5,17.5,17.5,17.5,271700,0
RLC,09/12/2007,17.5,17.75,17.5,17.75,1690500,0
RLC,09/13/2007,17.5,18.0,17.5,17.5,7422500,0
RLC,09/14/2007,18.0,18.0,17.25,17.25,685500,0
RLC,09/17/2007,17.0,17.25,17.0,17.25,799100,0
RLC,09/18/2007,17.25,17.25,16.5,16.75,1384500,0
RLC,09/19/2007,17.5,17.5,17.25,17.25,4334200,0
RLC,09/20/2007,17.25,17.25,17.0,17.25,21290600,0
RLC,09/21/2007,17.0,17.25,16.75,17.25,1977700,0
RLC,09/24/2007,17.25,17.25,17.0,17.0,3254200,0
RLC,09/25/2007,16.75,16.75,16.0,16.25,2114200,0
RLC,09/26/2007,16.25,16.25,16.0,16.25,1609000,0
RLC,09/27/2007,16.25,16.5,16.0,16.25,9989900,0
RLC,09/28/2007,16.5,16.5,16.0,16.5,9170600,0
RLC,10/01/2007,16.5,17.25,16.5,17.25,10772300,0
RLC,10/02/2007,17.75,18.25,17.75,18.0,21574700,0
RLC,10/03/2007,18.25,19.5,18.0,19.25,4192800,0
RLC,10/04/2007,18.75,19.0,18.75,18.75,5805100,0
RLC,10/05/2007,18.75,19.5,18.75,19.5,6595300,0
RLC,10/08/2007,19.75,20.25,19.75,20.0,4862000,0
RLC,10/09/2007,19.75,20.0,19.25,19.25,2945800,0
RLC,10/10/2007,19.5,19.75,19.25,19.25,2072800,0
RLC,10/11/2007,19.25,19.5,19.0,19.5,3155700,0
RLC,10/15/2007,19.75,21.0,19.75,21.0,7770200,0
RLC,10/16/2007,20.75,20.75,20.5,20.5,6502400,0
RLC,10/17/2007,20.5,21.25,20.5,21.0,8117000,0
RLC,10/18/2007,21.0,22.25,21.0,22.0,5161700,0
RLC,10/19/2007,21.75,21.75,21.25,21.25,1827200,0
RLC,10/22/2007,19.75,20.5,19.5,19.75,10106200,0
RLC,10/23/2007,20.0,20.5,20.0,20.25,784900,0
RLC,10/24/2007,20.25,20.25,20.0,20.25,68900,0
RLC,10/25/2007,20.0,20.25,20.0,20.0,2954300,0
RLC,10/26/2007,20.0,20.5,20.0,20.25,21700,0
RLC,10/30/2007,20.25,20.75,20.25,20.5,9808100,0
RLC,10/31/2007,20.5,20.75,20.5,20.75,2361500,0
RLC,11/05/2007,20.5,21.25,20.5,21.25,1464800,0
RLC,11/06/2007,20.75,21.0,20.75,20.75,2102100,0
RLC,11/07/2007,20.75,20.75,20.75,20.75,9829000,0
RLC,11/08/2007,20.25,20.25,19.75,20.0,2219100,0
RLC,11/09/2007,19.75,20.0,19.5,19.75,1945600,0
RLC,11/12/2007,19.5,19.5,18.75,19.0,189500,0
RLC,11/13/2007,19.0,19.0,18.25,18.5,3691700,0
RLC,11/14/2007,18.5,18.5,18.5,18.5,11779700,0
RLC,11/15/2007,18.5,18.5,18.5,18.5,1079500,0
RLC,11/16/2007,18.5,18.75,18.5,18.5,1186300,0
RLC,11/19/2007,18.5,18.75,18.5,18.5,4115400,0
RLC,11/20/2007,18.25,18.25,17.5,17.75,658100,0
RLC,11/21/2007,17.5,18.0,17.5,17.5,1352200,0
RLC,11/22/2007,17.25,17.5,17.0,17.5,2666600,0
RLC,11/23/2007,17.5,17.75,17.5,17.5,3077800,0
RLC,11/26/2007,17.75,18.0,17.75,18.0,272900,0
RLC,11/27/2007,18.5,18.5,18.0,18.25,2502900,0
RLC,11/28/2007,18.75,18.75,18.5,18.5,2951400,0
RLC,11/29/2007,18.5,18.75,18.0,18.25,4408100,0
RLC,12/03/2007,18.25,18.25,18.25,18.25,12802800,0
RLC,12/04/2007,18.25,18.5,18.25,18.25,2787800,0
RLC,12/05/2007,18.0,18.0,17.5,18.0,4451000,0
RLC,12/06/2007,18.5,18.5,18.0,18.0,8423700,0
RLC,12/07/2007,18.25,18.25,18.0,18.25,1587600,0
RLC,12/10/2007,18.25,18.25,17.75,17.75,3279600,0
RLC,12/11/2007,17.75,17.75,17.5,17.5,8570400,0
RLC,12/12/2007,17.0,17.0,16.25,16.5,6288400,0
RLC,12/13/2007,16.5,16.5,16.25,16.5,5836200,0
RLC,12/14/2007,16.25,16.25,15.5,15.75,8967400,0
RLC,12/17/2007,15.5,15.5,15.25,15.25,2788000,0
RLC,12/18/2007,15.25,15.75,14.75,15.5,1936600,0
RLC,12/19/2007,15.75,16.0,15.5,16.0,825100,0
RLC,12/20/2007,15.75,16.0,15.5,16.0,2031100,0
RLC,12/21/2007,16.0,16.0,16.0,16.0,2403000,0
RLC,12/26/2007,16.0,16.25,16.0,16.0,369500,0
RLC,12/27/2007,16.0,16.25,15.75,16.25,1684300,0
RLC,12/28/2007,16.25,16.5,16.0,16.5,2902000,0
RLC,01/02/2008,16.5,16.5,16.25,16.25,1469300,0
RLC,01/03/2008,16.25,16.25,15.75,16.0,99100,0
RLC,01/04/2008,16.0,16.0,15.75,16.0,8700,0
RLC,01/07/2008,16.0,16.0,15.25,15.75,1114500,0
RLC,01/08/2008,15.75,15.75,15.75,15.75,1124300,0
RLC,01/09/2008,15.5,15.5,15.25,15.5,3630200,0
RLC,01/10/2008,15.5,15.75,15.5,15.5,2999000,0
RLC,01/11/2008,15.5,15.5,15.0,15.25,7354300,0
RLC,01/14/2008,15.0,15.0,15.0,15.0,893400,0
RLC,01/15/2008,15.0,15.0,14.75,14.75,3020900,0
RLC,01/16/2008,14.75,14.75,14.0,14.25,831000,0
RLC,01/17/2008,14.25,14.25,13.25,13.5,1915100,0
RLC,01/18/2008,13.0,13.0,12.25,12.25,12176900,0
RLC,01/21/2008,12.5,12.5,12.0,12.0,8865000,0
RLC,01/22/2008,11.75,11.75,11.25,11.5,2823800,0
RLC,01/23/2008,12.0,12.5,11.75,12.25,4369400,0
RLC,01/24/2008,12.5,12.75,12.25,12.75,6023500,0
RLC,01/25/2008,13.0,14.0,13.0,13.75,5254600,0
RLC,01/28/2008,12.5,13.5,12.5,13.25,2069300,0
RLC,01/29/2008,13.5,13.75,13.25,13.5,2779800,0
RLC,01/30/2008,13.5,13.75,13.25,13.75,355600,0
RLC,01/31/2008,13.75,14.0,13.5,13.75,7004300,0
RLC,02/01/2008,13.5,14.5,13.5,14.25,1752800,0
RLC,02/04/2008,14.25,14.25,14.0,14.0,1098100,0
RLC,02/05/2008,14.0,14.0,13.75,14.0,800800,0
RLC,02/06/2008,13.0,14.0,13.0,14.0,96900,0
RLC,02/07/2008,14.0,14.0,13.75,14.0,62400,0
RLC,02/08/2008,13.75,14.0,13.75,14.0,40400,0
RLC,02/11/2008,14.0,14.0,14.0,14.0,1685000,0
RLC,02/12/2008,13.75,13.75,13.5,13.75,1891900,0
RLC,02/13/2008,13.75,13.75,13.5,13.5,560700,0
RLC,02/14/2008,13.5,13.5,13.0,13.25,3806600,0
RLC,02/15/2008,13.0,13.0,12.75,12.75,1665500,0
RLC,02/18/2008,12.5,12.5,12.25,12.25,1041400,0
RLC,02/19/2008,12.25,12.25,12.0,12.25,3675100,0
RLC,02/20/2008,12.0,12.25,11.5,11.75,7078800,0
RLC,02/21/2008,12.25,12.25,11.75,12.0,832100,0
RLC,02/22/2008,11.75,12.0,11.5,11.5,5858800,0
RLC,02/26/2008,11.5,12.0,11.25,11.5,3598300,0
RLC,02/27/2008,11.5,12.0,11.5,11.75,1133300,0
RLC,02/28/2008,11.75,12.0,11.5,11.75,2001500,0
RLC,02/29/2008,11.75,11.75,11.5,11.5,330700,0
RLC,03/03/2008,11.5,11.5,11.5,11.5,57000,0
RLC,03/04/2008,11.5,11.5,11.25,11.25,172100,0
RLC,03/05/2008,12.0,12.0,11.5,11.5,8600,0
RLC,03/06/2008,11.75,11.75,11.5,11.75,7090200,0
RLC,03/07/2008,11.5,11.75,11.25,11.25,5567300,0
RLC,03/10/2008,11.0,11.25,10.75,11.0,17281300,0
RLC,03/11/2008,10.75,11.0,10.75,10.75,7329400,0
RLC,03/12/2008,11.0,11.5,11.0,11.0,13966300,0
RLC,03/13/2008,10.5,10.75,10.5,10.75,2340300,0
RLC,03/14/2008,10.75,10.75,10.25,10.25,4396600,0
RLC,03/17/2008,10.0,10.0,9.6,9.7,399200,0
RLC,03/18/2008,9.4,9.7,9.3,9.6,564000,0
RLC,03/19/2008,9.6,9.9,9.6,9.9,13674000,0
RLC,03/24/2008,9.9,10.0,9.9,10.0,6028000,0
RLC,03/25/2008,10.0,10.0,10.0,10.0,7191000,0
RLC,03/26/2008,10.0,10.25,10.0,10.25,4175000,0
RLC,03/27/2008,10.25,10.25,10.0,10.25,1221700,0
RLC,03/28/2008,10.25,10.75,10.25,10.5,69800,0
RLC,03/31/2008,10.75,10.75,10.25,10.25,524700,0
RLC,04/01/2008,10.5,10.75,10.5,10.75,18023300,0
RLC,04/02/2008,10.75,11.25,10.75,11.0,2678900,0
RLC,04/03/2008,11.0,11.5,11.0,11.5,2032500,0
RLC,04/04/2008,11.25,11.25,11.0,11.25,8538400,0
RLC,04/08/2008,11.25,11.25,11.0,11.25,8343400,0
RLC,04/09/2008,11.0,11.25,11.0,11.25,404500,0
RLC,04/10/2008,11.25,11.25,10.75,11.0,561600,0
RLC,04/11/2008,10.75,10.75,10.5,10.75,20119400,0
RLC,04/14/2008,10.75,10.75,10.25,10.5,2009100,0
RLC,04/15/2008,10.5,10.5,10.5,10.5,2511800,0
RLC,04/16/2008,10.5,10.75,10.25,10.5,1190500,0
RLC,04/17/2008,11.25,11.25,10.5,10.5,5030600,0
RLC,04/18/2008,10.5,10.5,10.5,10.5,801200,0
RLC,04/21/2008,10.75,10.75,10.25,10.5,1038700,0
RLC,04/22/2008,10.5,10.5,10.25,10.5,1402200,0
RLC,04/23/2008,10.25,10.5,10.25,10.5,4722600,0
RLC,04/24/2008,10.5,10.75,10.5,10.75,2618600,0
RLC,04/25/2008,10.75,10.75,10.25,10.25,3082500,0
RLC,04/28/2008,10.25,10.5,10.25,10.25,8039500,0
RLC,04/29/2008,10.5,10.5,10.0,10.25,5365400,0
RLC,04/30/2008,10.25,10.75,10.25,10.75,11259000,0
RLC,05/02/2008,10.5,10.5,10.5,10.5,64000,0
RLC,05/05/2008,11.0,11.0,10.75,11.0,1332800,0
RLC,05/06/2008,10.75,11.0,10.5,10.75,2043200,0
RLC,05/07/2008,10.75,11.0,10.75,10.75,1449400,0
RLC,05/08/2008,10.75,11.0,10.5,11.0,1003300,0
RLC,05/09/2008,10.75,11.0,10.75,11.0,2099600,0
RLC,05/12/2008,11.0,11.25,11.0,11.25,856600,0
RLC,05/13/2008,11.25,11.25,11.0,11.25,1215400,0
RLC,05/14/2008,11.25,11.25,11.0,11.25,1341500,0
RLC,05/15/2008,11.25,11.25,11.0,11.0,1169700,0
RLC,05/16/2008,11.0,11.5,11.0,11.5,97600,0
RLC,05/19/2008,11.5,11.75,11.25,11.5,1537000,0
RLC,05/20/2008,11.75,12.0,11.5,12.0,132900,0
RLC,05/21/2008,11.5,11.75,11.25,11.25,277200,0
RLC,05/22/2008,11.5,11.5,11.25,11.25,274900,0
RLC,05/23/2008,11.0,11.25,11.0,11.25,97600,0
RLC,05/26/2008,11.25,11.25,11.0,11.25,373300,0
RLC,05/27/2008,11.0,11.25,11.0,11.25,100100,0
RLC,05/28/2008,11.0,11.0,11.0,11.0,86700,0
RLC,05/29/2008,11.0,11.0,10.5,10.5,1027300,0
RLC,05/30/2008,10.5,10.75,10.5,10.5,726200,0
RLC,06/02/2008,10.5,10.75,10.5,10.5,870900,0
RLC,06/03/2008,10.5,10.5,10.5,10.5,504200,0
RLC,06/04/2008,10.5,10.5,10.25,10.25,974500,0
RLC,06/05/2008,10.25,10.25,9.9,9.9,220600,0
RLC,06/06/2008,10.0,10.25,10.0,10.0,525000,0
RLC,06/10/2008,9.7,9.9,9.7,9.7,168000,0
RLC,06/11/2008,9.7,9.7,9.6,9.6,188000,0
RLC,06/12/2008,9.5,9.5,9.0,9.1,359000,0
RLC,06/13/2008,9.4,9.4,9.3,9.3,569000,0
RLC,06/16/2008,9.6,9.6,9.0,9.3,2703000,0
RLC,06/17/2008,9.3,9.3,9.1,9.2,938000,0
RLC,06/18/2008,9.1,9.2,9.1,9.2,445000,0
RLC,06/19/2008,9.0,9.0,8.8,8.8,329000,0
RLC,06/20/2008,8.8,8.8,8.7,8.8,1337000,0
RLC,06/23/2008,8.6,8.6,7.7,7.9,1553000,0
RLC,06/24/2008,8.0,8.3,8.0,8.0,1776000,0
RLC,06/25/2008,8.0,8.0,7.9,8.0,1717000,0
RLC,06/26/2008,7.9,7.9,7.8,7.8,989000,0
RLC,06/27/2008,7.7,7.7,7.4,7.5,102000,0
RLC,06/30/2008,7.4,7.7,7.4,7.4,4551000,0
RLC,07/01/2008,7.5,7.5,7.2,7.2,999000,0
RLC,07/02/2008,7.1,7.1,6.6,6.7,3719000,0
RLC,07/03/2008,6.3,6.3,6.0,6.1,7154000,0
RLC,07/04/2008,6.0,6.2,6.0,6.0,28832000,0
RLC,07/07/2008,6.0,6.5,6.0,6.5,16590000,0
RLC,07/08/2008,6.6,6.9,6.5,6.5,16580000,0
RLC,07/09/2008,6.8,6.9,6.6,6.8,1211000,0
RLC,07/10/2008,6.7,6.8,6.5,6.5,686000,0
RLC,07/11/2008,6.7,6.8,6.5,6.8,2200000,0
RLC,07/14/2008,6.6,6.9,6.6,6.7,553000,0
RLC,07/15/2008,6.6,6.7,6.5,6.7,506000,0
RLC,07/16/2008,6.5,6.6,6.3,6.3,3728000,0
RLC,07/17/2008,6.5,6.5,6.2,6.2,9838000,0
RLC,07/18/2008,6.3,6.4,6.1,6.1,2091000,0
RLC,07/21/2008,6.2,6.2,6.0,6.0,2329000,0
RLC,07/22/2008,6.1,6.3,6.1,6.3,4251000,0
RLC,07/23/2008,6.4,6.6,6.3,6.6,14347000,0
RLC,07/24/2008,6.6,7.2,6.6,7.1,12200000,0
RLC,07/25/2008,7.1,7.3,6.8,7.2,10338000,0
RLC,07/28/2008,7.2,7.5,7.2,7.5,3031000,0
RLC,07/29/2008,7.3,7.8,7.3,7.6,3713000,0
RLC,07/30/2008,7.8,7.9,7.6,7.7,1628000,0
RLC,07/31/2008,7.7,7.8,7.4,7.4,1763000,0
RLC,08/01/2008,7.3,7.4,7.3,7.3,1148000,0
RLC,08/04/2008,7.3,7.5,7.3,7.4,775000,0
RLC,08/05/2008,7.6,7.6,7.5,7.6,623000,0
RLC,08/06/2008,7.8,8.0,7.7,7.8,2441000,0
RLC,08/07/2008,7.8,7.9,7.7,7.8,5510000,0
RLC,08/08/2008,7.8,7.8,7.6,7.7,3059000,0
RLC,08/11/2008,7.9,8.0,7.8,8.0,5570000,0
RLC,08/12/2008,8.0,8.0,7.8,7.9,1417000,0
RLC,08/13/2008,7.7,7.8,7.7,7.7,590000,0
RLC,08/14/2008,7.6,7.7,7.6,7.7,2062000,0
RLC,08/15/2008,7.8,7.8,7.7,7.7,6140000,0
RLC,08/19/2008,7.6,7.6,7.4,7.5,543000,0
RLC,08/20/2008,7.5,7.6,7.5,7.5,3290000,0
RLC,08/21/2008,7.7,7.7,7.6,7.7,2876000,0
RLC,08/22/2008,7.5,7.7,7.5,7.7,121000,0
RLC,08/26/2008,7.6,7.6,7.5,7.6,3577000,0
RLC,08/27/2008,7.4,7.6,7.4,7.6,573000,0
RLC,08/28/2008,7.6,7.6,7.5,7.5,508000,0
RLC,08/29/2008,7.6,7.6,7.6,7.6,118000,0
RLC,09/01/2008,7.5,7.6,7.5,7.5,772000,0
RLC,09/02/2008,7.6,7.6,7.6,7.6,3106000,0
RLC,09/03/2008,7.6,7.6,7.5,7.5,316000,0
RLC,09/04/2008,7.5,7.7,7.5,7.7,5795000,0
RLC,09/05/2008,7.5,7.7,7.5,7.7,5748000,0
RLC,09/08/2008,7.8,7.9,7.8,7.8,2122000,0
RLC,09/09/2008,7.8,7.8,7.7,7.8,6213000,0
RLC,09/10/2008,7.8,7.8,7.7,7.7,11339000,0
RLC,09/11/2008,7.7,7.7,7.6,7.6,983000,0
RLC,09/12/2008,7.5,7.6,7.5,7.5,13970000,0
RLC,09/15/2008,7.4,7.5,7.3,7.3,3830000,0
RLC,09/16/2008,7.2,7.2,6.8,7.0,2304000,0
RLC,09/17/2008,7.0,7.2,7.0,7.2,6933000,0
RLC,09/18/2008,7.1,7.2,7.0,7.2,3750000,0
RLC,09/19/2008,7.3,7.5,7.3,7.5,3116000,0
RLC,09/22/2008,7.5,7.9,7.5,7.8,17152000,0
RLC,09/23/2008,7.6,7.7,7.6,7.7,1341000,0
RLC,09/24/2008,7.6,7.8,7.6,7.7,1668000,0
RLC,09/25/2008,7.7,7.8,7.7,7.8,590000,0
RLC,09/26/2008,7.9,7.9,7.8,7.8,557000,0
RLC,09/29/2008,7.9,7.9,7.8,7.8,2041000,0
RLC,09/30/2008,7.5,7.7,7.5,7.6,444000,0
RLC,10/02/2008,7.8,7.8,7.7,7.8,473000,0
RLC,10/03/2008,7.7,7.9,7.7,7.9,6945000,0
RLC,10/06/2008,7.7,7.7,7.7,7.7,2735000,0
RLC,10/07/2008,7.7,7.7,7.4,7.4,2242000,0
RLC,10/08/2008,7.4,7.4,7.1,7.1,683000,0
RLC,10/09/2008,7.0,7.0,6.8,6.9,3778000,0
RLC,10/10/2008,6.7,6.7,6.3,6.7,2572000,0
RLC,10/13/2008,7.0,7.1,6.7,7.1,4288000,0
RLC,10/14/2008,7.2,7.2,6.8,7.0,6133000,0
RLC,10/15/2008,6.9,7.0,6.8,7.0,920000,0
RLC,10/16/2008,6.5,6.7,6.4,6.7,1280000,0
RLC,10/17/2008,6.5,6.7,6.3,6.7,1051000,0
RLC,10/20/2008,6.6,6.7,6.4,6.5,1286000,0
RLC,10/21/2008,6.6,6.6,6.5,6.6,2597000,0
RLC,10/22/2008,6.6,6.6,6.4,6.4,802000,0
RLC,10/23/2008,6.3,6.3,5.9,6.2,2050000,0
RLC,10/24/2008,6.0,6.0,5.6,5.7,1212000,0
RLC,10/27/2008,5.1,5.3,4.7,4.9,870000,0
RLC,10/28/2008,4.7,4.75,4.6,4.7,2914000,0
RLC,10/29/2008,4.75,4.75,4.65,4.65,10129000,0
RLC,10/30/2008,4.65,5.4,4.65,5.4,1103000,0
RLC,10/31/2008,5.4,5.8,5.4,5.6,1721000,0
RLC,11/03/2008,5.8,6.1,5.8,6.0,475000,0
RLC,11/04/2008,6.1,6.6,6.1,6.5,3010000,0
RLC,11/05/2008,6.5,6.6,6.4,6.6,1329000,0
RLC,11/06/2008,6.4,6.6,6.2,6.6,702000,0
RLC,11/07/2008,6.5,6.6,6.2,6.6,165000,0
RLC,11/10/2008,6.7,6.8,6.5,6.8,266000,0
RLC,11/11/2008,6.3,6.3,6.2,6.2,550000,0
RLC,11/12/2008,6.2,6.4,6.0,6.4,250000,0
RLC,11/13/2008,6.0,6.2,5.9,6.2,1031000,0
RLC,11/14/2008,6.2,6.2,6.0,6.1,626000,0
RLC,11/17/2008,5.9,5.9,5.9,5.9,10000,0
RLC,11/18/2008,5.8,5.8,5.4,5.5,236000,0
RLC,11/19/2008,5.5,5.5,5.3,5.5,771000,0
RLC,11/20/2008,5.3,5.3,4.9,4.95,729000,0
RLC,11/21/2008,4.75,5.1,4.75,5.1,401000,0
RLC,11/24/2008,5.1,5.3,5.1,5.3,1187000,0
RLC,11/25/2008,5.3,5.7,5.3,5.7,652000,0
RLC,11/26/2008,5.9,5.9,5.3,5.8,314000,0
RLC,11/27/2008,5.9,6.0,5.8,5.8,99000,0
RLC,11/28/2008,5.8,5.8,5.8,5.8,635000,0
RLC,12/02/2008,5.5,5.6,5.5,5.5,1015000,0
RLC,12/03/2008,5.5,5.6,5.4,5.6,500000,0
RLC,12/04/2008,5.6,5.8,5.4,5.8,4000,0
RLC,12/05/2008,5.7,5.9,5.7,5.9,31000,0
RLC,12/08/2008,5.5,6.0,5.5,6.0,318000,0
RLC,12/09/2008,5.8,5.8,5.7,5.7,2969000,0
RLC,12/10/2008,5.6,5.8,5.1,5.8,591000,0
RLC,12/11/2008,5.7,5.7,5.5,5.5,1869000,0
RLC,12/12/2008,5.5,5.7,5.2,5.6,1325000,0
RLC,12/15/2008,5.8,5.9,5.6,5.9,161000,0
RLC,12/17/2008,5.7,5.8,5.5,5.8,126000,0
RLC,12/18/2008,5.5,5.5,5.3,5.4,4170000,0
RLC,12/19/2008,5.3,5.3,5.2,5.2,2522000,0
RLC,12/22/2008,5.1,5.1,4.9,5.0,2050000,0
RLC,12/23/2008,4.95,4.95,4.9,4.95,2530000,0
RLC,12/24/2008,4.9,4.9,4.7,4.9,4167000,0
RLC,01/05/2009,5.1,5.3,5.0,5.3,6148000,0
RLC,01/06/2009,5.3,5.5,5.3,5.3,9338000,0
RLC,01/07/2009,5.3,5.5,5.3,5.5,10262000,0
RLC,01/08/2009,5.5,5.5,5.3,5.4,862000,0
RLC,01/09/2009,5.4,5.4,5.3,5.4,1736000,0
RLC,01/12/2009,5.4,5.4,5.2,5.2,719000,0
RLC,01/13/2009,5.2,5.2,5.1,5.2,1971000,0
RLC,01/14/2009,5.1,5.1,4.9,4.95,6957000,0
RLC,01/15/2009,4.85,4.95,4.85,4.95,1557000,0
RLC,01/16/2009,4.9,5.1,4.9,4.95,2390000,0
RLC,01/19/2009,5.0,5.0,4.95,5.0,2760000,0
RLC,01/20/2009,4.95,4.95,4.8,4.85,5921000,0
RLC,01/21/2009,4.75,4.75,4.6,4.65,1561000,0
RLC,01/22/2009,4.9,4.9,4.8,4.8,126000,0
RLC,01/23/2009,4.85,4.85,4.8,4.8,136000,0
RLC,01/26/2009,4.8,4.85,4.75,4.8,450000,0
RLC,01/27/2009,4.75,4.8,4.7,4.8,511000,0
RLC,01/28/2009,4.8,4.8,4.8,4.8,1525000,0
RLC,01/29/2009,4.85,4.85,4.75,4.8,801000,0
RLC,01/30/2009,4.8,4.8,4.65,4.65,387000,0
RLC,02/02/2009,4.7,4.7,4.65,4.7,402000,0
RLC,02/03/2009,4.7,4.75,4.7,4.75,856000,0
RLC,02/04/2009,4.75,4.8,4.75,4.75,3696000,0
RLC,02/05/2009,4.9,5.0,4.75,4.75,1564000,0
RLC,02/06/2009,5.0,5.0,4.75,4.8,2978000,0
RLC,02/09/2009,4.95,4.95,4.85,4.9,2823000,0
RLC,02/10/2009,5.0,5.0,4.75,4.8,260000,0
RLC,02/11/2009,4.75,4.8,4.75,4.8,868000,0
RLC,02/12/2009,4.85,4.85,4.8,4.85,145000,0
RLC,02/13/2009,4.9,4.95,4.75,4.8,2097000,0
RLC,02/16/2009,4.9,4.9,4.85,4.85,2273000,0
RLC,02/17/2009,4.8,4.85,4.7,4.7,1080000,0
RLC,02/18/2009,4.7,4.8,4.5,4.75,1303000,0
RLC,02/19/2009,4.75,4.75,4.5,4.6,1933000,0
RLC,02/20/2009,4.65,4.65,4.45,4.5,2568000,0
RLC,02/23/2009,4.5,4.7,4.5,4.6,109000,0
RLC,02/24/2009,4.75,4.75,4.5,4.6,67000,0
RLC,02/25/2009,4.7,4.7,4.55,4.55,896000,0
RLC,02/26/2009,4.65,4.65,4.45,4.45,2373000,0
RLC,02/27/2009,4.5,4.5,4.35,4.4,1551000,0
RLC,03/02/2009,4.35,4.4,4.3,4.3,759000,0
RLC,03/03/2009,4.2,4.2,4.15,4.2,887000,0
RLC,03/04/2009,4.15,4.15,4.0,4.05,965000,0
RLC,03/05/2009,4.1,4.1,3.95,4.0,4106000,0
RLC,03/06/2009,4.0,4.0,3.8,3.85,2391000,0
RLC,03/09/2009,3.85,3.85,3.65,3.7,1670000,0
RLC,03/10/2009,3.7,3.7,3.6,3.6,1733000,0
RLC,03/11/2009,3.7,4.1,3.7,3.95,5716000,0
RLC,03/12/2009,4.05,4.1,3.85,3.85,511000,0
RLC,03/13/2009,4.05,4.15,4.0,4.15,4935000,0
RLC,03/16/2009,4.15,4.15,4.05,4.1,497000,0
RLC,03/17/2009,4.1,4.15,4.0,4.15,969000,0
RLC,03/18/2009,4.25,4.4,4.25,4.3,5225000,0
RLC,03/19/2009,4.4,4.55,4.3,4.4,1371000,0
RLC,03/20/2009,4.45,4.6,4.45,4.5,558000,0
RLC,03/23/2009,4.5,4.5,4.4,4.5,356000,0
RLC,03/24/2009,4.6,4.65,4.5,4.55,2862000,0
RLC,03/25/2009,4.6,4.6,4.4,4.45,762000,0
RLC,03/26/2009,4.45,4.55,4.45,4.55,404000,0
RLC,03/27/2009,4.7,4.7,4.5,4.55,3720000,0
RLC,03/30/2009,4.5,4.65,4.5,4.65,1108000,0
RLC,03/31/2009,4.6,4.6,4.5,4.5,1265000,0
RLC,04/01/2009,4.5,4.5,4.3,4.3,2961000,0
RLC,04/02/2009,4.35,4.35,4.2,4.35,2954000,0
RLC,04/03/2009,4.4,4.5,4.4,4.5,4321000,0
RLC,04/07/2009,4.55,4.65,4.55,4.6,366000,0
RLC,04/08/2009,4.6,4.7,4.6,4.7,1842000,0
RLC,04/13/2009,4.8,4.85,4.45,4.55,2035000,0
RLC,04/14/2009,4.55,4.65,4.55,4.65,451000,0
RLC,04/15/2009,4.65,4.65,4.55,4.55,2765000,0
RLC,04/16/2009,4.55,4.65,4.5,4.5,3688000,0
RLC,04/17/2009,4.65,4.95,4.65,4.8,11349000,0
RLC,04/20/2009,5.0,5.3,4.95,5.1,13924000,0
RLC,04/21/2009,5.0,5.2,4.95,5.1,1667000,0
RLC,04/22/2009,5.2,5.5,5.2,5.4,5231000,0
RLC,04/23/2009,5.4,5.5,5.2,5.4,8749000,0
RLC,04/24/2009,5.4,5.6,5.4,5.5,3433000,0
RLC,04/27/2009,5.5,5.7,5.4,5.5,3710000,0
RLC,04/28/2009,5.5,5.5,5.3,5.3,1599000,0
RLC,04/29/2009,5.2,5.6,5.2,5.5,4140000,0
RLC,04/30/2009,5.5,5.6,5.4,5.5,1951000,0
RLC,05/04/2009,5.6,5.7,5.5,5.7,4838000,0
RLC,05/05/2009,5.8,6.3,5.8,6.3,7928000,0
RLC,05/06/2009,6.3,6.3,6.1,6.2,7691000,0
RLC,05/07/2009,6.3,6.6,6.3,6.5,25318000,0
RLC,05/08/2009,6.5,6.7,6.5,6.6,7210000,0
RLC,05/11/2009,6.7,6.8,6.6,6.7,9053000,0
RLC,05/12/2009,6.5,6.6,6.5,6.5,4147000,0
RLC,05/13/2009,6.5,6.6,6.4,6.5,2584000,0
RLC,05/14/2009,6.4,6.4,6.1,6.4,1800000,0
RLC,05/15/2009,6.6,6.9,6.6,6.9,9669000,0
RLC,05/18/2009,6.9,7.0,6.8,6.9,27957000,0
RLC,05/19/2009,7.0,7.4,7.0,7.3,3461000,0
RLC,05/20/2009,7.2,7.5,7.2,7.4,10234000,0
RLC,05/21/2009,7.4,7.8,7.4,7.6,6170000,0
RLC,05/22/2009,7.6,7.6,7.4,7.5,3271000,0
RLC,05/25/2009,7.6,7.7,7.3,7.4,2493000,0
RLC,05/26/2009,7.4,7.4,7.0,7.1,12583000,0
RLC,05/27/2009,7.2,7.5,7.1,7.2,2000000,0
RLC,05/28/2009,7.1,7.2,7.0,7.1,2563000,0
RLC,05/29/2009,7.2,7.4,7.2,7.3,6938000,0
RLC,06/01/2009,7.3,7.5,7.3,7.4,2836000,0
RLC,06/02/2009,7.5,7.7,7.5,7.6,11768000,0
RLC,06/03/2009,7.6,7.6,7.4,7.4,17318000,0
RLC,06/04/2009,7.4,7.4,7.3,7.3,2589000,0
RLC,06/05/2009,7.4,7.6,7.4,7.6,2703000,0
RLC,06/08/2009,7.5,7.5,7.3,7.4,1594000,0
RLC,06/09/2009,7.4,7.4,7.1,7.3,987000,0
RLC,06/10/2009,7.2,7.4,7.2,7.4,7202000,0
RLC,06/11/2009,7.4,7.4,7.2,7.2,3429000,0
RLC,06/15/2009,7.2,7.3,7.2,7.3,22785000,0
RLC,06/16/2009,6.9,7.1,6.6,7.1,20914000,0
RLC,06/17/2009,7.0,7.1,6.5,7.1,6190000,0
RLC,06/18/2009,7.0,7.0,6.8,6.8,697000,0
RLC,06/19/2009,7.1,7.1,6.3,6.5,3813000,0
RLC,06/22/2009,6.5,6.8,6.2,6.4,2447000,0
RLC,06/23/2009,6.6,6.6,6.2,6.4,6212000,0
RLC,06/24/2009,6.3,6.6,6.3,6.6,7279000,0
RLC,06/25/2009,6.6,6.8,6.6,6.7,6887000,0
RLC,06/26/2009,6.8,6.9,6.7,6.8,6626000,0
RLC,06/29/2009,6.7,6.8,6.5,6.8,1491000,0
RLC,06/30/2009,6.8,6.8,6.7,6.8,1504000,0
RLC,07/01/2009,6.6,6.6,6.5,6.5,491000,0
RLC,07/02/2009,6.6,6.6,6.5,6.6,859000,0
RLC,07/03/2009,6.5,6.5,6.4,6.5,822000,0
RLC,07/06/2009,6.4,6.7,6.4,6.7,109000,0
RLC,07/07/2009,6.7,6.8,6.7,6.8,1043000,0
RLC,07/08/2009,6.7,6.8,6.7,6.8,97000,0
RLC,07/09/2009,6.7,6.8,6.7,6.8,1384000,0
RLC,07/10/2009,6.8,6.8,6.7,6.7,7369000,0
RLC,07/13/2009,6.7,6.8,6.7,6.7,11067000,0
RLC,07/14/2009,6.8,6.8,6.7,6.7,3068000,0
RLC,07/15/2009,6.8,6.8,6.7,6.7,7831000,0
RLC,07/16/2009,6.8,6.9,6.8,6.9,7814000,0
RLC,07/20/2009,6.9,7.0,6.8,6.9,11326000,0
RLC,07/21/2009,7.0,7.4,7.0,7.1,5969000,0
RLC,07/22/2009,7.2,7.6,7.2,7.5,8601000,0
RLC,07/23/2009,7.5,7.5,7.4,7.5,2817000,0
RLC,07/24/2009,7.6,8.4,7.6,8.2,9847000,0
RLC,07/27/2009,8.2,8.7,8.2,8.4,10954000,0
RLC,07/28/2009,8.5,8.6,8.3,8.6,8053000,0
RLC,07/29/2009,8.6,9.2,8.5,9.2,10270000,0
RLC,07/30/2009,9.2,9.2,8.8,9.0,6921000,0
RLC,07/31/2009,9.2,9.3,9.0,9.1,3127000,0
RLC,08/03/2009,9.1,9.3,9.0,9.2,4898000,0
RLC,08/04/2009,9.2,9.3,9.2,9.2,4954000,0
RLC,08/06/2009,9.1,9.1,9.0,9.1,5527000,0
RLC,08/07/2009,9.0,9.1,9.0,9.0,3637000,0
RLC,08/10/2009,9.2,9.3,9.1,9.1,1585000,0
RLC,08/11/2009,9.1,9.1,9.0,9.1,526000,0
RLC,08/12/2009,9.1,9.1,9.0,9.1,387000,0
RLC,08/13/2009,9.1,9.2,9.1,9.1,608000,0
RLC,08/14/2009,9.1,9.2,9.0,9.2,810000,0
RLC,08/17/2009,9.1,9.1,8.5,8.6,2226000,0
RLC,08/18/2009,8.5,8.7,8.2,8.5,2315000,0
RLC,08/19/2009,8.6,8.9,8.6,8.8,1819000,0
RLC,08/20/2009,8.9,8.9,8.8,8.8,845000,0
RLC,08/24/2009,9.0,9.7,9.0,9.7,4434000,0
RLC,08/25/2009,9.9,10.5,9.9,10.0,8057000,0
RLC,08/26/2009,10.0,10.5,10.0,10.5,3628000,0
RLC,08/27/2009,10.5,10.75,10.25,10.75,1023700,0
RLC,08/28/2009,10.75,11.25,10.75,11.0,2998400,0
RLC,09/01/2009,10.75,10.75,10.25,10.75,1353100,0
RLC,09/02/2009,10.25,10.25,9.9,9.9,5243700,0
RLC,09/03/2009,10.0,10.0,9.9,9.9,9227000,0
RLC,09/04/2009,10.0,10.0,9.9,10.0,2547000,0
RLC,09/08/2009,10.0,10.25,10.0,10.25,2278000,0
RLC,09/09/2009,10.25,10.25,9.9,10.0,4701400,0
RLC,09/10/2009,10.0,10.0,9.8,9.9,9590000,0
RLC,09/11/2009,9.8,10.25,9.8,10.25,6239000,0
RLC,09/14/2009,10.25,10.25,10.0,10.25,184500,0
RLC,09/15/2009,10.0,10.25,10.0,10.25,4293800,0
RLC,09/16/2009,10.0,10.25,9.9,9.9,13587200,0
RLC,09/17/2009,10.0,10.25,10.0,10.0,11240000,0
RLC,09/18/2009,10.0,10.0,10.0,10.0,3369000,0
RLC,09/22/2009,10.0,10.0,9.7,9.8,9302000,0
RLC,09/23/2009,10.0,10.25,10.0,10.25,17544000,0
RLC,09/24/2009,10.0,10.25,9.9,10.0,26103900,0
RLC,09/25/2009,10.0,10.0,9.9,10.0,18286000,0
RLC,09/28/2009,9.9,9.9,9.7,9.8,4429000,0
RLC,09/29/2009,10.0,10.0,9.9,10.0,4813000,0
RLC,09/30/2009,10.25,10.75,10.25,10.5,11415000,0
RLC,10/01/2009,10.5,11.25,10.5,11.25,8251200,0
RLC,10/02/2009,10.75,11.0,10.5,11.0,5554600,0
RLC,10/05/2009,11.0,11.75,11.0,11.75,6384800,0
RLC,10/06/2009,12.5,13.0,12.0,12.25,8796400,0
RLC,10/07/2009,12.5,13.0,12.0,13.0,8713300,0
RLC,10/08/2009,12.75,13.0,12.25,12.75,4312400,0
RLC,10/09/2009,12.75,12.75,11.75,12.25,5723700,0
RLC,10/12/2009,12.0,12.25,11.5,12.0,1687400,0
RLC,10/13/2009,12.0,12.5,12.0,12.0,7417300,0
RLC,10/14/2009,12.25,12.5,12.0,12.5,4428500,0
RLC,10/15/2009,12.5,12.5,12.0,12.25,6049200,0
RLC,10/16/2009,12.0,12.25,11.75,11.75,895800,0
RLC,10/19/2009,11.75,12.0,11.75,12.0,1214000,0
RLC,10/20/2009,11.75,12.0,11.5,11.75,10590700,0
RLC,10/21/2009,11.75,11.75,11.5,11.75,6343400,0
RLC,10/22/2009,11.5,11.75,11.5,11.75,4797800,0
RLC,10/23/2009,12.25,12.75,12.0,12.75,6951400,0
RLC,10/26/2009,12.75,13.0,12.5,12.75,2723400,0
RLC,10/27/2009,12.5,12.5,12.0,12.25,3957900,0
RLC,10/28/2009,12.5,12.5,11.75,12.0,21742400,0
RLC,10/29/2009,11.75,12.0,11.5,11.75,12352800,0
RLC,10/30/2009,12.0,12.25,11.75,12.25,27658800,0
RLC,11/03/2009,12.0,12.25,11.75,12.0,6937700,0
RLC,11/04/2009,11.75,12.0,11.75,12.0,7990200,0
RLC,11/05/2009,11.75,12.0,11.75,12.0,5549500,0
RLC,11/06/2009,12.0,12.0,11.75,11.75,5744400,0
RLC,11/09/2009,12.0,12.0,11.75,12.0,10645200,0
RLC,11/10/2009,12.0,12.75,11.75,12.25,5582100,0
RLC,11/11/2009,12.25,12.75,12.25,12.5,1315300,0
RLC,11/12/2009,12.5,13.0,12.25,13.0,4318100,0
RLC,11/13/2009,12.75,13.0,12.75,13.0,4500400,0
RLC,11/16/2009,13.0,13.75,12.75,13.5,15757600,0
RLC,11/17/2009,13.5,14.25,13.5,13.75,9495600,0
RLC,11/18/2009,13.75,14.0,13.5,13.75,5223900,0
RLC,11/19/2009,13.75,13.75,13.25,13.5,1973200,0
RLC,11/20/2009,13.25,13.25,13.0,13.25,2227300,0
RLC,11/23/2009,13.0,13.25,13.0,13.25,4370800,0
RLC,11/24/2009,13.5,13.75,13.5,13.75,4781000,0
RLC,11/25/2009,13.75,13.75,13.25,13.5,2269000,0
RLC,11/26/2009,13.75,13.75,13.5,13.5,1818200,0
RLC,11/27/2009,13.5,13.5,13.25,13.5,628700,0
RLC,12/01/2009,13.5,13.75,13.5,13.5,1035900,0
RLC,12/02/2009,13.75,13.75,13.5,13.75,194900,0
RLC,12/03/2009,13.5,13.5,13.25,13.25,1343200,0
RLC,12/04/2009,13.25,13.5,12.75,12.75,3909300,0
RLC,12/07/2009,13.25,13.25,12.5,13.0,21128300,0
RLC,12/08/2009,13.0,13.0,12.75,13.0,6461900,0
RLC,12/09/2009,13.0,13.0,12.5,12.75,3644100,0
RLC,12/10/2009,13.0,13.25,12.5,13.0,28900100,0
RLC,12/11/2009,13.0,13.5,13.0,13.5,4691900,0
RLC,12/14/2009,13.5,13.5,13.25,13.25,292500,0
RLC,12/15/2009,13.25,13.25,13.0,13.0,3737000,0
RLC,12/16/2009,13.25,13.25,12.75,13.25,1501200,0
RLC,12/17/2009,13.25,13.25,13.0,13.0,3122000,0
RLC,12/18/2009,13.0,13.0,12.75,12.75,6870600,0
RLC,12/21/2009,12.75,13.0,12.75,13.0,769000,0
RLC,12/22/2009,13.25,13.25,12.75,13.0,1290200,0
RLC,12/23/2009,13.0,13.0,13.0,13.0,10800,0
RLC,12/28/2009,13.0,13.25,12.75,13.25,1201900,0
RLC,12/29/2009,13.0,13.0,12.75,13.0,571200,0
RLC,01/04/2010,13.0,13.25,12.75,12.75,2054500,0
RLC,01/05/2010,12.75,13.25,12.75,13.0,725200,0
RLC,01/06/2010,13.0,13.0,13.0,13.0,5309900,0
RLC,01/07/2010,13.0,13.0,13.0,13.0,1102300,0
RLC,01/08/2010,13.0,13.25,13.0,13.0,1344600,0
RLC,01/11/2010,13.0,13.0,13.0,13.0,998700,0
RLC,01/12/2010,13.0,13.25,13.0,13.25,2908100,0
RLC,01/13/2010,13.25,13.25,13.0,13.25,2581500,0
RLC,01/14/2010,13.25,13.75,13.25,13.25,22883000,0
RLC,01/15/2010,13.5,13.5,13.25,13.5,316000,0
RLC,01/18/2010,13.5,13.5,13.25,13.25,112100,0
RLC,01/19/2010,13.25,13.25,13.0,13.25,4988300,0
RLC,01/20/2010,13.25,13.25,13.0,13.25,5182400,0
RLC,01/21/2010,13.25,13.25,13.0,13.25,921500,0
RLC,01/22/2010,12.75,13.0,12.75,12.75,3937500,0
RLC,01/25/2010,12.5,12.75,12.0,12.0,9015100,0
RLC,01/26/2010,12.0,12.5,12.0,12.0,2373300,0
RLC,01/27/2010,12.0,12.25,11.25,11.5,16816400,0
RLC,01/28/2010,11.5,12.5,11.5,12.0,1151700,0
RLC,01/29/2010,11.75,12.0,11.75,12.0,2862500,0
RLC,02/01/2010,12.0,12.0,11.25,11.75,4785600,0
RLC,02/02/2010,12.0,12.0,11.25,11.5,4564800,0
RLC,02/03/2010,11.5,11.75,11.25,11.75,2350800,0
RLC,02/04/2010,11.75,11.75,11.5,11.75,590400,0
RLC,02/05/2010,11.25,11.25,11.0,11.25,1543000,0
RLC,02/08/2010,11.5,11.5,11.0,11.25,1743700,0
RLC,02/09/2010,11.25,11.25,10.25,10.75,2782400,0
RLC,02/10/2010,11.0,11.0,10.75,10.75,3300000,0
RLC,02/11/2010,11.0,11.5,11.0,11.5,3872600,0
RLC,02/12/2010,11.5,11.75,11.5,11.75,7195300,0
RLC,02/15/2010,12.0,12.5,11.75,12.5,1743500,0
RLC,02/16/2010,12.5,12.5,12.25,12.25,689700,0
RLC,02/17/2010,12.5,12.75,12.25,12.5,941300,0
RLC,02/18/2010,12.25,12.5,12.25,12.25,1564900,0
RLC,02/19/2010,12.25,12.5,12.0,12.25,25741500,0
RLC,02/22/2010,12.25,12.5,12.25,12.25,7152400,0
RLC,02/23/2010,12.5,12.5,12.25,12.25,5311000,0
RLC,02/24/2010,12.5,12.5,12.0,12.5,532600,0
RLC,02/25/2010,12.5,12.75,12.25,12.75,4115500,0
RLC,02/26/2010,12.5,13.5,12.5,13.25,7192200,0
RLC,03/01/2010,13.25,14.5,13.25,14.25,7114000,0
RLC,03/02/2010,14.5,14.5,13.75,13.75,3668300,0
RLC,03/03/2010,13.75,14.0,13.75,13.75,3770200,0
RLC,03/04/2010,14.0,14.5,13.75,14.25,6804800,0
RLC,03/05/2010,14.0,14.0,14.0,14.0,498300,0
RLC,03/08/2010,14.0,14.5,14.0,14.25,1605300,0
RLC,03/09/2010,14.0,14.25,14.0,14.0,1425900,0
RLC,03/10/2010,13.75,14.0,13.75,14.0,2432300,0
RLC,03/11/2010,14.0,14.25,14.0,14.0,5007700,0
RLC,03/12/2010,14.25,14.25,14.0,14.0,4012900,0
RLC,03/15/2010,13.75,14.0,13.75,13.75,894300,0
RLC,03/16/2010,14.0,14.0,13.75,14.0,717800,0
RLC,03/17/2010,14.0,14.0,13.75,14.0,1696900,0
RLC,03/18/2010,14.25,14.25,14.0,14.0,285800,0
RLC,03/19/2010,13.75,14.0,13.75,14.0,5571800,0
RLC,03/22/2010,13.75,14.25,13.75,14.0,926300,0
RLC,03/23/2010,14.0,14.25,14.0,14.25,632800,0
RLC,03/24/2010,14.5,15.5,14.5,15.5,8883500,0
RLC,03/25/2010,15.25,15.25,14.75,15.0,6643000,0
RLC,03/26/2010,15.25,15.25,14.5,14.75,2460000,0
RLC,03/29/2010,14.75,14.75,14.5,14.75,592700,0
RLC,03/30/2010,14.75,14.75,14.25,14.5,1540500,0
RLC,03/31/2010,14.5,14.5,14.25,14.5,6483100,0
RLC,04/05/2010,14.25,14.25,14.0,14.25,465100,0
RLC,04/06/2010,14.25,15.0,14.25,15.0,3456800,0
RLC,04/07/2010,15.25,15.75,15.0,15.75,4659100,0
RLC,04/08/2010,15.5,15.5,15.0,15.25,1295800,0
RLC,04/12/2010,15.25,15.5,15.25,15.25,195800,0
RLC,04/13/2010,15.5,15.5,15.0,15.25,1539200,0
RLC,04/14/2010,15.25,15.25,15.0,15.25,988200,0
RLC,04/15/2010,15.5,15.5,15.0,15.0,2591000,0
RLC,04/16/2010,15.25,15.5,14.75,15.0,1361200,0
RLC,04/19/2010,14.0,14.75,14.0,14.75,1274200,0
RLC,04/20/2010,14.75,14.75,14.0,14.25,2632300,0
RLC,04/21/2010,14.25,14.75,14.0,14.5,3674000,0
RLC,04/22/2010,14.75,15.25,14.5,14.75,2593600,0
RLC,04/23/2010,14.75,15.0,14.75,15.0,680400,0
RLC,04/26/2010,15.0,15.5,15.0,15.5,1214700,0
RLC,04/27/2010,15.0,16.0,15.0,16.0,2130900,0
RLC,04/28/2010,15.75,16.0,15.25,16.0,693400,0
RLC,04/29/2010,15.5,15.75,15.25,15.5,496800,0
RLC,04/30/2010,15.5,15.5,15.25,15.25,1111700,0
RLC,05/04/2010,15.25,15.25,14.75,15.25,1835800,0
RLC,05/05/2010,14.75,15.0,14.25,15.0,1781500,0
RLC,05/06/2010,15.0,15.0,14.0,14.25,3616700,0
RLC,05/07/2010,13.75,14.0,13.25,14.0,3421100,0
RLC,05/11/2010,14.5,14.75,14.25,14.25,2770500,0
RLC,05/12/2010,14.25,14.75,14.25,14.5,6846100,0
RLC,05/13/2010,14.5,15.5,14.5,15.5,1396000,0
RLC,05/14/2010,15.5,15.5,15.0,15.25,3104800,0
RLC,05/17/2010,15.0,15.25,14.5,15.25,849100,0
RLC,05/18/2010,15.25,15.25,15.0,15.0,75400,0
RLC,05/19/2010,14.75,14.75,14.25,14.75,271400,0
RLC,05/20/2010,14.25,14.5,14.25,14.5,1010300,0
RLC,05/21/2010,14.0,14.25,13.25,13.5,4759500,0
RLC,05/24/2010,13.75,13.75,13.25,13.25,799600,0
RLC,05/25/2010,13.25,13.25,12.25,12.5,14843200,0
RLC,05/26/2010,12.75,13.0,12.5,12.5,17637800,0
RLC,05/27/2010,12.75,13.25,12.5,13.0,4501500,0
RLC,05/28/2010,13.75,14.0,13.5,13.75,2235100,0
RLC,05/31/2010,13.5,14.5,13.5,14.5,6798700,0
RLC,06/01/2010,14.5,14.5,13.75,14.0,5913800,0
RLC,06/02/2010,13.75,13.75,13.5,13.5,8380900,0
RLC,06/03/2010,13.5,14.75,13.5,14.5,6144900,0
RLC,06/04/2010,14.5,14.75,14.25,14.5,1065900,0
RLC,06/07/2010,13.5,14.0,13.5,13.5,4674400,0
RLC,06/08/2010,13.5,14.0,13.5,14.0,1527900,0
RLC,06/09/2010,14.0,14.25,13.75,14.0,388300,0
RLC,06/10/2010,13.75,14.0,13.5,14.0,2684600,0
RLC,06/11/2010,14.0,14.25,14.0,14.25,4857100,0
RLC,06/15/2010,14.0,14.25,13.75,14.0,672600,0
RLC,06/16/2010,14.0,14.25,13.5,13.5,3007900,0
RLC,06/17/2010,14.0,14.25,13.75,14.0,4358700,0
RLC,06/18/2010,14.0,14.75,13.75,14.5,4252800,0
RLC,06/21/2010,14.5,14.75,14.5,14.5,4039700,0
RLC,06/22/2010,14.5,15.25,14.5,14.75,10240200,0
RLC,06/23/2010,14.75,14.75,14.5,14.75,3263900,0
RLC,06/24/2010,14.75,14.75,14.5,14.5,3607600,0
RLC,06/25/2010,14.25,14.5,14.25,14.5,1012600,0
RLC,06/28/2010,14.5,15.0,14.25,15.0,416100,0
RLC,06/29/2010,15.0,15.0,14.5,14.75,218500,0
RLC,07/01/2010,14.5,14.5,14.0,14.5,828200,0
RLC,07/02/2010,14.5,14.5,13.75,14.0,3367800,0
RLC,07/05/2010,13.75,14.25,13.75,14.25,1527300,0
RLC,07/06/2010,14.0,14.0,13.75,13.75,4270800,0
RLC,07/07/2010,14.5,14.5,13.75,13.75,2886500,0
RLC,07/08/2010,13.75,14.25,13.75,13.75,5243700,0
RLC,07/09/2010,13.75,14.0,13.5,13.75,4511500,0
RLC,07/12/2010,13.75,13.75,13.5,13.75,2624600,0
RLC,07/13/2010,13.75,14.25,13.75,14.0,8054000,0
RLC,07/14/2010,14.25,14.5,14.0,14.5,19287600,0
RLC,07/15/2010,14.5,14.5,14.0,14.25,4294000,0
RLC,07/16/2010,14.25,14.25,14.0,14.25,529200,0
RLC,07/19/2010,14.0,14.0,13.75,13.75,1432100,0
RLC,07/20/2010,14.0,14.0,13.75,14.0,1468900,0
RLC,07/21/2010,14.0,14.25,13.75,14.0,3518700,0
RLC,07/22/2010,13.75,14.0,13.75,14.0,956800,0
RLC,07/23/2010,14.0,14.25,13.75,13.75,6638700,0
RLC,07/26/2010,14.0,14.0,13.5,13.66,477700,0
RLC,07/27/2010,13.66,13.8,13.6,13.7,4705200,0
RLC,07/28/2010,13.96,13.96,13.6,13.64,3232900,0
RLC,07/29/2010,13.54,13.54,13.3,13.38,9650400,0
RLC,07/30/2010,13.4,13.42,13.3,13.3,6038200,0
RLC,08/02/2010,13.3,13.68,13.26,13.6,1336200,0
RLC,08/03/2010,13.72,13.82,13.72,13.74,1612200,0
RLC,08/04/2010,13.74,14.2,13.74,14.0,3681100,0
RLC,08/05/2010,14.1,14.32,14.1,14.26,5928800,0
RLC,08/06/2010,14.26,14.76,14.26,14.66,4554300,0
RLC,08/09/2010,14.68,14.8,14.6,14.68,6515500,0
RLC,08/10/2010,14.68,14.9,14.68,14.9,2545300,0
RLC,08/11/2010,14.68,14.8,14.68,14.76,2987700,0
RLC,08/12/2010,14.54,14.56,14.48,14.48,266600,0
RLC,08/13/2010,14.68,14.68,14.18,14.22,5870600,0
RLC,08/16/2010,14.22,14.32,14.22,14.28,1894700,0
RLC,08/17/2010,14.68,14.68,13.92,13.98,2983800,0
RLC,08/18/2010,14.06,14.06,14.0,14.0,5705300,0
RLC,08/19/2010,13.98,14.5,13.98,14.26,3025400,0
RLC,08/20/2010,14.2,14.6,14.1,14.4,1773700,0
RLC,08/23/2010,14.04,14.58,14.04,14.08,4039000,0
RLC,08/24/2010,14.0,14.08,13.98,14.0,3007000,0
RLC,08/25/2010,14.38,14.5,14.0,14.22,1442900,0
RLC,08/26/2010,14.22,14.7,14.22,14.6,4577400,0
RLC,08/27/2010,14.6,14.6,14.26,14.26,432000,0
RLC,08/31/2010,14.0,14.1,14.0,14.1,3397000,0
RLC,09/01/2010,14.1,14.3,14.1,14.2,2350300,0
RLC,09/02/2010,14.3,14.6,14.3,14.42,6868600,0
RLC,09/03/2010,14.7,15.2,14.7,15.0,5476600,0
RLC,09/06/2010,15.22,15.9,15.2,15.3,6259300,0
RLC,09/07/2010,15.4,15.6,15.0,15.12,3656300,0
RLC,09/08/2010,15.12,15.3,15.0,15.22,4826600,0
RLC,09/09/2010,15.3,16.3,15.3,16.04,7292100,0
RLC,09/13/2010,16.06,16.48,16.06,16.48,5520100,0
RLC,09/14/2010,16.48,16.48,15.7,16.04,8644800,0
RLC,09/15/2010,15.96,16.0,15.72,15.9,3303000,0
RLC,09/16/2010,15.9,16.0,15.78,15.78,6483900,0
RLC,09/17/2010,15.78,15.78,15.2,15.3,3715300,0
RLC,09/20/2010,15.3,15.7,15.3,15.5,7110000,0
RLC,09/21/2010,15.7,16.1,15.5,15.64,2416600,0
RLC,09/22/2010,15.6,15.6,15.3,15.5,1386100,0
RLC,09/23/2010,15.7,16.0,15.56,15.94,2372400,0
RLC,09/24/2010,15.8,15.92,15.72,15.74,1321200,0
RLC,09/27/2010,16.2,16.2,15.88,15.96,2177800,0
RLC,09/28/2010,15.96,16.16,15.92,16.16,3855800,0
RLC,09/29/2010,16.04,16.14,16.02,16.1,3904100,0
RLC,09/30/2010,16.1,16.1,16.04,16.06,9473500,0
RLC,10/01/2010,16.06,16.76,16.06,16.64,3330700,0
RLC,10/04/2010,16.66,17.6,16.66,17.6,1555500,0
RLC,10/05/2010,17.42,17.44,17.3,17.4,5160500,0
RLC,10/06/2010,17.5,17.76,17.24,17.26,3668800,0
RLC,10/07/2010,17.24,17.42,17.24,17.34,4320000,0
RLC,10/08/2010,17.48,17.48,16.92,17.1,2039900,0
RLC,10/11/2010,17.0,17.1,16.78,16.84,2088900,0
RLC,10/12/2010,16.86,16.9,16.4,16.4,3985000,0
RLC,10/13/2010,16.4,16.98,16.26,16.6,329300,0
RLC,10/14/2010,16.9,17.3,16.7,16.7,2494900,0
RLC,10/15/2010,16.74,16.8,16.54,16.54,2601300,0
RLC,10/18/2010,16.98,16.98,16.4,16.5,943200,0
RLC,10/19/2010,16.5,16.5,16.28,16.4,1622900,0
RLC,10/20/2010,16.24,16.4,16.22,16.4,990100,0
RLC,10/21/2010,16.4,16.58,16.3,16.52,4408100,0
RLC,10/22/2010,16.58,17.4,16.58,17.2,5491100,0
RLC,10/26/2010,17.2,17.2,16.8,17.0,6618300,0
RLC,10/27/2010,17.0,17.0,16.9,17.0,2670500,0
RLC,10/28/2010,17.0,17.1,16.9,16.9,3508000,0
RLC,10/29/2010,16.9,17.0,16.9,16.92,4182700,0
RLC,11/02/2010,16.92,17.1,16.92,17.04,4078700,0
RLC,11/03/2010,17.06,17.28,17.06,17.26,7938800,0
RLC,11/04/2010,17.3,18.5,17.3,18.2,8751700,0
RLC,11/05/2010,18.32,18.48,18.0,18.0,4866200,0
RLC,11/08/2010,18.0,18.3,17.96,18.0,2242200,0
RLC,11/09/2010,18.0,18.18,18.0,18.1,1477000,0
RLC,11/10/2010,18.18,18.18,17.62,17.72,2472400,0
RLC,11/11/2010,17.74,17.74,17.32,17.34,3453700,0
RLC,11/12/2010,17.0,17.3,16.96,17.04,2315800,0
RLC,11/15/2010,17.0,17.34,16.8,17.28,672300,0
RLC,11/17/2010,17.5,17.5,17.0,17.4,1260200,0
RLC,11/18/2010,17.3,17.4,17.0,17.18,4735300,0
RLC,11/19/2010,17.18,17.38,16.98,17.0,6393500,0
RLC,11/22/2010,17.02,17.1,16.96,16.96,2375900,0
RLC,11/23/2010,16.98,16.98,16.5,16.5,3185800,0
RLC,11/24/2010,16.3,16.5,16.3,16.4,4249000,0
RLC,11/25/2010,16.4,16.9,16.4,16.4,1166400,0
RLC,11/26/2010,16.34,16.9,16.34,16.38,1749100,0
RLC,11/30/2010,16.4,16.4,15.8,16.04,3124400,0
RLC,12/01/2010,16.04,16.4,16.04,16.16,1434500,0
RLC,12/02/2010,16.9,17.1,16.32,16.6,250300,0
RLC,12/03/2010,16.64,16.98,16.64,16.9,1409500,0
RLC,12/06/2010,17.0,17.0,16.9,16.9,9470300,0
RLC,12/07/2010,16.94,17.0,16.8,16.92,4313100,0
RLC,12/08/2010,16.92,17.26,16.92,17.26,2790900,0
RLC,12/09/2010,17.24,17.26,16.9,16.9,947100,0
RLC,12/10/2010,17.2,17.2,16.6,16.76,3530600,0
RLC,12/13/2010,16.8,17.08,16.8,17.04,7198300,0
RLC,12/14/2010,17.04,17.2,17.0,17.14,5234100,0
RLC,12/15/2010,17.0,17.0,16.8,16.96,1242200,0
RLC,12/16/2010,16.9,16.9,15.94,16.2,2333000,0
RLC,12/17/2010,16.2,16.2,15.9,15.9,2293800,0
RLC,12/20/2010,15.84,15.84,15.42,15.48,4204100,0
RLC,12/21/2010,15.48,15.48,15.2,15.24,5334800,0
RLC,12/22/2010,15.24,15.98,15.24,15.48,1748900,0
RLC,12/23/2010,15.48,15.74,15.48,15.56,1697100,0
RLC,12/28/2010,15.5,15.58,15.5,15.56,1626900,0
RLC,12/29/2010,15.64,15.64,15.5,15.56,2605900,0
RLC,12/30/2010,15.54,16.3,15.26,16.3,4328400,0
RLC,01/03/2011,16.06,16.06,15.5,15.6,343500,0
RLC,01/04/2011,15.84,15.84,15.64,15.76,927600,0
RLC,01/05/2011,15.74,15.74,15.58,15.58,1644400,0
RLC,01/06/2011,15.58,15.58,15.28,15.3,1492700,0
RLC,01/07/2011,15.3,15.3,14.5,14.54,6139900,0
RLC,01/10/2011,14.5,14.5,13.5,13.9,3123000,0
RLC,01/11/2011,13.8,13.8,13.48,13.52,5214500,0
RLC,01/12/2011,13.54,13.8,13.54,13.6,2997000,0
RLC,01/13/2011,13.9,14.4,13.88,14.3,1075200,0
RLC,01/14/2011,14.58,14.84,14.2,14.8,4457000,0
RLC,01/17/2011,14.84,14.9,14.3,14.78,3355200,0
RLC,01/18/2011,14.8,14.8,13.76,13.76,5952100,0
RLC,01/19/2011,13.9,13.9,13.66,13.76,2810800,0
RLC,01/20/2011,13.7,13.7,13.44,13.48,1998400,0
RLC,01/21/2011,13.44,13.5,13.0,13.5,2253200,0
RLC,01/24/2011,14.02,14.02,13.5,13.5,3631200,0
RLC,01/25/2011,13.38,13.76,13.38,13.72,1437600,0
RLC,01/26/2011,13.6,13.8,13.6,13.72,1348600,0
RLC,01/27/2011,14.0,14.54,14.0,14.3,1140900,0
RLC,01/28/2011,14.46,14.5,14.1,14.18,3088700,0
RLC,01/31/2011,14.14,14.14,14.0,14.02,6497300,0
RLC,02/01/2011,14.02,14.02,13.9,14.0,1801500,0
RLC,02/02/2011,14.0,14.0,13.82,13.98,2525900,0
RLC,02/03/2011,13.96,14.0,13.96,13.96,1660200,0
RLC,02/04/2011,13.9,13.94,13.84,13.9,620100,0
RLC,02/07/2011,14.1,14.1,13.9,13.98,2276600,0
RLC,02/08/2011,14.02,14.02,13.98,14.02,235700,0
RLC,02/09/2011,13.92,13.92,13.64,13.64,645000,0
RLC,02/10/2011,13.5,13.5,12.68,12.7,2237100,0
RLC,02/11/2011,12.7,12.8,12.5,12.5,2455500,0
RLC,02/14/2011,13.0,13.2,12.8,12.8,1009300,0
RLC,02/15/2011,13.0,13.0,12.9,12.92,1255800,0
RLC,02/16/2011,12.92,13.0,12.9,12.92,1124700,0
RLC,02/17/2011,13.1,13.4,12.94,13.1,3863700,0
RLC,02/18/2011,13.2,13.6,13.02,13.1,2456400,0
RLC,02/21/2011,13.1,13.2,13.0,13.0,2455500,0
RLC,02/22/2011,13.0,13.0,12.5,12.52,2796600,0
RLC,02/23/2011,12.04,12.06,11.44,11.9,3337900,0
RLC,02/24/2011,11.92,11.92,11.66,11.68,2360700,0
RLC,02/25/2011,11.6,11.8,11.6,11.7,2480400,0
RLC,02/28/2011,11.7,11.7,11.56,11.66,1677100,0
RLC,03/01/2011,12.0,12.32,11.96,12.28,3877400,0
RLC,03/02/2011,12.3,12.3,11.98,12.0,1716700,0
RLC,03/03/2011,12.3,12.9,12.3,12.84,1717000,0
RLC,03/04/2011,12.98,13.0,12.9,12.98,1209100,0
RLC,03/07/2011,12.98,12.98,12.8,12.86,132100,0
RLC,03/08/2011,12.86,12.86,12.7,12.8,812700,0
RLC,03/09/2011,12.8,13.08,12.8,13.02,3488900,0
RLC,03/10/2011,13.2,13.4,13.1,13.4,5552600,0
RLC,03/11/2011,13.38,13.58,13.0,13.5,2388700,0
RLC,03/14/2011,13.46,13.48,13.3,13.32,457300,0
RLC,03/15/2011,13.32,13.52,13.0,13.3,810800,0
RLC,03/16/2011,13.38,13.4,13.32,13.38,1214400,0
RLC,03/17/2011,13.28,13.28,13.14,13.14,1982700,0
RLC,03/18/2011,13.2,13.2,13.12,13.2,922900,0
RLC,03/21/2011,13.22,13.26,13.22,13.26,1124000,0
RLC,03/22/2011,13.3,13.34,13.2,13.26,1155900,0
RLC,03/23/2011,13.26,13.26,12.8,12.96,897100,0
RLC,03/24/2011,13.0,13.1,12.86,12.86,1324600,0
RLC,03/25/2011,12.2,12.2,11.0,11.86,1836800,0
RLC,03/28/2011,11.88,11.88,11.68,11.74,1769600,0
RLC,03/29/2011,11.74,11.74,11.5,11.5,3114500,0
RLC,03/30/2011,11.5,11.5,11.4,11.46,3140200,0
RLC,03/31/2011,11.6,11.62,11.52,11.52,1145100,0
RLC,04/01/2011,11.52,11.7,11.42,11.7,2363900,0
RLC,04/04/2011,11.74,11.82,11.74,11.78,2822200,0
RLC,04/05/2011,11.8,12.5,11.8,12.34,3616600,0
RLC,04/06/2011,12.38,12.88,12.38,12.7,8048700,0
RLC,04/07/2011,12.82,13.3,12.82,13.22,4710300,0
RLC,04/08/2011,13.1,13.1,12.8,12.86,3025100,0
RLC,04/11/2011,13.0,13.36,13.0,13.2,1452000,0
RLC,04/12/2011,13.1,13.1,13.0,13.06,328600,0
RLC,04/13/2011,13.0,13.1,12.74,13.1,1560700,0
RLC,04/14/2011,13.1,14.0,13.1,13.56,3237200,0
RLC,04/15/2011,13.56,13.7,13.4,13.4,2925000,0
RLC,04/18/2011,13.98,13.98,13.54,13.54,1326300,0
RLC,04/19/2011,13.42,13.5,13.28,13.4,1668900,0
RLC,04/20/2011,13.4,13.6,13.4,13.56,1892700,0
RLC,04/25/2011,13.68,13.68,13.4,13.44,439000,0
RLC,04/26/2011,13.48,13.48,13.2,13.44,995300,0
RLC,04/27/2011,13.44,13.44,13.02,13.22,756300,0
RLC,04/28/2011,13.38,13.4,13.06,13.08,2249000,0
RLC,04/29/2011,13.08,13.3,13.04,13.3,1855700,0
RLC,05/02/2011,13.3,13.72,13.3,13.64,2643800,0
RLC,05/03/2011,13.64,13.64,13.3,13.4,1543800,0
RLC,05/04/2011,13.4,13.4,13.16,13.16,271700,0
RLC,05/05/2011,13.16,13.18,12.82,12.84,730300,0
RLC,05/06/2011,12.5,12.5,12.3,12.4,1689900,0
RLC,05/09/2011,12.4,12.42,12.1,12.14,1139100,0
RLC,05/10/2011,12.2,12.8,12.16,12.36,1532700,0
RLC,05/11/2011,12.4,12.64,12.4,12.62,1023900,0
RLC,05/12/2011,12.6,12.76,12.6,12.74,147800,0
RLC,05/13/2011,12.78,12.98,12.74,12.92,444700,0
RLC,05/16/2011,12.92,12.92,12.76,12.92,693900,0
RLC,05/17/2011,12.94,12.98,12.76,12.98,591500,0
RLC,05/18/2011,13.0,13.0,12.8,12.98,898400,0
RLC,05/19/2011,13.0,13.0,12.9,12.9,1106100,0
RLC,05/20/2011,12.84,12.88,12.64,12.72,1129800,0
RLC,05/23/2011,12.72,12.74,12.2,12.36,959400,0
RLC,05/24/2011,12.34,12.6,12.0,12.16,2045100,0
RLC,05/25/2011,12.5,12.5,12.18,12.3,2816500,0
RLC,05/26/2011,12.16,12.4,12.16,12.4,2272800,0
RLC,05/27/2011,12.4,12.78,12.4,12.6,2844400,0
RLC,05/30/2011,12.6,12.62,12.5,12.6,779800,0
RLC,05/31/2011,12.6,12.6,12.38,12.5,4053300,0
RLC,06/01/2011,12.5,12.64,12.3,12.64,1648700,0
RLC,06/02/2011,12.62,12.62,12.4,12.6,579600,0
RLC,06/03/2011,12.52,12.62,12.5,12.56,1784300,0
RLC,06/06/2011,12.54,12.54,12.34,12.34,915500,0
RLC,06/07/2011,12.34,12.34,12.08,12.16,5222700,0
RLC,06/08/2011,12.08,12.22,12.08,12.2,975000,0
RLC,06/09/2011,12.1,12.12,12.06,12.08,1797500,0
RLC,06/10/2011,12.12,12.12,12.0,12.0,4032500,0
RLC,06/13/2011,11.96,12.02,11.96,11.98,7415000,0
RLC,06/14/2011,11.98,12.0,11.66,11.68,4076200,0
RLC,06/15/2011,11.76,11.76,11.54,11.6,10063300,0
RLC,06/16/2011,11.6,11.9,11.58,11.7,5207800,0
RLC,06/17/2011,11.8,12.0,11.18,11.18,6828400,0
RLC,06/21/2011,11.78,11.82,11.6,11.7,7609100,0
RLC,06/22/2011,11.9,12.04,11.9,12.0,2601900,0
RLC,06/23/2011,12.0,12.02,11.9,11.98,8234700,0
RLC,06/24/2011,11.98,12.42,11.98,12.42,2802800,0
RLC,06/27/2011,12.3,12.42,12.3,12.32,3469100,0
RLC,06/28/2011,12.46,12.46,12.28,12.32,2765300,0
RLC,06/29/2011,12.3,12.3,11.62,11.98,4581800,0
RLC,06/30/2011,12.02,12.04,11.96,12.0,4124500,0
RLC,07/01/2011,12.0,12.3,11.98,12.3,3377500,0
RLC,07/04/2011,12.4,13.5,12.3,13.44,11684800,0
RLC,07/05/2011,13.42,13.44,13.0,13.02,11613100,0
RLC,07/06/2011,12.98,12.98,12.68,12.96,8629500,0
RLC,07/07/2011,12.98,13.14,12.8,12.8,3835200,0
RLC,07/08/2011,12.8,12.88,12.64,12.66,3343300,0
RLC,07/11/2011,12.68,12.72,12.56,12.56,2674500,0
RLC,07/12/2011,12.6,12.62,12.5,12.6,1519800,0
RLC,07/13/2011,12.6,12.98,12.6,12.8,2507800,0
RLC,07/14/2011,12.9,12.98,12.84,12.86,1532900,0
RLC,07/15/2011,12.7,12.94,12.7,12.94,2431100,0
RLC,07/18/2011,12.96,12.98,12.9,12.96,2205200,0
RLC,07/19/2011,12.9,13.0,12.9,13.0,2166400,0
RLC,07/20/2011,13.0,13.32,13.0,13.06,3922000,0
RLC,07/21/2011,13.06,13.06,12.8,12.82,1481800,0
RLC,07/22/2011,12.82,13.12,12.82,12.96,3724500,0
RLC,07/25/2011,13.3,13.3,13.0,13.08,1366100,0
RLC,07/26/2011,13.1,13.18,13.0,13.14,800100,0
RLC,07/27/2011,13.14,13.26,13.1,13.2,2693700,0
RLC,07/28/2011,13.16,13.22,13.14,13.2,997500,0
RLC,07/29/2011,13.2,13.38,13.2,13.3,8612600,0
RLC,08/01/2011,13.22,13.7,13.22,13.7,3910200,0
RLC,08/02/2011,13.7,13.7,13.5,13.54,6019700,0
RLC,08/03/2011,13.1,13.44,13.1,13.42,3799200,0
RLC,08/04/2011,13.42,13.44,13.4,13.44,4255900,0
RLC,08/05/2011,12.8,13.3,12.8,13.3,2302700,0
RLC,08/08/2011,12.98,12.98,12.58,12.58,3580700,0
RLC,08/09/2011,12.34,12.34,11.64,11.84,5586700,0
RLC,08/10/2011,12.1,12.32,12.1,12.22,1224500,0
RLC,08/11/2011,12.08,12.22,11.9,12.22,811300,0
RLC,08/12/2011,12.22,12.34,12.22,12.28,2568100,0
RLC,08/15/2011,12.28,12.4,12.28,12.4,225200,0
RLC,08/16/2011,12.5,12.7,12.4,12.6,1482600,0
RLC,08/17/2011,12.72,12.76,12.5,12.58,626500,0
RLC,08/18/2011,12.6,12.62,12.56,12.62,2901800,0
RLC,08/19/2011,12.54,12.54,12.2,12.26,582700,0
RLC,08/22/2011,12.2,12.2,12.06,12.06,429800,0
RLC,08/23/2011,12.1,12.1,12.04,12.08,1351200,0
RLC,08/24/2011,12.12,12.4,12.1,12.36,654600,0
RLC,08/25/2011,12.3,12.3,12.2,12.3,4100,0
RLC,08/26/2011,12.1,12.14,12.0,12.04,303800,0
RLC,08/31/2011,12.1,12.36,12.04,12.36,859200,0
RLC,09/01/2011,12.36,12.64,12.36,12.56,1338000,0
RLC,09/02/2011,12.5,12.74,12.5,12.74,4136100,0
RLC,09/05/2011,12.62,12.62,12.4,12.54,4431700,0
RLC,09/06/2011,12.52,12.52,12.4,12.4,474000,0
RLC,09/07/2011,12.3,12.4,12.2,12.3,829300,0
RLC,09/08/2011,12.4,12.68,12.4,12.64,349600,0
RLC,09/09/2011,12.66,12.66,12.6,12.6,66300,0
RLC,09/12/2011,12.4,12.5,12.4,12.5,134000,0
RLC,09/13/2011,12.2,12.4,12.2,12.4,17200,0
RLC,09/14/2011,12.24,12.4,12.1,12.18,279100,0
RLC,09/15/2011,12.4,12.4,12.2,12.3,79200,0
RLC,09/16/2011,12.32,12.7,12.3,12.7,112100,0
RLC,09/19/2011,12.36,12.6,12.3,12.52,520100,0
RLC,09/20/2011,12.4,12.4,12.14,12.16,2841900,0
RLC,09/21/2011,12.16,12.28,12.16,12.18,1585100,0
RLC,09/22/2011,12.18,12.18,11.8,11.8,1799400,0
RLC,09/23/2011,11.5,11.5,10.8,10.8,6580400,0
RLC,09/26/2011,10.84,10.86,10.0,10.4,2161000,0
RLC,09/28/2011,11.0,11.0,10.78,10.86,909200,0
RLC,09/29/2011,10.72,11.08,10.72,11.0,2160700,0
RLC,09/30/2011,11.0,11.3,11.0,11.3,1867000,0
RLC,10/03/2011,11.0,11.1,10.86,10.94,1459000,0
RLC,10/04/2011,10.9,10.98,10.8,10.8,2569200,0
RLC,10/05/2011,10.86,10.94,10.86,10.9,18000,0
RLC,10/06/2011,11.0,11.3,10.9,11.3,524800,0
RLC,10/07/2011,10.98,11.34,10.98,11.3,2163900,0
RLC,10/10/2011,11.32,11.56,11.3,11.5,3701300,0
RLC,10/11/2011,11.6,12.14,11.6,12.1,4481200,0
RLC,10/12/2011,12.1,12.14,11.7,12.14,1831600,0
RLC,10/13/2011,12.16,12.16,11.84,11.88,1511900,0
RLC,10/14/2011,11.88,12.0,11.88,12.0,171100,0
RLC,10/17/2011,12.1,12.16,11.9,12.14,653000,0
RLC,10/18/2011,12.0,12.04,11.9,12.0,753700,0
RLC,10/19/2011,12.0,12.0,11.86,12.0,979000,0
RLC,10/20/2011,11.86,12.02,11.86,11.98,3711400,0
RLC,10/21/2011,11.98,11.98,11.92,11.94,944800,0
RLC,10/24/2011,11.9,12.1,11.9,12.1,441300,0
RLC,10/25/2011,12.14,12.38,12.14,12.36,2891200,0
RLC,10/26/2011,12.18,12.24,12.16,12.18,1162700,0
RLC,10/27/2011,12.12,12.18,12.12,12.18,488900,0
RLC,10/28/2011,12.3,12.52,12.3,12.46,2669200,0
RLC,11/02/2011,12.28,12.28,11.9,12.04,1270800,0
RLC,11/03/2011,12.08,12.08,11.6,11.7,1890200,0
RLC,11/04/2011,11.74,12.16,11.6,11.64,3444400,0
RLC,11/08/2011,11.64,12.14,11.64,11.78,802200,0
RLC,11/09/2011,12.0,12.2,11.82,12.2,551800,0
RLC,11/10/2011,11.9,12.1,11.7,12.08,701900,0
RLC,11/11/2011,12.0,12.14,12.0,12.02,3678900,0
RLC,11/14/2011,12.0,12.3,12.0,12.28,547900,0
RLC,11/15/2011,12.26,12.26,12.0,12.24,1132300,0
RLC,11/16/2011,12.2,12.38,12.2,12.24,1283100,0
RLC,11/17/2011,12.24,12.34,12.24,12.24,2513400,0
RLC,11/18/2011,12.2,12.26,12.16,12.18,328800,0
RLC,11/21/2011,12.18,12.18,12.06,12.1,426200,0
RLC,11/22/2011,12.0,12.0,11.9,11.96,4113000,0
RLC,11/23/2011,12.0,12.0,11.82,11.94,296300,0
RLC,11/24/2011,11.82,11.82,11.68,11.7,3447500,0
RLC,11/25/2011,11.7,11.72,11.6,11.6,1505500,0
RLC,11/28/2011,11.6,11.72,11.58,11.6,1238200,0
RLC,11/29/2011,11.6,11.7,11.6,11.62,4800400,0
RLC,12/01/2011,11.8,12.0,11.8,11.94,2897400,0
RLC,12/02/2011,11.9,11.9,11.7,11.7,2151200,0
RLC,12/05/2011,11.76,11.9,11.72,11.78,3901100,0
RLC,12/06/2011,11.62,11.64,11.6,11.6,5788200,0
RLC,12/07/2011,11.6,11.6,11.52,11.52,2196300,0
RLC,12/08/2011,11.52,11.56,11.48,11.52,6730900,0
RLC,12/09/2011,11.5,11.52,11.5,11.52,7898000,0
RLC,12/12/2011,11.52,11.62,11.52,11.52,2285100,0
RLC,12/13/2011,11.52,11.52,11.48,11.5,6142900,0
RLC,12/14/2011,11.56,11.7,11.54,11.6,2057800,0
RLC,12/15/2011,11.6,11.86,11.58,11.86,3214100,0
RLC,12/16/2011,11.86,11.86,11.58,11.6,5434100,0
RLC,12/19/2011,11.6,11.6,11.56,11.58,1382300,0
RLC,12/20/2011,11.56,11.7,11.54,11.54,781500,0
RLC,12/21/2011,11.7,11.7,11.58,11.6,3776300,0
RLC,12/22/2011,11.7,11.7,11.58,11.6,2670800,0
RLC,12/23/2011,11.6,11.62,11.58,11.6,3608000,0
RLC,12/26/2011,11.6,11.62,11.58,11.58,91200,0
RLC,12/27/2011,11.54,11.54,11.48,11.5,2290500,0
RLC,12/28/2011,11.5,11.5,11.4,11.42,3538900,0
RLC,12/29/2011,11.46,11.46,11.28,11.3,8954400,0
RLC,01/02/2012,11.34,11.46,11.28,11.34,1652800,0
RLC,01/03/2012,11.56,11.56,11.34,11.38,4189900,0
RLC,01/04/2012,11.44,11.6,11.44,11.58,2449100,0
RLC,01/05/2012,11.58,12.1,11.54,12.08,7417500,0
RLC,01/06/2012,12.06,12.1,11.86,11.88,1392400,0
RLC,01/09/2012,11.88,11.9,11.86,11.88,438500,0
RLC,01/10/2012,11.9,12.2,11.9,12.18,12271400,0
RLC,01/11/2012,12.24,12.72,12.24,12.66,7519300,0
RLC,01/12/2012,12.66,13.42,12.64,13.36,19344500,0
RLC,01/13/2012,13.36,13.6,13.34,13.52,10964600,0
RLC,01/16/2012,13.5,13.6,13.08,13.2,10460000,0
RLC,01/17/2012,13.2,13.22,12.94,12.94,10742500,0
RLC,01/18/2012,12.94,13.3,12.94,13.06,12611400,0
RLC,01/19/2012,13.08,13.62,13.08,13.22,5000100,0
RLC,01/20/2012,13.32,13.92,13.32,13.9,9128400,0
RLC,01/24/2012,13.9,13.9,13.22,13.48,1071300,0
RLC,01/25/2012,13.46,13.46,13.14,13.14,4997900,0
RLC,01/26/2012,13.28,13.4,13.12,13.2,2339000,0
RLC,01/27/2012,13.38,13.92,13.2,13.82,10537500,0
RLC,01/30/2012,13.82,13.82,13.52,13.7,1654800,0
RLC,01/31/2012,13.7,14.2,13.52,14.06,6730600,0
RLC,02/01/2012,14.06,14.9,14.06,14.9,4844300,0
RLC,02/02/2012,14.88,15.1,14.88,15.02,15365600,0
RLC,02/03/2012,15.0,15.0,14.84,14.88,7216400,0
RLC,02/06/2012,14.88,15.1,14.88,15.0,8144100,0
RLC,02/07/2012,14.98,15.0,14.5,14.8,1537300,0
