RLT,02/12/1999,0.225,0.225,0.225,0.225,300000,0
RLT,02/19/1999,0.22,0.22,0.22,0.22,50000,0
RLT,02/23/1999,0.24,0.24,0.24,0.24,120000,0
RLT,02/24/1999,0.23,0.23,0.23,0.23,70000,0
RLT,02/26/1999,0.24,0.24,0.24,0.24,300000,0
RLT,03/01/1999,0.26,0.26,0.26,0.26,10000,0
RLT,03/02/1999,0.22,0.22,0.22,0.22,30000,0
RLT,03/03/1999,0.23,0.23,0.22,0.225,500000,0
RLT,03/05/1999,0.24,0.26,0.24,0.25,770000,0
RLT,03/09/1999,0.24,0.24,0.24,0.24,100000,0
RLT,03/10/1999,0.23,0.23,0.23,0.23,310000,0
RLT,03/11/1999,0.25,0.25,0.24,0.24,350000,0
RLT,03/12/1999,0.24,0.24,0.24,0.24,30000,0
RLT,03/15/1999,0.24,0.25,0.24,0.24,3940000,0
RLT,03/16/1999,0.25,0.25,0.235,0.24,920000,0
RLT,03/17/1999,0.235,0.24,0.235,0.24,60000,0
RLT,03/18/1999,0.25,0.25,0.25,0.25,950000,0
RLT,03/23/1999,0.26,0.26,0.26,0.26,100000,0
RLT,03/25/1999,0.24,0.24,0.24,0.24,30000,0
RLT,03/26/1999,0.25,0.26,0.25,0.25,350000,0
RLT,03/30/1999,0.24,0.24,0.24,0.24,190000,0
RLT,03/31/1999,0.24,0.24,0.24,0.24,780000,0
RLT,04/05/1999,0.24,0.24,0.24,0.24,10000,0
RLT,04/06/1999,0.26,0.28,0.26,0.26,870000,0
RLT,04/07/1999,0.27,0.31,0.27,0.31,7220000,0
RLT,04/08/1999,0.3,0.3,0.29,0.3,1440000,0
RLT,04/12/1999,0.3,0.3,0.29,0.29,1460000,0
RLT,04/13/1999,0.29,0.29,0.28,0.28,1320000,0
RLT,04/14/1999,0.29,0.29,0.28,0.28,700000,0
RLT,04/15/1999,0.26,0.26,0.26,0.26,550000,0
RLT,04/16/1999,0.26,0.26,0.25,0.25,1460000,0
RLT,04/19/1999,0.26,0.27,0.26,0.27,1270000,0
RLT,04/20/1999,0.27,0.27,0.26,0.26,1900000,0
RLT,04/21/1999,0.26,0.26,0.25,0.25,1550000,0
RLT,04/22/1999,0.25,0.26,0.24,0.26,2620000,0
RLT,04/23/1999,0.27,0.28,0.27,0.27,1040000,0
RLT,04/26/1999,0.28,0.29,0.28,0.29,5220000,0
RLT,04/27/1999,0.29,0.31,0.29,0.3,7490000,0
RLT,04/28/1999,0.31,0.33,0.3,0.3,4740000,0
RLT,04/29/1999,0.3,0.31,0.29,0.31,1200000,0
RLT,04/30/1999,0.31,0.33,0.31,0.32,5720000,0
RLT,05/03/1999,0.32,0.33,0.32,0.32,1750000,0
RLT,05/04/1999,0.34,0.34,0.31,0.31,2380000,0
RLT,05/05/1999,0.33,0.35,0.32,0.34,10210000,0
RLT,05/06/1999,0.35,0.38,0.35,0.38,11850000,0
RLT,05/07/1999,0.38,0.4,0.34,0.34,6860000,0
RLT,05/10/1999,0.35,0.36,0.35,0.36,2370000,0
RLT,05/11/1999,0.36,0.36,0.35,0.35,1290000,0
RLT,05/12/1999,0.36,0.37,0.36,0.37,1580000,0
RLT,05/13/1999,0.38,0.38,0.37,0.38,5730000,0
RLT,05/14/1999,0.38,0.38,0.37,0.37,2290000,0
RLT,05/17/1999,0.37,0.37,0.35,0.35,1180000,0
RLT,05/18/1999,0.36,0.38,0.36,0.37,1830000,0
RLT,05/19/1999,0.37,0.37,0.36,0.37,3540000,0
RLT,05/20/1999,0.36,0.36,0.36,0.36,3350000,0
RLT,05/21/1999,0.35,0.35,0.34,0.35,760000,0
RLT,05/24/1999,0.36,0.36,0.34,0.34,300000,0
RLT,05/25/1999,0.34,0.35,0.34,0.35,240000,0
RLT,05/26/1999,0.35,0.35,0.35,0.35,540000,0
RLT,05/27/1999,0.35,0.35,0.34,0.35,1750000,0
RLT,05/31/1999,0.34,0.34,0.33,0.33,1800000,0
RLT,06/01/1999,0.32,0.33,0.32,0.33,160000,0
RLT,06/02/1999,0.32,0.33,0.32,0.33,1300000,0
RLT,06/03/1999,0.33,0.33,0.33,0.33,300000,0
RLT,06/04/1999,0.33,0.33,0.32,0.32,2720000,0
RLT,06/07/1999,0.31,0.31,0.31,0.31,340000,0
RLT,06/09/1999,0.31,0.31,0.31,0.31,510000,0
RLT,06/10/1999,0.32,0.34,0.32,0.33,1220000,0
RLT,06/11/1999,0.34,0.34,0.33,0.33,400000,0
RLT,06/14/1999,0.34,0.34,0.34,0.34,180000,0
RLT,06/16/1999,0.35,0.36,0.34,0.36,600000,0
RLT,06/17/1999,0.35,0.37,0.35,0.36,1860000,0
RLT,06/18/1999,0.36,0.42,0.36,0.41,6270000,0
RLT,06/21/1999,0.42,0.46,0.42,0.44,6360000,0
RLT,06/22/1999,0.43,0.43,0.41,0.41,4260000,0
RLT,06/23/1999,0.42,0.44,0.41,0.42,4210000,0
RLT,06/24/1999,0.42,0.49,0.42,0.46,11470000,0
RLT,06/25/1999,0.43,0.44,0.42,0.42,2420000,0
RLT,06/28/1999,0.42,0.47,0.42,0.47,8240000,0
RLT,06/29/1999,0.48,0.48,0.46,0.47,5170000,0
RLT,06/30/1999,0.48,0.48,0.46,0.47,5650000,0
RLT,07/01/1999,0.47,0.48,0.45,0.46,10760000,0
RLT,07/02/1999,0.45,0.45,0.45,0.45,2560000,0
RLT,07/05/1999,0.44,0.44,0.43,0.44,250000,0
RLT,07/06/1999,0.46,0.47,0.46,0.46,1190000,0
RLT,07/07/1999,0.47,0.49,0.47,0.49,6450000,0
RLT,07/08/1999,0.5,0.56,0.48,0.54,38340000,0
RLT,07/09/1999,0.54,0.54,0.51,0.51,6530000,0
RLT,07/12/1999,0.51,0.52,0.51,0.51,1950000,0
RLT,07/13/1999,0.51,0.52,0.5,0.5,4080000,0
RLT,07/14/1999,0.51,0.51,0.49,0.49,4250000,0
RLT,07/15/1999,0.48,0.5,0.48,0.49,710000,0
RLT,07/16/1999,0.5,0.5,0.48,0.49,460000,0
RLT,07/19/1999,0.48,0.48,0.48,0.48,530000,0
RLT,07/20/1999,0.47,0.48,0.46,0.48,2360000,0
RLT,07/21/1999,0.44,0.47,0.44,0.46,240000,0
RLT,07/22/1999,0.45,0.45,0.43,0.43,3750000,0
RLT,07/23/1999,0.42,0.42,0.39,0.39,4130000,0
RLT,07/26/1999,0.37,0.37,0.37,0.37,100000,0
RLT,07/27/1999,0.37,0.37,0.35,0.35,610000,0
RLT,07/29/1999,0.38,0.42,0.38,0.39,1120000,0
RLT,07/30/1999,0.4,0.4,0.39,0.39,450000,0
RLT,08/06/1999,0.39,0.39,0.39,0.39,600000,0
RLT,08/09/1999,0.38,0.38,0.36,0.36,790000,0
RLT,08/10/1999,0.36,0.37,0.36,0.37,290000,0
RLT,08/12/1999,0.34,0.34,0.33,0.33,200000,0
RLT,08/16/1999,0.33,0.33,0.33,0.33,30000,0
RLT,08/17/1999,0.34,0.35,0.34,0.35,350000,0
RLT,08/19/1999,0.35,0.35,0.35,0.35,460000,0
RLT,08/23/1999,0.35,0.35,0.35,0.35,500000,0
RLT,08/24/1999,0.37,0.41,0.37,0.4,1220000,0
RLT,08/25/1999,0.41,0.41,0.4,0.41,250000,0
RLT,08/26/1999,0.4,0.4,0.39,0.4,1740000,0
RLT,08/31/1999,0.36,0.38,0.35,0.38,700000,0
RLT,09/02/1999,0.35,0.35,0.34,0.34,490000,0
RLT,09/03/1999,0.34,0.34,0.33,0.34,870000,0
RLT,09/06/1999,0.35,0.35,0.35,0.35,10000,0
RLT,09/07/1999,0.35,0.35,0.35,0.35,10000,0
RLT,09/08/1999,0.35,0.35,0.35,0.35,100000,0
RLT,09/10/1999,0.34,0.34,0.34,0.34,550000,0
RLT,09/13/1999,0.34,0.34,0.34,0.34,210000,0
RLT,09/17/1999,0.34,0.34,0.34,0.34,300000,0
RLT,09/20/1999,0.34,0.34,0.34,0.34,200000,0
RLT,09/29/1999,0.34,0.34,0.34,0.34,100000,0
RLT,10/06/1999,0.35,0.35,0.35,0.35,90000,0
RLT,10/08/1999,0.34,0.34,0.34,0.34,740000,0
RLT,10/12/1999,0.34,0.35,0.34,0.35,860000,0
RLT,10/13/1999,0.3,0.3,0.3,0.3,140000,0
RLT,10/14/1999,0.3,0.3,0.3,0.3,10000,0
RLT,10/18/1999,0.3,0.3,0.3,0.3,300000,0
RLT,10/21/1999,0.3,0.3,0.28,0.28,400000,0
RLT,10/22/1999,0.28,0.28,0.28,0.28,740000,0
RLT,10/27/1999,0.28,0.28,0.28,0.28,210000,0
RLT,10/28/1999,0.28,0.28,0.28,0.28,1200000,0
RLT,11/08/1999,0.27,0.27,0.27,0.27,10000,0
RLT,11/09/1999,0.27,0.27,0.27,0.27,30000,0
RLT,11/10/1999,0.27,0.28,0.27,0.28,2400000,0
RLT,11/12/1999,0.28,0.28,0.27,0.27,600000,0
RLT,11/15/1999,0.25,0.25,0.25,0.25,20000,0
RLT,11/16/1999,0.25,0.25,0.25,0.25,20000,0
RLT,11/18/1999,0.35,0.35,0.35,0.35,50000,0
RLT,11/19/1999,0.31,0.31,0.31,0.31,100000,0
RLT,11/24/1999,0.26,0.26,0.26,0.26,40000,0
RLT,12/01/1999,0.26,0.26,0.26,0.26,610000,0
RLT,12/03/1999,0.25,0.25,0.25,0.25,250000,0
RLT,12/08/1999,0.25,0.25,0.25,0.25,20000,0
RLT,12/09/1999,0.25,0.25,0.25,0.25,90000,0
RLT,12/10/1999,0.26,0.3,0.25,0.3,1010000,0
RLT,12/20/1999,0.25,0.25,0.24,0.24,1000000,0
RLT,12/21/1999,0.24,0.24,0.24,0.24,2100000,0
RLT,12/22/1999,0.25,0.25,0.25,0.25,500000,0
RLT,12/23/1999,0.26,0.27,0.26,0.27,300000,0
RLT,12/29/1999,0.25,0.25,0.25,0.25,100000,0
RLT,01/03/2000,0.23,0.23,0.23,0.23,60000,0
RLT,01/06/2000,0.34,0.34,0.32,0.32,550000,0
RLT,01/07/2000,0.3,0.3,0.29,0.29,190000,0
RLT,01/10/2000,0.29,0.29,0.28,0.28,100000,0
RLT,01/12/2000,0.26,0.26,0.25,0.26,250000,0
RLT,01/13/2000,0.25,0.25,0.25,0.25,170000,0
RLT,01/18/2000,0.25,0.25,0.25,0.25,50000,0
RLT,01/24/2000,0.25,0.26,0.23,0.26,400000,0
RLT,01/25/2000,0.25,0.25,0.25,0.25,300000,0
RLT,01/26/2000,0.24,0.24,0.24,0.24,460000,0
RLT,02/07/2000,0.18,0.18,0.18,0.18,20000,0
RLT,02/10/2000,0.22,0.22,0.21,0.21,70000,0
RLT,02/11/2000,0.21,0.21,0.21,0.21,20000,0
RLT,02/14/2000,0.23,0.23,0.23,0.23,70000,0
RLT,02/15/2000,0.23,0.23,0.21,0.21,1200000,0
RLT,02/16/2000,0.22,0.22,0.21,0.22,850000,0
RLT,03/07/2000,0.18,0.18,0.18,0.18,100000,0
RLT,03/10/2000,0.2,0.2,0.2,0.2,200000,0
RLT,03/13/2000,0.21,0.21,0.21,0.21,150000,0
RLT,03/15/2000,0.215,0.215,0.215,0.215,30000,0
RLT,03/16/2000,0.23,0.23,0.23,0.23,400000,0
RLT,03/17/2000,0.23,0.23,0.22,0.23,1150000,0
RLT,03/20/2000,0.23,0.23,0.23,0.23,10000,0
RLT,03/22/2000,0.2,0.2,0.2,0.2,12150000,0
RLT,03/23/2000,0.23,0.26,0.23,0.26,660000,0
RLT,03/27/2000,0.26,0.27,0.26,0.27,200000,0
RLT,03/29/2000,0.25,0.25,0.25,0.25,520000,0
RLT,03/30/2000,0.28,0.3,0.27,0.27,180000,0
RLT,03/31/2000,0.27,0.28,0.27,0.27,190000,0
RLT,04/03/2000,0.29,0.3,0.27,0.27,1170000,0
RLT,04/04/2000,0.26,0.26,0.26,0.26,730000,0
RLT,04/05/2000,0.26,0.26,0.26,0.26,10000,0
RLT,04/10/2000,0.26,0.26,0.26,0.26,120000,0
RLT,04/11/2000,0.24,0.24,0.24,0.24,130000,0
RLT,04/13/2000,0.24,0.24,0.24,0.24,50000,0
RLT,04/17/2000,0.24,0.24,0.24,0.24,30000,0
RLT,04/19/2000,0.24,0.25,0.24,0.24,400000,0
RLT,05/03/2000,0.23,0.23,0.23,0.23,500000,0
RLT,05/04/2000,0.24,0.24,0.24,0.24,1500000,0
RLT,05/05/2000,0.24,0.24,0.24,0.24,1200000,0
RLT,05/08/2000,0.25,0.25,0.25,0.25,1900000,0
RLT,05/09/2000,0.25,0.25,0.25,0.25,1050000,0
RLT,05/10/2000,0.25,0.25,0.25,0.25,850000,0
RLT,05/11/2000,0.25,0.25,0.25,0.25,630000,0
RLT,05/12/2000,0.25,0.25,0.25,0.25,750000,0
RLT,05/15/2000,0.2,0.2,0.2,0.2,10000,0
RLT,05/16/2000,0.24,0.24,0.24,0.24,300000,0
RLT,05/17/2000,0.24,0.25,0.24,0.25,2340000,0
RLT,05/18/2000,0.25,0.25,0.25,0.25,700000,0
RLT,05/19/2000,0.23,0.23,0.22,0.22,500000,0
RLT,05/23/2000,0.25,0.25,0.23,0.23,500000,0
RLT,05/25/2000,0.25,0.26,0.25,0.26,420000,0
RLT,05/26/2000,0.27,0.27,0.27,0.27,50000,0
RLT,05/30/2000,0.27,0.27,0.27,0.27,220000,0
RLT,06/02/2000,0.27,0.27,0.27,0.27,200000,0
RLT,06/06/2000,0.27,0.27,0.25,0.25,550000,0
RLT,06/07/2000,0.27,0.27,0.27,0.27,200000,0
RLT,06/08/2000,0.27,0.27,0.27,0.27,300000,0
RLT,06/13/2000,0.27,0.27,0.27,0.27,160000,0
RLT,08/03/2000,0.2,0.2,0.2,0.2,100000,0
RLT,08/07/2000,0.2,0.2,0.2,0.2,10000,0
RLT,08/08/2000,0.18,0.18,0.18,0.18,1320000,0
RLT,08/28/2000,0.21,0.21,0.21,0.21,20000,0
RLT,09/04/2000,0.21,0.21,0.2,0.2,60000,0
RLT,09/08/2000,0.2,0.2,0.2,0.2,100000,0
RLT,09/12/2000,0.18,0.18,0.18,0.18,10000,0
RLT,09/19/2000,0.18,0.18,0.18,0.18,30000,0
RLT,09/21/2000,0.18,0.18,0.18,0.18,40000,0
RLT,09/25/2000,0.2,0.2,0.2,0.2,70000,0
RLT,10/03/2000,0.2,0.26,0.2,0.26,360000,0
RLT,10/05/2000,0.18,0.18,0.17,0.17,250000,0
RLT,10/23/2000,0.17,0.17,0.17,0.17,60000,0
RLT,10/24/2000,0.16,0.17,0.16,0.17,166060000,0
RLT,10/25/2000,0.17,0.17,0.16,0.17,160000,0
RLT,11/08/2000,0.17,0.17,0.11,0.11,300000,0
RLT,11/09/2000,0.115,0.115,0.11,0.11,1900000,0
RLT,11/10/2000,0.14,0.14,0.14,0.14,50000,0
RLT,12/04/2000,0.11,0.11,0.11,0.11,10000,0
RLT,12/08/2000,0.14,0.14,0.14,0.14,200000,0
RLT,12/12/2000,0.11,0.14,0.11,0.14,60000,0
RLT,12/18/2000,0.14,0.14,0.14,0.14,10000,0
RLT,01/08/2001,0.13,0.13,0.13,0.13,200000,0
RLT,01/10/2001,0.16,0.16,0.16,0.16,80000,0
RLT,01/11/2001,0.15,0.16,0.15,0.16,420000,0
RLT,01/15/2001,0.16,0.16,0.16,0.16,100000,0
RLT,01/22/2001,0.24,0.24,0.18,0.18,120000,0
RLT,01/23/2001,0.18,0.18,0.17,0.17,250000,0
RLT,01/24/2001,0.18,0.2,0.18,0.2,100000,0
RLT,01/25/2001,0.24,0.24,0.24,0.24,170000,0
RLT,01/31/2001,0.18,0.18,0.18,0.18,310000,0
RLT,02/01/2001,0.18,0.18,0.18,0.18,200000,0
RLT,02/06/2001,0.18,0.18,0.18,0.18,80000,0
RLT,02/09/2001,0.18,0.18,0.18,0.18,150000,0
RLT,02/15/2001,0.18,0.18,0.18,0.18,70000,0
RLT,02/16/2001,0.18,0.18,0.18,0.18,160000,0
RLT,02/19/2001,0.17,0.17,0.17,0.17,10000,0
RLT,02/28/2001,0.17,0.17,0.17,0.17,100000,0
RLT,03/08/2001,0.17,0.17,0.17,0.17,10000,0
RLT,03/29/2001,0.14,0.14,0.14,0.14,300000,0
RLT,03/30/2001,0.12,0.12,0.12,0.12,500000,0
RLT,04/02/2001,0.12,0.12,0.12,0.12,1400000,0
RLT,04/04/2001,0.12,0.12,0.12,0.12,400000,0
RLT,04/20/2001,0.11,0.11,0.11,0.11,350000,0
RLT,04/24/2001,0.11,0.11,0.11,0.11,2000000,0
RLT,04/26/2001,0.115,0.115,0.115,0.115,1000000,0
RLT,05/03/2001,0.105,0.105,0.105,0.105,200000,0
RLT,05/04/2001,0.115,0.115,0.115,0.115,150000,0
RLT,05/09/2001,0.115,0.115,0.115,0.115,240000,0
RLT,05/16/2001,0.11,0.11,0.11,0.11,70000,0
RLT,05/23/2001,0.1,0.1,0.1,0.1,110000,0
RLT,06/18/2001,0.1,0.12,0.1,0.11,5700000,0
RLT,06/19/2001,0.105,0.11,0.105,0.11,50000,0
RLT,06/21/2001,0.11,0.12,0.11,0.12,1200000,0
RLT,06/22/2001,0.12,0.12,0.11,0.115,350000,0
RLT,06/28/2001,0.11,0.11,0.11,0.11,50000,0
RLT,06/29/2001,0.1,0.1,0.1,0.1,550000,0
RLT,02/19/2002,0.11,0.13,0.11,0.13,1000000,0
RLT,03/01/2002,0.1,0.1,0.1,0.1,100000,0
RLT,03/05/2002,0.09,0.09,0.09,0.09,300000,0
RLT,03/11/2002,0.09,0.09,0.09,0.09,300000,0
RLT,03/12/2002,0.09,0.09,0.09,0.09,300000,0
RLT,03/18/2002,0.08,0.08,0.08,0.08,100000,0
RLT,03/20/2002,0.08,0.08,0.08,0.08,200000,0
RLT,03/22/2002,0.09,0.09,0.09,0.09,100000,0
RLT,03/25/2002,0.085,0.085,0.085,0.085,1100000,0
RLT,04/05/2002,0.085,0.085,0.085,0.085,100000,0
RLT,06/14/2002,0.05,0.05,0.05,0.05,300000,0
RLT,06/17/2002,0.05,0.05,0.05,0.05,200000,0
RLT,06/20/2002,0.05,0.05,0.05,0.05,300000,0
RLT,06/26/2002,0.04,0.04,0.04,0.04,400000,0
RLT,07/01/2002,0.045,0.045,0.045,0.045,400000,0
RLT,07/02/2002,0.04,0.04,0.04,0.04,400000,0
RLT,07/09/2002,0.04,0.04,0.03,0.03,4800000,0
RLT,07/11/2002,0.036,0.036,0.036,0.036,700000,0
RLT,07/12/2002,0.036,0.036,0.036,0.036,100000,0
RLT,07/16/2002,0.037,0.037,0.037,0.037,200000,0
RLT,07/22/2002,0.04,0.04,0.04,0.04,200000,0
RLT,07/23/2002,0.04,0.04,0.04,0.04,400000,0
RLT,07/26/2002,0.04,0.04,0.04,0.04,400000,0
RLT,08/01/2002,0.04,0.04,0.04,0.04,200000,0
RLT,08/06/2002,0.04,0.04,0.04,0.04,100000,0
RLT,08/09/2002,0.031,0.031,0.031,0.031,500000,0
RLT,08/13/2002,0.032,0.033,0.032,0.032,1000000,0
RLT,08/14/2002,0.032,0.032,0.032,0.032,1000000,0
RLT,08/16/2002,0.032,0.032,0.032,0.032,500000,0
RLT,08/19/2002,0.031,0.031,0.031,0.031,300000,0
RLT,08/26/2002,0.036,0.036,0.036,0.036,200000,0
RLT,08/27/2002,0.037,0.043,0.037,0.043,800000,0
RLT,08/28/2002,0.043,0.05,0.04,0.045,1300000,0
RLT,08/29/2002,0.045,0.045,0.045,0.045,500000,0
RLT,10/25/2002,0.034,0.034,0.034,0.034,300000,0
RLT,10/29/2002,0.033,0.033,0.033,0.033,1000000,0
RLT,10/30/2002,0.028,0.028,0.02,0.021,4400000,0
RLT,11/06/2002,0.025,0.025,0.025,0.025,300000,0
RLT,11/07/2002,0.025,0.025,0.024,0.024,300000,0
RLT,11/13/2002,0.024,0.024,0.024,0.024,300000,0
RLT,12/03/2002,0.02,0.02,0.02,0.02,500000,0
RLT,12/12/2002,0.02,0.02,0.02,0.02,1500000,0
RLT,10/21/2004,0.03,0.03,0.03,0.03,100000,0
RLT,10/22/2004,0.045,0.045,0.045,0.045,400000,0
RLT,10/25/2004,0.0675,0.0675,0.0675,0.0675,100000,0
RLT,10/26/2004,0.1,0.1,0.1,0.1,400000,0
RLT,10/27/2004,0.15,0.15,0.15,0.15,800000,0
RLT,10/28/2004,0.225,0.225,0.19,0.225,17750000,0
RLT,10/29/2004,0.25,0.33,0.245,0.33,29150000,0
RLT,11/02/2004,0.38,0.42,0.35,0.36,42290000,0
RLT,11/03/2004,0.36,0.36,0.29,0.3,16870000,0
RLT,11/04/2004,0.3,0.3,0.225,0.26,12790000,0
RLT,11/05/2004,0.27,0.32,0.26,0.29,26550000,0
RLT,11/08/2004,0.3,0.3,0.26,0.26,3320000,0
RLT,11/09/2004,0.27,0.28,0.26,0.26,4470000,0
RLT,11/10/2004,0.26,0.26,0.25,0.25,3320000,0
RLT,11/11/2004,0.25,0.27,0.25,0.27,2530000,0
RLT,11/12/2004,0.27,0.3,0.26,0.26,4150000,0
RLT,11/16/2004,0.27,0.28,0.26,0.26,490000,0
RLT,11/17/2004,0.26,0.26,0.26,0.26,1090000,0
RLT,11/18/2004,0.27,0.27,0.26,0.27,2260000,0
RLT,11/19/2004,0.27,0.28,0.26,0.26,7560000,0
RLT,11/22/2004,0.26,0.26,0.26,0.26,220000,0
RLT,11/23/2004,0.26,0.26,0.26,0.26,790000,0
RLT,11/24/2004,0.27,0.27,0.27,0.27,2720000,0
RLT,11/25/2004,0.27,0.28,0.26,0.26,4780000,0
RLT,11/26/2004,0.27,0.27,0.25,0.25,1350000,0
RLT,11/30/2004,0.27,0.27,0.24,0.24,1850000,0
RLT,12/01/2004,0.24,0.24,0.235,0.24,1060000,0
RLT,12/02/2004,0.24,0.24,0.24,0.24,650000,0
RLT,12/06/2004,0.23,0.23,0.21,0.22,2670000,0
RLT,12/07/2004,0.22,0.22,0.2,0.22,3080000,0
RLT,12/08/2004,0.22,0.22,0.215,0.215,600000,0
RLT,12/09/2004,0.215,0.23,0.215,0.22,2960000,0
RLT,12/10/2004,0.215,0.215,0.18,0.205,510000,0
RLT,12/15/2004,0.2,0.2,0.2,0.2,1080000,0
RLT,12/16/2004,0.2,0.2,0.2,0.2,700000,0
RLT,12/20/2004,0.19,0.19,0.19,0.19,320000,0
RLT,12/21/2004,0.19,0.19,0.19,0.19,550000,0
RLT,12/28/2004,0.2,0.2,0.19,0.19,1200000,0
RLT,12/29/2004,0.19,0.195,0.19,0.195,210000,0
RLT,01/03/2005,0.19,0.195,0.19,0.195,850000,0
RLT,01/05/2005,0.19,0.19,0.19,0.19,50000,0
RLT,01/06/2005,0.19,0.19,0.19,0.19,20000,0
RLT,01/07/2005,0.19,0.2,0.19,0.2,550000,0
RLT,01/11/2005,0.19,0.19,0.19,0.19,90000,0
RLT,01/12/2005,0.185,0.19,0.185,0.19,300000,0
RLT,01/13/2005,0.2,0.2,0.2,0.2,400000,0
RLT,01/14/2005,0.2,0.205,0.2,0.205,500000,0
RLT,01/17/2005,0.205,0.205,0.205,0.205,270000,0
RLT,01/18/2005,0.215,0.215,0.215,0.215,200000,0
RLT,01/19/2005,0.21,0.21,0.2,0.21,900000,0
RLT,01/20/2005,0.215,0.235,0.215,0.225,9140000,0
RLT,01/21/2005,0.23,0.23,0.21,0.21,1570000,0
RLT,01/24/2005,0.21,0.22,0.21,0.21,1100000,0
RLT,01/25/2005,0.21,0.21,0.2,0.205,1980000,0
RLT,01/26/2005,0.2,0.205,0.2,0.205,5220000,0
RLT,01/27/2005,0.21,0.215,0.21,0.215,1720000,0
RLT,01/28/2005,0.22,0.225,0.22,0.22,1380000,0
RLT,01/31/2005,0.21,0.22,0.21,0.21,1060000,0
RLT,02/01/2005,0.2,0.21,0.2,0.21,1140000,0
RLT,02/02/2005,0.21,0.21,0.21,0.21,330000,0
RLT,02/03/2005,0.22,0.225,0.2,0.225,1590000,0
RLT,02/04/2005,0.21,0.22,0.21,0.21,1340000,0
RLT,02/07/2005,0.215,0.22,0.215,0.215,450000,0
RLT,02/08/2005,0.215,0.26,0.215,0.26,7970000,0
RLT,02/09/2005,0.31,0.33,0.27,0.28,27400000,0
RLT,02/10/2005,0.29,0.3,0.27,0.29,6200000,0
RLT,02/11/2005,0.3,0.31,0.28,0.29,7360000,0
RLT,02/14/2005,0.3,0.3,0.29,0.3,4060000,0
RLT,02/15/2005,0.3,0.32,0.28,0.31,6380000,0
RLT,02/16/2005,0.33,0.34,0.3,0.3,8470000,0
RLT,02/17/2005,0.3,0.32,0.3,0.3,6390000,0
RLT,02/18/2005,0.31,0.32,0.3,0.3,5550000,0
RLT,02/21/2005,0.33,0.34,0.31,0.31,3510000,0
RLT,02/22/2005,0.31,0.31,0.29,0.3,4590000,0
RLT,02/23/2005,0.29,0.32,0.29,0.3,8770000,0
RLT,02/24/2005,0.3,0.32,0.3,0.3,3980000,0
RLT,03/01/2005,0.3,0.3,0.3,0.3,650000,0
RLT,03/02/2005,0.29,0.29,0.29,0.29,200000,0
RLT,03/04/2005,0.28,0.29,0.27,0.28,2500000,0
RLT,03/07/2005,0.29,0.29,0.29,0.29,1600000,0
RLT,03/08/2005,0.29,0.29,0.28,0.28,170000,0
RLT,03/09/2005,0.29,0.29,0.29,0.29,170000,0
RLT,03/10/2005,0.3,0.3,0.3,0.3,1850000,0
RLT,03/11/2005,0.29,0.29,0.29,0.29,100000,0
RLT,03/14/2005,0.29,0.29,0.29,0.29,360000,0
RLT,03/15/2005,0.29,0.29,0.29,0.29,350000,0
RLT,03/16/2005,0.29,0.29,0.28,0.28,1980000,0
RLT,03/17/2005,0.29,0.3,0.28,0.28,2290000,0
RLT,03/18/2005,0.27,0.27,0.27,0.27,640000,0
RLT,03/21/2005,0.27,0.27,0.27,0.27,100000,0
RLT,03/22/2005,0.27,0.27,0.27,0.27,100000,0
RLT,03/28/2005,0.27,0.27,0.27,0.27,1180000,0
RLT,03/29/2005,0.27,0.27,0.25,0.25,2680000,0
RLT,03/30/2005,0.24,0.25,0.24,0.25,390000,0
RLT,03/31/2005,0.27,0.27,0.25,0.25,3410000,0
RLT,04/01/2005,0.26,0.27,0.26,0.27,1310000,0
RLT,04/04/2005,0.25,0.25,0.25,0.25,100000,0
RLT,04/05/2005,0.25,0.26,0.25,0.25,580000,0
RLT,04/07/2005,0.25,0.25,0.25,0.25,300000,0
RLT,04/08/2005,0.25,0.25,0.245,0.245,1180000,0
RLT,04/11/2005,0.25,0.25,0.25,0.25,200000,0
RLT,04/13/2005,0.245,0.245,0.245,0.245,100000,0
RLT,04/14/2005,0.245,0.245,0.245,0.245,310000,0
RLT,04/18/2005,0.25,0.25,0.25,0.25,70000,0
RLT,04/19/2005,0.25,0.25,0.24,0.24,210000,0
RLT,04/22/2005,0.23,0.23,0.23,0.23,60000,0
RLT,04/26/2005,0.23,0.23,0.23,0.23,100000,0
RLT,04/27/2005,0.22,0.22,0.22,0.22,160000,0
RLT,04/29/2005,0.22,0.22,0.22,0.22,930000,0
RLT,05/03/2005,0.22,0.22,0.22,0.22,350000,0
RLT,05/04/2005,0.22,0.22,0.22,0.22,150000,0
RLT,05/05/2005,0.23,0.23,0.23,0.23,50000,0
RLT,05/06/2005,0.23,0.23,0.23,0.23,40000,0
RLT,05/09/2005,0.22,0.23,0.22,0.22,5200000,0
RLT,05/10/2005,0.225,0.225,0.22,0.22,1870000,0
RLT,05/11/2005,0.21,0.21,0.21,0.21,70000,0
RLT,05/13/2005,0.21,0.21,0.21,0.21,10000,0
RLT,05/17/2005,0.21,0.21,0.205,0.205,120000,0
RLT,05/18/2005,0.2,0.2,0.2,0.2,220000,0
RLT,05/25/2005,0.19,0.19,0.19,0.19,60000,0
RLT,05/27/2005,0.19,0.19,0.18,0.18,700000,0
RLT,06/02/2005,0.18,0.18,0.18,0.18,10000,0
RLT,06/03/2005,0.18,0.18,0.18,0.18,120000,0
RLT,06/06/2005,0.2,0.2,0.2,0.2,100000,0
RLT,06/07/2005,0.2,0.2,0.2,0.2,740000,0
RLT,06/08/2005,0.19,0.195,0.19,0.195,360000,0
RLT,06/09/2005,0.185,0.19,0.185,0.19,190000,0
RLT,06/14/2005,0.17,0.17,0.17,0.17,100000,0
RLT,06/16/2005,0.17,0.17,0.17,0.17,40000,0
RLT,06/20/2005,0.175,0.175,0.17,0.17,200000,0
RLT,06/24/2005,0.17,0.17,0.17,0.17,10000,0
RLT,06/28/2005,0.195,0.195,0.195,0.195,130000,0
RLT,06/29/2005,0.195,0.195,0.195,0.195,400000,0
RLT,06/30/2005,0.195,0.195,0.195,0.195,350000,0
RLT,07/01/2005,0.195,0.195,0.195,0.195,1040000,0
RLT,07/04/2005,0.19,0.19,0.19,0.19,600000,0
RLT,07/06/2005,0.19,0.19,0.19,0.19,700000,0
RLT,07/08/2005,0.18,0.18,0.18,0.18,600000,0
RLT,07/11/2005,0.18,0.18,0.18,0.18,230000,0
RLT,07/12/2005,0.18,0.18,0.18,0.18,2100000,0
RLT,07/13/2005,0.18,0.18,0.18,0.18,500000,0
RLT,07/14/2005,0.18,0.18,0.18,0.18,820000,0
RLT,07/15/2005,0.19,0.19,0.19,0.19,200000,0
RLT,07/18/2005,0.18,0.18,0.18,0.18,200000,0
RLT,07/19/2005,0.18,0.18,0.18,0.18,60000,0
RLT,07/20/2005,0.19,0.19,0.19,0.19,300000,0
RLT,07/21/2005,0.185,0.185,0.185,0.185,70000,0
RLT,07/28/2005,0.19,0.19,0.19,0.19,100000,0
RLT,07/29/2005,0.19,0.19,0.19,0.19,300000,0
RLT,08/08/2005,0.18,0.19,0.18,0.18,100000,0
RLT,08/10/2005,0.19,0.19,0.19,0.19,530000,0
RLT,08/11/2005,0.19,0.195,0.19,0.195,4060000,0
RLT,08/12/2005,0.2,0.21,0.2,0.2,4950000,0
RLT,08/15/2005,0.2,0.2,0.195,0.195,400000,0
RLT,08/18/2005,0.18,0.19,0.18,0.19,1020000,0
RLT,08/19/2005,0.18,0.18,0.18,0.18,10000,0
RLT,08/22/2005,0.18,0.18,0.18,0.18,10000,0
RLT,08/23/2005,0.18,0.18,0.18,0.18,180000,0
RLT,08/26/2005,0.175,0.175,0.175,0.175,500000,0
RLT,08/30/2005,0.16,0.165,0.16,0.16,1100000,0
RLT,08/31/2005,0.165,0.165,0.165,0.165,1110000,0
RLT,09/01/2005,0.165,0.17,0.165,0.165,1560000,0
RLT,09/02/2005,0.17,0.175,0.17,0.175,620000,0
RLT,09/05/2005,0.17,0.17,0.17,0.17,100000,0
RLT,09/06/2005,0.165,0.165,0.16,0.16,460000,0
RLT,09/07/2005,0.165,0.165,0.165,0.165,80000,0
RLT,09/09/2005,0.155,0.155,0.155,0.155,40000,0
RLT,09/12/2005,0.155,0.155,0.15,0.15,200000,0
RLT,09/14/2005,0.15,0.155,0.15,0.155,240000,0
RLT,09/15/2005,0.155,0.16,0.155,0.16,1280000,0
RLT,09/19/2005,0.16,0.16,0.16,0.16,990000,0
RLT,09/20/2005,0.16,0.16,0.16,0.16,1700000,0
RLT,09/21/2005,0.165,0.165,0.165,0.165,460000,0
RLT,09/22/2005,0.165,0.165,0.165,0.165,670000,0
RLT,09/23/2005,0.165,0.165,0.165,0.165,250000,0
RLT,09/26/2005,0.165,0.165,0.165,0.165,140000,0
RLT,09/27/2005,0.16,0.16,0.155,0.16,310000,0
RLT,09/28/2005,0.155,0.155,0.155,0.155,110000,0
RLT,10/06/2005,0.155,0.155,0.155,0.155,120000,0
RLT,10/07/2005,0.155,0.155,0.155,0.155,40000,0
RLT,10/10/2005,0.15,0.15,0.145,0.145,250000,0
RLT,10/11/2005,0.14,0.14,0.14,0.14,30000,0
RLT,10/12/2005,0.14,0.14,0.14,0.14,10000,0
RLT,10/13/2005,0.145,0.145,0.145,0.145,210000,0
RLT,10/14/2005,0.145,0.145,0.145,0.145,310000,0
RLT,10/17/2005,0.145,0.145,0.145,0.145,50000,0
RLT,10/19/2005,0.135,0.135,0.135,0.135,20000,0
RLT,10/21/2005,0.135,0.135,0.135,0.135,270000,0
RLT,11/02/2005,0.125,0.125,0.125,0.125,100000,0
RLT,11/09/2005,0.15,0.17,0.15,0.17,220000,0
RLT,11/10/2005,0.14,0.14,0.14,0.14,200000,0
RLT,11/11/2005,0.155,0.16,0.155,0.16,330000,0
RLT,11/18/2005,0.14,0.14,0.14,0.14,100000,0
RLT,11/21/2005,0.14,0.145,0.14,0.145,700000,0
RLT,11/22/2005,0.15,0.15,0.15,0.15,580000,0
RLT,11/23/2005,0.15,0.15,0.15,0.15,340000,0
RLT,11/29/2005,0.145,0.145,0.145,0.145,100000,0
RLT,11/30/2005,0.15,0.15,0.15,0.15,30000,0
RLT,12/05/2005,0.135,0.135,0.135,0.135,10000,0
RLT,12/06/2005,0.135,0.135,0.135,0.135,90000,0
RLT,12/08/2005,0.14,0.14,0.14,0.14,100000,0
RLT,12/09/2005,0.135,0.135,0.135,0.135,200000,0
RLT,12/12/2005,0.13,0.13,0.13,0.13,150000,0
RLT,12/13/2005,0.13,0.135,0.13,0.135,1570000,0
RLT,12/16/2005,0.125,0.125,0.12,0.12,3000000,0
RLT,12/19/2005,0.12,0.12,0.11,0.115,1650000,0
RLT,12/20/2005,0.115,0.115,0.115,0.115,50000,0
RLT,12/21/2005,0.115,0.115,0.115,0.115,500000,0
RLT,12/22/2005,0.115,0.115,0.115,0.115,370000,0
RLT,12/27/2005,0.11,0.11,0.11,0.11,100000,0
RLT,12/29/2005,0.11,0.11,0.11,0.11,200000,0
RLT,01/03/2006,0.12,0.12,0.12,0.12,40000,0
RLT,01/05/2006,0.12,0.12,0.12,0.12,20000,0
RLT,01/06/2006,0.14,0.14,0.135,0.135,1170000,0
RLT,01/10/2006,0.135,0.135,0.135,0.135,20000,0
RLT,01/12/2006,0.13,0.13,0.13,0.13,350000,0
RLT,01/13/2006,0.13,0.135,0.13,0.135,1090000,0
RLT,01/16/2006,0.13,0.13,0.13,0.13,200000,0
RLT,01/17/2006,0.135,0.135,0.135,0.135,200000,0
RLT,01/18/2006,0.13,0.13,0.13,0.13,30000,0
RLT,01/19/2006,0.13,0.155,0.13,0.155,8880000,0
RLT,01/20/2006,0.155,0.155,0.15,0.155,1210000,0
RLT,01/23/2006,0.145,0.145,0.145,0.145,380000,0
RLT,01/24/2006,0.145,0.145,0.145,0.145,30000,0
RLT,01/25/2006,0.145,0.145,0.145,0.145,20000,0
RLT,01/26/2006,0.15,0.15,0.15,0.15,1700000,0
RLT,01/30/2006,0.15,0.15,0.15,0.15,300000,0
RLT,01/31/2006,0.15,0.15,0.15,0.15,100000,0
RLT,02/01/2006,0.145,0.145,0.14,0.14,880000,0
RLT,02/02/2006,0.14,0.14,0.14,0.14,240000,0
RLT,02/06/2006,0.14,0.14,0.14,0.14,3240000,0
RLT,02/07/2006,0.145,0.145,0.14,0.14,850000,0
RLT,02/08/2006,0.14,0.165,0.14,0.16,128400000,0
RLT,02/09/2006,0.17,0.19,0.17,0.185,7690000,0
RLT,02/10/2006,0.185,0.185,0.18,0.185,3020000,0
RLT,02/13/2006,0.19,0.215,0.19,0.215,14210000,0
RLT,02/14/2006,0.2,0.205,0.2,0.2,3460000,0
RLT,02/15/2006,0.205,0.205,0.195,0.195,5180000,0
RLT,02/16/2006,0.19,0.19,0.18,0.185,5120000,0
RLT,02/17/2006,0.185,0.195,0.18,0.195,4270000,0
RLT,02/20/2006,0.19,0.19,0.185,0.185,2690000,0
RLT,02/21/2006,0.185,0.19,0.185,0.19,3700000,0
RLT,02/22/2006,0.18,0.185,0.18,0.185,590000,0
RLT,02/23/2006,0.19,0.19,0.19,0.19,2000000,0
RLT,02/24/2006,0.18,0.185,0.18,0.18,1900000,0
RLT,02/27/2006,0.185,0.185,0.185,0.185,500000,0
RLT,02/28/2006,0.19,0.21,0.19,0.21,13430000,0
RLT,03/01/2006,0.215,0.225,0.21,0.225,12980000,0
RLT,03/02/2006,0.23,0.23,0.22,0.22,5940000,0
RLT,03/03/2006,0.22,0.22,0.215,0.215,1070000,0
RLT,03/06/2006,0.22,0.22,0.22,0.22,3170000,0
RLT,03/07/2006,0.225,0.225,0.22,0.22,5440000,0
RLT,03/08/2006,0.21,0.22,0.21,0.22,1170000,0
RLT,03/09/2006,0.22,0.22,0.21,0.21,1010000,0
RLT,03/10/2006,0.22,0.225,0.215,0.22,4020000,0
RLT,03/13/2006,0.225,0.23,0.22,0.23,3500000,0
RLT,03/14/2006,0.225,0.26,0.225,0.26,17260000,0
RLT,03/15/2006,0.26,0.27,0.26,0.26,13060000,0
RLT,03/16/2006,0.26,0.26,0.25,0.26,3680000,0
RLT,03/17/2006,0.25,0.27,0.245,0.27,7300000,0
RLT,03/20/2006,0.28,0.29,0.27,0.27,11020000,0
RLT,03/21/2006,0.27,0.28,0.27,0.28,4300000,0
RLT,03/22/2006,0.29,0.33,0.28,0.33,20470000,0
RLT,03/23/2006,0.33,0.33,0.31,0.31,12210000,0
RLT,03/24/2006,0.31,0.35,0.31,0.35,16840000,0
RLT,03/27/2006,0.33,0.35,0.32,0.32,7660000,0
RLT,03/28/2006,0.32,0.33,0.31,0.31,11560000,0
RLT,03/29/2006,0.31,0.31,0.28,0.29,9460000,0
RLT,03/30/2006,0.29,0.29,0.27,0.28,8630000,0
RLT,03/31/2006,0.28,0.3,0.28,0.28,3320000,0
RLT,04/03/2006,0.27,0.28,0.27,0.28,2100000,0
RLT,04/04/2006,0.28,0.3,0.28,0.28,2850000,0
RLT,04/05/2006,0.27,0.28,0.27,0.27,480000,0
RLT,04/06/2006,0.28,0.29,0.28,0.29,5050000,0
RLT,04/07/2006,0.29,0.29,0.26,0.27,2730000,0
RLT,04/10/2006,0.27,0.27,0.27,0.27,400000,0
RLT,04/11/2006,0.27,0.3,0.27,0.3,7580000,0
RLT,04/12/2006,0.29,0.33,0.29,0.33,11610000,0
RLT,04/17/2006,0.34,0.36,0.32,0.33,8670000,0
RLT,04/18/2006,0.34,0.35,0.33,0.33,15460000,0
RLT,04/19/2006,0.33,0.34,0.33,0.33,7820000,0
RLT,04/20/2006,0.35,0.35,0.32,0.33,2450000,0
RLT,04/21/2006,0.33,0.33,0.32,0.32,750000,0
RLT,04/24/2006,0.31,0.31,0.31,0.31,2530000,0
RLT,04/25/2006,0.31,0.31,0.29,0.29,8720000,0
RLT,04/26/2006,0.29,0.29,0.29,0.29,1230000,0
RLT,04/27/2006,0.29,0.31,0.29,0.31,9820000,0
RLT,04/28/2006,0.29,0.32,0.29,0.32,4920000,0
RLT,05/02/2006,0.32,0.36,0.32,0.33,22800000,0
RLT,05/03/2006,0.35,0.37,0.35,0.36,18970000,0
RLT,05/04/2006,0.36,0.36,0.33,0.33,14820000,0
RLT,05/05/2006,0.34,0.35,0.34,0.35,6660000,0
RLT,05/08/2006,0.35,0.35,0.33,0.33,8350000,0
RLT,05/09/2006,0.34,0.34,0.32,0.32,5870000,0
RLT,05/10/2006,0.33,0.33,0.31,0.32,2640000,0
RLT,05/11/2006,0.34,0.35,0.33,0.34,4710000,0
RLT,05/12/2006,0.33,0.33,0.32,0.33,2460000,0
RLT,05/15/2006,0.32,0.32,0.3,0.3,10290000,0
RLT,05/16/2006,0.3,0.31,0.3,0.31,3900000,0
RLT,05/17/2006,0.32,0.32,0.32,0.32,10000,0
RLT,05/18/2006,0.3,0.3,0.3,0.3,40000,0
RLT,05/19/2006,0.3,0.3,0.3,0.3,220000,0
RLT,05/22/2006,0.28,0.29,0.28,0.28,260000,0
RLT,05/23/2006,0.29,0.29,0.28,0.28,1580000,0
RLT,05/24/2006,0.32,0.32,0.27,0.3,260000,0
RLT,05/25/2006,0.29,0.32,0.29,0.32,2740000,0
RLT,05/26/2006,0.32,0.32,0.31,0.31,1120000,0
RLT,05/31/2006,0.29,0.31,0.29,0.29,1470000,0
RLT,06/05/2006,0.31,0.34,0.3,0.31,7280000,0
RLT,06/06/2006,0.3,0.31,0.3,0.3,2290000,0
RLT,06/07/2006,0.29,0.29,0.28,0.28,1700000,0
RLT,06/08/2006,0.28,0.28,0.25,0.26,3420000,0
RLT,06/09/2006,0.27,0.27,0.27,0.27,1620000,0
RLT,06/13/2006,0.26,0.26,0.25,0.25,580000,0
RLT,06/15/2006,0.25,0.26,0.25,0.26,810000,0
RLT,06/16/2006,0.28,0.28,0.28,0.28,3310000,0
RLT,06/19/2006,0.25,0.25,0.25,0.25,100000,0
RLT,06/20/2006,0.25,0.25,0.25,0.25,100000,0
RLT,06/21/2006,0.25,0.28,0.25,0.27,1130000,0
RLT,06/22/2006,0.28,0.29,0.28,0.29,400000,0
RLT,06/23/2006,0.27,0.27,0.27,0.27,400000,0
RLT,06/27/2006,0.26,0.26,0.26,0.26,50000,0
RLT,06/28/2006,0.25,0.27,0.25,0.27,210000,0
RLT,06/29/2006,0.26,0.26,0.26,0.26,100000,0
RLT,07/03/2006,0.26,0.28,0.26,0.28,1750000,0
RLT,07/04/2006,0.26,0.29,0.25,0.28,1960000,0
RLT,07/05/2006,0.27,0.28,0.27,0.28,280000,0
RLT,07/06/2006,0.28,0.28,0.28,0.28,500000,0
RLT,07/07/2006,0.29,0.3,0.29,0.29,1480000,0
RLT,07/11/2006,0.27,0.27,0.27,0.27,200000,0
RLT,07/12/2006,0.27,0.27,0.27,0.27,550000,0
RLT,07/13/2006,0.27,0.27,0.27,0.27,400000,0
RLT,07/14/2006,0.26,0.26,0.26,0.26,50000,0
RLT,07/17/2006,0.26,0.26,0.26,0.26,100000,0
RLT,07/18/2006,0.27,0.27,0.27,0.27,100000,0
RLT,07/19/2006,0.26,0.26,0.25,0.25,4800000,0
RLT,07/20/2006,0.25,0.26,0.25,0.26,2960000,0
RLT,07/21/2006,0.26,0.26,0.26,0.26,2410000,0
RLT,07/25/2006,0.26,0.26,0.26,0.26,1050000,0
RLT,07/26/2006,0.26,0.26,0.26,0.26,900000,0
RLT,07/27/2006,0.27,0.28,0.27,0.28,3480000,0
RLT,07/28/2006,0.28,0.31,0.28,0.31,4800000,0
RLT,07/31/2006,0.3,0.37,0.3,0.37,24290000,0
RLT,08/01/2006,0.38,0.41,0.37,0.38,69520000,0
RLT,08/02/2006,0.37,0.38,0.36,0.37,8850000,0
RLT,08/03/2006,0.37,0.42,0.37,0.42,40820000,0
RLT,08/04/2006,0.44,0.48,0.44,0.45,100880000,0
RLT,08/07/2006,0.45,0.45,0.43,0.44,20480000,0
RLT,08/08/2006,0.44,0.45,0.43,0.43,4140000,0
RLT,08/09/2006,0.42,0.43,0.41,0.43,13530000,0
RLT,08/10/2006,0.43,0.43,0.42,0.42,6760000,0
RLT,08/11/2006,0.43,0.43,0.42,0.43,5600000,0
RLT,08/14/2006,0.42,0.42,0.42,0.42,3350000,0
RLT,08/15/2006,0.41,0.42,0.41,0.42,1740000,0
RLT,08/16/2006,0.43,0.46,0.43,0.45,19020000,0
RLT,08/17/2006,0.44,0.45,0.44,0.44,4840000,0
RLT,08/18/2006,0.42,0.43,0.42,0.43,1100000,0
RLT,08/22/2006,0.43,0.43,0.43,0.43,3800000,0
RLT,08/23/2006,0.43,0.43,0.42,0.43,2870000,0
RLT,08/24/2006,0.42,0.42,0.41,0.42,3450000,0
RLT,08/25/2006,0.41,0.41,0.41,0.41,300000,0
RLT,08/28/2006,0.41,0.42,0.41,0.42,1350000,0
RLT,08/29/2006,0.41,0.41,0.41,0.41,950000,0
RLT,08/30/2006,0.41,0.41,0.41,0.41,4810000,0
RLT,08/31/2006,0.41,0.41,0.41,0.41,500000,0
RLT,09/01/2006,0.41,0.42,0.41,0.42,4080000,0
RLT,09/04/2006,0.42,0.43,0.42,0.43,8470000,0
RLT,09/05/2006,0.42,0.44,0.42,0.44,5040000,0
RLT,09/06/2006,0.43,0.43,0.42,0.42,8350000,0
RLT,09/07/2006,0.42,0.42,0.42,0.42,1100000,0
RLT,09/08/2006,0.42,0.42,0.41,0.41,1720000,0
RLT,09/11/2006,0.41,0.41,0.41,0.41,150000,0
RLT,09/12/2006,0.41,0.41,0.39,0.4,3710000,0
RLT,09/13/2006,0.4,0.4,0.4,0.4,1100000,0
RLT,09/14/2006,0.4,0.4,0.39,0.39,5800000,0
RLT,09/15/2006,0.39,0.39,0.39,0.39,1110000,0
RLT,09/18/2006,0.39,0.42,0.39,0.42,3380000,0
RLT,09/19/2006,0.41,0.42,0.41,0.41,1940000,0
RLT,09/20/2006,0.41,0.41,0.41,0.41,2320000,0
RLT,09/21/2006,0.41,0.41,0.41,0.41,4090000,0
RLT,09/22/2006,0.4,0.42,0.4,0.42,3920000,0
RLT,09/25/2006,0.41,0.42,0.41,0.41,8010000,0
RLT,09/26/2006,0.4,0.41,0.4,0.41,900000,0
RLT,09/27/2006,0.4,0.41,0.4,0.41,310000,0
RLT,10/02/2006,0.4,0.4,0.4,0.4,3160000,0
RLT,10/03/2006,0.39,0.4,0.39,0.4,2090000,0
RLT,10/04/2006,0.39,0.4,0.39,0.4,550000,0
RLT,10/05/2006,0.4,0.4,0.39,0.4,4390000,0
RLT,10/06/2006,0.4,0.4,0.4,0.4,1570000,0
RLT,10/09/2006,0.39,0.39,0.38,0.38,5100000,0
RLT,10/10/2006,0.38,0.38,0.38,0.38,1900000,0
RLT,10/11/2006,0.38,0.41,0.38,0.4,3820000,0
RLT,10/12/2006,0.4,0.4,0.4,0.4,1800000,0
RLT,10/13/2006,0.41,0.42,0.41,0.42,5400000,0
RLT,10/16/2006,0.41,0.41,0.41,0.41,2360000,0
RLT,10/17/2006,0.41,0.41,0.39,0.39,980000,0
RLT,10/18/2006,0.39,0.4,0.39,0.39,1610000,0
RLT,10/19/2006,0.4,0.4,0.4,0.4,1120000,0
RLT,10/20/2006,0.41,0.41,0.4,0.41,830000,0
RLT,10/23/2006,0.41,0.41,0.41,0.41,410000,0
RLT,10/25/2006,0.41,0.43,0.41,0.43,6750000,0
RLT,10/26/2006,0.43,0.43,0.42,0.42,2060000,0
RLT,10/27/2006,0.41,0.46,0.41,0.44,16130000,0
RLT,10/30/2006,0.46,0.48,0.44,0.47,34030000,0
RLT,10/31/2006,0.46,0.46,0.43,0.43,9100000,0
RLT,11/02/2006,0.43,0.46,0.43,0.46,9740000,0
RLT,11/03/2006,0.46,0.5,0.45,0.48,73200000,0
RLT,11/06/2006,0.49,0.56,0.49,0.54,109420000,0
RLT,11/07/2006,0.56,0.61,0.54,0.6,111880000,0
RLT,11/08/2006,0.61,0.63,0.59,0.62,47640000,0
RLT,11/09/2006,0.63,0.67,0.61,0.64,82970000,0
RLT,11/10/2006,0.64,0.65,0.6,0.61,29270000,0
RLT,11/13/2006,0.61,0.62,0.6,0.6,16500000,0
RLT,11/14/2006,0.59,0.6,0.58,0.59,29240000,0
RLT,11/15/2006,0.61,0.63,0.6,0.61,17300000,0
RLT,11/16/2006,0.61,0.67,0.61,0.66,58830000,0
RLT,11/17/2006,0.67,0.73,0.67,0.72,87770000,0
RLT,11/20/2006,0.73,0.76,0.73,0.74,31190000,0
RLT,11/21/2006,0.73,0.75,0.69,0.69,27100000,0
RLT,11/22/2006,0.71,0.77,0.71,0.77,67840000,0
RLT,11/23/2006,0.78,0.83,0.77,0.81,151710000,0
RLT,11/24/2006,0.83,0.87,0.81,0.84,147010000,0
RLT,11/27/2006,0.84,0.85,0.79,0.82,63330000,0
RLT,11/28/2006,0.8,0.81,0.78,0.8,47070000,0
RLT,11/29/2006,0.8,0.81,0.75,0.76,23740000,0
RLT,11/30/2006,0.76,0.8,0.75,0.76,37240000,0
RLT,12/04/2006,0.77,0.77,0.69,0.7,35110000,0
RLT,12/05/2006,0.7,0.75,0.7,0.7,35700000,0
RLT,12/06/2006,0.71,0.73,0.69,0.7,39260000,0
RLT,12/07/2006,0.7,0.72,0.69,0.69,23220000,0
RLT,12/08/2006,0.7,0.71,0.61,0.67,54030000,0
RLT,12/11/2006,0.66,0.66,0.63,0.64,34070000,0
RLT,12/12/2006,0.64,0.67,0.63,0.66,58550000,0
RLT,12/13/2006,0.67,0.69,0.66,0.69,59140000,0
RLT,12/14/2006,0.7,0.72,0.69,0.7,56230000,0
RLT,12/15/2006,0.71,0.72,0.7,0.7,27390000,0
RLT,12/18/2006,0.71,0.72,0.68,0.69,25270000,0
RLT,12/19/2006,0.7,0.7,0.65,0.66,19340000,0
RLT,12/20/2006,0.66,0.68,0.65,0.67,14350000,0
RLT,12/21/2006,0.66,0.68,0.66,0.67,19150000,0
RLT,12/22/2006,0.68,0.68,0.65,0.66,11020000,0
RLT,12/27/2006,0.64,0.68,0.64,0.66,4430000,0
RLT,12/28/2006,0.66,0.67,0.65,0.65,6640000,0
RLT,12/29/2006,0.66,0.67,0.65,0.66,2660000,0
RLT,01/02/2007,0.67,0.67,0.63,0.65,4620000,0
RLT,01/03/2007,0.65,0.66,0.64,0.64,4070000,0
RLT,01/04/2007,0.65,0.66,0.63,0.64,4000000,0
RLT,01/05/2007,0.64,0.7,0.64,0.7,20850000,0
RLT,01/08/2007,0.7,0.72,0.67,0.68,23420000,0
RLT,01/09/2007,0.69,0.71,0.68,0.68,11420000,0
RLT,01/10/2007,0.69,0.7,0.68,0.7,18910000,0
RLT,01/11/2007,0.71,0.72,0.69,0.69,14030000,0
RLT,01/12/2007,0.71,0.71,0.69,0.69,9250000,0
RLT,01/15/2007,0.69,0.71,0.68,0.7,7420000,0
RLT,01/16/2007,0.69,0.74,0.69,0.72,31770000,0
RLT,01/17/2007,0.72,0.72,0.69,0.7,15610000,0
RLT,01/18/2007,0.71,0.72,0.69,0.71,10770000,0
RLT,01/19/2007,0.71,0.71,0.69,0.69,5660000,0
RLT,01/22/2007,0.7,0.7,0.68,0.68,9750000,0
RLT,01/23/2007,0.69,0.69,0.65,0.65,31920000,0
RLT,01/24/2007,0.66,0.68,0.65,0.66,5580000,0
RLT,01/25/2007,0.67,0.69,0.66,0.67,11010000,0
RLT,01/26/2007,0.68,0.68,0.65,0.65,37260000,0
RLT,01/29/2007,0.65,0.67,0.64,0.66,6790000,0
RLT,01/30/2007,0.68,0.68,0.65,0.65,8230000,0
RLT,01/31/2007,0.66,0.67,0.65,0.65,7620000,0
RLT,02/01/2007,0.66,0.66,0.65,0.65,4050000,0
RLT,02/02/2007,0.66,0.66,0.64,0.64,15320000,0
RLT,02/05/2007,0.64,0.69,0.63,0.66,31390000,0
RLT,02/06/2007,0.66,0.68,0.66,0.66,5830000,0
RLT,02/07/2007,0.67,0.67,0.65,0.65,3920000,0
RLT,02/08/2007,0.66,0.69,0.66,0.66,26080000,0
RLT,02/09/2007,0.7,0.73,0.7,0.72,76910000,0
RLT,02/12/2007,0.74,0.76,0.74,0.75,48720000,0
RLT,02/13/2007,0.77,0.82,0.75,0.8,71640000,0
RLT,02/14/2007,0.82,0.86,0.77,0.77,96990000,0
RLT,02/15/2007,0.78,0.81,0.77,0.8,36370000,0
RLT,02/16/2007,0.8,0.82,0.78,0.79,17940000,0
RLT,02/19/2007,0.8,0.8,0.77,0.78,19670000,0
RLT,02/20/2007,0.8,0.82,0.78,0.79,55240000,0
RLT,02/21/2007,0.76,0.76,0.7,0.72,125540000,0
RLT,02/22/2007,0.71,0.72,0.68,0.68,46280000,0
RLT,02/23/2007,0.68,0.73,0.68,0.71,53930000,0
RLT,02/26/2007,0.71,0.71,0.69,0.7,15410000,0
RLT,02/27/2007,0.69,0.69,0.66,0.66,23920000,0
RLT,02/28/2007,0.61,0.66,0.6,0.65,46890000,0
RLT,03/01/2007,0.65,0.67,0.65,0.65,7940000,0
RLT,03/02/2007,0.65,0.65,0.63,0.64,8600000,0
RLT,03/05/2007,0.63,0.63,0.61,0.61,12680000,0
RLT,03/06/2007,0.6,0.62,0.6,0.62,9640000,0
RLT,03/07/2007,0.62,0.62,0.61,0.61,4160000,0
RLT,03/08/2007,0.61,0.61,0.58,0.58,19860000,0
RLT,03/09/2007,0.58,0.62,0.58,0.59,7930000,0
RLT,03/12/2007,0.61,0.61,0.59,0.6,6450000,0
RLT,03/13/2007,0.61,0.63,0.6,0.63,7480000,0
RLT,03/14/2007,0.62,0.62,0.61,0.61,1770000,0
RLT,03/15/2007,0.62,0.63,0.61,0.61,1460000,0
RLT,03/16/2007,0.61,0.61,0.6,0.61,1750000,0
RLT,03/19/2007,0.6,0.6,0.59,0.59,4370000,0
RLT,03/20/2007,0.6,0.6,0.6,0.6,1180000,0
RLT,03/21/2007,0.59,0.62,0.59,0.61,3590000,0
RLT,03/22/2007,0.61,0.61,0.6,0.61,3080000,0
RLT,03/23/2007,0.6,0.61,0.6,0.6,4460000,0
RLT,03/26/2007,0.6,0.6,0.58,0.59,10000000,0
RLT,03/27/2007,0.59,0.62,0.59,0.62,8850000,0
RLT,03/28/2007,0.6,0.6,0.59,0.6,2130000,0
RLT,03/29/2007,0.6,0.6,0.59,0.59,3500000,0
RLT,03/30/2007,0.6,0.6,0.59,0.59,1510000,0
RLT,04/02/2007,0.6,0.6,0.6,0.6,3720000,0
RLT,04/03/2007,0.61,0.64,0.61,0.63,8330000,0
RLT,04/04/2007,0.63,0.63,0.61,0.62,4020000,0
RLT,04/10/2007,0.63,0.64,0.63,0.64,2520000,0
RLT,04/11/2007,0.63,0.63,0.62,0.62,460000,0
RLT,04/12/2007,0.62,0.62,0.6,0.61,1850000,0
RLT,04/13/2007,0.62,0.62,0.62,0.62,3520000,0
RLT,04/16/2007,0.62,0.65,0.62,0.65,8260000,0
RLT,04/17/2007,0.64,0.65,0.63,0.64,8540000,0
RLT,04/18/2007,0.64,0.64,0.63,0.63,2590000,0
RLT,04/19/2007,0.62,0.62,0.61,0.61,560000,0
RLT,04/20/2007,0.62,0.62,0.61,0.62,360000,0
RLT,04/23/2007,0.61,0.62,0.61,0.62,1630000,0
RLT,04/24/2007,0.62,0.62,0.61,0.61,1790000,0
RLT,04/25/2007,0.61,0.61,0.6,0.6,2730000,0
RLT,04/26/2007,0.61,0.62,0.61,0.61,810000,0
RLT,04/27/2007,0.6,0.6,0.6,0.6,490000,0
RLT,04/30/2007,0.6,0.6,0.6,0.6,2400000,0
RLT,05/02/2007,0.6,0.6,0.59,0.59,480000,0
RLT,05/03/2007,0.59,0.6,0.59,0.59,1230000,0
RLT,05/04/2007,0.6,0.6,0.59,0.59,1150000,0
RLT,05/07/2007,0.6,0.6,0.6,0.6,350000,0
RLT,05/08/2007,0.59,0.59,0.59,0.59,440000,0
RLT,05/09/2007,0.59,0.6,0.58,0.59,3440000,0
RLT,05/10/2007,0.58,0.59,0.58,0.59,2470000,0
RLT,05/11/2007,0.59,0.59,0.59,0.59,190000,0
RLT,05/15/2007,0.6,0.62,0.6,0.61,5160000,0
RLT,05/16/2007,0.61,0.63,0.61,0.62,4680000,0
RLT,05/17/2007,0.63,0.63,0.61,0.61,3900000,0
RLT,05/18/2007,0.61,0.62,0.6,0.62,6350000,0
RLT,05/21/2007,0.62,0.63,0.61,0.61,6420000,0
RLT,05/22/2007,0.62,0.62,0.61,0.61,6760000,0
RLT,05/23/2007,0.61,0.61,0.61,0.61,1930000,0
RLT,05/24/2007,0.61,0.62,0.61,0.62,2070000,0
RLT,05/25/2007,0.61,0.61,0.6,0.6,4870000,0
RLT,05/28/2007,0.6,0.6,0.6,0.6,1190000,0
RLT,05/29/2007,0.62,0.62,0.6,0.62,14390000,0
RLT,05/30/2007,0.62,0.63,0.58,0.59,27390000,0
RLT,05/31/2007,0.6,0.62,0.59,0.62,5810000,0
RLT,06/01/2007,0.62,0.7,0.62,0.69,104780000,0
RLT,06/04/2007,0.71,0.72,0.64,0.64,49620000,0
RLT,06/05/2007,0.65,0.66,0.64,0.64,12330000,0
RLT,06/06/2007,0.63,0.64,0.62,0.62,22420000,0
RLT,06/07/2007,0.63,0.65,0.62,0.63,12060000,0
RLT,06/08/2007,0.62,0.63,0.62,0.63,4360000,0
RLT,06/12/2007,0.63,0.63,0.62,0.62,5510000,0
RLT,06/13/2007,0.61,0.61,0.6,0.61,5590000,0
RLT,06/14/2007,0.62,0.63,0.61,0.62,5900000,0
RLT,06/15/2007,0.63,0.67,0.63,0.64,39540000,0
RLT,06/18/2007,0.64,0.65,0.63,0.63,8360000,0
RLT,06/19/2007,0.64,0.66,0.64,0.66,17330000,0
RLT,06/20/2007,0.66,0.73,0.65,0.71,76150000,0
RLT,06/21/2007,0.7,0.71,0.68,0.69,28440000,0
RLT,06/22/2007,0.7,0.76,0.67,0.75,74440000,0
RLT,06/25/2007,0.74,0.76,0.72,0.75,46430000,0
RLT,06/26/2007,0.74,0.75,0.69,0.69,37690000,0
RLT,06/27/2007,0.71,0.71,0.66,0.67,24480000,0
RLT,06/28/2007,0.7,0.7,0.66,0.67,11090000,0
RLT,06/29/2007,0.67,0.68,0.66,0.66,6150000,0
RLT,07/02/2007,0.67,0.67,0.63,0.65,8400000,0
RLT,07/03/2007,0.66,0.68,0.66,0.67,4630000,0
RLT,07/04/2007,0.69,0.69,0.66,0.66,1270000,0
RLT,07/05/2007,0.67,0.67,0.66,0.66,11920000,0
RLT,07/06/2007,0.67,0.67,0.64,0.64,17570000,0
RLT,07/09/2007,0.64,0.65,0.63,0.63,13650000,0
RLT,07/10/2007,0.64,0.67,0.64,0.65,31020000,0
RLT,07/11/2007,0.65,0.65,0.63,0.64,8190000,0
RLT,07/12/2007,0.67,0.68,0.65,0.67,11690000,0
RLT,07/13/2007,0.68,0.68,0.67,0.67,14510000,0
RLT,07/16/2007,0.68,0.69,0.67,0.67,14850000,0
RLT,07/17/2007,0.68,0.68,0.66,0.66,3340000,0
RLT,07/18/2007,0.68,0.68,0.65,0.66,10850000,0
RLT,07/19/2007,0.65,0.65,0.64,0.65,7990000,0
RLT,07/20/2007,0.63,0.67,0.63,0.67,3810000,0
RLT,07/23/2007,0.66,0.68,0.66,0.68,10970000,0
RLT,07/24/2007,0.69,0.7,0.68,0.69,25560000,0
RLT,07/25/2007,0.67,0.7,0.67,0.68,18930000,0
RLT,07/26/2007,0.67,0.68,0.67,0.68,35880000,0
RLT,07/27/2007,0.65,0.65,0.63,0.64,2880000,0
RLT,07/30/2007,0.63,0.63,0.62,0.62,5270000,0
RLT,07/31/2007,0.64,0.65,0.64,0.65,10600000,0
RLT,08/01/2007,0.65,0.65,0.62,0.62,5180000,0
RLT,08/02/2007,0.64,0.65,0.56,0.56,17930000,0
RLT,08/03/2007,0.57,0.58,0.54,0.54,9950000,0
RLT,08/06/2007,0.51,0.53,0.5,0.53,4440000,0
RLT,08/07/2007,0.56,0.56,0.53,0.53,5280000,0
RLT,08/08/2007,0.54,0.56,0.54,0.56,2580000,0
RLT,08/09/2007,0.55,0.58,0.55,0.57,5340000,0
RLT,08/10/2007,0.54,0.55,0.54,0.55,3140000,0
RLT,08/13/2007,0.52,0.52,0.5,0.5,4300000,0
RLT,08/14/2007,0.53,0.53,0.5,0.5,5280000,0
RLT,08/15/2007,0.47,0.5,0.42,0.46,6620000,0
RLT,08/16/2007,0.42,0.42,0.37,0.37,9950000,0
RLT,08/17/2007,0.38,0.4,0.32,0.34,8250000,0
RLT,08/21/2007,0.38,0.39,0.37,0.38,9010000,0
RLT,08/22/2007,0.38,0.38,0.37,0.38,1010000,0
RLT,08/23/2007,0.41,0.45,0.41,0.42,6120000,0
RLT,08/24/2007,0.42,0.42,0.41,0.41,2790000,0
RLT,08/28/2007,0.41,0.44,0.41,0.43,690000,0
RLT,08/29/2007,0.4,0.41,0.4,0.41,1520000,0
RLT,08/30/2007,0.41,0.43,0.41,0.43,1300000,0
RLT,08/31/2007,0.43,0.45,0.43,0.44,1360000,0
RLT,09/03/2007,0.45,0.45,0.44,0.44,1850000,0
RLT,09/04/2007,0.45,0.47,0.45,0.46,5850000,0
RLT,09/05/2007,0.45,0.46,0.45,0.46,230000,0
RLT,09/06/2007,0.45,0.47,0.45,0.46,1250000,0
RLT,09/07/2007,0.46,0.46,0.45,0.45,1530000,0
RLT,09/10/2007,0.45,0.46,0.45,0.46,2370000,0
RLT,09/11/2007,0.45,0.46,0.45,0.45,1130000,0
RLT,09/12/2007,0.45,0.47,0.45,0.46,830000,0
RLT,09/13/2007,0.46,0.46,0.45,0.45,1800000,0
RLT,09/14/2007,0.45,0.46,0.45,0.46,230000,0
RLT,09/18/2007,0.45,0.45,0.45,0.45,200000,0
RLT,09/19/2007,0.47,0.47,0.44,0.44,4970000,0
RLT,09/20/2007,0.47,0.47,0.45,0.45,190000,0
RLT,09/21/2007,0.46,0.47,0.45,0.46,1430000,0
RLT,09/24/2007,0.47,0.49,0.47,0.47,3470000,0
RLT,09/25/2007,0.48,0.5,0.48,0.49,2560000,0
RLT,09/26/2007,0.49,0.49,0.48,0.49,1480000,0
RLT,09/27/2007,0.49,0.51,0.49,0.51,4880000,0
RLT,09/28/2007,0.51,0.52,0.51,0.51,3040000,0
RLT,10/01/2007,0.5,0.53,0.5,0.53,4270000,0
RLT,10/02/2007,0.56,0.56,0.53,0.54,12660000,0
RLT,10/03/2007,0.54,0.62,0.54,0.62,10670000,0
RLT,10/04/2007,0.62,0.65,0.58,0.62,28530000,0
RLT,10/05/2007,0.62,0.65,0.61,0.62,15430000,0
RLT,10/08/2007,0.63,0.63,0.61,0.62,2360000,0
RLT,10/09/2007,0.6,0.62,0.59,0.59,1110000,0
RLT,10/10/2007,0.59,0.6,0.57,0.6,6680000,0
RLT,10/11/2007,0.6,0.6,0.6,0.6,500000,0
RLT,10/15/2007,0.6,0.6,0.58,0.59,410000,0
RLT,10/16/2007,0.58,0.6,0.58,0.58,1470000,0
RLT,10/17/2007,0.58,0.58,0.57,0.58,2920000,0
RLT,10/18/2007,0.58,0.58,0.53,0.53,6340000,0
RLT,10/19/2007,0.53,0.56,0.51,0.53,7410000,0
RLT,10/22/2007,0.5,0.54,0.48,0.49,4780000,0
RLT,10/23/2007,0.5,0.53,0.5,0.51,1910000,0
RLT,10/24/2007,0.5,0.5,0.5,0.5,710000,0
RLT,10/25/2007,0.5,0.53,0.5,0.53,1660000,0
RLT,10/26/2007,0.5,0.52,0.5,0.51,2780000,0
RLT,10/30/2007,0.54,0.54,0.5,0.52,5050000,0
RLT,10/31/2007,0.53,0.53,0.49,0.49,4280000,0
RLT,11/05/2007,0.5,0.5,0.49,0.49,2590000,0
RLT,11/06/2007,0.51,0.51,0.48,0.51,10380000,0
RLT,11/07/2007,0.52,0.53,0.51,0.51,5630000,0
RLT,11/08/2007,0.49,0.49,0.48,0.49,3690000,0
RLT,11/09/2007,0.48,0.48,0.48,0.48,2890000,0
RLT,11/12/2007,0.47,0.47,0.46,0.46,1600000,0
RLT,11/15/2007,0.5,0.5,0.48,0.48,2830000,0
RLT,11/16/2007,0.47,0.47,0.47,0.47,3810000,0
RLT,11/19/2007,0.46,0.46,0.46,0.46,1030000,0
RLT,11/20/2007,0.45,0.45,0.44,0.45,1670000,0
RLT,11/21/2007,0.44,0.44,0.42,0.42,1580000,0
RLT,11/22/2007,0.41,0.42,0.41,0.42,400000,0
RLT,11/23/2007,0.43,0.43,0.43,0.43,220000,0
RLT,11/26/2007,0.43,0.44,0.43,0.44,460000,0
RLT,11/27/2007,0.43,0.44,0.43,0.43,710000,0
RLT,11/28/2007,0.43,0.44,0.43,0.43,530000,0
RLT,11/29/2007,0.43,0.5,0.42,0.43,2700000,0
RLT,12/03/2007,0.45,0.45,0.45,0.45,100000,0
RLT,12/04/2007,0.45,0.46,0.45,0.45,300000,0
RLT,12/05/2007,0.45,0.46,0.43,0.46,1500000,0
RLT,12/06/2007,0.47,0.48,0.46,0.46,460000,0
RLT,12/07/2007,0.47,0.47,0.45,0.45,140000,0
RLT,12/10/2007,0.45,0.48,0.44,0.45,790000,0
RLT,12/11/2007,0.48,0.48,0.44,0.48,790000,0
RLT,12/12/2007,0.48,0.48,0.43,0.46,50000,0
RLT,12/13/2007,0.59,0.6,0.54,0.55,74500000,0
RLT,12/14/2007,0.55,0.56,0.48,0.48,15140000,0
RLT,12/17/2007,0.48,0.48,0.46,0.46,3970000,0
RLT,12/18/2007,0.43,0.48,0.43,0.47,2720000,0
RLT,12/19/2007,0.49,0.49,0.46,0.49,730000,0
RLT,12/20/2007,0.48,0.48,0.47,0.47,2960000,0
RLT,12/21/2007,0.48,0.5,0.47,0.47,5680000,0
RLT,12/26/2007,0.46,0.47,0.46,0.46,2270000,0
RLT,12/27/2007,0.47,0.49,0.47,0.49,2630000,0
RLT,12/28/2007,0.47,0.49,0.47,0.47,790000,0
RLT,01/03/2008,0.46,0.46,0.44,0.45,1880000,0
RLT,01/04/2008,0.46,0.46,0.45,0.46,2050000,0
RLT,01/07/2008,0.46,0.46,0.45,0.45,180000,0
RLT,01/08/2008,0.44,0.44,0.44,0.44,250000,0
RLT,01/09/2008,0.44,0.45,0.43,0.45,1860000,0
RLT,01/10/2008,0.46,0.46,0.46,0.46,3970000,0
RLT,01/11/2008,0.46,0.46,0.46,0.46,2780000,0
RLT,01/14/2008,0.47,0.48,0.47,0.47,2000000,0
RLT,01/15/2008,0.48,0.51,0.48,0.5,9000000,0
RLT,01/16/2008,0.49,0.52,0.48,0.52,10440000,0
RLT,01/17/2008,0.51,0.51,0.46,0.46,5050000,0
RLT,01/18/2008,0.45,0.47,0.44,0.47,9060000,0
RLT,01/21/2008,0.47,0.57,0.47,0.54,87010000,0
RLT,01/22/2008,0.52,0.53,0.46,0.47,19730000,0
RLT,01/23/2008,0.5,0.5,0.48,0.48,11150000,0
RLT,01/24/2008,0.5,0.52,0.49,0.49,12070000,0
RLT,01/25/2008,0.51,0.51,0.48,0.48,4160000,0
RLT,01/28/2008,0.47,0.47,0.46,0.46,2550000,0
RLT,01/29/2008,0.46,0.46,0.45,0.45,2330000,0
RLT,01/30/2008,0.46,0.48,0.46,0.47,4810000,0
RLT,01/31/2008,0.47,0.49,0.45,0.46,6360000,0
RLT,02/01/2008,0.47,0.47,0.45,0.45,1110000,0
RLT,02/04/2008,0.45,0.45,0.45,0.45,1090000,0
RLT,02/05/2008,0.45,0.45,0.44,0.44,2090000,0
RLT,02/06/2008,0.44,0.45,0.44,0.44,1430000,0
RLT,02/07/2008,0.45,0.45,0.44,0.44,5040000,0
RLT,02/08/2008,0.44,0.45,0.43,0.44,9660000,0
RLT,02/12/2008,0.43,0.43,0.42,0.42,1170000,0
RLT,02/13/2008,0.43,0.44,0.43,0.43,2150000,0
RLT,02/14/2008,0.44,0.44,0.43,0.43,2160000,0
RLT,02/15/2008,0.42,0.42,0.42,0.42,20000,0
RLT,02/18/2008,0.44,0.48,0.44,0.46,7380000,0
RLT,02/19/2008,0.47,0.47,0.44,0.44,1800000,0
RLT,02/20/2008,0.44,0.45,0.43,0.43,740000,0
RLT,02/21/2008,0.43,0.43,0.42,0.42,250000,0
RLT,02/22/2008,0.44,0.45,0.43,0.43,2240000,0
RLT,02/26/2008,0.42,0.42,0.4,0.4,2460000,0
RLT,02/27/2008,0.42,0.43,0.42,0.43,610000,0
RLT,02/28/2008,0.43,0.43,0.43,0.43,1710000,0
RLT,02/29/2008,0.43,0.43,0.42,0.42,740000,0
RLT,03/03/2008,0.42,0.43,0.42,0.43,1110000,0
RLT,03/04/2008,0.42,0.42,0.41,0.41,2100000,0
RLT,03/05/2008,0.42,0.42,0.42,0.42,1830000,0
RLT,03/06/2008,0.41,0.41,0.41,0.41,1320000,0
RLT,03/07/2008,0.4,0.4,0.4,0.4,3850000,0
RLT,03/10/2008,0.4,0.4,0.39,0.39,3150000,0
RLT,03/12/2008,0.4,0.4,0.38,0.38,650000,0
RLT,03/17/2008,0.37,0.37,0.36,0.36,1440000,0
RLT,03/18/2008,0.36,0.36,0.36,0.36,100000,0
RLT,03/19/2008,0.38,0.38,0.37,0.37,2700000,0
RLT,03/24/2008,0.37,0.38,0.37,0.38,580000,0
RLT,03/25/2008,0.38,0.38,0.38,0.38,750000,0
RLT,03/26/2008,0.38,0.39,0.38,0.38,3040000,0
RLT,03/27/2008,0.39,0.39,0.39,0.39,1310000,0
RLT,03/31/2008,0.4,0.42,0.4,0.41,1700000,0
RLT,04/02/2008,0.4,0.43,0.4,0.43,800000,0
RLT,04/09/2008,0.39,0.4,0.39,0.4,240000,0
RLT,04/10/2008,0.39,0.39,0.39,0.39,50000,0
RLT,04/14/2008,0.4,0.4,0.4,0.4,50000,0
RLT,04/17/2008,0.38,0.38,0.38,0.38,280000,0
RLT,04/18/2008,0.37,0.37,0.37,0.37,500000,0
RLT,04/22/2008,0.36,0.36,0.36,0.36,300000,0
RLT,04/23/2008,0.36,0.36,0.36,0.36,50000,0
RLT,04/25/2008,0.36,0.36,0.36,0.36,500000,0
RLT,04/28/2008,0.36,0.36,0.36,0.36,20000,0
RLT,04/30/2008,0.35,0.35,0.35,0.35,130000,0
RLT,05/07/2008,0.35,0.35,0.35,0.35,300000,0
RLT,05/08/2008,0.35,0.35,0.34,0.34,400000,0
RLT,05/12/2008,0.34,0.34,0.34,0.34,240000,0
RLT,05/13/2008,0.36,0.38,0.36,0.38,1880000,0
RLT,05/14/2008,0.37,0.37,0.37,0.37,1940000,0
RLT,05/15/2008,0.38,0.38,0.38,0.38,600000,0
RLT,05/16/2008,0.38,0.38,0.38,0.38,240000,0
RLT,05/21/2008,0.38,0.38,0.38,0.38,690000,0
RLT,05/22/2008,0.39,0.39,0.38,0.39,510000,0
RLT,05/23/2008,0.39,0.39,0.39,0.39,580000,0
RLT,05/26/2008,0.38,0.38,0.37,0.37,2030000,0
RLT,05/28/2008,0.37,0.37,0.37,0.37,60000,0
RLT,05/29/2008,0.36,0.36,0.35,0.36,1310000,0
RLT,06/02/2008,0.36,0.37,0.36,0.37,640000,0
RLT,06/03/2008,0.37,0.37,0.37,0.37,1080000,0
RLT,06/04/2008,0.38,0.38,0.38,0.38,500000,0
RLT,06/05/2008,0.39,0.41,0.39,0.41,3140000,0
RLT,06/06/2008,0.39,0.41,0.39,0.41,960000,0
RLT,06/10/2008,0.38,0.38,0.38,0.38,50000,0
RLT,06/11/2008,0.38,0.38,0.38,0.38,1650000,0
RLT,06/12/2008,0.37,0.37,0.37,0.37,50000,0
RLT,06/17/2008,0.37,0.37,0.37,0.37,40000,0
RLT,06/19/2008,0.35,0.35,0.35,0.35,350000,0
RLT,06/20/2008,0.37,0.37,0.36,0.36,1870000,0
RLT,06/24/2008,0.35,0.35,0.35,0.35,100000,0
RLT,06/26/2008,0.36,0.36,0.36,0.36,1750000,0
RLT,06/27/2008,0.35,0.35,0.35,0.35,300000,0
RLT,06/30/2008,0.34,0.34,0.34,0.34,800000,0
RLT,07/01/2008,0.33,0.33,0.33,0.33,400000,0
RLT,07/03/2008,0.31,0.31,0.31,0.31,200000,0
RLT,07/04/2008,0.32,0.32,0.32,0.32,180000,0
RLT,07/07/2008,0.32,0.32,0.32,0.32,200000,0
RLT,07/08/2008,0.32,0.32,0.32,0.32,490000,0
RLT,07/09/2008,0.32,0.32,0.31,0.31,580000,0
RLT,07/10/2008,0.33,0.33,0.33,0.33,50000,0
RLT,07/11/2008,0.32,0.32,0.31,0.32,1010000,0
RLT,07/15/2008,0.32,0.32,0.31,0.31,1300000,0
RLT,07/16/2008,0.3,0.3,0.3,0.3,10000,0
RLT,07/17/2008,0.3,0.3,0.3,0.3,600000,0
RLT,07/18/2008,0.3,0.3,0.3,0.3,400000,0
RLT,07/21/2008,0.31,0.31,0.31,0.31,100000,0
RLT,07/23/2008,0.31,0.31,0.31,0.31,300000,0
RLT,07/24/2008,0.32,0.32,0.32,0.32,200000,0
RLT,07/25/2008,0.33,0.34,0.33,0.34,1140000,0
RLT,07/28/2008,0.34,0.34,0.34,0.34,230000,0
RLT,07/29/2008,0.32,0.32,0.32,0.32,100000,0
RLT,07/30/2008,0.34,0.34,0.34,0.34,720000,0
RLT,07/31/2008,0.34,0.34,0.34,0.34,20000,0
RLT,08/05/2008,0.34,0.34,0.34,0.34,290000,0
RLT,08/06/2008,0.34,0.35,0.34,0.35,500000,0
RLT,08/07/2008,0.34,0.38,0.34,0.37,3760000,0
RLT,08/08/2008,0.35,0.35,0.35,0.35,100000,0
RLT,08/11/2008,0.38,0.38,0.37,0.37,1550000,0
RLT,08/12/2008,0.37,0.37,0.35,0.35,740000,0
RLT,08/14/2008,0.37,0.37,0.35,0.35,1010000,0
RLT,08/15/2008,0.34,0.34,0.34,0.34,40000,0
RLT,08/19/2008,0.34,0.34,0.34,0.34,210000,0
RLT,08/20/2008,0.34,0.34,0.34,0.34,670000,0
RLT,08/21/2008,0.34,0.34,0.34,0.34,460000,0
RLT,08/22/2008,0.35,0.35,0.35,0.35,100000,0
RLT,08/26/2008,0.35,0.36,0.35,0.36,100000,0
RLT,08/29/2008,0.35,0.36,0.35,0.36,670000,0
RLT,09/01/2008,0.36,0.36,0.36,0.36,150000,0
RLT,09/02/2008,0.34,0.35,0.34,0.35,850000,0
RLT,09/03/2008,0.34,0.36,0.33,0.35,1350000,0
RLT,09/04/2008,0.34,0.34,0.33,0.33,1180000,0
RLT,09/05/2008,0.35,0.35,0.35,0.35,200000,0
RLT,09/08/2008,0.34,0.34,0.34,0.34,300000,0
RLT,09/09/2008,0.34,0.34,0.34,0.34,290000,0
RLT,09/10/2008,0.33,0.33,0.33,0.33,350000,0
RLT,09/11/2008,0.33,0.33,0.33,0.33,200000,0
RLT,09/12/2008,0.32,0.32,0.32,0.32,100000,0
RLT,09/15/2008,0.32,0.32,0.32,0.32,500000,0
RLT,09/16/2008,0.32,0.32,0.32,0.32,740000,0
RLT,09/19/2008,0.31,0.31,0.31,0.31,1150000,0
RLT,09/23/2008,0.31,0.31,0.31,0.31,500000,0
RLT,09/24/2008,0.32,0.33,0.32,0.32,260000,0
RLT,09/25/2008,0.31,0.31,0.31,0.31,100000,0
RLT,09/26/2008,0.32,0.32,0.32,0.32,150000,0
RLT,09/30/2008,0.3,0.3,0.3,0.3,50000,0
RLT,10/02/2008,0.3,0.3,0.3,0.3,150000,0
RLT,10/06/2008,0.3,0.3,0.3,0.3,80000,0
RLT,10/07/2008,0.27,0.28,0.27,0.28,280000,0
RLT,10/08/2008,0.3,0.3,0.29,0.29,300000,0
RLT,10/09/2008,0.3,0.3,0.3,0.3,20000,0
RLT,10/10/2008,0.28,0.28,0.28,0.28,180000,0
RLT,10/13/2008,0.28,0.28,0.28,0.28,100000,0
RLT,10/14/2008,0.29,0.29,0.29,0.29,1200000,0
RLT,10/15/2008,0.2,0.2,0.2,0.2,20000,0
RLT,10/17/2008,0.22,0.22,0.22,0.22,100000,0
RLT,10/21/2008,0.22,0.22,0.2,0.2,840000,0
RLT,10/23/2008,0.2,0.2,0.2,0.2,450000,0
RLT,10/29/2008,0.2,0.2,0.17,0.17,460000,0
RLT,10/30/2008,0.175,0.175,0.175,0.175,110000,0
RLT,11/04/2008,0.195,0.195,0.195,0.195,200000,0
RLT,11/05/2008,0.205,0.205,0.205,0.205,100000,0
RLT,11/06/2008,0.18,0.18,0.18,0.18,2000000,0
RLT,11/07/2008,0.2,0.205,0.2,0.205,150000,0
RLT,11/10/2008,0.205,0.205,0.205,0.205,150000,0
RLT,11/11/2008,0.205,0.205,0.2,0.2,150000,0
RLT,11/12/2008,0.2,0.2,0.2,0.2,200000,0
RLT,11/13/2008,0.2,0.2,0.2,0.2,300000,0
RLT,11/19/2008,0.2,0.2,0.19,0.19,600000,0
RLT,11/20/2008,0.2,0.2,0.2,0.2,100000,0
RLT,11/21/2008,0.185,0.185,0.18,0.18,1020000,0
RLT,11/24/2008,0.18,0.18,0.18,0.18,400000,0
RLT,11/25/2008,0.18,0.18,0.175,0.175,550000,0
RLT,11/26/2008,0.175,0.2,0.175,0.2,1600000,0
RLT,11/27/2008,0.2,0.2,0.195,0.195,150000,0
RLT,11/28/2008,0.195,0.195,0.195,0.195,390000,0
RLT,12/04/2008,0.185,0.185,0.185,0.185,50000,0
RLT,12/08/2008,0.185,0.185,0.185,0.185,70000,0
RLT,12/09/2008,0.185,0.185,0.185,0.185,1200000,0
RLT,12/10/2008,0.18,0.18,0.18,0.18,300000,0
RLT,12/11/2008,0.19,0.19,0.19,0.19,500000,0
RLT,12/15/2008,0.19,0.19,0.19,0.19,300000,0
RLT,12/22/2008,0.195,0.195,0.195,0.195,10000,0
RLT,12/23/2008,0.19,0.19,0.19,0.19,100000,0
RLT,12/24/2008,0.19,0.205,0.19,0.205,60000,0
RLT,01/06/2009,0.2,0.2,0.2,0.2,550000,0
RLT,01/07/2009,0.205,0.21,0.205,0.21,1000000,0
RLT,01/09/2009,0.205,0.21,0.205,0.21,1200000,0
RLT,01/12/2009,0.22,0.225,0.215,0.215,160000,0
RLT,01/13/2009,0.215,0.22,0.215,0.215,800000,0
RLT,01/14/2009,0.21,0.21,0.205,0.205,800000,0
RLT,01/20/2009,0.205,0.205,0.2,0.2,350000,0
RLT,01/23/2009,0.205,0.205,0.205,0.205,50000,0
RLT,01/28/2009,0.215,0.215,0.215,0.215,20000,0
RLT,01/29/2009,0.195,0.195,0.195,0.195,10000,0
RLT,01/30/2009,0.195,0.2,0.195,0.2,500000,0
RLT,02/03/2009,0.195,0.195,0.195,0.195,50000,0
RLT,02/05/2009,0.195,0.195,0.195,0.195,10000,0
RLT,02/10/2009,0.195,0.195,0.195,0.195,1000000,0
RLT,02/17/2009,0.195,0.195,0.195,0.195,260000,0
RLT,02/23/2009,0.195,0.195,0.195,0.195,340000,0
RLT,02/24/2009,0.195,0.195,0.195,0.195,50000,0
RLT,02/27/2009,0.185,0.185,0.185,0.185,150000,0
RLT,03/12/2009,0.18,0.18,0.18,0.18,380000,0
RLT,03/18/2009,0.185,0.185,0.185,0.185,1100000,0
RLT,03/19/2009,0.185,0.185,0.185,0.185,200000,0
RLT,03/20/2009,0.185,0.185,0.185,0.185,200000,0
RLT,03/23/2009,0.185,0.185,0.185,0.185,50000,0
RLT,03/24/2009,0.19,0.19,0.19,0.19,200000,0
RLT,03/25/2009,0.185,0.185,0.18,0.185,2150000,0
RLT,03/26/2009,0.185,0.185,0.185,0.185,1550000,0
RLT,03/27/2009,0.195,0.195,0.185,0.19,2250000,0
RLT,04/01/2009,0.185,0.185,0.185,0.185,250000,0
RLT,04/14/2009,0.19,0.19,0.19,0.19,300000,0
RLT,04/15/2009,0.195,0.195,0.195,0.195,500000,0
RLT,04/16/2009,0.2,0.2,0.195,0.2,1100000,0
RLT,04/17/2009,0.2,0.2,0.2,0.2,700000,0
RLT,04/20/2009,0.22,0.22,0.21,0.21,210000,0
RLT,04/22/2009,0.2,0.2,0.2,0.2,210000,0
RLT,04/30/2009,0.2,0.2,0.2,0.2,310000,0
RLT,05/04/2009,0.21,0.21,0.21,0.21,360000,0
RLT,05/05/2009,0.21,0.22,0.21,0.22,1650000,0
RLT,05/06/2009,0.22,0.225,0.22,0.225,650000,0
RLT,05/07/2009,0.235,0.235,0.23,0.23,800000,0
RLT,05/08/2009,0.23,0.26,0.23,0.25,1230000,0
RLT,05/11/2009,0.26,0.26,0.26,0.26,1100000,0
RLT,05/12/2009,0.26,0.27,0.26,0.27,2440000,0
RLT,05/13/2009,0.27,0.29,0.26,0.27,2260000,0
RLT,05/14/2009,0.25,0.25,0.25,0.25,160000,0
RLT,05/20/2009,0.27,0.28,0.27,0.28,400000,0
RLT,05/21/2009,0.28,0.28,0.28,0.28,400000,0
RLT,05/22/2009,0.28,0.31,0.28,0.3,2840000,0
RLT,05/25/2009,0.3,0.32,0.3,0.31,1500000,0
RLT,05/26/2009,0.3,0.3,0.29,0.29,110000,0
RLT,05/27/2009,0.3,0.3,0.3,0.3,1200000,0
RLT,05/28/2009,0.29,0.29,0.29,0.29,70000,0
RLT,05/29/2009,0.3,0.35,0.3,0.34,2420000,0
RLT,06/01/2009,0.36,0.36,0.31,0.32,90000,0
RLT,06/02/2009,0.36,0.36,0.33,0.33,1520000,0
RLT,06/03/2009,0.32,0.32,0.32,0.32,200000,0
RLT,06/04/2009,0.32,0.35,0.31,0.33,6550000,0
RLT,06/05/2009,0.34,0.35,0.33,0.34,2600000,0
RLT,06/09/2009,0.31,0.32,0.31,0.31,1850000,0
RLT,06/10/2009,0.31,0.31,0.31,0.31,860000,0
RLT,06/11/2009,0.32,0.32,0.31,0.31,2000000,0
RLT,06/15/2009,0.31,0.31,0.31,0.31,1600000,0
RLT,06/16/2009,0.31,0.31,0.29,0.29,5250000,0
RLT,06/19/2009,0.29,0.29,0.28,0.28,2300000,0
RLT,06/24/2009,0.28,0.28,0.28,0.28,190000,0
RLT,06/25/2009,0.27,0.28,0.27,0.28,3250000,0
RLT,06/30/2009,0.27,0.27,0.27,0.27,50000,0
RLT,07/02/2009,0.27,0.27,0.27,0.27,10190000,0
RLT,07/03/2009,0.27,0.28,0.27,0.28,190000,0
RLT,07/06/2009,0.28,0.28,0.28,0.28,130000,0
RLT,07/07/2009,0.29,0.29,0.29,0.29,110000,0
RLT,07/09/2009,0.28,0.29,0.28,0.29,600000,0
RLT,07/15/2009,0.29,0.29,0.28,0.28,1650000,0
RLT,07/16/2009,0.29,0.29,0.29,0.29,700000,0
RLT,07/20/2009,0.28,0.28,0.28,0.28,480000,0
RLT,07/22/2009,0.28,0.29,0.28,0.29,1990000,0
RLT,07/23/2009,0.29,0.29,0.28,0.28,800000,0
RLT,07/24/2009,0.3,0.32,0.3,0.31,3880000,0
RLT,07/27/2009,0.3,0.31,0.3,0.31,1660000,0
RLT,07/28/2009,0.31,0.31,0.31,0.31,200000,0
RLT,07/29/2009,0.31,0.33,0.31,0.33,2480000,0
RLT,07/30/2009,0.32,0.32,0.31,0.31,1080000,0
RLT,07/31/2009,0.32,0.33,0.32,0.32,4060000,0
RLT,08/03/2009,0.33,0.36,0.32,0.33,16340000,0
RLT,08/04/2009,0.35,0.36,0.35,0.36,10560000,0
RLT,08/06/2009,0.35,0.37,0.35,0.37,8900000,0
RLT,08/07/2009,0.37,0.4,0.37,0.37,59990000,0
RLT,08/10/2009,0.39,0.44,0.39,0.43,31480000,0
RLT,08/11/2009,0.44,0.44,0.4,0.4,10370000,0
RLT,08/12/2009,0.41,0.41,0.4,0.4,1600000,0
RLT,08/13/2009,0.41,0.41,0.4,0.4,4000000,0
RLT,08/14/2009,0.39,0.39,0.38,0.38,6320000,0
RLT,08/17/2009,0.37,0.37,0.37,0.37,100000,0
RLT,08/18/2009,0.35,0.37,0.34,0.37,2210000,0
RLT,08/19/2009,0.38,0.43,0.38,0.43,17690000,0
RLT,08/20/2009,0.43,0.43,0.41,0.42,24930000,0
RLT,08/24/2009,0.43,0.44,0.42,0.42,3060000,0
RLT,08/25/2009,0.4,0.42,0.4,0.42,1700000,0
RLT,08/26/2009,0.42,0.43,0.41,0.43,1900000,0
RLT,08/27/2009,0.41,0.43,0.41,0.42,5170000,0
RLT,08/28/2009,0.42,0.42,0.42,0.42,10000,0
RLT,09/01/2009,0.4,0.41,0.4,0.41,730000,0
RLT,09/02/2009,0.4,0.4,0.4,0.4,800000,0
RLT,09/03/2009,0.41,0.41,0.4,0.4,480000,0
RLT,09/04/2009,0.4,0.4,0.4,0.4,40000,0
RLT,09/08/2009,0.4,0.41,0.4,0.41,870000,0
RLT,09/09/2009,0.4,0.4,0.4,0.4,980000,0
RLT,09/10/2009,0.4,0.4,0.4,0.4,100000,0
RLT,09/11/2009,0.4,0.4,0.4,0.4,490000,0
RLT,09/14/2009,0.4,0.4,0.4,0.4,280000,0
RLT,09/15/2009,0.4,0.4,0.4,0.4,550000,0
RLT,09/16/2009,0.4,0.4,0.4,0.4,10000,0
RLT,09/18/2009,0.39,0.4,0.39,0.4,250000,0
RLT,09/22/2009,0.4,0.4,0.4,0.4,50000,0
RLT,09/23/2009,0.4,0.4,0.4,0.4,500000,0
RLT,09/24/2009,0.39,0.39,0.39,0.39,100000,0
RLT,09/25/2009,0.39,0.4,0.39,0.4,620000,0
RLT,09/30/2009,0.4,0.4,0.4,0.4,160000,0
RLT,10/02/2009,0.39,0.39,0.39,0.39,100000,0
RLT,10/05/2009,0.39,0.39,0.39,0.39,2500000,0
RLT,10/06/2009,0.4,0.4,0.4,0.4,1500000,0
RLT,10/07/2009,0.4,0.4,0.4,0.4,20000,0
RLT,10/08/2009,0.4,0.46,0.4,0.43,5190000,0
RLT,10/09/2009,0.43,0.43,0.43,0.43,60000,0
RLT,10/12/2009,0.42,0.43,0.42,0.43,70000,0
RLT,10/13/2009,0.41,0.41,0.41,0.41,100000,0
RLT,10/14/2009,0.4,0.4,0.4,0.4,400000,0
RLT,10/16/2009,0.4,0.41,0.4,0.41,190000,0
RLT,10/19/2009,0.43,0.44,0.42,0.42,260000,0
RLT,10/20/2009,0.43,0.43,0.42,0.42,270000,0
RLT,10/21/2009,0.43,0.47,0.42,0.44,31130000,0
RLT,10/22/2009,0.46,0.52,0.44,0.52,53810000,0
RLT,10/23/2009,0.52,0.53,0.48,0.5,24310000,0
RLT,10/26/2009,0.48,0.5,0.48,0.5,7120000,0
RLT,10/27/2009,0.5,0.5,0.49,0.49,3930000,0
RLT,10/28/2009,0.49,0.49,0.48,0.49,5650000,0
RLT,10/29/2009,0.49,0.49,0.48,0.49,3480000,0
RLT,10/30/2009,0.5,0.55,0.5,0.55,28050000,0
RLT,11/03/2009,0.56,0.56,0.5,0.51,5340000,0
RLT,11/04/2009,0.51,0.52,0.51,0.52,9920000,0
RLT,11/05/2009,0.51,0.56,0.51,0.54,8590000,0
RLT,11/06/2009,0.54,0.54,0.52,0.52,4640000,0
RLT,11/09/2009,0.53,0.53,0.51,0.51,2650000,0
RLT,11/10/2009,0.52,0.53,0.52,0.52,4360000,0
RLT,11/11/2009,0.52,0.52,0.51,0.51,2090000,0
RLT,11/12/2009,0.51,0.51,0.48,0.51,6330000,0
RLT,11/13/2009,0.49,0.52,0.49,0.5,4510000,0
RLT,11/16/2009,0.5,0.51,0.5,0.51,1350000,0
RLT,11/17/2009,0.53,0.53,0.51,0.52,3340000,0
RLT,11/18/2009,0.53,0.53,0.52,0.52,4510000,0
RLT,11/19/2009,0.52,0.52,0.51,0.52,2680000,0
RLT,11/20/2009,0.52,0.54,0.52,0.54,4280000,0
RLT,11/23/2009,0.52,0.55,0.52,0.54,14430000,0
RLT,11/24/2009,0.54,0.55,0.52,0.52,8430000,0
RLT,11/26/2009,0.53,0.55,0.53,0.54,8390000,0
RLT,11/27/2009,0.54,0.58,0.54,0.57,14230000,0
RLT,12/01/2009,0.58,0.64,0.58,0.62,28940000,0
RLT,12/02/2009,0.63,0.63,0.6,0.6,10390000,0
RLT,12/03/2009,0.61,0.61,0.6,0.61,2350000,0
RLT,12/04/2009,0.61,0.61,0.59,0.61,1980000,0
RLT,12/07/2009,0.61,0.62,0.59,0.61,7870000,0
RLT,12/08/2009,0.6,0.67,0.6,0.66,50740000,0
RLT,12/09/2009,0.66,0.7,0.66,0.66,26350000,0
RLT,12/10/2009,0.67,0.67,0.64,0.64,9380000,0
RLT,12/11/2009,0.65,0.71,0.65,0.69,33570000,0
RLT,12/14/2009,0.72,0.74,0.7,0.74,38200000,0
RLT,12/15/2009,0.72,0.74,0.7,0.7,11490000,0
RLT,12/16/2009,0.71,0.73,0.71,0.73,16150000,0
RLT,12/17/2009,0.73,0.73,0.71,0.72,20050000,0
RLT,12/18/2009,0.71,0.71,0.7,0.7,8240000,0
RLT,12/21/2009,0.69,0.7,0.69,0.7,2300000,0
RLT,12/22/2009,0.69,0.71,0.69,0.71,11500000,0
RLT,12/23/2009,0.72,0.72,0.71,0.71,8600000,0
RLT,12/28/2009,0.72,0.74,0.72,0.73,14080000,0
RLT,12/29/2009,0.74,0.76,0.73,0.74,25960000,0
RLT,01/04/2010,0.74,0.74,0.73,0.73,2220000,0
RLT,01/05/2010,0.74,0.75,0.72,0.74,4910000,0
RLT,01/06/2010,0.72,0.73,0.71,0.72,7810000,0
RLT,01/07/2010,0.72,0.72,0.7,0.7,6630000,0
RLT,01/08/2010,0.7,0.71,0.69,0.71,4410000,0
RLT,01/11/2010,0.71,0.71,0.69,0.69,7280000,0
RLT,01/12/2010,0.69,0.69,0.68,0.68,7630000,0
RLT,01/13/2010,0.68,0.7,0.68,0.7,4460000,0
RLT,01/14/2010,0.7,0.7,0.69,0.69,2320000,0
RLT,01/15/2010,0.7,0.7,0.68,0.68,1630000,0
RLT,01/18/2010,0.68,0.69,0.68,0.69,1390000,0
RLT,01/19/2010,0.69,0.72,0.68,0.71,4580000,0
RLT,01/20/2010,0.71,0.71,0.68,0.69,5740000,0
RLT,01/21/2010,0.69,0.73,0.69,0.71,11810000,0
RLT,01/22/2010,0.69,0.69,0.66,0.68,6550000,0
RLT,01/25/2010,0.68,0.68,0.65,0.68,7200000,0
RLT,01/26/2010,0.69,0.7,0.67,0.68,6450000,0
RLT,01/27/2010,0.67,0.67,0.65,0.66,4960000,0
RLT,01/28/2010,0.66,0.66,0.65,0.65,2690000,0
RLT,01/29/2010,0.65,0.66,0.65,0.66,3000000,0
RLT,02/01/2010,0.67,0.68,0.65,0.65,8330000,0
RLT,02/02/2010,0.66,0.67,0.65,0.65,3400000,0
RLT,02/03/2010,0.65,0.65,0.64,0.64,3100000,0
RLT,02/04/2010,0.64,0.64,0.64,0.64,740000,0
RLT,02/05/2010,0.62,0.62,0.6,0.6,1700000,0
RLT,02/08/2010,0.6,0.62,0.58,0.6,44800000,0
RLT,02/09/2010,0.59,0.6,0.59,0.6,1400000,0
RLT,02/10/2010,0.6,0.62,0.6,0.6,3680000,0
RLT,02/11/2010,0.61,0.64,0.61,0.64,5970000,0
RLT,02/12/2010,0.64,0.64,0.63,0.63,400000,0
RLT,02/15/2010,0.64,0.65,0.64,0.65,1310000,0
RLT,02/16/2010,0.65,0.65,0.64,0.65,2650000,0
RLT,02/17/2010,0.64,0.65,0.64,0.65,1860000,0
RLT,02/18/2010,0.65,0.65,0.64,0.64,740000,0
RLT,02/19/2010,0.63,0.63,0.63,0.63,1980000,0
RLT,02/22/2010,0.64,0.64,0.63,0.63,1100000,0
RLT,02/23/2010,0.63,0.65,0.63,0.63,2600000,0
RLT,02/24/2010,0.63,0.63,0.62,0.63,4880000,0
RLT,02/25/2010,0.62,0.62,0.62,0.62,1850000,0
RLT,02/26/2010,0.61,0.62,0.61,0.62,3680000,0
RLT,03/01/2010,0.62,0.63,0.62,0.63,2690000,0
RLT,03/02/2010,0.64,0.68,0.64,0.64,9570000,0
RLT,03/03/2010,0.64,0.64,0.63,0.63,5750000,0
RLT,03/04/2010,0.62,0.63,0.62,0.63,3690000,0
RLT,03/05/2010,0.62,0.63,0.62,0.63,50000,0
RLT,03/08/2010,0.63,0.64,0.63,0.63,3030000,0
RLT,03/09/2010,0.62,0.63,0.62,0.63,250000,0
RLT,03/10/2010,0.63,0.66,0.63,0.64,3340000,0
RLT,03/11/2010,0.64,0.64,0.62,0.62,5550000,0
RLT,03/12/2010,0.62,0.62,0.61,0.61,12900000,0
RLT,03/15/2010,0.6,0.61,0.6,0.6,6050000,0
RLT,03/16/2010,0.6,0.6,0.6,0.6,1340000,0
RLT,03/17/2010,0.6,0.6,0.6,0.6,2190000,0
RLT,03/18/2010,0.6,0.62,0.59,0.6,8750000,0
RLT,03/19/2010,0.61,0.61,0.6,0.6,3160000,0
RLT,03/23/2010,0.6,0.6,0.58,0.6,1510000,0
RLT,03/25/2010,0.6,0.6,0.6,0.6,710000,0
RLT,03/26/2010,0.6,0.61,0.6,0.61,4620000,0
RLT,03/29/2010,0.6,0.61,0.6,0.6,1700000,0
RLT,03/30/2010,0.6,0.62,0.59,0.62,6420000,0
RLT,03/31/2010,0.61,0.62,0.61,0.62,2900000,0
RLT,04/05/2010,0.64,0.65,0.64,0.64,7220000,0
RLT,04/06/2010,0.65,0.65,0.64,0.65,7930000,0
RLT,04/07/2010,0.65,0.67,0.64,0.66,19290000,0
RLT,04/08/2010,0.65,0.65,0.64,0.64,4300000,0
RLT,04/12/2010,0.65,0.67,0.65,0.67,12150000,0
RLT,04/13/2010,0.68,0.71,0.68,0.7,32030000,0
RLT,04/14/2010,0.7,0.7,0.69,0.69,4870000,0
RLT,04/15/2010,0.68,0.68,0.67,0.67,2090000,0
RLT,04/16/2010,0.66,0.66,0.65,0.65,2300000,0
RLT,04/19/2010,0.65,0.65,0.63,0.63,760000,0
RLT,04/20/2010,0.63,0.64,0.63,0.63,920000,0
RLT,04/21/2010,0.64,0.65,0.64,0.65,930000,0
RLT,04/22/2010,0.64,0.64,0.63,0.64,3410000,0
RLT,04/23/2010,0.65,0.66,0.65,0.66,2270000,0
RLT,04/26/2010,0.66,0.68,0.66,0.68,3300000,0
RLT,04/27/2010,0.67,0.67,0.66,0.66,450000,0
RLT,04/28/2010,0.65,0.65,0.65,0.65,290000,0
RLT,04/29/2010,0.64,0.65,0.64,0.65,2010000,0
RLT,04/30/2010,0.65,0.65,0.65,0.65,900000,0
RLT,05/04/2010,0.63,0.64,0.63,0.64,260000,0
RLT,05/05/2010,0.61,0.62,0.61,0.61,3930000,0
RLT,05/06/2010,0.61,0.61,0.61,0.61,240000,0
RLT,05/07/2010,0.6,0.63,0.6,0.63,1300000,0
RLT,05/11/2010,0.64,0.64,0.64,0.64,130000,0
RLT,05/13/2010,0.61,0.65,0.61,0.65,990000,0
RLT,05/14/2010,0.65,0.65,0.63,0.63,200000,0
RLT,05/17/2010,0.63,0.63,0.63,0.63,50000,0
RLT,05/18/2010,0.63,0.63,0.62,0.62,530000,0
RLT,06/08/2010,0.55,0.62,0.55,0.61,57180000,0
RLT,06/09/2010,0.6,0.6,0.59,0.6,15500000,0
RLT,06/10/2010,0.6,0.61,0.6,0.61,1250000,0
RLT,06/11/2010,0.6,0.6,0.6,0.6,1820000,0
RLT,06/15/2010,0.61,0.61,0.61,0.61,200000,0
RLT,06/16/2010,0.61,0.64,0.61,0.63,33980000,0
RLT,06/17/2010,0.63,0.63,0.63,0.63,1100000,0
RLT,06/18/2010,0.64,0.66,0.64,0.65,11890000,0
RLT,06/21/2010,0.65,0.66,0.65,0.66,1050000,0
RLT,06/22/2010,0.65,0.65,0.64,0.64,27820000,0
RLT,06/23/2010,0.65,0.65,0.63,0.64,28540000,0
RLT,06/24/2010,0.64,0.64,0.62,0.62,27680000,0
RLT,06/25/2010,0.61,0.62,0.61,0.62,20250000,0
RLT,06/28/2010,0.6,0.62,0.6,0.61,34550000,0
RLT,06/29/2010,0.6,0.61,0.6,0.61,6320000,0
RLT,07/01/2010,0.6,0.64,0.6,0.64,3990000,0
RLT,07/02/2010,0.65,0.66,0.64,0.65,4430000,0
RLT,07/05/2010,0.64,0.65,0.64,0.65,6230000,0
RLT,07/06/2010,0.65,0.65,0.64,0.65,6550000,0
RLT,07/07/2010,0.65,0.65,0.64,0.65,2810000,0
RLT,07/08/2010,0.65,0.65,0.65,0.65,3720000,0
RLT,07/09/2010,0.64,0.64,0.63,0.63,990000,0
RLT,07/12/2010,0.64,0.66,0.64,0.66,6270000,0
RLT,07/13/2010,0.66,0.69,0.65,0.68,13920000,0
RLT,07/14/2010,0.67,0.69,0.66,0.66,3590000,0
RLT,07/15/2010,0.65,0.66,0.65,0.66,6690000,0
RLT,07/16/2010,0.67,0.7,0.67,0.68,8680000,0
RLT,07/19/2010,0.66,0.69,0.65,0.69,8000000,0
RLT,07/20/2010,0.69,0.72,0.69,0.72,28050000,0
RLT,07/21/2010,0.7,0.74,0.7,0.71,14660000,0
RLT,07/22/2010,0.71,0.73,0.71,0.72,17110000,0
RLT,07/23/2010,0.73,0.74,0.7,0.71,31320000,0
RLT,07/26/2010,0.7,0.73,0.69,0.71,17900000,0
RLT,07/27/2010,0.7,0.7,0.7,0.7,7860000,0
RLT,07/28/2010,0.71,0.72,0.71,0.72,10004000,0
RLT,07/29/2010,0.73,0.73,0.71,0.71,11210000,0
RLT,07/30/2010,0.71,0.71,0.7,0.71,3930000,0
RLT,08/02/2010,0.72,0.77,0.72,0.76,26707000,0
RLT,08/03/2010,0.75,0.77,0.74,0.74,12086000,0
RLT,08/04/2010,0.74,0.74,0.73,0.74,11000000,0
RLT,08/05/2010,0.74,0.74,0.73,0.74,7810000,0
RLT,08/06/2010,0.73,0.73,0.72,0.72,9790000,0
RLT,08/09/2010,0.74,0.75,0.74,0.75,15484000,0
RLT,08/10/2010,0.75,0.76,0.75,0.75,4800000,0
RLT,08/11/2010,0.73,0.74,0.72,0.73,5309000,0
RLT,08/12/2010,0.72,0.72,0.71,0.71,330000,0
RLT,08/13/2010,0.73,0.73,0.71,0.71,1992000,0
RLT,08/16/2010,0.72,0.74,0.7,0.74,8920000,0
RLT,08/17/2010,0.73,0.73,0.69,0.72,5765000,0
RLT,08/18/2010,0.71,0.72,0.7,0.71,11450000,0
RLT,08/19/2010,0.71,0.73,0.69,0.71,28438000,0
RLT,08/20/2010,0.71,0.72,0.69,0.69,8352000,0
RLT,08/23/2010,0.69,0.69,0.67,0.68,12250000,0
RLT,08/24/2010,0.67,0.68,0.67,0.68,12858000,0
RLT,08/25/2010,0.68,0.7,0.68,0.7,5155000,0
RLT,08/26/2010,0.7,0.7,0.69,0.69,8150000,0
RLT,08/27/2010,0.7,0.71,0.68,0.71,10950000,0
RLT,08/31/2010,0.7,0.7,0.68,0.69,3060000,0
RLT,09/01/2010,0.69,0.69,0.66,0.68,6840000,0
RLT,09/02/2010,0.69,0.69,0.67,0.67,9082000,0
RLT,09/03/2010,0.69,0.7,0.68,0.68,2913000,0
RLT,09/06/2010,0.68,0.69,0.68,0.69,892000,0
RLT,09/07/2010,0.69,0.71,0.67,0.7,11795000,0
RLT,09/08/2010,0.7,0.75,0.7,0.72,14399000,0
RLT,09/09/2010,0.72,0.73,0.71,0.71,3765000,0
RLT,09/13/2010,0.72,0.73,0.7,0.71,9535000,0
RLT,09/14/2010,0.7,0.7,0.69,0.7,2233000,0
RLT,09/15/2010,0.69,0.7,0.68,0.69,5471000,0
RLT,09/16/2010,0.69,0.7,0.69,0.7,1052000,0
RLT,09/17/2010,0.69,0.7,0.69,0.7,4101000,0
RLT,09/20/2010,0.69,0.74,0.69,0.74,19955000,0
RLT,09/21/2010,0.73,0.74,0.7,0.7,11865000,0
RLT,09/22/2010,0.69,0.74,0.69,0.71,19012000,0
RLT,09/23/2010,0.72,0.73,0.71,0.71,9377000,0
RLT,09/24/2010,0.71,0.73,0.7,0.7,14083000,0
RLT,09/27/2010,0.71,0.72,0.69,0.71,14024000,0
RLT,09/28/2010,0.71,0.72,0.71,0.71,5851000,0
RLT,09/29/2010,0.72,0.73,0.7,0.71,14163000,0
RLT,09/30/2010,0.71,0.76,0.71,0.75,43175000,0
RLT,10/01/2010,0.76,0.78,0.74,0.77,64921000,0
RLT,10/04/2010,0.77,0.84,0.77,0.81,52012000,0
RLT,10/05/2010,0.81,0.88,0.8,0.88,64553000,0
RLT,10/06/2010,0.86,0.87,0.82,0.84,31037000,0
RLT,10/07/2010,0.83,0.85,0.81,0.84,16591000,0
RLT,10/08/2010,0.82,0.84,0.78,0.8,18079000,0
RLT,10/11/2010,0.81,0.83,0.79,0.79,7402000,0
RLT,10/12/2010,0.79,0.79,0.75,0.75,35278000,0
RLT,10/13/2010,0.77,0.79,0.76,0.77,24947000,0
RLT,10/14/2010,0.78,0.79,0.76,0.76,22855000,0
RLT,10/15/2010,0.77,0.77,0.73,0.76,21144000,0
RLT,10/18/2010,0.74,0.74,0.73,0.74,6375000,0
RLT,10/19/2010,0.74,0.75,0.74,0.74,1785000,0
RLT,10/20/2010,0.73,0.74,0.73,0.74,1168000,0
RLT,10/21/2010,0.75,0.75,0.74,0.75,1420000,0
RLT,10/22/2010,0.75,0.77,0.75,0.76,15207000,0
RLT,10/26/2010,0.77,0.8,0.77,0.79,16282000,0
RLT,10/27/2010,0.78,0.8,0.78,0.8,4534000,0
RLT,10/28/2010,0.78,0.79,0.76,0.78,7775000,0
RLT,10/29/2010,0.78,0.78,0.76,0.76,1000000,0
RLT,11/02/2010,0.75,0.75,0.75,0.75,3705000,0
RLT,11/03/2010,0.75,0.77,0.73,0.73,13335000,0
RLT,11/04/2010,0.73,0.74,0.73,0.74,2695000,0
RLT,11/05/2010,0.75,0.76,0.74,0.75,4737000,0
RLT,11/08/2010,0.75,0.78,0.75,0.78,6655000,0
RLT,11/09/2010,0.76,0.78,0.76,0.76,2000000,0
RLT,11/10/2010,0.75,0.75,0.72,0.74,5992000,0
RLT,11/11/2010,0.75,0.77,0.74,0.75,4295000,0
RLT,11/12/2010,0.75,0.77,0.74,0.74,13362000,0
RLT,11/15/2010,0.74,0.74,0.71,0.71,9713000,0
RLT,11/17/2010,0.7,0.71,0.68,0.7,13823000,0
RLT,11/18/2010,0.7,0.71,0.69,0.7,11102000,0
RLT,11/19/2010,0.71,0.75,0.7,0.73,12778000,0
RLT,11/22/2010,0.71,0.73,0.7,0.72,3650000,0
RLT,11/23/2010,0.7,0.7,0.7,0.7,3300000,0
RLT,11/24/2010,0.69,0.71,0.69,0.71,26431000,0
RLT,11/25/2010,0.7,0.7,0.69,0.69,3200000,0
RLT,11/26/2010,0.7,0.7,0.68,0.69,1150000,0
RLT,11/30/2010,0.68,0.69,0.67,0.69,3520000,0
RLT,12/01/2010,0.69,0.7,0.69,0.69,800000,0
RLT,12/02/2010,0.7,0.72,0.7,0.72,4317000,0
RLT,12/03/2010,0.72,0.72,0.72,0.72,2640000,0
RLT,12/06/2010,0.72,0.72,0.71,0.71,816000,0
RLT,12/07/2010,0.71,0.71,0.66,0.68,26051000,0
RLT,12/08/2010,0.66,0.69,0.65,0.68,6070000,0
RLT,12/09/2010,0.68,0.7,0.68,0.7,2707000,0
RLT,12/10/2010,0.68,0.7,0.67,0.7,4118000,0
RLT,12/13/2010,0.69,0.71,0.68,0.7,3230000,0
RLT,12/14/2010,0.69,0.71,0.68,0.71,5223000,0
RLT,12/15/2010,0.71,0.71,0.66,0.68,16205000,0
RLT,12/16/2010,0.67,0.67,0.65,0.67,7876000,0
RLT,12/17/2010,0.67,0.68,0.66,0.68,3889000,0
RLT,12/20/2010,0.68,0.7,0.67,0.69,3347000,0
RLT,12/21/2010,0.7,0.73,0.7,0.73,18168000,0
RLT,12/22/2010,0.74,0.74,0.73,0.73,5128000,0
RLT,12/23/2010,0.73,0.75,0.73,0.75,4001000,0
RLT,12/28/2010,0.75,0.75,0.74,0.74,1266000,0
RLT,12/29/2010,0.74,0.75,0.73,0.74,2634000,0
RLT,12/30/2010,0.73,0.73,0.73,0.73,545000,0
RLT,01/03/2011,0.73,0.73,0.73,0.73,500000,0
RLT,01/04/2011,0.74,0.74,0.73,0.73,1455000,0
RLT,01/05/2011,0.73,0.73,0.73,0.73,20000,0
RLT,01/06/2011,0.73,0.74,0.73,0.74,1080000,0
RLT,01/07/2011,0.73,0.73,0.73,0.73,300000,0
RLT,01/10/2011,0.71,0.72,0.7,0.72,1479000,0
RLT,01/11/2011,0.74,0.74,0.69,0.71,802000,0
RLT,01/12/2011,0.72,0.72,0.72,0.72,100000,0
RLT,01/13/2011,0.72,0.72,0.71,0.72,1100000,0
RLT,01/14/2011,0.72,0.72,0.72,0.72,600000,0
RLT,01/17/2011,0.72,0.72,0.71,0.71,1922000,0
RLT,01/18/2011,0.7,0.71,0.7,0.71,575000,0
RLT,01/19/2011,0.71,0.71,0.7,0.7,903000,0
RLT,01/20/2011,0.69,0.7,0.69,0.7,629000,0
RLT,01/21/2011,0.7,0.7,0.69,0.69,1871000,0
RLT,01/24/2011,0.69,0.69,0.68,0.68,1350000,0
RLT,01/25/2011,0.68,0.68,0.67,0.68,1310000,0
RLT,01/26/2011,0.68,0.68,0.67,0.68,1272000,0
RLT,01/27/2011,0.68,0.68,0.67,0.68,500000,0
RLT,01/31/2011,0.66,0.67,0.66,0.67,1050000,0
RLT,02/02/2011,0.67,0.67,0.67,0.67,119000,0
RLT,02/03/2011,0.68,0.68,0.67,0.67,250000,0
RLT,02/04/2011,0.67,0.67,0.66,0.66,800000,0
RLT,02/07/2011,0.66,0.66,0.66,0.66,445000,0
RLT,02/08/2011,0.67,0.68,0.67,0.68,830000,0
RLT,02/09/2011,0.69,0.75,0.69,0.7,2003000,0
RLT,02/10/2011,0.69,0.69,0.67,0.67,715000,0
RLT,02/11/2011,0.66,0.67,0.66,0.67,190000,0
RLT,02/15/2011,0.67,0.68,0.66,0.67,1201000,0
RLT,02/16/2011,0.66,0.69,0.66,0.69,622000,0
RLT,02/17/2011,0.67,0.67,0.67,0.67,390000,0
RLT,02/18/2011,0.67,0.67,0.66,0.66,457000,0
RLT,02/21/2011,0.68,0.68,0.66,0.67,937000,0
RLT,02/22/2011,0.69,0.69,0.67,0.67,600000,0
RLT,02/23/2011,0.66,0.67,0.66,0.67,169000,0
RLT,02/24/2011,0.66,0.66,0.66,0.66,685000,0
RLT,02/25/2011,0.66,0.66,0.66,0.66,100000,0
RLT,03/01/2011,0.67,0.67,0.67,0.67,200000,0
RLT,03/02/2011,0.67,0.67,0.67,0.67,1000,0
RLT,03/03/2011,0.67,0.68,0.66,0.68,950000,0
RLT,03/04/2011,0.66,0.68,0.66,0.68,215000,0
RLT,03/07/2011,0.67,0.67,0.67,0.67,10000,0
RLT,03/09/2011,0.68,0.68,0.66,0.66,240000,0
RLT,03/10/2011,0.67,0.68,0.67,0.67,542000,0
RLT,03/11/2011,0.67,0.68,0.67,0.68,350000,0
RLT,03/14/2011,0.68,0.68,0.68,0.68,200000,0
RLT,03/15/2011,0.67,0.67,0.66,0.66,1685000,0
RLT,03/16/2011,0.66,0.66,0.66,0.66,50000,0
RLT,03/17/2011,0.65,0.65,0.65,0.65,1681000,0
RLT,03/18/2011,0.65,0.66,0.65,0.65,499000,0
RLT,03/21/2011,0.65,0.65,0.65,0.65,1400000,0
RLT,03/22/2011,0.65,0.65,0.65,0.65,1000000,0
RLT,03/24/2011,0.65,0.65,0.65,0.65,350000,0
RLT,03/25/2011,0.65,0.65,0.65,0.65,520000,0
RLT,03/28/2011,0.65,0.65,0.64,0.65,1060000,0
RLT,03/29/2011,0.64,0.64,0.63,0.64,2295000,0
RLT,03/31/2011,0.67,0.67,0.64,0.65,764000,0
RLT,04/01/2011,0.64,0.66,0.64,0.66,201000,0
RLT,04/04/2011,0.65,0.67,0.65,0.67,1007000,0
RLT,04/05/2011,0.65,0.65,0.65,0.65,34000,0
RLT,04/07/2011,0.65,0.65,0.65,0.65,370000,0
RLT,04/08/2011,0.65,0.65,0.65,0.65,152000,0
RLT,04/11/2011,0.66,0.66,0.66,0.66,200000,0
RLT,04/12/2011,0.66,0.66,0.66,0.66,40000,0
RLT,04/13/2011,0.66,0.66,0.66,0.66,200000,0
RLT,04/15/2011,0.65,0.66,0.65,0.66,167000,0
RLT,04/18/2011,0.65,0.65,0.65,0.65,300000,0
RLT,04/19/2011,0.65,0.65,0.65,0.65,220000,0
RLT,04/20/2011,0.65,0.65,0.65,0.65,1460000,0
RLT,04/25/2011,0.64,0.66,0.64,0.66,613000,0
RLT,04/26/2011,0.66,0.66,0.66,0.66,350000,0
RLT,04/27/2011,0.66,0.66,0.66,0.66,220000,0
RLT,04/28/2011,0.66,0.67,0.66,0.67,6340000,0
RLT,04/29/2011,0.64,0.64,0.64,0.64,3000,0
RLT,05/02/2011,0.65,0.65,0.64,0.65,838000,0
RLT,05/03/2011,0.66,0.66,0.65,0.66,96000,0
RLT,05/04/2011,0.65,0.65,0.65,0.65,80000,0
RLT,05/05/2011,0.65,0.65,0.65,0.65,201000,0
RLT,05/06/2011,0.65,0.65,0.65,0.65,1120000,0
RLT,05/09/2011,0.64,0.64,0.63,0.63,600000,0
RLT,05/10/2011,0.63,0.64,0.63,0.64,579000,0
RLT,05/11/2011,0.66,0.67,0.64,0.65,1370000,0
RLT,05/12/2011,0.65,0.65,0.65,0.65,100000,0
RLT,05/13/2011,0.64,0.64,0.64,0.64,180000,0
RLT,05/17/2011,0.64,0.64,0.64,0.64,95000,0
RLT,05/18/2011,0.64,0.64,0.64,0.64,50000,0
RLT,05/19/2011,0.64,0.64,0.64,0.64,122000,0
RLT,05/20/2011,0.64,0.65,0.64,0.64,1887000,0
RLT,05/24/2011,0.63,0.64,0.63,0.64,615000,0
RLT,05/25/2011,0.63,0.63,0.63,0.63,50000,0
RLT,05/27/2011,0.63,0.63,0.62,0.62,212000,0
RLT,05/30/2011,0.62,0.63,0.61,0.63,349000,0
RLT,05/31/2011,0.62,0.62,0.62,0.62,335000,0
RLT,06/02/2011,0.61,0.61,0.61,0.61,1000,0
RLT,06/06/2011,0.64,0.64,0.64,0.64,400000,0
RLT,06/07/2011,0.63,0.63,0.61,0.61,1000000,0
RLT,06/08/2011,0.61,0.62,0.61,0.62,497000,0
RLT,06/09/2011,0.62,0.62,0.62,0.62,600000,0
RLT,06/14/2011,0.62,0.62,0.61,0.61,27000,0
RLT,06/15/2011,0.6,0.6,0.6,0.6,700000,0
RLT,06/16/2011,0.6,0.6,0.6,0.6,80000,0
RLT,06/23/2011,0.63,0.63,0.63,0.63,400000,0
RLT,06/28/2011,0.62,0.62,0.61,0.62,413000,0
RLT,06/30/2011,0.62,0.62,0.62,0.62,600000,0
RLT,07/04/2011,0.62,0.63,0.62,0.62,1050000,0
RLT,07/05/2011,0.61,0.63,0.61,0.63,2126000,0
RLT,07/06/2011,0.63,0.64,0.63,0.64,753000,0
RLT,07/08/2011,0.63,0.63,0.63,0.63,50000,0
RLT,07/14/2011,0.6,0.62,0.6,0.62,51000,0
RLT,07/15/2011,0.64,0.64,0.64,0.64,400000,0
RLT,07/18/2011,0.64,0.71,0.64,0.67,5989000,0
RLT,07/19/2011,0.67,0.67,0.65,0.65,4300000,0
RLT,07/20/2011,0.69,0.69,0.66,0.66,3123000,0
RLT,07/21/2011,0.67,0.67,0.66,0.66,5000000,0
RLT,07/22/2011,0.67,0.67,0.66,0.66,585000,0
RLT,07/25/2011,0.65,0.66,0.65,0.66,1533000,0
RLT,07/26/2011,0.65,0.65,0.65,0.65,250000,0
RLT,07/27/2011,0.66,0.66,0.65,0.65,1290000,0
RLT,07/28/2011,0.64,0.65,0.64,0.65,322000,0
RLT,07/29/2011,0.65,0.65,0.65,0.65,500000,0
RLT,08/01/2011,0.66,0.66,0.65,0.65,699000,0
RLT,08/02/2011,0.65,0.65,0.64,0.65,3290000,0
RLT,08/04/2011,0.65,0.66,0.65,0.66,535000,0
RLT,08/05/2011,0.65,0.65,0.63,0.63,680000,0
RLT,08/08/2011,0.62,0.62,0.62,0.62,150000,0
RLT,08/09/2011,0.61,0.61,0.6,0.61,1772000,0
RLT,08/10/2011,0.61,0.62,0.61,0.62,909000,0
RLT,08/11/2011,0.61,0.62,0.57,0.62,2417000,0
RLT,08/12/2011,0.62,0.62,0.62,0.62,1000,0
RLT,08/16/2011,0.63,0.63,0.63,0.63,220000,0
RLT,08/18/2011,0.59,0.6,0.59,0.6,710000,0
RLT,08/19/2011,0.6,0.61,0.6,0.61,460000,0
RLT,08/22/2011,0.63,0.63,0.62,0.62,225000,0
RLT,08/25/2011,0.6,0.6,0.6,0.6,1000000,0
RLT,08/26/2011,0.59,0.6,0.59,0.6,4000,0
RLT,08/31/2011,0.67,0.67,0.6,0.6,62000,0
RLT,09/02/2011,0.59,0.59,0.59,0.59,1150000,0
RLT,09/05/2011,0.6,0.6,0.6,0.6,100000,0
RLT,09/06/2011,0.62,0.62,0.62,0.62,3000,0
RLT,09/07/2011,0.6,0.6,0.6,0.6,12000,0
RLT,09/09/2011,0.59,0.59,0.59,0.59,760000,0
RLT,09/12/2011,0.6,0.6,0.59,0.59,150000,0
RLT,09/13/2011,0.59,0.59,0.59,0.59,105000,0
RLT,09/14/2011,0.58,0.58,0.56,0.56,3060000,0
RLT,09/15/2011,0.56,0.56,0.56,0.56,30000,0
RLT,09/16/2011,0.56,0.57,0.56,0.57,239000,0
RLT,09/19/2011,0.57,0.57,0.57,0.57,200000,0
RLT,09/20/2011,0.56,0.58,0.56,0.58,313000,0
RLT,09/21/2011,0.58,0.58,0.58,0.58,1000,0
RLT,09/22/2011,0.56,0.56,0.56,0.56,65000,0
RLT,09/23/2011,0.56,0.56,0.54,0.54,273000,0
RLT,09/26/2011,0.52,0.52,0.41,0.5,492000,0
RLT,09/28/2011,0.5,0.5,0.5,0.5,457000,0
RLT,09/29/2011,0.5,0.5,0.5,0.5,300000,0
RLT,09/30/2011,0.5,0.5,0.5,0.5,100000,0
RLT,10/04/2011,0.48,0.48,0.48,0.48,100000,0
RLT,10/05/2011,0.48,0.48,0.47,0.47,300000,0
RLT,10/07/2011,0.45,0.45,0.45,0.45,150000,0
RLT,10/10/2011,0.48,0.49,0.48,0.49,200000,0
RLT,10/11/2011,0.5,0.54,0.5,0.51,2170000,0
RLT,10/12/2011,0.47,0.47,0.47,0.47,4000,0
RLT,10/13/2011,0.5,0.5,0.5,0.5,300000,0
RLT,10/19/2011,0.5,0.5,0.5,0.5,11000,0
RLT,10/24/2011,0.53,0.53,0.53,0.53,200000,0
RLT,10/25/2011,0.54,0.54,0.54,0.54,300000,0
RLT,10/26/2011,0.54,0.54,0.54,0.54,50000,0
RLT,11/03/2011,0.5,0.5,0.5,0.5,50000,0
RLT,11/04/2011,0.54,0.55,0.54,0.54,254000,0
RLT,11/09/2011,0.55,0.55,0.55,0.55,100000,0
RLT,11/14/2011,0.52,0.52,0.52,0.52,100000,0
RLT,11/15/2011,0.52,0.52,0.52,0.52,220000,0
RLT,11/16/2011,0.55,0.55,0.52,0.52,222000,0
RLT,11/17/2011,0.52,0.52,0.52,0.52,180000,0
RLT,11/21/2011,0.51,0.56,0.51,0.52,1180000,0
RLT,11/22/2011,0.51,0.58,0.51,0.58,1440000,0
RLT,11/23/2011,0.59,0.59,0.53,0.54,602000,0
RLT,11/24/2011,0.51,0.54,0.51,0.52,458000,0
RLT,11/25/2011,0.54,0.54,0.52,0.52,492000,0
RLT,11/28/2011,0.52,0.55,0.52,0.53,109000,0
RLT,11/29/2011,0.54,0.54,0.53,0.53,8300000,0
RLT,12/01/2011,0.51,0.54,0.51,0.53,14140000,0
RLT,12/02/2011,0.53,0.53,0.51,0.52,7750000,0
RLT,12/05/2011,0.52,0.52,0.52,0.52,70000,0
RLT,12/06/2011,0.53,0.53,0.51,0.51,21406000,0
RLT,12/07/2011,0.53,0.58,0.52,0.56,24599000,0
RLT,12/08/2011,0.55,0.61,0.55,0.57,20252000,0
RLT,12/09/2011,0.58,0.6,0.57,0.58,1322000,0
RLT,12/12/2011,0.57,0.58,0.54,0.54,861000,0
RLT,12/13/2011,0.54,0.56,0.51,0.55,2861000,0
RLT,12/14/2011,0.53,0.54,0.52,0.53,932000,0
RLT,12/15/2011,0.52,0.52,0.52,0.52,116000,0
RLT,12/19/2011,0.52,0.52,0.51,0.52,225000,0
RLT,12/20/2011,0.51,0.52,0.51,0.52,768000,0
RLT,12/21/2011,0.52,0.53,0.52,0.53,560000,0
RLT,12/22/2011,0.52,0.52,0.52,0.52,51000,0
RLT,12/23/2011,0.52,0.52,0.51,0.52,500000,0
RLT,12/26/2011,0.52,0.52,0.52,0.52,20000,0
RLT,12/27/2011,0.51,0.51,0.51,0.51,46000,0
RLT,12/28/2011,0.51,0.51,0.51,0.51,36000,0
RLT,12/29/2011,0.5,0.51,0.5,0.51,7000,0
RLT,01/02/2012,0.51,0.51,0.5,0.5,122000,0
RLT,01/03/2012,0.5,0.51,0.5,0.51,8000,0
RLT,01/04/2012,0.52,0.54,0.52,0.52,1250000,0
RLT,01/05/2012,0.52,0.54,0.52,0.54,1610000,0
RLT,01/06/2012,0.53,0.53,0.52,0.53,852000,0
RLT,01/09/2012,0.52,0.53,0.52,0.53,567000,0
RLT,01/10/2012,0.52,0.53,0.52,0.53,16000,0
RLT,01/11/2012,0.53,0.54,0.53,0.54,1110000,0
RLT,01/12/2012,0.53,0.53,0.53,0.53,99000,0
RLT,01/13/2012,0.53,0.53,0.53,0.53,106000,0
RLT,01/16/2012,0.53,0.53,0.53,0.53,50000,0
RLT,01/17/2012,0.53,0.54,0.53,0.54,391000,0
RLT,01/18/2012,0.53,0.53,0.53,0.53,68000,0
RLT,01/19/2012,0.53,0.54,0.53,0.54,159000,0
RLT,01/20/2012,0.53,0.53,0.53,0.53,503000,0
RLT,01/24/2012,0.53,0.53,0.53,0.53,139000,0
RLT,01/25/2012,0.53,0.53,0.53,0.53,52000,0
RLT,01/26/2012,0.53,0.53,0.53,0.53,379000,0
RLT,01/27/2012,0.53,0.53,0.53,0.53,1948000,0
RLT,01/30/2012,0.52,0.52,0.52,0.52,20000,0
RLT,01/31/2012,0.52,0.54,0.52,0.53,124000,0
RLT,02/01/2012,0.54,0.54,0.53,0.53,736000,0
RLT,02/02/2012,0.54,0.54,0.54,0.54,1125000,0
RLT,02/03/2012,0.54,0.54,0.53,0.53,1175000,0
RLT,02/06/2012,0.54,0.54,0.53,0.53,560000,0
RLT,02/07/2012,0.53,0.53,0.52,0.53,520000,0
