SCC,03/24/1999,1.0,1.0,1.0,1.0,631000,0
SCC,08/01/2000,0.61,0.61,0.61,0.61,10000,0
SCC,08/03/2000,0.38,0.38,0.38,0.38,10000,0
SCC,12/23/2002,0.56,0.56,0.4,0.4,20000,0
SCC,02/04/2005,46.0,52.0,46.0,48.5,18793800,0
SCC,02/07/2005,49.0,51.0,48.5,50.5,6279900,0
SCC,02/08/2005,51.0,52.0,49.5,49.5,2898800,0
SCC,02/09/2005,49.0,49.0,45.0,45.5,1578900,0
SCC,02/10/2005,46.0,47.5,45.0,45.5,5513700,0
SCC,02/11/2005,45.5,45.5,44.0,44.0,3468500,0
SCC,02/14/2005,44.5,49.0,44.5,49.0,3983700,0
SCC,02/15/2005,47.0,48.5,47.0,47.0,1662800,0
SCC,02/16/2005,47.0,47.5,46.0,47.0,1778300,0
SCC,02/17/2005,47.0,47.0,45.5,45.5,753800,0
SCC,02/18/2005,45.5,45.5,44.0,44.5,740300,0
SCC,02/21/2005,45.0,45.0,43.5,43.5,492400,0
SCC,02/22/2005,44.0,46.0,44.0,45.0,1343000,0
SCC,02/23/2005,45.0,46.5,45.0,45.5,364600,0
SCC,02/24/2005,45.5,45.5,45.0,45.0,1022500,0
SCC,02/28/2005,46.0,46.5,44.0,44.0,747600,0
SCC,03/01/2005,44.0,45.0,44.0,45.0,362800,0
SCC,03/02/2005,45.0,45.0,42.0,42.5,1410700,0
SCC,03/03/2005,43.5,43.5,42.5,43.0,514200,0
SCC,03/04/2005,43.0,43.0,41.0,42.5,1230100,0
SCC,03/07/2005,43.5,44.0,42.5,43.0,21610200,0
SCC,03/08/2005,43.5,44.0,43.0,43.5,1984000,0
SCC,03/09/2005,44.0,46.0,44.0,45.5,1317600,0
SCC,03/10/2005,45.5,46.5,45.5,46.0,1934300,0
SCC,03/11/2005,46.0,46.0,45.5,45.5,406900,0
SCC,03/14/2005,45.5,45.5,44.5,45.0,1115000,0
SCC,03/15/2005,45.0,45.0,44.5,44.5,395800,0
SCC,03/16/2005,45.0,45.0,43.5,44.0,1335800,0
SCC,03/17/2005,43.5,43.5,41.5,42.5,416500,0
SCC,03/18/2005,42.0,42.0,35.0,36.0,2643200,0
SCC,03/21/2005,38.0,41.0,38.0,40.0,3047200,0
SCC,03/22/2005,40.0,40.5,39.5,39.5,2105400,0
SCC,03/28/2005,40.0,41.0,40.0,40.5,227400,0
SCC,03/29/2005,40.5,40.5,38.0,38.5,1843500,0
SCC,03/30/2005,38.0,39.0,37.0,38.5,808000,0
SCC,03/31/2005,38.0,38.5,38.0,38.0,1077400,0
SCC,04/01/2005,38.0,38.0,37.0,37.0,229300,0
SCC,04/04/2005,36.5,37.5,36.5,37.5,620700,0
SCC,04/05/2005,37.0,37.0,36.5,36.5,123800,0
SCC,04/06/2005,36.0,36.5,35.5,36.0,347400,0
SCC,04/07/2005,36.0,36.0,32.5,34.0,967900,0
SCC,04/08/2005,34.5,35.0,34.0,34.5,242500,0
SCC,04/11/2005,34.5,34.5,32.5,33.0,172100,0
SCC,04/12/2005,34.0,34.0,33.0,33.0,294600,0
SCC,04/13/2005,33.0,34.5,33.0,34.0,269800,0
SCC,04/14/2005,34.0,37.0,33.5,35.5,934100,0
SCC,04/15/2005,35.0,35.5,35.0,35.5,78300,0
SCC,04/18/2005,34.5,36.5,34.5,35.5,529400,0
SCC,04/19/2005,36.0,36.5,35.5,35.5,45900,0
SCC,04/20/2005,35.5,36.0,35.5,36.0,145900,0
SCC,04/21/2005,35.5,37.0,35.5,36.5,499400,0
SCC,04/22/2005,37.0,37.5,36.5,37.0,116100,0
SCC,04/25/2005,37.5,38.0,37.5,37.5,60000,0
SCC,04/26/2005,37.5,37.5,36.5,36.5,539100,0
SCC,04/27/2005,36.0,36.0,33.0,33.0,321900,0
SCC,04/28/2005,33.0,34.0,33.0,33.0,125300,0
SCC,04/29/2005,33.0,33.5,33.0,33.0,4219200,0
SCC,05/03/2005,33.5,33.5,33.0,33.0,134700,0
SCC,05/04/2005,33.0,33.0,32.0,32.5,131400,0
SCC,05/05/2005,32.5,33.0,32.0,32.5,335400,0
SCC,05/06/2005,33.0,33.0,33.0,33.0,653200,0
SCC,05/09/2005,33.0,34.0,32.5,33.5,578200,0
SCC,05/10/2005,34.0,34.0,32.0,32.0,256100,0
SCC,05/11/2005,32.5,33.0,32.0,32.0,509400,0
SCC,05/12/2005,31.5,31.5,30.0,30.5,514600,0
SCC,05/13/2005,30.0,30.0,28.0,29.5,829000,0
SCC,05/16/2005,29.5,29.5,27.0,27.0,266700,0
SCC,05/17/2005,27.0,28.5,27.0,28.5,2310700,0
SCC,05/18/2005,29.5,29.5,28.0,28.0,138700,0
SCC,05/19/2005,28.5,28.5,27.5,28.0,92300,0
SCC,05/20/2005,28.5,29.5,28.5,29.0,523100,0
SCC,05/23/2005,29.5,29.5,28.0,28.5,1235500,0
SCC,05/24/2005,29.0,30.0,29.0,29.0,455500,0
SCC,05/25/2005,29.0,29.0,27.5,27.5,109300,0
SCC,05/26/2005,28.0,28.0,27.5,28.0,73100,0
SCC,05/27/2005,28.5,28.5,28.0,28.5,1054900,0
SCC,05/30/2005,28.5,30.0,28.5,30.0,203900,0
SCC,05/31/2005,30.5,33.5,30.5,33.0,1222500,0
SCC,06/01/2005,32.0,33.0,32.0,32.5,241200,0
SCC,06/02/2005,32.5,33.0,32.5,33.0,498900,0
SCC,06/03/2005,33.0,33.0,32.5,33.0,1154100,0
SCC,06/06/2005,33.0,35.5,33.0,34.5,904800,0
SCC,06/07/2005,34.0,34.0,33.0,33.0,214000,0
SCC,06/08/2005,32.5,32.5,32.0,32.0,352900,0
SCC,06/09/2005,31.5,31.5,31.0,31.5,526700,0
SCC,06/10/2005,31.5,32.0,31.5,31.5,212900,0
SCC,06/14/2005,31.5,31.5,31.0,31.0,337400,0
SCC,06/15/2005,31.5,32.0,31.5,32.0,205500,0
SCC,06/16/2005,32.0,32.0,31.0,31.0,304900,0
SCC,06/17/2005,31.5,32.5,31.5,32.5,331300,0
SCC,06/20/2005,32.5,32.5,32.0,32.5,86000,0
SCC,06/21/2005,32.0,32.0,31.5,31.5,11500,0
SCC,06/22/2005,31.5,31.5,31.5,31.5,20000,0
SCC,06/23/2005,31.0,31.0,29.0,30.0,710400,0
SCC,06/24/2005,29.0,29.0,28.0,28.0,656300,0
SCC,06/27/2005,28.0,28.5,28.0,28.0,193500,0
SCC,06/28/2005,28.0,28.0,25.5,25.5,902200,0
SCC,06/29/2005,25.5,25.5,24.5,24.75,2703800,0
SCC,06/30/2005,24.75,25.5,24.25,25.5,2177200,0
SCC,07/01/2005,26.0,27.0,26.0,26.5,428800,0
SCC,07/04/2005,25.5,25.5,23.5,24.0,583300,0
SCC,07/05/2005,25.0,25.0,24.25,24.25,96200,0
SCC,07/06/2005,24.25,24.5,24.25,24.5,299000,0
SCC,07/07/2005,24.5,25.5,24.5,25.0,616400,0
SCC,07/08/2005,27.5,29.5,27.5,28.0,2343900,0
SCC,07/11/2005,27.0,28.5,27.0,27.0,119300,0
SCC,07/12/2005,27.0,27.5,27.0,27.5,143500,0
SCC,07/13/2005,27.0,28.5,27.0,28.5,84900,0
SCC,07/14/2005,28.5,29.0,28.5,28.5,85500,0
SCC,07/15/2005,29.5,30.0,29.5,29.5,930100,0
SCC,07/18/2005,29.5,29.5,29.0,29.0,1330400,0
SCC,07/19/2005,28.5,28.5,28.0,28.0,124800,0
SCC,07/20/2005,28.5,29.0,28.5,28.5,792300,0
SCC,07/21/2005,28.5,29.0,28.0,28.0,95000,0
SCC,07/22/2005,28.5,30.0,28.5,29.5,550500,0
SCC,07/26/2005,29.0,29.5,28.5,28.5,43000,0
SCC,07/27/2005,28.0,29.0,28.0,28.0,462300,0
SCC,07/28/2005,29.0,29.5,29.0,29.0,156700,0
SCC,07/29/2005,29.0,29.0,29.0,29.0,156200,0
SCC,08/01/2005,29.0,29.5,28.5,28.5,232900,0
SCC,08/02/2005,29.0,29.0,28.5,28.5,45000,0
SCC,08/03/2005,28.0,28.0,27.5,27.5,126700,0
SCC,08/04/2005,28.0,28.0,27.5,28.0,339700,0
SCC,08/05/2005,27.5,27.5,27.5,27.5,264500,0
SCC,08/08/2005,28.0,28.5,28.0,28.5,224300,0
SCC,08/09/2005,29.0,29.0,28.5,28.5,104500,0
SCC,08/10/2005,28.5,28.5,28.0,28.0,596200,0
SCC,08/11/2005,28.0,28.0,28.0,28.0,704500,0
SCC,08/12/2005,28.5,29.0,28.5,28.5,190000,0
SCC,08/15/2005,29.0,29.0,28.0,28.0,1399400,0
SCC,08/16/2005,28.0,28.5,28.0,28.0,367300,0
SCC,08/17/2005,28.0,28.0,28.0,28.0,96500,0
SCC,08/18/2005,28.0,28.0,27.0,27.0,991600,0
SCC,08/19/2005,27.0,28.0,26.5,28.0,817900,0
SCC,08/22/2005,28.0,28.0,27.5,27.5,271800,0
SCC,08/23/2005,28.0,29.5,28.0,29.0,933800,0
SCC,08/24/2005,29.0,29.0,27.5,28.0,822700,0
SCC,08/25/2005,28.0,28.0,27.5,27.5,171800,0
SCC,08/26/2005,27.5,28.0,27.5,28.0,813200,0
SCC,08/30/2005,28.0,28.0,27.5,27.5,45600,0
SCC,08/31/2005,27.5,27.5,27.5,27.5,36400,0
SCC,09/01/2005,27.5,28.0,27.5,28.0,86200,0
SCC,09/02/2005,28.5,29.0,28.5,29.0,360300,0
SCC,09/05/2005,28.5,29.0,28.5,29.0,91000,0
SCC,09/06/2005,28.5,29.0,28.5,29.0,280000,0
SCC,09/07/2005,29.0,30.5,29.0,29.5,1053100,0
SCC,09/08/2005,29.5,29.5,29.5,29.5,457200,0
SCC,09/09/2005,29.5,29.5,28.5,29.0,372200,0
SCC,09/12/2005,28.5,28.5,28.5,28.5,230000,0
SCC,09/13/2005,28.5,28.5,28.5,28.5,449200,0
SCC,09/14/2005,28.5,28.5,28.5,28.5,63800,0
SCC,09/15/2005,28.5,28.5,28.5,28.5,321700,0
SCC,09/16/2005,28.5,28.5,28.5,28.5,579300,0
SCC,09/19/2005,28.5,28.5,28.5,28.5,297500,0
SCC,09/20/2005,28.5,28.5,28.5,28.5,714300,0
SCC,09/21/2005,28.5,29.0,28.5,28.5,401200,0
SCC,09/22/2005,28.5,28.5,28.5,28.5,416700,0
SCC,09/23/2005,28.5,28.5,28.0,28.0,374000,0
SCC,09/26/2005,28.0,28.0,28.0,28.0,36300,0
SCC,09/27/2005,28.0,28.0,28.0,28.0,8000,0
SCC,09/28/2005,28.0,28.0,27.0,27.5,727600,0
SCC,09/29/2005,27.5,27.5,25.5,25.5,1456400,0
SCC,09/30/2005,26.5,26.5,25.5,26.0,1300600,0
SCC,10/03/2005,26.0,26.0,26.0,26.0,25000,0
SCC,10/04/2005,26.0,26.0,26.0,26.0,42200,0
SCC,10/05/2005,26.0,26.0,26.0,26.0,46200,0
SCC,10/06/2005,26.5,26.5,26.0,26.0,12500,0
SCC,10/07/2005,26.0,26.5,26.0,26.5,2330200,0
SCC,10/10/2005,26.0,26.0,26.0,26.0,695200,0
SCC,10/11/2005,25.5,26.0,25.5,26.0,74200,0
SCC,10/12/2005,26.0,26.0,25.5,25.5,2020000,0
SCC,10/13/2005,26.0,26.0,25.5,25.5,2064900,0
SCC,10/14/2005,26.0,26.0,25.5,26.0,2998100,0
SCC,10/17/2005,25.5,25.5,25.5,25.5,167600,0
SCC,10/18/2005,25.5,25.5,25.0,25.0,71300,0
SCC,10/19/2005,25.0,25.5,25.0,25.5,82700,0
SCC,10/20/2005,25.5,25.5,25.0,25.5,330800,0
SCC,10/21/2005,25.0,25.0,24.75,24.75,156900,0
SCC,10/24/2005,24.75,25.5,24.75,25.5,277400,0
SCC,10/25/2005,26.0,27.5,26.0,27.0,431800,0
SCC,10/26/2005,26.5,26.5,26.5,26.5,165300,0
SCC,10/27/2005,26.0,26.0,26.0,26.0,18000,0
SCC,11/02/2005,26.0,26.0,25.0,25.5,70300,0
SCC,11/03/2005,25.5,26.5,25.5,26.5,45400,0
SCC,11/07/2005,26.5,27.0,26.5,26.5,220000,0
SCC,11/08/2005,26.5,27.5,26.5,27.5,3827600,0
SCC,11/09/2005,27.5,28.5,27.5,28.0,473900,0
SCC,11/10/2005,28.0,28.5,27.5,27.5,130000,0
SCC,11/11/2005,27.5,27.5,27.5,27.5,18000,0
SCC,11/14/2005,27.5,27.5,27.0,27.0,144300,0
SCC,11/15/2005,27.5,27.5,27.5,27.5,113600,0
SCC,11/16/2005,26.0,26.0,25.0,25.0,481000,0
SCC,11/17/2005,25.5,26.0,25.5,26.0,106500,0
SCC,11/18/2005,27.0,29.0,27.0,27.5,2967400,0
SCC,11/21/2005,27.5,27.5,27.0,27.5,1170600,0
SCC,11/22/2005,27.5,28.5,27.0,28.5,1523600,0
SCC,11/23/2005,27.5,27.5,27.0,27.0,1249600,0
SCC,11/24/2005,27.0,27.0,26.5,26.5,73800,0
SCC,11/25/2005,26.5,26.5,26.0,26.5,1336700,0
SCC,11/29/2005,27.0,28.5,27.0,28.0,1589400,0
SCC,11/30/2005,29.0,29.0,28.0,28.0,744800,0
SCC,12/01/2005,28.0,28.0,28.0,28.0,902900,0
SCC,12/02/2005,28.0,28.0,28.0,28.0,765100,0
SCC,12/05/2005,28.0,28.0,27.5,27.5,137000,0
SCC,12/06/2005,27.0,28.0,27.0,27.5,550500,0
SCC,12/07/2005,27.5,28.0,27.5,28.0,303700,0
SCC,12/08/2005,28.0,28.0,28.0,28.0,257300,0
SCC,12/09/2005,28.5,28.5,28.0,28.0,200500,0
SCC,12/12/2005,28.0,28.0,27.5,28.0,174400,0
SCC,12/13/2005,28.0,28.0,27.5,28.0,293000,0
SCC,12/14/2005,27.0,27.0,27.0,27.0,18000,0
SCC,12/15/2005,28.0,28.0,27.5,27.5,55000,0
SCC,12/16/2005,28.0,28.5,27.5,28.5,272300,0
SCC,12/19/2005,27.0,27.0,27.0,27.0,35600,0
SCC,12/20/2005,27.5,27.5,27.5,27.5,5000,0
SCC,12/21/2005,27.5,27.5,27.0,27.0,61300,0
SCC,12/22/2005,26.5,27.0,26.5,26.5,218000,0
SCC,12/23/2005,26.5,27.5,26.5,27.5,282900,0
SCC,12/27/2005,27.5,28.5,27.5,28.5,322800,0
SCC,12/28/2005,28.0,29.0,27.5,29.0,525600,0
SCC,12/29/2005,28.5,29.0,28.0,29.0,1488200,0
SCC,01/02/2006,29.0,29.0,28.0,28.5,35300,0
SCC,01/03/2006,28.5,28.5,28.5,28.5,68600,0
SCC,01/04/2006,28.5,28.5,28.5,28.5,272000,0
SCC,01/05/2006,28.0,28.5,28.0,28.0,24000,0
SCC,01/06/2006,27.5,27.5,27.5,27.5,197000,0
SCC,01/09/2006,27.5,27.5,27.5,27.5,3000,0
SCC,01/10/2006,27.5,28.0,27.5,28.0,76100,0
SCC,01/11/2006,27.0,27.0,26.5,26.5,555600,0
SCC,01/12/2006,27.0,27.5,26.0,26.0,1005000,0
SCC,01/13/2006,26.0,26.0,25.0,25.5,1409400,0
SCC,01/16/2006,25.5,26.0,25.5,26.0,639300,0
SCC,01/17/2006,26.0,26.0,25.0,25.0,287400,0
SCC,01/18/2006,25.0,25.5,25.0,25.5,51200,0
SCC,01/19/2006,25.5,25.5,25.5,25.5,317700,0
SCC,01/20/2006,25.5,26.0,25.0,26.0,286800,0
SCC,01/23/2006,25.5,25.5,25.5,25.5,12300,0
SCC,01/24/2006,25.0,26.0,25.0,26.0,652600,0
SCC,01/25/2006,26.0,26.0,25.5,26.0,355400,0
SCC,01/26/2006,26.0,26.0,25.5,26.0,285900,0
SCC,01/27/2006,26.0,26.0,26.0,26.0,262000,0
SCC,01/30/2006,26.0,26.5,26.0,26.5,199900,0
SCC,01/31/2006,26.0,26.5,26.0,26.5,294200,0
SCC,02/01/2006,26.5,26.5,25.5,26.0,213500,0
SCC,02/02/2006,26.0,26.0,25.5,26.0,613800,0
SCC,02/03/2006,25.5,26.0,25.5,26.0,395200,0
SCC,02/06/2006,26.0,26.5,26.0,26.5,194100,0
SCC,02/07/2006,26.5,27.0,26.5,27.0,696800,0
SCC,02/08/2006,26.5,27.0,26.5,27.0,234500,0
SCC,02/09/2006,27.0,27.0,27.0,27.0,398700,0
SCC,02/10/2006,27.0,27.5,26.5,27.5,361400,0
SCC,02/13/2006,27.5,28.0,27.5,28.0,356800,0
SCC,02/14/2006,28.0,28.5,28.0,28.5,370800,0
SCC,02/15/2006,28.5,28.5,28.0,28.5,151700,0
SCC,02/16/2006,27.5,27.5,27.5,27.5,88500,0
SCC,02/17/2006,27.5,27.5,27.0,27.0,68800,0
SCC,02/20/2006,27.5,27.5,27.0,27.0,130200,0
SCC,02/21/2006,27.0,27.0,26.0,27.0,218000,0
SCC,02/22/2006,27.0,27.0,26.5,27.0,89100,0
SCC,02/23/2006,27.0,28.0,27.0,28.0,848600,0
SCC,02/24/2006,27.5,27.5,26.5,26.5,280200,0
SCC,02/27/2006,26.0,26.5,26.0,26.5,185100,0
SCC,02/28/2006,27.0,27.5,27.0,27.5,76300,0
SCC,03/01/2006,27.0,27.0,27.0,27.0,72900,0
SCC,03/02/2006,27.0,27.0,26.5,26.5,42500,0
SCC,03/03/2006,26.5,26.5,26.0,26.5,13300,0
SCC,03/06/2006,26.5,26.5,26.5,26.5,39800,0
SCC,03/07/2006,27.5,27.5,26.5,26.5,65800,0
SCC,03/08/2006,26.5,26.5,26.5,26.5,41800,0
SCC,03/09/2006,26.5,27.0,26.0,26.5,23100,0
SCC,03/10/2006,26.5,26.5,26.5,26.5,35500,0
SCC,03/13/2006,27.0,27.0,26.5,26.5,5500,0
SCC,03/14/2006,26.5,26.5,26.5,26.5,190500,0
SCC,03/15/2006,26.5,26.5,26.5,26.5,88500,0
SCC,03/16/2006,26.5,26.5,26.5,26.5,65000,0
SCC,03/17/2006,26.5,26.5,26.5,26.5,2300,0
SCC,03/20/2006,26.5,26.5,26.5,26.5,6500,0
SCC,03/21/2006,26.0,26.0,26.0,26.0,164500,0
SCC,03/22/2006,25.0,25.0,24.5,24.75,253700,0
SCC,03/23/2006,24.75,25.0,24.75,25.0,202200,0
SCC,03/24/2006,25.5,26.0,25.5,26.0,76200,0
SCC,03/27/2006,26.0,26.0,25.5,25.5,302300,0
SCC,03/28/2006,25.5,25.5,25.5,25.5,110000,0
SCC,03/29/2006,25.5,26.0,25.5,25.5,178500,0
SCC,03/30/2006,25.5,25.5,25.0,25.5,559000,0
SCC,03/31/2006,25.5,26.0,25.5,26.0,153500,0
SCC,04/03/2006,25.5,25.5,25.5,25.5,336000,0
SCC,04/04/2006,25.5,25.5,25.0,25.5,755300,0
SCC,04/05/2006,26.0,26.0,26.0,26.0,697400,0
SCC,04/06/2006,26.0,27.5,26.0,27.0,517000,0
SCC,04/07/2006,28.0,28.0,27.0,27.5,621300,0
SCC,04/10/2006,27.5,27.5,27.0,27.0,26000,0
SCC,04/11/2006,27.5,28.0,27.0,28.0,533900,0
SCC,04/12/2006,28.0,28.0,28.0,28.0,182000,0
SCC,04/17/2006,28.0,28.0,28.0,28.0,118000,0
SCC,04/18/2006,28.0,28.0,27.5,27.5,541000,0
SCC,04/19/2006,28.0,28.5,27.5,28.0,746100,0
SCC,04/20/2006,28.5,31.5,28.5,30.5,1435400,0
SCC,04/21/2006,31.0,31.5,30.5,31.0,513300,0
SCC,04/24/2006,31.0,31.0,30.0,30.0,279300,0
SCC,04/25/2006,30.0,30.0,29.0,29.5,134500,0
SCC,04/26/2006,29.0,29.5,28.0,28.0,301000,0
SCC,04/27/2006,28.0,28.0,28.0,28.0,365200,0
SCC,04/28/2006,27.5,27.5,27.5,27.5,838400,0
SCC,05/02/2006,28.0,28.0,27.5,27.5,42500,0
SCC,05/03/2006,28.0,28.5,28.0,28.5,218000,0
SCC,05/04/2006,28.5,30.0,28.5,29.0,358000,0
SCC,05/05/2006,29.5,29.5,28.5,28.5,95000,0
SCC,05/08/2006,29.0,30.5,29.0,29.5,455100,0
SCC,05/09/2006,29.5,30.0,29.5,29.5,439300,0
SCC,05/10/2006,30.0,30.0,29.5,30.0,830900,0
SCC,05/11/2006,30.5,31.0,30.0,30.5,7610100,0
SCC,05/12/2006,30.5,31.5,30.5,31.0,5131200,0
SCC,05/15/2006,32.0,32.0,29.5,30.0,361100,0
SCC,05/16/2006,29.5,30.0,29.5,30.0,83800,0
SCC,05/17/2006,30.0,30.5,29.5,29.5,380400,0
SCC,05/18/2006,29.5,29.5,28.5,29.0,174000,0
SCC,05/19/2006,28.5,28.5,28.0,28.0,160500,0
SCC,05/22/2006,28.0,28.0,28.0,28.0,31000,0
SCC,05/23/2006,27.5,27.5,26.0,26.5,280500,0
SCC,05/24/2006,27.0,27.5,27.0,27.5,71100,0
SCC,05/25/2006,27.0,27.0,27.0,27.0,103800,0
SCC,05/26/2006,27.5,28.0,27.5,27.5,122200,0
SCC,05/29/2006,27.5,27.5,27.5,27.5,224000,0
SCC,05/30/2006,27.5,27.5,27.0,27.0,265000,0
SCC,05/31/2006,27.0,28.5,27.0,28.0,403900,0
SCC,06/01/2006,28.0,28.5,28.0,28.5,57500,0
SCC,06/02/2006,28.0,28.5,28.0,28.0,206100,0
SCC,06/06/2006,27.5,27.5,27.0,27.5,77000,0
SCC,06/07/2006,27.5,27.5,27.0,27.5,11300,0
SCC,06/08/2006,27.0,27.0,27.0,27.0,264100,0
SCC,06/09/2006,27.0,27.0,27.0,27.0,49000,0
SCC,06/13/2006,27.0,27.0,26.5,27.0,1042600,0
SCC,06/14/2006,26.5,26.5,26.5,26.5,383300,0
SCC,06/15/2006,27.0,27.0,27.0,27.0,212200,0
SCC,06/16/2006,27.0,27.5,27.0,27.5,51200,0
SCC,06/19/2006,27.5,27.5,27.5,27.5,79200,0
SCC,06/20/2006,27.0,27.0,27.0,27.0,44000,0
SCC,06/21/2006,27.5,28.0,27.0,28.0,127100,0
SCC,06/22/2006,28.5,30.0,28.5,30.0,443100,0
SCC,06/23/2006,30.0,30.0,29.0,29.5,213200,0
SCC,06/26/2006,28.0,28.5,28.0,28.5,10600,0
SCC,06/27/2006,28.5,28.5,28.0,28.5,71200,0
SCC,06/28/2006,28.0,28.5,28.0,28.0,113800,0
SCC,06/29/2006,27.5,27.5,27.5,27.5,2500,0
SCC,06/30/2006,28.0,28.5,28.0,28.5,110000,0
SCC,07/03/2006,28.0,28.0,28.0,28.0,876400,0
SCC,07/04/2006,28.5,28.5,28.0,28.0,1018700,0
SCC,07/05/2006,28.0,28.0,28.0,28.0,8500,0
SCC,07/06/2006,28.0,28.0,27.5,28.0,6000,0
SCC,07/07/2006,27.5,28.0,27.5,28.0,350900,0
SCC,07/10/2006,27.5,27.5,27.5,27.5,352300,0
SCC,07/11/2006,27.0,27.0,26.5,27.0,42900,0
SCC,07/12/2006,27.0,27.0,27.0,27.0,32700,0
SCC,07/13/2006,27.0,27.0,27.0,27.0,2000,0
SCC,07/14/2006,27.0,27.0,27.0,27.0,3100,0
SCC,07/17/2006,26.5,27.0,26.5,27.0,105800,0
SCC,07/18/2006,26.5,27.0,26.5,27.0,714700,0
SCC,07/19/2006,26.5,27.0,26.5,26.5,36000,0
SCC,07/20/2006,27.0,27.0,26.5,26.5,259200,0
SCC,07/21/2006,26.5,27.0,26.5,27.0,6400,0
SCC,07/25/2006,27.0,27.0,26.5,27.0,58200,0
SCC,07/26/2006,26.5,26.5,26.0,26.5,177000,0
SCC,07/27/2006,26.5,26.5,26.5,26.5,895800,0
SCC,07/28/2006,27.0,27.0,27.0,27.0,59900,0
SCC,07/31/2006,27.0,27.0,26.5,27.0,76000,0
SCC,08/01/2006,27.0,27.0,26.5,27.0,18300,0
SCC,08/02/2006,27.0,27.0,26.5,26.5,18000,0
SCC,08/03/2006,26.5,26.5,26.5,26.5,76100,0
SCC,08/04/2006,26.5,26.5,26.5,26.5,122300,0
SCC,08/07/2006,26.5,26.5,26.5,26.5,22000,0
SCC,08/08/2006,26.0,26.5,25.5,26.5,97300,0
SCC,08/09/2006,26.0,26.0,26.0,26.0,36000,0
SCC,08/10/2006,26.0,26.0,26.0,26.0,71500,0
SCC,08/11/2006,26.0,26.0,26.0,26.0,66800,0
SCC,08/14/2006,25.5,26.0,25.5,26.0,11200,0
SCC,08/15/2006,25.5,26.0,25.5,26.0,44000,0
SCC,08/16/2006,26.0,26.0,25.5,26.0,6200,0
SCC,08/17/2006,25.5,26.0,25.5,26.0,58800,0
SCC,08/18/2006,26.0,26.0,25.5,26.0,15300,0
SCC,08/22/2006,26.0,26.0,26.0,26.0,2100,0
SCC,08/23/2006,26.0,26.0,25.5,26.0,18800,0
SCC,08/24/2006,25.5,25.5,25.5,25.5,161400,0
SCC,08/25/2006,25.5,25.5,25.0,25.0,158300,0
SCC,08/28/2006,25.0,25.0,24.5,24.5,114000,0
SCC,08/29/2006,24.5,24.5,23.5,23.5,308400,0
SCC,08/30/2006,23.5,23.5,23.0,23.0,190500,0
SCC,08/31/2006,22.75,22.75,20.75,21.25,497900,0
SCC,09/01/2006,21.75,21.75,21.0,21.25,645100,0
SCC,09/04/2006,21.25,21.25,20.0,20.5,296800,0
SCC,09/05/2006,20.0,21.0,20.0,21.0,73000,0
SCC,09/06/2006,21.0,21.0,20.5,20.75,135400,0
SCC,09/07/2006,21.0,21.25,20.5,20.75,245200,0
SCC,09/08/2006,20.5,20.5,20.5,20.5,85000,0
SCC,09/11/2006,20.5,20.5,20.5,20.5,187100,0
SCC,09/12/2006,20.25,20.5,20.0,20.25,295500,0
SCC,09/13/2006,20.25,21.0,20.25,20.75,87900,0
SCC,09/14/2006,20.5,21.0,20.5,21.0,35700,0
SCC,09/15/2006,21.5,21.5,21.0,21.25,5300,0
SCC,09/18/2006,21.0,21.0,20.75,21.0,92400,0
SCC,09/19/2006,21.0,21.0,20.75,20.75,193500,0
SCC,09/20/2006,20.5,20.5,20.25,20.5,362700,0
SCC,09/21/2006,20.5,20.5,20.0,20.25,324500,0
SCC,09/22/2006,20.25,20.25,20.0,20.0,358900,0
SCC,09/25/2006,20.0,20.0,18.75,18.75,485300,0
SCC,09/26/2006,18.75,19.0,18.5,19.0,63100,0
SCC,09/27/2006,18.75,20.5,18.75,20.5,255700,0
SCC,10/02/2006,20.5,20.5,20.0,20.0,16100,0
SCC,10/03/2006,19.5,19.5,18.75,19.25,284900,0
SCC,10/04/2006,19.0,19.0,18.75,18.75,330100,0
SCC,10/05/2006,19.0,19.25,19.0,19.0,286000,0
SCC,10/06/2006,19.0,19.25,18.75,19.25,129500,0
SCC,10/10/2006,19.0,19.0,18.75,18.75,609800,0
SCC,10/11/2006,18.75,18.75,18.75,18.75,97400,0
SCC,10/12/2006,18.75,18.75,18.25,18.5,225700,0
SCC,10/13/2006,18.5,19.5,18.5,19.0,46100,0
SCC,10/16/2006,19.0,19.0,18.75,19.0,88000,0
SCC,10/18/2006,18.75,18.75,18.75,18.75,329000,0
SCC,10/19/2006,18.75,19.0,18.75,18.75,395500,0
SCC,10/20/2006,18.75,19.0,18.5,18.75,1093100,0
SCC,10/23/2006,18.75,19.0,18.75,18.75,331800,0
SCC,10/25/2006,19.0,19.25,19.0,19.0,1081300,0
SCC,10/26/2006,19.0,19.25,18.75,19.0,393000,0
SCC,10/27/2006,19.25,19.5,19.25,19.25,317300,0
SCC,10/30/2006,19.25,19.5,19.25,19.25,916700,0
SCC,10/31/2006,19.5,19.5,19.0,19.25,262200,0
SCC,11/02/2006,19.25,19.25,19.25,19.25,558900,0
SCC,11/03/2006,19.25,19.25,19.0,19.25,1202100,0
SCC,11/06/2006,19.25,20.0,19.25,20.0,889300,0
SCC,11/07/2006,20.25,20.5,19.75,19.75,553700,0
SCC,11/08/2006,19.75,19.75,19.75,19.75,414700,0
SCC,11/09/2006,19.75,19.75,19.5,19.75,273000,0
SCC,11/10/2006,20.0,20.0,19.75,19.75,190400,0
SCC,11/13/2006,20.0,20.0,19.75,20.0,386900,0
SCC,11/14/2006,20.0,20.0,19.75,19.75,177600,0
SCC,11/15/2006,20.0,20.25,20.0,20.25,13702800,0
SCC,11/16/2006,20.25,20.75,20.25,20.75,532500,0
SCC,11/17/2006,20.75,21.5,20.75,21.25,763100,0
SCC,11/20/2006,22.25,22.25,21.5,21.5,215600,0
SCC,11/21/2006,21.5,21.5,21.0,21.0,126900,0
SCC,11/22/2006,21.0,21.0,20.75,20.75,93400,0
SCC,11/23/2006,20.75,20.75,20.75,20.75,33500,0
SCC,11/24/2006,20.5,20.75,20.5,20.5,116100,0
SCC,11/27/2006,20.5,21.0,20.5,21.0,3527800,0
SCC,11/28/2006,21.0,21.0,20.75,20.75,89700,0
SCC,11/29/2006,20.75,20.75,20.5,20.5,173800,0
SCC,11/30/2006,20.5,21.0,20.5,21.0,387300,0
SCC,12/04/2006,21.0,21.0,20.5,20.75,54000,0
SCC,12/05/2006,20.75,20.75,20.5,20.5,119400,0
SCC,12/06/2006,20.25,20.25,20.25,20.25,138000,0
SCC,12/07/2006,20.25,20.25,20.0,20.0,147900,0
SCC,12/08/2006,20.0,20.0,19.0,19.0,171500,0
SCC,12/11/2006,19.0,19.5,19.0,19.5,27000,0
SCC,12/12/2006,19.5,19.5,19.0,19.0,257300,0
SCC,12/13/2006,19.0,19.0,19.0,19.0,245900,0
SCC,12/14/2006,18.75,18.75,18.75,18.75,29800,0
SCC,12/15/2006,19.0,19.0,19.0,19.0,85000,0
SCC,12/18/2006,19.0,19.25,19.0,19.0,61900,0
SCC,12/19/2006,19.0,19.0,18.75,18.75,159500,0
SCC,12/20/2006,18.75,19.0,18.75,19.0,67000,0
SCC,12/21/2006,18.75,19.0,18.75,18.75,99400,0
SCC,12/22/2006,18.75,18.75,18.75,18.75,92300,0
SCC,12/27/2006,18.75,18.75,18.5,18.5,30000,0
SCC,12/28/2006,18.5,18.75,18.5,18.5,166700,0
SCC,12/29/2006,18.5,18.5,18.25,18.25,163900,0
SCC,01/02/2007,18.25,18.5,18.25,18.5,20000,0
SCC,01/03/2007,18.5,18.75,18.5,18.5,40300,0
SCC,01/04/2007,18.5,18.5,18.0,18.25,173300,0
SCC,01/05/2007,18.25,18.25,18.0,18.0,220000,0
SCC,01/08/2007,18.0,18.0,17.75,17.75,137100,0
SCC,01/09/2007,17.75,17.75,17.0,17.0,188000,0
SCC,01/10/2007,17.0,17.0,16.25,16.75,255000,0
SCC,01/11/2007,17.0,17.0,16.25,16.25,212000,0
SCC,01/12/2007,16.0,16.0,15.75,16.0,166900,0
SCC,01/15/2007,15.5,16.75,15.5,16.5,327300,0
SCC,01/16/2007,16.5,16.5,16.5,16.5,453700,0
SCC,01/17/2007,16.25,16.25,15.75,15.75,608700,0
SCC,01/18/2007,16.0,16.0,15.75,15.75,292500,0
SCC,01/19/2007,15.75,15.75,15.25,15.5,242400,0
SCC,01/22/2007,15.0,15.25,15.0,15.0,377800,0
SCC,01/23/2007,15.0,15.0,14.75,14.75,232000,0
SCC,01/24/2007,14.75,15.0,14.75,15.0,248400,0
SCC,01/25/2007,15.0,15.0,14.75,15.0,244900,0
SCC,01/26/2007,15.0,15.5,15.0,15.5,183400,0
SCC,01/29/2007,16.0,17.25,16.0,17.25,474400,0
SCC,01/30/2007,17.5,19.5,17.5,19.25,1186600,0
SCC,01/31/2007,19.0,19.25,17.5,18.0,418100,0
SCC,02/01/2007,17.5,18.75,17.5,18.5,149500,0
SCC,02/02/2007,18.5,18.75,18.5,18.5,173700,0
SCC,02/05/2007,18.75,19.25,18.5,18.75,276800,0
SCC,02/06/2007,19.0,19.0,18.5,18.5,240400,0
SCC,02/07/2007,18.0,18.5,18.0,18.0,51800,0
SCC,02/08/2007,18.0,18.25,17.75,17.75,177400,0
SCC,02/09/2007,17.75,17.75,17.5,17.75,52500,0
SCC,02/12/2007,17.75,17.75,17.25,17.5,418900,0
SCC,02/13/2007,17.25,17.25,17.25,17.25,360400,0
SCC,02/14/2007,17.5,19.25,17.5,18.75,706600,0
SCC,02/15/2007,18.75,18.75,18.5,18.75,457000,0
SCC,02/16/2007,18.5,18.5,17.75,18.0,954200,0
SCC,02/19/2007,17.75,18.5,17.75,18.25,195600,0
SCC,02/20/2007,18.5,18.5,18.5,18.5,104800,0
SCC,02/21/2007,18.5,18.75,18.25,18.75,266300,0
SCC,02/22/2007,18.75,18.75,18.75,18.75,103200,0
SCC,02/23/2007,18.75,19.0,18.75,18.75,217000,0
SCC,02/26/2007,19.0,19.25,18.75,19.0,192000,0
SCC,02/27/2007,19.0,19.0,18.5,18.5,426400,0
SCC,02/28/2007,16.0,18.0,16.0,17.75,151600,0
SCC,03/01/2007,17.75,17.75,17.5,17.75,76200,0
SCC,03/02/2007,17.5,17.75,17.5,17.5,121200,0
SCC,03/05/2007,17.5,17.5,17.0,17.0,645500,0
SCC,03/06/2007,16.75,16.75,16.75,16.75,118900,0
SCC,03/07/2007,17.0,17.5,17.0,17.25,259900,0
SCC,03/08/2007,17.25,17.25,17.25,17.25,11600,0
SCC,03/09/2007,17.5,19.0,17.5,18.75,618400,0
SCC,03/12/2007,19.0,19.25,19.0,19.0,90900,0
SCC,03/13/2007,19.25,19.5,19.25,19.5,4042200,0
SCC,03/14/2007,19.0,19.75,19.0,19.5,756300,0
SCC,03/15/2007,19.25,19.75,19.25,19.5,54100,0
SCC,03/16/2007,19.5,20.0,19.5,20.0,541700,0
SCC,03/19/2007,20.0,21.25,20.0,20.75,310800,0
SCC,03/20/2007,21.25,21.25,21.0,21.0,260200,0
SCC,03/21/2007,21.0,21.5,21.0,21.25,122000,0
SCC,03/22/2007,21.25,21.75,21.25,21.75,278000,0
SCC,03/23/2007,21.5,21.75,21.0,21.5,158100,0
SCC,03/26/2007,21.75,22.0,21.75,22.0,236100,0
SCC,03/27/2007,22.5,23.0,22.5,23.0,222600,0
SCC,03/28/2007,23.25,24.5,23.25,24.25,179100,0
SCC,03/29/2007,24.0,24.25,23.5,24.25,345100,0
SCC,03/30/2007,24.5,27.5,24.5,27.5,962200,0
SCC,04/02/2007,26.5,27.5,26.5,27.0,500700,0
SCC,04/03/2007,27.5,27.5,26.5,26.5,408600,0
SCC,04/04/2007,26.5,27.0,26.5,26.5,847900,0
SCC,04/10/2007,26.5,27.0,26.5,26.5,210600,0
SCC,04/11/2007,26.5,26.5,26.5,26.5,225700,0
SCC,04/12/2007,26.0,26.5,25.5,26.0,183700,0
SCC,04/13/2007,25.5,25.5,25.5,25.5,61600,0
SCC,04/16/2007,25.5,25.5,25.0,25.0,252900,0
SCC,04/17/2007,25.0,27.0,25.0,27.0,442000,0
SCC,04/18/2007,27.0,28.0,27.0,27.0,145000,0
SCC,04/19/2007,27.0,27.0,26.0,26.0,549000,0
SCC,04/20/2007,26.0,26.0,26.0,26.0,18500,0
SCC,04/23/2007,26.0,26.5,26.0,26.5,22500,0
SCC,04/24/2007,26.5,27.0,26.0,27.0,117000,0
SCC,04/25/2007,27.0,27.0,26.5,26.5,214300,0
SCC,04/26/2007,26.0,26.5,26.0,26.5,77900,0
SCC,04/27/2007,26.5,26.5,26.0,26.0,295000,0
SCC,04/30/2007,26.0,26.0,26.0,26.0,34600,0
SCC,05/02/2007,26.0,26.5,26.0,26.5,696100,0
SCC,05/03/2007,26.5,26.5,26.5,26.5,324000,0
SCC,05/04/2007,26.5,26.5,26.5,26.5,47200,0
SCC,05/07/2007,27.0,27.0,27.0,27.0,179600,0
SCC,05/08/2007,27.5,28.0,27.5,28.0,380700,0
SCC,05/09/2007,28.0,28.5,28.0,28.0,120200,0
SCC,05/10/2007,28.0,28.0,28.0,28.0,369200,0
SCC,05/11/2007,28.0,28.5,27.5,28.5,1503700,0
SCC,05/15/2007,28.5,28.5,27.5,27.5,327000,0
SCC,05/16/2007,28.0,28.0,27.5,28.0,238000,0
SCC,05/17/2007,28.0,28.0,27.0,27.0,81700,0
SCC,05/21/2007,26.5,26.5,26.5,26.5,12000,0
SCC,05/22/2007,26.5,26.5,26.5,26.5,65500,0
SCC,05/23/2007,26.5,27.5,26.5,27.5,68100,0
SCC,05/24/2007,27.5,27.5,27.0,27.0,40100,0
SCC,05/25/2007,28.0,28.0,26.5,27.0,73900,0
SCC,05/28/2007,27.0,27.0,26.5,27.0,51900,0
SCC,05/29/2007,26.5,26.5,26.5,26.5,29600,0
SCC,05/30/2007,26.5,26.5,26.5,26.5,85500,0
SCC,05/31/2007,26.5,26.5,26.0,26.0,89300,0
SCC,06/01/2007,26.5,27.0,26.5,27.0,105400,0
SCC,06/04/2007,27.0,27.5,27.0,27.5,31900,0
SCC,06/05/2007,27.0,27.0,27.0,27.0,73000,0
SCC,06/06/2007,27.0,27.0,27.0,27.0,27900,0
SCC,06/07/2007,27.0,27.5,27.0,27.0,74000,0
SCC,06/08/2007,27.0,27.0,27.0,27.0,89600,0
SCC,06/12/2007,27.0,27.0,26.5,27.0,43000,0
SCC,06/13/2007,26.5,26.5,26.5,26.5,149000,0
SCC,06/14/2007,26.5,27.0,26.5,26.5,176000,0
SCC,06/15/2007,27.0,27.0,26.5,26.5,34000,0
SCC,06/18/2007,27.0,27.5,27.0,27.5,183500,0
SCC,06/19/2007,27.0,27.0,27.0,27.0,60500,0
SCC,06/20/2007,27.5,28.0,27.5,28.0,178400,0
SCC,06/21/2007,28.0,29.5,28.0,29.0,279500,0
SCC,06/22/2007,29.0,29.0,29.0,29.0,91600,0
SCC,06/25/2007,28.0,28.5,28.0,28.5,20000,0
SCC,06/26/2007,28.5,28.5,28.5,28.5,59700,0
SCC,06/27/2007,28.5,28.5,28.0,28.0,50400,0
SCC,06/28/2007,28.5,28.5,28.0,28.0,100400,0
SCC,06/29/2007,28.5,29.0,28.5,29.0,412100,0
SCC,07/02/2007,29.0,31.0,28.5,30.5,683500,0
SCC,07/03/2007,30.0,30.5,30.0,30.0,138400,0
SCC,07/04/2007,30.0,30.0,30.0,30.0,95800,0
SCC,07/05/2007,30.0,31.5,30.0,31.5,294700,0
SCC,07/06/2007,32.0,35.0,32.0,34.5,612000,0
SCC,07/09/2007,35.0,42.0,35.0,41.0,1271300,0
SCC,07/10/2007,41.0,43.0,41.0,41.5,556400,0
SCC,07/11/2007,40.0,40.5,40.0,40.0,545200,0
SCC,07/12/2007,40.0,40.5,40.0,40.0,775600,0
SCC,07/13/2007,40.5,40.5,40.0,40.0,473300,0
SCC,07/16/2007,39.5,39.5,39.5,39.5,2000,0
SCC,07/17/2007,39.0,39.0,39.0,39.0,340700,0
SCC,07/18/2007,39.0,39.0,37.0,37.5,379200,0
SCC,07/19/2007,38.0,38.0,36.5,37.0,123600,0
SCC,07/20/2007,37.0,37.0,36.5,36.5,4000,0
SCC,07/23/2007,36.5,37.0,36.5,37.0,285200,0
SCC,07/24/2007,36.5,36.5,36.5,36.5,500,0
SCC,07/25/2007,36.0,36.0,36.0,36.0,44000,0
SCC,07/26/2007,36.0,36.0,36.0,36.0,39000,0
SCC,07/27/2007,35.5,35.5,35.0,35.0,624000,0
SCC,07/30/2007,34.5,34.5,34.5,34.5,6000,0
SCC,07/31/2007,34.5,35.0,34.5,35.0,205000,0
SCC,08/01/2007,34.5,34.5,34.0,34.0,10500,0
SCC,08/02/2007,33.5,33.5,33.5,33.5,6000,0
SCC,08/03/2007,33.5,33.5,31.5,31.5,6800,0
SCC,08/06/2007,30.0,30.0,29.5,29.5,25000,0
SCC,08/07/2007,29.0,31.0,29.0,31.0,20500,0
SCC,08/08/2007,32.0,32.0,31.5,32.0,324000,0
SCC,08/09/2007,32.0,32.0,32.0,32.0,1000,0
SCC,08/10/2007,31.0,31.0,30.5,30.5,6000,0
SCC,08/13/2007,30.5,30.5,30.5,30.5,80000,0
SCC,08/14/2007,30.5,30.5,30.5,30.5,50000,0
SCC,08/15/2007,30.5,30.5,28.5,28.5,126200,0
SCC,08/16/2007,28.5,28.5,26.5,26.5,1002100,0
SCC,08/17/2007,25.0,26.5,25.0,26.0,288100,0
SCC,08/21/2007,27.0,27.0,27.0,27.0,600,0
SCC,08/22/2007,27.0,27.0,27.0,27.0,48800,0
SCC,08/23/2007,27.0,28.0,27.0,28.0,54500,0
SCC,08/24/2007,27.0,27.5,27.0,27.0,101300,0
SCC,08/28/2007,27.5,29.0,27.5,29.0,33400,0
SCC,08/30/2007,28.5,31.0,28.5,30.5,32800,0
SCC,08/31/2007,30.5,30.5,30.5,30.5,25000,0
SCC,09/03/2007,31.0,31.0,30.0,30.0,93500,0
SCC,09/04/2007,30.0,30.0,30.0,30.0,17600,0
SCC,09/05/2007,30.0,31.0,30.0,31.0,1582200,0
SCC,09/07/2007,31.0,32.0,31.0,32.0,27200,0
SCC,09/10/2007,30.0,30.0,30.0,30.0,9000,0
SCC,09/11/2007,30.0,30.0,30.0,30.0,5700,0
SCC,09/14/2007,32.0,32.0,32.0,32.0,1700,0
SCC,09/17/2007,32.0,32.0,31.0,31.0,3000,0
SCC,09/18/2007,30.5,30.5,30.5,30.5,340400,0
SCC,09/19/2007,32.0,32.0,30.0,31.0,681500,0
SCC,09/20/2007,32.0,32.0,32.0,32.0,40100,0
SCC,09/21/2007,31.5,32.0,31.5,31.5,89600,0
SCC,09/24/2007,32.5,33.5,32.5,33.5,103900,0
SCC,09/25/2007,33.5,35.0,33.5,35.0,96700,0
SCC,09/26/2007,35.0,35.0,34.0,34.0,12900,0
SCC,09/27/2007,35.0,36.0,35.0,35.0,113700,0
SCC,09/28/2007,34.0,34.5,34.0,34.5,28600,0
SCC,10/01/2007,34.5,35.0,34.5,35.0,26600,0
SCC,10/02/2007,35.5,35.5,35.0,35.0,33000,0
SCC,10/03/2007,34.5,36.0,34.5,36.0,251300,0
SCC,10/04/2007,35.5,37.0,35.5,36.0,100700,0
SCC,10/05/2007,36.0,36.0,36.0,36.0,800,0
SCC,10/08/2007,36.0,38.0,36.0,37.5,115500,0
SCC,10/09/2007,37.5,37.5,37.0,37.0,248100,0
SCC,10/10/2007,37.5,38.0,37.5,38.0,43000,0
SCC,10/11/2007,38.0,38.5,38.0,38.5,73000,0
SCC,10/15/2007,39.0,40.5,39.0,40.5,146500,0
SCC,10/16/2007,40.5,40.5,39.0,39.0,42800,0
SCC,10/17/2007,39.5,42.0,39.5,41.5,199300,0
SCC,10/18/2007,41.0,43.5,41.0,42.5,435400,0
SCC,10/19/2007,42.5,42.5,42.0,42.0,52500,0
SCC,10/22/2007,39.0,39.0,38.5,39.0,265300,0
SCC,10/23/2007,39.0,39.0,39.0,39.0,257000,0
SCC,10/24/2007,41.0,41.0,40.0,40.5,19700,0
SCC,10/25/2007,40.0,40.0,40.0,40.0,93100,0
SCC,10/26/2007,40.0,40.5,39.5,40.5,6000,0
SCC,10/30/2007,39.5,43.5,39.5,43.0,169900,0
SCC,10/31/2007,43.0,46.5,43.0,45.0,435800,0
SCC,11/05/2007,44.5,44.5,44.0,44.0,135100,0
SCC,11/06/2007,44.0,44.5,44.0,44.5,415000,0
SCC,11/07/2007,45.0,47.0,45.0,46.5,390100,0
SCC,11/08/2007,44.0,47.0,44.0,47.0,677700,0
SCC,11/09/2007,46.5,49.0,46.5,48.0,719500,0
SCC,11/12/2007,47.0,47.0,45.0,45.0,63500,0
SCC,11/13/2007,44.5,44.5,41.5,42.0,361800,0
SCC,11/14/2007,43.0,43.0,42.0,42.0,15100,0
SCC,11/15/2007,42.0,42.0,41.5,41.5,4300,0
SCC,11/19/2007,40.0,40.0,40.0,40.0,10000,0
SCC,11/20/2007,42.0,42.0,40.5,40.5,8600,0
SCC,11/21/2007,40.5,42.0,40.5,42.0,95300,0
SCC,11/22/2007,40.0,40.5,40.0,40.5,506700,0
SCC,11/23/2007,41.0,41.0,41.0,41.0,1000,0
SCC,11/26/2007,42.0,42.5,42.0,42.5,296000,0
SCC,11/27/2007,42.0,43.5,42.0,43.5,1240000,0
SCC,11/28/2007,44.0,45.5,44.0,45.5,371200,0
SCC,11/29/2007,46.0,49.5,46.0,46.0,1682000,0
SCC,12/03/2007,46.0,46.0,46.0,46.0,149600,0
SCC,12/04/2007,44.0,44.0,44.0,44.0,4300,0
SCC,12/05/2007,44.0,44.0,43.5,43.5,5276300,0
SCC,12/06/2007,43.5,43.5,43.5,43.5,305000,0
SCC,12/11/2007,43.0,43.0,43.0,43.0,55000,0
SCC,12/12/2007,42.0,42.0,40.0,40.0,27500,0
SCC,12/13/2007,42.5,43.0,42.5,43.0,22073300,0
SCC,12/14/2007,44.0,44.5,43.5,43.5,46800,0
SCC,12/17/2007,43.0,43.0,43.0,43.0,50000,0
SCC,12/18/2007,43.0,43.5,43.0,43.0,27300,0
SCC,12/20/2007,43.0,43.0,43.0,43.0,1000,0
SCC,12/27/2007,43.0,46.0,43.0,46.0,897000,0
SCC,12/28/2007,44.5,47.0,42.5,44.0,2374500,0
SCC,01/02/2008,44.0,45.5,44.0,45.5,155000,0
SCC,01/03/2008,45.5,46.5,45.5,46.5,1430100,0
SCC,01/04/2008,45.5,46.5,45.5,46.5,27000,0
SCC,01/07/2008,45.0,46.5,44.5,46.5,47100,0
SCC,01/08/2008,46.5,47.5,46.5,47.5,33000,0
SCC,01/09/2008,46.5,47.5,46.5,47.5,28900,0
SCC,01/10/2008,47.5,48.0,47.5,48.0,75200,0
SCC,01/11/2008,48.0,48.0,47.5,48.0,43000,0
SCC,01/14/2008,46.0,48.0,45.5,48.0,80800,0
SCC,01/15/2008,48.0,49.5,48.0,48.5,73500,0
SCC,01/16/2008,47.5,47.5,46.0,46.0,316000,0
SCC,01/18/2008,44.0,44.5,44.0,44.0,859800,0
SCC,01/21/2008,43.5,44.5,43.5,44.0,4600,0
SCC,01/22/2008,42.0,42.0,40.0,41.0,21200,0
SCC,01/23/2008,41.0,44.5,41.0,44.0,33700,0
SCC,01/24/2008,44.0,44.5,44.0,44.5,66200,0
SCC,01/25/2008,44.5,44.5,43.5,44.5,48300,0
SCC,01/28/2008,44.0,44.5,44.0,44.0,729000,0
SCC,01/29/2008,44.0,46.0,44.0,46.0,185600,0
SCC,01/30/2008,46.0,47.5,46.0,47.5,132400,0
SCC,01/31/2008,46.0,46.0,46.0,46.0,642200,0
SCC,02/01/2008,46.0,46.5,46.0,46.5,70600,0
SCC,02/04/2008,47.0,51.5,47.0,51.0,212600,0
SCC,02/05/2008,51.0,58.0,51.0,55.0,413600,0
SCC,02/06/2008,51.0,55.0,51.0,55.0,1132200,0
SCC,02/07/2008,55.0,55.0,54.5,54.5,343900,0
SCC,02/08/2008,55.0,56.5,54.5,54.5,351100,0
SCC,02/11/2008,53.0,56.0,53.0,56.0,160200,0
SCC,02/12/2008,57.0,59.0,57.0,58.0,311300,0
SCC,02/13/2008,58.5,60.0,58.5,59.0,56100,0
SCC,02/14/2008,60.0,60.0,56.0,58.0,29300,0
SCC,02/15/2008,58.0,58.5,55.0,58.5,34600,0
SCC,02/18/2008,58.5,58.5,58.0,58.0,53100,0
SCC,02/19/2008,58.0,59.5,55.0,58.5,165100,0
SCC,02/20/2008,58.0,58.0,56.5,58.0,358000,0
SCC,02/21/2008,57.5,57.5,57.0,57.5,18400,0
SCC,02/22/2008,57.5,57.5,56.0,56.0,10100,0
SCC,02/26/2008,57.0,58.0,56.5,58.0,317900,0
SCC,02/27/2008,56.5,57.0,54.5,56.0,74100,0
SCC,02/28/2008,56.5,57.5,56.0,57.0,348800,0
SCC,02/29/2008,56.0,57.5,56.0,57.5,97700,0
SCC,03/04/2008,56.5,57.0,56.5,57.0,134000,0
SCC,03/05/2008,57.0,57.0,56.0,57.0,84900,0
SCC,03/07/2008,54.0,57.0,54.0,57.0,40700,0
SCC,03/12/2008,56.0,56.5,55.5,56.5,37200,0
SCC,03/14/2008,56.5,56.5,56.0,56.5,80400,0
SCC,03/19/2008,54.5,56.5,54.5,55.0,89500,0
SCC,03/24/2008,55.0,55.0,55.0,55.0,200,0
SCC,03/25/2008,54.0,55.0,54.0,55.0,270000,0
SCC,03/26/2008,50.0,54.5,50.0,54.5,124500,0
SCC,03/28/2008,53.0,53.0,52.0,52.0,21600,0
SCC,04/04/2008,50.0,51.5,50.0,51.5,201000,0
SCC,04/17/2008,50.0,50.5,49.5,50.0,811900,0
SCC,04/18/2008,49.5,49.5,49.5,49.5,100,0
SCC,04/22/2008,46.5,49.5,46.5,49.5,166000,0
SCC,04/24/2008,49.0,49.5,49.0,49.5,452000,0
SCC,04/29/2008,49.5,49.5,47.5,49.0,66600,0
SCC,05/02/2008,46.0,48.0,46.0,48.0,27800,0
SCC,05/05/2008,46.0,48.0,46.0,48.0,10100,0
SCC,05/06/2008,47.0,48.0,47.0,48.0,5600,0
SCC,05/07/2008,47.5,47.5,47.5,47.5,400,0
SCC,05/08/2008,47.5,47.5,47.5,47.5,4200,0
SCC,05/09/2008,47.5,48.0,47.5,48.0,60500,0
SCC,05/12/2008,48.0,48.0,48.0,48.0,100,0
SCC,05/13/2008,48.0,48.0,48.0,48.0,1200,0
SCC,05/14/2008,47.0,47.5,47.0,47.0,105500,0
SCC,05/15/2008,47.0,47.0,46.0,47.0,16200,0
SCC,05/16/2008,47.0,47.0,47.0,47.0,60000,0
SCC,05/19/2008,47.0,47.0,47.0,47.0,645800,0
SCC,05/20/2008,47.0,47.0,47.0,47.0,3000,0
SCC,05/21/2008,46.5,47.0,46.0,47.0,190500,0
SCC,05/22/2008,47.0,48.0,47.0,48.0,21800,0
SCC,05/23/2008,47.0,47.5,47.0,47.5,52800,0
SCC,05/27/2008,47.5,48.0,47.5,48.0,70000,0
SCC,05/28/2008,48.0,48.0,48.0,48.0,300,0
SCC,05/29/2008,47.5,48.0,46.0,48.0,20600,0
SCC,05/30/2008,48.5,50.0,48.5,50.0,45000,0
SCC,06/04/2008,49.0,50.0,49.0,50.0,40000,0
SCC,06/05/2008,49.5,49.5,48.5,49.5,136200,0
SCC,06/06/2008,49.0,49.0,49.0,49.0,50000,0
SCC,06/11/2008,48.0,49.5,48.0,49.5,187700,0
SCC,06/12/2008,50.0,50.0,48.5,49.5,592200,0
SCC,06/13/2008,49.0,50.5,49.0,50.5,3671100,0
SCC,06/16/2008,50.5,51.0,50.5,51.0,83000,0
SCC,06/17/2008,51.0,52.0,50.5,52.0,391700,0
SCC,06/18/2008,54.0,55.0,54.0,55.0,52000,0
SCC,06/19/2008,55.0,55.0,54.5,54.5,1800,0
SCC,06/20/2008,54.5,55.0,54.0,55.0,82200,0
SCC,06/23/2008,54.5,54.5,54.0,54.0,175600,0
SCC,06/24/2008,54.0,54.5,54.0,54.5,70000,0
SCC,06/25/2008,54.0,55.5,54.0,55.5,83500,0
SCC,06/26/2008,56.5,57.5,55.5,57.5,126600,0
SCC,06/27/2008,57.0,60.0,57.0,60.0,466600,0
SCC,06/30/2008,60.0,62.0,59.0,62.0,143300,0
SCC,07/01/2008,62.0,64.0,62.0,64.0,57500,0
SCC,07/02/2008,63.5,63.5,61.0,63.0,346800,0
SCC,07/03/2008,60.5,61.0,60.0,61.0,27900,0
SCC,07/04/2008,59.0,59.0,59.0,59.0,300,0
SCC,07/07/2008,59.0,61.5,59.0,61.5,28400,0
SCC,07/08/2008,61.5,62.5,60.0,62.5,74000,0
SCC,07/09/2008,62.0,62.0,58.0,61.0,10700,0
SCC,07/10/2008,60.0,60.0,60.0,60.0,5400,0
SCC,07/11/2008,60.0,60.0,55.0,60.0,130100,0
SCC,07/15/2008,56.0,58.5,56.0,58.5,5500,0
SCC,07/16/2008,58.0,58.0,58.0,58.0,300000,0
SCC,07/18/2008,56.0,56.0,54.0,54.0,194000,0
SCC,07/21/2008,54.0,55.0,54.0,55.0,100000,0
SCC,07/23/2008,52.0,55.0,52.0,55.0,90400,0
SCC,07/24/2008,54.5,54.5,52.0,54.0,31000,0
SCC,07/25/2008,53.5,55.0,53.0,55.0,205200,0
SCC,07/29/2008,55.0,56.0,55.0,56.0,75200,0
SCC,07/30/2008,55.0,55.0,55.0,55.0,45400,0
SCC,07/31/2008,56.0,56.5,56.0,56.5,250000,0
SCC,08/01/2008,56.0,56.0,56.0,56.0,9900,0
SCC,08/05/2008,55.0,56.0,55.0,56.0,596500,0
SCC,08/06/2008,55.0,55.0,55.0,55.0,2000,0
SCC,08/07/2008,55.0,55.0,55.0,55.0,10200,0
SCC,08/08/2008,55.0,55.5,55.0,55.5,114900,0
SCC,08/11/2008,55.5,56.0,55.5,55.5,83000,0
SCC,08/12/2008,55.0,55.0,55.0,55.0,10500,0
SCC,08/13/2008,55.0,55.0,55.0,55.0,16900,0
SCC,08/14/2008,53.0,53.0,53.0,53.0,1700,0
SCC,08/15/2008,53.0,53.0,53.0,53.0,800,0
SCC,08/19/2008,54.0,55.0,54.0,55.0,61000,0
SCC,08/20/2008,55.0,55.0,54.0,55.0,54500,0
SCC,08/21/2008,55.0,55.0,55.0,55.0,300,0
SCC,08/22/2008,55.0,55.0,55.0,55.0,300,0
SCC,09/01/2008,54.5,54.5,54.5,54.5,5000,0
SCC,09/02/2008,54.5,54.5,54.5,54.5,25000,0
SCC,09/04/2008,54.0,54.0,54.0,54.0,1000,0
SCC,09/05/2008,52.0,52.0,52.0,52.0,200,0
SCC,09/08/2008,52.0,52.0,51.5,52.0,40100,0
SCC,09/09/2008,52.0,53.0,52.0,53.0,60000,0
SCC,09/11/2008,52.0,53.0,52.0,53.0,12000,0
SCC,09/17/2008,48.0,51.0,47.0,47.0,50500,0
SCC,09/18/2008,46.0,46.0,46.0,46.0,68500,0
SCC,09/19/2008,46.0,46.0,45.0,46.0,51700,0
SCC,09/22/2008,45.5,46.0,45.0,45.5,69000,0
SCC,09/26/2008,43.0,43.0,43.0,43.0,4600,0
SCC,09/29/2008,43.0,45.0,43.0,45.0,20000,0
SCC,09/30/2008,45.0,45.0,45.0,45.0,5000,0
SCC,10/03/2008,43.5,43.5,42.5,42.5,12800,0
SCC,10/13/2008,41.5,43.5,26.0,43.0,10600,0
SCC,10/14/2008,42.0,42.0,42.0,42.0,108700,0
SCC,10/16/2008,40.0,40.5,38.0,39.5,167000,0
SCC,10/17/2008,30.0,39.0,30.0,39.0,9200,0
SCC,10/20/2008,38.0,38.0,38.0,38.0,22000,0
SCC,10/22/2008,36.0,36.0,36.0,36.0,71000,0
SCC,10/24/2008,30.0,35.5,30.0,35.5,1500,0
SCC,10/29/2008,35.0,35.0,35.0,35.0,10000,0
SCC,10/31/2008,35.0,35.0,34.5,34.5,139500,0
SCC,11/14/2008,34.0,34.0,34.0,34.0,100,0
SCC,11/17/2008,33.5,33.5,33.5,33.5,300,0
SCC,11/20/2008,33.0,33.0,33.0,33.0,1500,0
SCC,11/21/2008,33.0,33.0,33.0,33.0,300,0
SCC,11/25/2008,33.0,33.0,33.0,33.0,100,0
SCC,11/26/2008,34.0,34.0,34.0,34.0,200,0
SCC,12/02/2008,33.0,33.0,33.0,33.0,300,0
SCC,12/03/2008,34.0,34.0,34.0,34.0,2000,0
SCC,12/10/2008,33.5,34.0,33.5,34.0,24200,0
SCC,12/11/2008,34.0,34.0,34.0,34.0,2000,0
SCC,12/15/2008,33.0,34.0,32.5,34.0,4000,0
SCC,12/17/2008,34.0,35.0,34.0,35.0,3000,0
SCC,12/18/2008,35.0,35.0,33.0,33.5,52200,0
SCC,12/19/2008,32.5,32.5,32.5,32.5,5000,0
SCC,12/22/2008,30.5,30.5,30.5,30.5,16100,0
SCC,12/23/2008,30.0,30.0,30.0,30.0,900,0
SCC,12/24/2008,29.5,29.5,29.5,29.5,700,0
SCC,01/05/2009,34.0,35.5,34.0,35.5,300,0
SCC,01/07/2009,32.5,35.5,32.5,35.5,6200,0
SCC,01/09/2009,35.5,35.5,35.5,35.5,1000,0
SCC,01/14/2009,33.5,33.5,33.5,33.5,1500,0
SCC,01/15/2009,34.5,34.5,34.5,34.5,100100,0
SCC,01/16/2009,29.5,34.0,29.5,34.0,155100,0
SCC,01/19/2009,34.5,34.5,34.5,34.5,100,0
SCC,02/12/2009,25.0,34.5,25.0,34.5,577700,0
SCC,02/16/2009,34.5,34.5,34.5,34.5,97900,0
SCC,02/17/2009,34.5,35.0,33.0,33.5,153200,0
SCC,02/18/2009,33.0,33.0,33.0,33.0,45500,0
SCC,02/19/2009,33.0,33.0,33.0,33.0,65000,0
SCC,02/23/2009,33.0,33.0,33.0,33.0,5500,0
SCC,02/24/2009,28.0,33.0,28.0,33.0,258800,0
SCC,02/25/2009,28.0,28.0,28.0,28.0,50000,0
SCC,02/26/2009,33.0,33.0,28.5,30.0,111100,0
SCC,02/27/2009,28.0,28.5,28.0,28.5,34900,0
SCC,03/02/2009,32.5,32.5,27.0,28.5,44200,0
SCC,03/03/2009,31.5,31.5,25.5,26.0,118300,0
SCC,03/04/2009,32.0,32.0,24.5,25.0,149800,0
SCC,03/05/2009,28.0,28.0,24.5,25.0,651500,0
SCC,03/06/2009,24.5,24.5,24.0,24.0,160100,0
SCC,03/09/2009,24.0,24.0,23.5,23.5,311600,0
SCC,03/10/2009,23.0,23.0,22.25,22.25,394600,0
SCC,03/11/2009,22.75,25.0,22.75,24.75,1109600,0
SCC,03/12/2009,27.0,27.0,24.5,24.75,1153600,0
SCC,03/13/2009,24.5,24.5,24.25,24.5,311500,0
SCC,03/16/2009,24.25,24.5,24.25,24.5,241700,0
SCC,03/17/2009,24.0,24.0,23.5,23.5,630800,0
SCC,03/18/2009,23.5,23.5,22.75,23.0,567500,0
SCC,03/19/2009,22.5,23.0,22.5,23.0,521900,0
SCC,03/20/2009,23.0,23.0,23.0,23.0,437600,0
SCC,03/23/2009,23.0,23.5,23.0,23.25,1336100,0
SCC,03/24/2009,23.0,23.75,23.0,23.25,1783500,0
SCC,03/25/2009,23.75,26.0,23.75,26.0,234000,0
SCC,03/26/2009,26.5,26.5,25.5,26.0,1044200,0
SCC,03/27/2009,26.0,26.5,26.0,26.5,344000,0
SCC,03/30/2009,26.5,30.0,26.0,30.0,680600,0
SCC,03/31/2009,32.0,34.0,31.0,33.5,1707200,0
SCC,04/01/2009,33.5,33.5,30.5,30.5,383600,0
SCC,04/02/2009,31.0,31.5,30.0,30.5,186800,0
SCC,04/03/2009,31.0,31.0,27.5,28.0,1280500,0
SCC,04/07/2009,29.5,30.0,28.0,29.5,733300,0
SCC,04/08/2009,29.5,29.5,29.0,29.5,672900,0
SCC,04/13/2009,30.0,30.5,29.5,29.5,901500,0
SCC,04/14/2009,29.5,30.0,29.0,29.5,2890800,0
SCC,04/15/2009,21.0,24.75,21.0,24.0,319700,0
SCC,04/16/2009,24.0,24.25,23.5,23.5,49600,0
SCC,04/17/2009,23.5,24.25,23.0,24.25,2179000,0
SCC,04/20/2009,24.25,24.25,24.25,24.25,127200,0
SCC,04/21/2009,23.5,24.0,23.5,24.0,1062600,0
SCC,04/22/2009,24.5,24.5,23.75,24.0,297000,0
SCC,04/23/2009,24.0,24.0,23.75,24.0,149300,0
SCC,04/24/2009,24.25,24.25,23.75,24.0,94700,0
SCC,04/27/2009,24.0,24.25,24.0,24.25,276500,0
SCC,04/28/2009,24.0,25.0,24.0,25.0,270200,0
SCC,04/29/2009,25.5,26.5,25.0,26.5,375500,0
SCC,04/30/2009,26.5,27.5,26.0,27.5,197200,0
SCC,05/04/2009,27.0,27.5,26.5,27.5,43200,0
SCC,05/05/2009,27.5,29.0,27.5,29.0,1484000,0
SCC,05/06/2009,30.0,31.0,29.5,31.0,2703400,0
SCC,05/07/2009,32.0,34.0,31.5,34.0,2448800,0
SCC,05/08/2009,33.0,33.5,32.0,32.5,326800,0
SCC,05/11/2009,33.0,34.0,33.0,34.0,746500,0
SCC,05/12/2009,33.5,35.0,33.5,35.0,1254300,0
SCC,05/13/2009,36.0,40.0,36.0,40.0,2323500,0
SCC,05/14/2009,39.5,42.0,38.0,39.5,1315400,0
SCC,05/15/2009,40.0,41.0,39.5,40.0,502500,0
SCC,05/18/2009,40.0,40.0,35.5,37.0,220100,0
SCC,05/19/2009,39.0,40.0,38.5,39.5,1009000,0
SCC,05/20/2009,38.0,40.0,38.0,40.0,793900,0
SCC,05/21/2009,39.0,40.0,38.5,40.0,153900,0
SCC,05/22/2009,39.0,39.5,39.0,39.5,624600,0
SCC,05/25/2009,39.5,39.5,39.0,39.5,1129600,0
SCC,05/26/2009,39.5,39.5,39.0,39.5,948100,0
SCC,05/27/2009,40.5,41.0,40.0,40.0,916400,0
SCC,05/28/2009,40.0,40.5,40.0,40.0,356000,0
SCC,05/29/2009,41.0,42.0,40.0,40.5,951000,0
SCC,06/01/2009,41.0,42.0,41.0,42.0,909500,0
SCC,06/02/2009,42.0,42.5,42.0,42.5,132000,0
SCC,06/03/2009,40.5,41.5,40.5,41.5,304900,0
SCC,06/04/2009,41.0,41.5,40.5,41.0,352400,0
SCC,06/05/2009,41.0,41.0,40.0,41.0,72600,0
SCC,06/08/2009,40.5,40.5,40.0,40.5,290500,0
SCC,06/09/2009,41.0,41.0,40.5,40.5,129000,0
SCC,06/10/2009,41.0,41.0,40.0,40.5,106100,0
SCC,06/11/2009,40.0,41.0,39.0,41.0,141600,0
SCC,06/16/2009,41.0,41.0,39.0,39.5,60600,0
SCC,06/17/2009,38.0,39.0,38.0,39.0,27100,0
SCC,06/18/2009,38.5,39.5,38.5,39.5,90000,0
SCC,06/23/2009,38.0,38.0,35.5,36.5,30200,0
SCC,06/24/2009,36.5,36.5,35.0,36.5,142500,0
SCC,06/25/2009,36.5,36.5,36.0,36.5,45700,0
SCC,06/26/2009,36.5,36.5,35.0,35.5,789200,0
SCC,06/29/2009,35.5,36.0,34.5,36.0,193400,0
SCC,06/30/2009,36.0,36.5,35.0,35.5,163200,0
SCC,07/01/2009,34.5,35.0,34.0,34.5,78100,0
SCC,07/02/2009,34.0,34.0,33.0,33.5,155600,0
SCC,07/03/2009,33.0,33.5,31.5,33.0,188100,0
SCC,07/06/2009,33.0,34.0,33.0,34.0,264700,0
SCC,07/07/2009,33.5,35.0,33.5,35.0,187000,0
SCC,07/08/2009,34.0,35.5,34.0,35.0,416000,0
SCC,07/09/2009,37.0,38.5,37.0,38.5,615700,0
SCC,07/10/2009,38.5,40.0,38.5,40.0,604200,0
SCC,07/13/2009,40.5,40.5,40.0,40.5,232500,0
SCC,07/14/2009,40.5,41.0,40.0,40.0,25100,0
SCC,07/15/2009,40.0,40.0,39.0,39.5,138400,0
SCC,07/16/2009,39.5,40.0,39.5,40.0,40400,0
SCC,07/20/2009,39.5,39.5,39.5,39.5,10700,0
SCC,07/21/2009,39.5,40.0,39.5,40.0,270200,0
SCC,07/22/2009,40.0,40.0,40.0,40.0,287500,0
SCC,07/23/2009,40.0,40.0,39.5,40.0,20700,0
SCC,07/24/2009,39.5,40.0,39.5,40.0,328300,0
SCC,07/27/2009,40.0,41.0,40.0,41.0,123400,0
SCC,07/28/2009,41.0,41.5,40.5,41.5,248400,0
SCC,07/29/2009,41.0,41.0,40.0,41.0,70700,0
SCC,07/30/2009,40.0,41.0,39.5,41.0,3300,0
SCC,07/31/2009,40.0,40.0,39.5,39.5,38000,0
SCC,08/03/2009,39.0,40.0,39.0,40.0,9000,0
SCC,08/04/2009,41.0,42.0,40.5,40.5,111700,0
SCC,08/06/2009,41.0,41.0,39.5,41.0,24900,0
SCC,08/07/2009,40.0,40.0,40.0,40.0,213000,0
SCC,08/10/2009,40.0,40.0,39.5,40.0,7000,0
SCC,08/11/2009,40.0,40.5,40.0,40.5,10100,0
SCC,08/12/2009,40.0,40.0,39.5,40.0,1106000,0
SCC,08/13/2009,40.0,40.0,39.5,39.5,115100,0
SCC,08/14/2009,39.5,39.5,39.0,39.0,47200,0
SCC,08/17/2009,38.5,39.0,38.0,39.0,44000,0
SCC,08/18/2009,38.5,39.0,38.5,39.0,45500,0
SCC,08/19/2009,43.0,43.0,40.0,40.5,99100,0
SCC,08/20/2009,40.5,40.5,40.0,40.5,5800,0
SCC,08/24/2009,40.5,40.5,40.5,40.5,2700,0
SCC,08/25/2009,40.5,40.5,40.0,40.5,33200,0
SCC,08/27/2009,40.5,41.0,40.5,40.5,68200,0
SCC,08/28/2009,40.5,40.5,40.0,40.5,122700,0
SCC,09/01/2009,40.0,40.0,39.5,40.0,18200,0
SCC,09/02/2009,39.0,39.5,39.0,39.5,113000,0
SCC,09/03/2009,39.5,39.5,38.5,39.0,138400,0
SCC,09/04/2009,39.5,39.5,38.0,38.5,451700,0
SCC,09/08/2009,38.5,39.0,38.5,38.5,379400,0
SCC,09/09/2009,38.5,38.5,38.5,38.5,23400,0
SCC,09/10/2009,38.5,38.5,38.0,38.5,227200,0
SCC,09/11/2009,38.5,38.5,38.0,38.5,8200,0
SCC,09/14/2009,38.0,38.0,38.0,38.0,32400,0
SCC,09/15/2009,38.0,38.5,38.0,38.5,4000,0
SCC,09/16/2009,38.5,38.5,38.5,38.5,15700,0
SCC,09/17/2009,38.5,38.5,38.5,38.5,35200,0
SCC,09/18/2009,38.5,39.0,38.5,39.0,14800,0
SCC,09/22/2009,38.5,38.5,38.5,38.5,202300,0
SCC,09/23/2009,38.5,38.5,38.5,38.5,578200,0
SCC,09/24/2009,38.5,38.5,38.5,38.5,500000,0
SCC,09/25/2009,38.5,38.5,38.5,38.5,100,0
SCC,09/28/2009,38.0,38.0,37.5,37.5,213700,0
SCC,09/29/2009,38.0,38.5,38.0,38.5,12000,0
SCC,09/30/2009,38.5,39.0,38.5,39.0,29600,0
SCC,10/01/2009,38.5,38.5,38.5,38.5,10200,0
SCC,10/02/2009,38.0,38.0,38.0,38.0,794500,0
SCC,10/05/2009,38.0,38.0,38.0,38.0,5000,0
SCC,10/06/2009,38.0,38.0,37.5,38.0,3300,0
SCC,10/07/2009,38.0,38.0,38.0,38.0,22100,0
SCC,10/08/2009,37.5,37.5,37.5,37.5,22400,0
SCC,10/09/2009,38.0,38.0,38.0,38.0,123600,0
SCC,10/13/2009,38.5,38.5,38.5,38.5,48000,0
SCC,10/14/2009,38.5,39.0,38.5,39.0,61000,0
SCC,10/15/2009,39.5,39.5,39.5,39.5,44000,0
SCC,10/16/2009,39.5,42.0,39.5,41.0,148100,0
SCC,10/19/2009,41.0,41.0,41.0,41.0,179100,0
SCC,10/20/2009,41.0,41.0,40.5,40.5,141700,0
SCC,10/21/2009,40.0,40.0,40.0,40.0,5000,0
SCC,10/22/2009,40.0,41.0,40.0,40.5,56500,0
SCC,10/23/2009,41.0,41.5,41.0,41.0,109400,0
SCC,10/26/2009,40.5,40.5,40.5,40.5,17700,0
SCC,10/27/2009,40.5,40.5,40.0,40.0,70800,0
SCC,10/28/2009,39.5,39.5,39.5,39.5,21000,0
SCC,10/29/2009,39.5,39.5,39.5,39.5,34300,0
SCC,10/30/2009,39.5,40.0,39.5,40.0,65000,0
SCC,11/03/2009,39.0,39.0,39.0,39.0,3000,0
SCC,11/04/2009,39.0,39.0,39.0,39.0,2100,0
SCC,11/05/2009,38.5,38.5,38.5,38.5,11000,0
SCC,11/06/2009,39.5,39.5,39.0,39.0,11700,0
SCC,11/09/2009,39.0,39.0,39.0,39.0,4000,0
SCC,11/10/2009,39.0,39.0,39.0,39.0,800,0
SCC,11/11/2009,39.0,39.0,39.0,39.0,13500,0
SCC,11/12/2009,40.0,40.0,40.0,40.0,5900,0
SCC,11/13/2009,40.0,40.0,40.0,40.0,6500,0
SCC,11/17/2009,40.5,42.0,40.5,42.0,196000,0
SCC,11/18/2009,43.0,43.0,42.5,42.5,219900,0
SCC,11/19/2009,43.0,43.5,43.0,43.5,53500,0
SCC,11/20/2009,44.0,48.0,44.0,45.5,313900,0
SCC,11/23/2009,47.0,48.0,46.0,46.5,78800,0
SCC,11/24/2009,47.0,48.5,47.0,48.5,173700,0
SCC,11/25/2009,48.5,49.0,48.0,49.0,53900,0
SCC,11/26/2009,50.0,50.5,48.0,50.0,37200,0
SCC,11/27/2009,48.0,50.0,48.0,50.0,54800,0
SCC,12/01/2009,50.0,52.0,50.0,50.5,55700,0
SCC,12/02/2009,51.0,51.0,50.5,51.0,112000,0
SCC,12/03/2009,50.5,50.5,49.5,49.5,132600,0
SCC,12/04/2009,49.5,49.5,49.0,49.5,257700,0
SCC,12/07/2009,50.0,50.0,50.0,50.0,200,0
SCC,12/08/2009,49.5,49.5,49.0,49.0,18300,0
SCC,12/09/2009,49.0,49.5,49.0,49.5,26700,0
SCC,12/10/2009,49.5,50.0,49.5,50.0,39300,0
SCC,12/11/2009,50.0,51.0,50.0,50.5,46500,0
SCC,12/14/2009,50.5,50.5,50.0,50.5,32100,0
SCC,12/15/2009,49.5,50.0,49.5,50.0,8500,0
SCC,12/16/2009,50.0,50.0,49.5,50.0,188300,0
SCC,12/17/2009,49.5,49.5,49.5,49.5,141000,0
SCC,12/18/2009,49.0,50.0,49.0,50.0,97500,0
SCC,12/21/2009,50.0,50.0,49.5,49.5,38000,0
SCC,12/22/2009,50.0,50.0,49.5,50.0,303000,0
SCC,12/23/2009,49.5,51.0,49.5,51.0,24000,0
SCC,12/28/2009,50.0,52.0,50.0,52.0,45000,0
SCC,12/29/2009,52.0,55.0,51.5,55.0,165100,0
SCC,01/04/2010,54.5,55.0,54.5,55.0,35200,0
SCC,01/05/2010,56.0,56.5,54.0,54.0,1088300,0
SCC,01/06/2010,54.0,54.0,52.5,53.0,76700,0
SCC,01/07/2010,53.0,53.5,52.5,52.5,93200,0
SCC,01/08/2010,53.0,53.0,53.0,53.0,571000,0
SCC,01/11/2010,53.0,53.0,52.0,52.0,31800,0
SCC,01/12/2010,52.5,52.5,52.5,52.5,11100,0
SCC,01/13/2010,52.5,52.5,52.5,52.5,5200,0
SCC,01/14/2010,52.5,52.5,52.0,52.0,27400,0
SCC,01/15/2010,52.0,52.0,52.0,52.0,11600,0
SCC,01/18/2010,52.0,52.0,51.5,52.0,21200,0
SCC,01/19/2010,52.0,52.0,52.0,52.0,65100,0
SCC,01/20/2010,51.5,52.0,51.5,52.0,6500,0
SCC,01/21/2010,51.5,52.0,51.5,52.0,14100,0
SCC,01/22/2010,51.5,52.0,51.5,52.0,40900,0
SCC,01/25/2010,51.5,51.5,50.0,50.0,80000,0
SCC,01/26/2010,50.0,50.0,50.0,50.0,25400,0
SCC,01/27/2010,50.0,50.0,50.0,50.0,144600,0
SCC,01/28/2010,50.0,50.0,50.0,50.0,68000,0
SCC,01/29/2010,50.0,50.0,48.5,49.0,42500,0
SCC,02/01/2010,48.5,48.5,47.5,47.5,86400,0
SCC,02/02/2010,48.0,48.0,47.5,47.5,54700,0
SCC,02/03/2010,47.5,47.5,47.0,47.0,265100,0
SCC,02/04/2010,47.0,47.0,47.0,47.0,107000,0
SCC,02/05/2010,46.5,48.0,46.0,48.0,40200,0
SCC,02/09/2010,47.5,47.5,47.5,47.5,1100,0
SCC,02/10/2010,47.5,47.5,47.5,47.5,2500,0
SCC,02/11/2010,47.5,47.5,47.5,47.5,33000,0
SCC,02/12/2010,47.5,48.0,47.5,48.0,51300,0
SCC,02/15/2010,48.0,48.0,48.0,48.0,200,0
SCC,02/16/2010,46.5,48.0,46.0,48.0,46500,0
SCC,02/17/2010,48.0,48.0,48.0,48.0,15000,0
SCC,02/18/2010,48.0,48.0,48.0,48.0,19000,0
SCC,02/19/2010,48.0,48.0,48.0,48.0,1969700,0
SCC,02/22/2010,48.0,48.0,47.5,48.0,267700,0
SCC,02/23/2010,48.5,51.0,48.0,50.5,430600,0
SCC,02/24/2010,50.0,52.0,50.0,52.0,363300,0
SCC,02/25/2010,52.5,54.0,52.5,53.0,444000,0
SCC,02/26/2010,53.0,53.5,53.0,53.5,155600,0
SCC,03/01/2010,54.5,56.0,54.5,54.5,596300,0
SCC,03/02/2010,55.0,56.0,55.0,56.0,132300,0
SCC,03/03/2010,56.0,56.5,55.5,56.5,40500,0
SCC,03/04/2010,56.5,57.0,56.0,57.0,7200,0
SCC,03/05/2010,56.5,60.0,56.5,59.0,559600,0
SCC,03/08/2010,60.0,60.0,58.5,59.0,57700,0
SCC,03/09/2010,59.0,60.0,59.0,59.5,1171000,0
SCC,03/10/2010,59.5,60.0,59.5,60.0,628700,0
SCC,03/11/2010,60.0,60.5,59.0,59.5,309800,0
SCC,03/12/2010,59.5,59.5,59.0,59.5,60800,0
SCC,03/15/2010,59.5,60.0,59.5,60.0,51200,0
SCC,03/16/2010,60.0,60.0,59.0,59.5,5900,0
SCC,03/17/2010,59.0,59.0,58.5,58.5,59400,0
SCC,03/18/2010,58.5,59.0,57.0,57.0,141900,0
SCC,03/19/2010,57.0,58.0,57.0,58.0,227800,0
SCC,03/22/2010,58.0,58.0,57.5,58.0,100800,0
SCC,03/23/2010,58.0,58.5,58.0,58.0,177800,0
SCC,03/24/2010,59.0,60.0,59.0,59.5,333600,0
SCC,03/25/2010,59.0,59.5,58.5,59.0,107200,0
SCC,03/26/2010,59.0,59.5,59.0,59.5,526100,0
SCC,03/29/2010,59.5,59.5,59.0,59.5,108700,0
SCC,03/30/2010,59.5,59.5,59.0,59.0,396400,0
SCC,03/31/2010,59.5,60.0,59.0,60.0,232600,0
SCC,04/05/2010,60.0,66.0,60.0,65.0,766900,0
SCC,04/06/2010,65.0,68.0,65.0,67.0,595500,0
SCC,04/07/2010,67.0,68.0,67.0,68.0,192900,0
SCC,04/08/2010,67.5,67.5,66.0,67.0,20219800,0
SCC,04/12/2010,67.0,67.5,66.5,67.0,256700,0
SCC,04/13/2010,67.0,67.0,66.0,67.0,116400,0
SCC,04/14/2010,68.0,71.5,68.0,71.0,288100,0
SCC,04/15/2010,72.0,73.5,71.5,71.5,417700,0
SCC,04/16/2010,71.5,72.5,71.5,72.5,85900,0
SCC,04/19/2010,71.0,71.5,69.5,70.5,173200,0
SCC,04/20/2010,70.5,70.5,69.5,70.0,40300,0
SCC,04/21/2010,70.5,72.5,70.5,72.5,60200,0
SCC,04/22/2010,72.5,73.5,72.0,73.0,149200,0
SCC,04/23/2010,72.5,72.5,72.0,72.5,76500,0
SCC,04/26/2010,72.5,74.5,72.5,73.5,163400,0
SCC,04/27/2010,73.5,73.5,73.0,73.0,124300,0
SCC,04/28/2010,73.0,73.0,71.5,72.5,252800,0
SCC,04/29/2010,73.5,78.5,73.5,78.0,359700,0
SCC,04/30/2010,78.0,79.5,77.0,77.5,1139700,0
SCC,05/04/2010,79.5,79.5,77.0,78.0,202600,0
SCC,05/05/2010,77.0,77.0,75.0,75.5,324700,0
SCC,05/06/2010,75.5,77.5,74.0,77.5,143000,0
SCC,05/07/2010,72.0,77.0,72.0,77.0,223400,0
SCC,05/11/2010,78.5,81.5,78.5,81.0,349500,0
SCC,05/12/2010,81.0,81.0,79.5,80.0,547600,0
SCC,05/13/2010,81.0,81.0,80.0,80.0,134600,0
SCC,05/14/2010,80.0,80.0,79.0,79.5,130800,0
SCC,05/17/2010,78.0,79.5,78.0,79.5,135300,0
SCC,05/18/2010,80.5,80.5,78.5,79.0,88000,0
SCC,05/19/2010,78.5,80.0,78.5,79.0,45300,0
SCC,05/20/2010,79.0,79.0,78.0,78.5,445700,0
SCC,05/21/2010,77.5,77.5,77.0,77.5,809200,0
SCC,05/24/2010,76.0,76.0,71.0,72.0,68600,0
SCC,05/25/2010,72.5,72.5,68.5,71.0,139600,0
SCC,05/26/2010,70.0,70.5,67.5,69.0,217900,0
SCC,05/27/2010,67.5,70.0,67.0,69.5,884400,0
SCC,05/28/2010,70.5,71.5,70.0,71.5,139800,0
SCC,05/31/2010,70.0,73.0,70.0,73.0,291900,0
SCC,06/01/2010,73.5,73.5,73.0,73.0,102300,0
SCC,06/02/2010,73.0,74.5,72.5,74.5,141100,0
SCC,06/03/2010,75.0,75.5,75.0,75.5,128500,0
SCC,06/04/2010,75.5,76.0,75.0,76.0,186200,0
SCC,06/07/2010,74.5,75.0,74.5,74.5,73200,0
SCC,06/08/2010,74.0,78.0,74.0,77.5,387100,0
SCC,06/09/2010,78.5,80.0,78.0,78.5,226600,0
SCC,06/10/2010,78.5,78.5,77.0,77.0,45800,0
SCC,06/11/2010,77.0,78.5,77.0,78.0,238200,0
SCC,06/15/2010,78.0,78.0,77.0,77.5,586500,0
SCC,06/16/2010,78.0,78.0,77.0,77.0,205900,0
SCC,06/17/2010,77.0,77.5,76.5,77.0,474400,0
SCC,06/18/2010,78.0,78.0,76.5,77.5,695500,0
SCC,06/21/2010,78.0,78.0,77.5,77.5,605400,0
SCC,06/22/2010,77.5,80.0,77.5,80.0,1584000,0
SCC,06/23/2010,80.0,90.0,80.0,90.0,1270900,0
SCC,06/24/2010,90.5,92.0,86.5,89.0,1029800,0
SCC,06/25/2010,85.0,85.5,84.0,85.5,195500,0
SCC,06/28/2010,85.5,85.5,84.0,85.0,112700,0
SCC,06/29/2010,84.0,85.0,83.5,85.0,99600,0
SCC,07/01/2010,83.5,84.0,83.0,84.0,104200,0
SCC,07/02/2010,83.5,84.0,80.0,84.0,427900,0
SCC,07/05/2010,83.0,84.0,81.5,84.0,265900,0
SCC,07/06/2010,83.0,89.0,83.0,89.0,1304300,0
SCC,07/07/2010,90.0,96.0,90.0,95.0,1383900,0
SCC,07/08/2010,96.0,101.0,96.0,98.0,730900,0
SCC,07/09/2010,98.0,99.0,95.0,98.0,92300,0
SCC,07/12/2010,97.5,97.5,96.0,97.5,12300,0
SCC,07/13/2010,96.0,97.0,95.5,97.0,426900,0
SCC,07/14/2010,97.0,97.0,97.0,97.0,313500,0
SCC,07/15/2010,96.5,96.5,94.0,94.0,143800,0
SCC,07/16/2010,94.0,94.0,91.0,93.0,229600,0
SCC,07/19/2010,91.5,96.5,91.5,96.0,1584400,0
SCC,07/20/2010,94.0,97.5,94.0,96.0,268300,0
SCC,07/21/2010,95.5,98.5,95.5,98.5,1102900,0
SCC,07/22/2010,98.5,107.0,98.5,106.0,1446500,0
SCC,07/23/2010,107.0,113.0,106.0,112.0,1293690,0
SCC,07/26/2010,112.0,112.0,110.0,110.4,540620,0
SCC,07/27/2010,110.1,110.4,110.0,110.2,714400,0
SCC,07/28/2010,110.0,110.1,105.0,108.8,118630,0
SCC,07/29/2010,106.0,107.0,105.0,105.2,276490,0
SCC,07/30/2010,105.0,105.0,102.5,104.8,366960,0
SCC,08/02/2010,105.3,109.0,105.3,109.0,384300,0
SCC,08/03/2010,110.0,110.3,108.6,109.0,551550,0
SCC,08/04/2010,108.0,108.0,107.1,108.0,245970,0
SCC,08/05/2010,107.0,108.0,107.0,108.0,662010,0
SCC,08/06/2010,108.5,109.9,108.0,109.9,169800,0
SCC,08/09/2010,109.9,114.9,109.9,109.9,947600,0
SCC,08/10/2010,114.0,119.9,114.0,119.0,945690,0
SCC,08/11/2010,119.5,120.0,116.0,116.7,441810,0
SCC,08/12/2010,115.0,117.2,114.0,117.2,664560,0
SCC,08/13/2010,117.0,117.6,116.8,117.3,581190,0
SCC,08/16/2010,124.0,124.0,120.0,121.7,624870,0
SCC,08/17/2010,122.8,124.0,122.7,123.8,639950,0
SCC,08/18/2010,125.0,129.0,125.0,128.0,1535260,0
SCC,08/19/2010,128.0,128.0,126.0,127.1,1333760,0
SCC,08/20/2010,127.0,139.0,127.0,133.0,840380,0
SCC,08/23/2010,133.0,137.0,132.0,132.0,1089050,0
SCC,08/24/2010,132.0,132.0,127.0,128.0,663200,0
SCC,08/25/2010,127.0,127.0,120.0,120.1,603700,0
SCC,08/26/2010,121.2,126.0,121.2,125.2,833080,0
SCC,08/27/2010,127.6,127.6,122.7,123.0,614820,0
SCC,08/31/2010,123.0,126.0,123.0,126.0,605920,0
SCC,09/01/2010,126.0,127.0,125.9,127.0,28780,0
SCC,09/02/2010,127.0,127.5,125.4,127.2,333010,0
SCC,09/03/2010,127.2,129.0,127.2,128.0,481990,0
SCC,09/06/2010,128.0,128.2,125.0,126.1,509510,0
SCC,09/07/2010,127.0,127.2,124.5,125.5,401290,0
SCC,09/08/2010,123.0,130.5,123.0,130.0,1641800,0
SCC,09/09/2010,134.0,140.0,134.0,139.0,1217850,0
SCC,09/13/2010,140.0,143.0,137.0,141.9,1607390,0
SCC,09/14/2010,142.9,143.0,134.0,139.0,569000,0
SCC,09/15/2010,139.0,139.0,135.5,137.0,476670,0
SCC,09/16/2010,137.0,141.5,137.0,140.0,267840,0
SCC,09/17/2010,139.0,139.0,137.9,139.0,1232730,0
SCC,09/20/2010,139.0,145.0,139.0,143.0,569960,0
SCC,09/21/2010,144.0,145.0,140.0,141.0,443700,0
SCC,09/22/2010,141.0,141.0,139.0,140.5,267370,0
SCC,09/23/2010,141.0,143.0,141.0,143.0,161220,0
SCC,09/24/2010,140.0,141.0,136.0,138.0,526690,0
SCC,09/27/2010,138.0,141.0,138.0,138.0,611160,0
SCC,09/28/2010,140.4,140.4,137.0,137.0,84060,0
SCC,09/29/2010,139.0,139.0,135.0,135.1,713120,0
SCC,09/30/2010,135.6,135.6,127.5,130.2,880100,0
SCC,10/01/2010,131.0,138.5,131.0,138.0,315320,0
SCC,10/04/2010,139.0,142.5,139.0,142.5,386430,0
SCC,10/05/2010,144.7,155.0,144.0,151.5,2488960,0
SCC,10/06/2010,153.2,156.5,153.1,156.4,736900,0
SCC,10/07/2010,157.6,157.9,154.8,155.2,927770,0
SCC,10/08/2010,155.2,160.0,155.2,158.0,1220540,0
SCC,10/11/2010,160.0,164.0,158.0,158.0,459020,0
SCC,10/12/2010,158.7,162.5,157.9,157.9,1256320,0
SCC,10/13/2010,157.8,158.9,157.7,157.9,1105560,0
SCC,10/14/2010,159.0,160.0,157.0,157.9,134340,0
SCC,10/15/2010,158.1,158.1,157.0,157.2,69370,0
SCC,10/18/2010,157.2,157.2,156.0,156.0,206650,0
SCC,10/19/2010,155.0,155.0,150.0,152.0,250680,0
SCC,10/20/2010,150.0,152.0,148.0,152.0,449610,0
SCC,10/21/2010,152.0,153.0,151.9,153.0,181010,0
SCC,10/22/2010,160.0,172.0,160.0,170.0,1444860,0
SCC,10/26/2010,170.0,172.0,169.0,171.0,292980,0
SCC,10/27/2010,170.0,170.0,166.0,169.8,111900,0
SCC,10/28/2010,167.1,170.0,167.1,169.9,465960,0
SCC,10/29/2010,169.9,174.5,169.9,171.8,321770,0
SCC,11/02/2010,171.8,180.0,171.8,179.8,212100,0
SCC,11/03/2010,179.8,193.0,179.0,191.0,551770,0
SCC,11/04/2010,189.0,189.0,187.0,188.0,401110,0
SCC,11/05/2010,190.0,192.0,184.0,186.0,863550,0
SCC,11/08/2010,190.0,190.0,179.8,180.3,447730,0
SCC,11/09/2010,180.1,180.3,175.5,175.9,226630,0
SCC,11/10/2010,175.0,175.9,168.0,175.0,335240,0
SCC,11/11/2010,180.0,180.0,163.0,174.9,145760,0
SCC,11/12/2010,174.8,174.8,168.0,169.5,336000,0
SCC,11/15/2010,169.0,174.0,163.0,169.9,213240,0
SCC,11/17/2010,169.7,169.9,168.3,168.5,169190,0
SCC,11/18/2010,170.0,170.0,165.0,166.5,287300,0
SCC,11/19/2010,166.8,172.0,166.8,170.0,376570,0
SCC,11/22/2010,175.0,179.0,169.6,170.0,290990,0
SCC,11/23/2010,173.5,173.5,166.0,168.5,255040,0
SCC,11/24/2010,167.1,168.0,160.0,164.7,610720,0
SCC,11/25/2010,166.1,167.0,165.4,165.5,331710,0
SCC,11/26/2010,165.5,165.5,163.0,165.0,170770,0
SCC,11/30/2010,160.0,165.0,159.0,164.0,206160,0
SCC,12/01/2010,164.0,164.1,161.2,162.0,124840,0
SCC,12/02/2010,165.0,172.0,165.0,170.0,576660,0
SCC,12/03/2010,169.9,171.0,168.0,169.0,286530,0
SCC,12/06/2010,169.1,171.5,168.1,170.0,112350,0
SCC,12/07/2010,170.0,180.0,169.8,178.8,279760,0
SCC,12/08/2010,178.9,183.0,177.0,183.0,196010,0
SCC,12/09/2010,183.0,185.0,174.0,181.0,78390,0
SCC,12/10/2010,181.0,181.0,174.1,179.5,70300,0
SCC,12/13/2010,178.9,178.9,175.0,175.1,3150,0
SCC,12/14/2010,175.1,180.0,172.0,176.0,72660,0
SCC,12/15/2010,180.0,189.0,180.0,185.0,399160,0
SCC,12/16/2010,183.0,183.0,179.0,180.0,651140,0
SCC,12/17/2010,180.0,182.0,179.0,179.0,150760,0
SCC,12/20/2010,179.0,180.0,177.0,179.5,880550,0
SCC,12/21/2010,180.0,184.0,180.0,181.5,239120,0
SCC,12/22/2010,181.5,183.5,181.5,182.0,192720,0
SCC,12/23/2010,181.7,186.0,181.5,185.0,296720,0
SCC,12/28/2010,185.0,186.4,185.0,185.9,253850,0
SCC,12/29/2010,186.0,189.0,186.0,187.5,539430,0
SCC,12/30/2010,189.5,189.5,184.6,185.0,84690,0
SCC,01/03/2011,187.0,187.0,183.8,183.8,171750,0
SCC,01/04/2011,180.0,194.5,180.0,189.5,1699850,0
SCC,01/05/2011,191.9,198.0,190.6,192.6,1568870,0
SCC,01/06/2011,194.0,199.0,193.2,193.7,968060,0
SCC,01/07/2011,195.0,195.0,189.0,189.6,382570,0
SCC,01/10/2011,189.6,190.0,183.0,186.0,234710,0
SCC,01/11/2011,186.2,186.2,183.5,183.5,674500,0
SCC,01/12/2011,183.5,194.0,183.5,193.0,1326170,0
SCC,01/13/2011,194.1,206.0,192.1,206.0,1030930,0
SCC,01/14/2011,206.0,214.8,205.0,214.0,736000,0
SCC,01/17/2011,214.0,215.0,209.0,211.8,589230,0
SCC,01/18/2011,212.2,212.4,209.6,211.8,736980,0
SCC,01/19/2011,211.8,212.0,201.0,207.4,680420,0
SCC,01/20/2011,207.4,209.4,203.0,207.4,699730,0
SCC,01/21/2011,207.4,207.6,200.0,203.2,394780,0
SCC,01/24/2011,200.0,200.0,194.0,196.3,578410,0
SCC,01/25/2011,191.3,198.5,191.3,197.5,390230,0
SCC,01/26/2011,197.0,197.0,194.8,194.8,531790,0
SCC,01/27/2011,193.0,200.0,193.0,199.0,1098380,0
SCC,01/28/2011,199.0,204.0,197.0,198.6,650950,0
SCC,01/31/2011,198.0,200.4,197.1,198.9,365520,0
SCC,02/01/2011,200.0,202.6,195.0,196.9,281470,0
SCC,02/02/2011,197.0,200.0,197.0,198.0,457570,0
SCC,02/03/2011,198.0,212.0,198.0,205.2,575040,0
SCC,02/04/2011,205.4,212.0,201.0,211.0,386940,0
SCC,02/07/2011,212.0,213.0,208.0,211.6,623920,0
SCC,02/08/2011,212.0,217.0,212.0,213.8,671600,0
SCC,02/09/2011,216.0,216.0,211.6,214.0,706690,0
SCC,02/10/2011,214.0,214.0,205.4,205.6,405890,0
SCC,02/11/2011,204.0,205.6,203.2,203.6,378490,0
SCC,02/14/2011,205.0,206.4,205.0,206.2,261840,0
SCC,02/15/2011,206.8,206.8,205.8,206.0,274610,0
SCC,02/16/2011,207.0,207.0,205.8,206.2,200580,0
SCC,02/17/2011,208.0,211.8,206.2,208.8,246210,0
SCC,02/18/2011,210.0,210.0,207.4,207.8,125390,0
SCC,02/21/2011,208.0,208.0,205.0,205.0,53680,0
SCC,02/22/2011,205.0,205.0,198.6,198.9,693020,0
SCC,02/23/2011,198.4,200.8,197.2,200.0,616040,0
SCC,02/24/2011,200.0,200.0,199.4,199.7,833650,0
SCC,02/25/2011,199.7,200.0,199.6,199.6,933640,0
SCC,02/28/2011,199.6,204.6,198.0,204.6,247350,0
SCC,03/01/2011,204.8,204.8,203.8,203.8,421550,0
SCC,03/02/2011,204.0,204.0,198.6,200.0,142540,0
SCC,03/03/2011,200.0,201.0,200.0,201.0,616280,0
SCC,03/04/2011,202.2,208.2,202.2,205.8,312220,0
SCC,03/07/2011,208.0,208.0,203.6,203.8,354400,0
SCC,03/08/2011,203.6,220.0,203.6,214.2,1061510,0
SCC,03/09/2011,218.0,225.0,218.0,222.0,723890,0
SCC,03/10/2011,222.0,227.0,222.0,222.0,203320,0
SCC,03/11/2011,221.0,221.0,215.0,221.0,82780,0
SCC,03/14/2011,220.0,225.0,216.0,224.4,182270,0
SCC,03/15/2011,224.2,234.4,224.0,228.0,773390,0
SCC,03/16/2011,228.6,232.6,227.0,231.0,669230,0
SCC,03/17/2011,231.0,231.0,226.0,229.0,395640,0
SCC,03/18/2011,230.0,241.0,230.0,239.4,821260,0
SCC,03/21/2011,240.0,240.0,238.0,238.0,96620,0
SCC,03/22/2011,240.0,244.0,230.0,234.0,877850,0
SCC,03/23/2011,234.0,235.0,227.0,227.0,516080,0
SCC,03/24/2011,226.0,226.0,214.4,216.2,1457290,0
SCC,03/25/2011,216.0,224.0,215.4,222.0,341400,0
SCC,03/28/2011,222.0,230.4,222.0,227.0,466820,0
SCC,03/29/2011,229.6,230.0,228.0,228.2,493560,0
SCC,03/30/2011,228.2,228.2,222.0,222.4,893990,0
SCC,03/31/2011,222.8,228.0,222.6,226.8,295520,0
SCC,04/01/2011,227.0,232.2,225.8,226.0,642490,0
SCC,04/04/2011,234.0,236.0,229.0,229.0,185870,0
SCC,04/05/2011,229.0,229.0,227.0,228.0,128410,0
SCC,04/06/2011,228.0,231.8,228.0,231.4,215350,0
SCC,04/07/2011,234.0,237.0,230.0,232.0,707590,0
SCC,04/08/2011,231.8,231.8,226.0,229.2,280120,0
SCC,04/11/2011,231.0,236.0,228.0,233.0,605540,0
SCC,04/12/2011,235.0,236.0,231.0,232.0,257950,0
SCC,04/13/2011,230.0,230.0,218.0,218.0,2454640,0
SCC,04/14/2011,219.0,220.0,215.2,215.2,874800,0
SCC,04/15/2011,217.8,218.0,210.0,212.0,802820,0
SCC,04/18/2011,212.0,214.0,206.0,208.0,798940,0
SCC,04/19/2011,208.8,217.4,207.0,213.8,1084630,0
SCC,04/20/2011,214.0,221.0,214.0,215.0,629380,0
SCC,04/25/2011,218.0,220.0,212.0,213.6,733040,0
SCC,04/26/2011,215.8,215.8,212.0,212.0,486350,0
SCC,04/27/2011,213.2,219.8,213.2,217.2,797090,0
SCC,04/28/2011,222.0,227.0,220.8,220.8,1058530,0
SCC,04/29/2011,224.0,225.0,218.0,218.0,633130,0
SCC,05/02/2011,223.0,223.0,220.0,221.0,309720,0
SCC,05/03/2011,222.8,222.8,219.2,221.0,229040,0
SCC,05/04/2011,217.2,221.0,214.8,215.0,1001150,0
SCC,05/05/2011,218.0,218.0,216.4,217.0,233920,0
SCC,05/06/2011,215.0,216.0,212.6,215.4,288170,0
SCC,05/09/2011,215.6,216.0,213.6,214.0,347410,0
SCC,05/10/2011,214.0,215.0,213.8,214.0,109400,0
SCC,05/11/2011,214.4,215.2,213.4,214.0,387140,0
SCC,05/12/2011,214.0,217.0,213.6,213.6,322540,0
SCC,05/13/2011,214.0,214.8,212.8,212.8,322820,0
SCC,05/16/2011,214.2,215.0,212.6,212.6,254250,0
SCC,05/17/2011,212.6,217.0,212.6,216.0,62760,0
SCC,05/18/2011,216.0,222.0,216.0,221.6,277510,0
SCC,05/19/2011,224.0,225.0,222.2,224.0,350110,0
SCC,05/20/2011,224.6,225.0,222.0,222.8,249700,0
SCC,05/23/2011,223.8,225.0,221.4,221.8,151010,0
SCC,05/24/2011,210.0,213.0,206.0,211.0,178950,0
SCC,05/25/2011,214.0,214.0,209.8,211.0,164140,0
SCC,05/26/2011,213.0,213.0,208.6,209.0,264390,0
SCC,05/27/2011,210.6,213.0,210.0,212.0,209690,0
SCC,05/30/2011,212.0,212.8,210.0,210.0,136180,0
SCC,05/31/2011,210.2,214.2,210.0,213.0,330320,0
SCC,06/01/2011,213.0,213.0,211.0,212.6,316450,0
SCC,06/02/2011,210.0,212.6,209.0,212.0,208570,0
SCC,06/03/2011,212.0,214.0,210.6,210.6,109260,0
SCC,06/06/2011,210.6,212.0,209.0,211.0,71110,0
SCC,06/07/2011,210.0,211.0,208.0,209.0,184070,0
SCC,06/08/2011,209.0,211.4,207.0,208.0,190980,0
SCC,06/09/2011,208.0,208.0,206.0,206.0,232080,0
SCC,06/10/2011,206.0,206.0,203.2,204.0,256120,0
SCC,06/13/2011,201.0,201.0,196.5,198.0,501040,0
SCC,06/14/2011,198.0,198.0,187.0,192.6,601980,0
SCC,06/15/2011,197.0,200.6,197.0,199.8,688880,0
SCC,06/16/2011,197.8,201.6,197.2,201.0,486020,0
SCC,06/17/2011,201.2,216.6,201.0,216.6,1128560,0
SCC,06/21/2011,213.0,213.0,206.8,208.2,600140,0
SCC,06/22/2011,208.8,212.0,208.2,210.0,484700,0
SCC,06/23/2011,210.0,216.0,210.0,214.0,1222950,0
SCC,06/24/2011,214.0,214.4,213.4,214.0,288590,0
SCC,06/27/2011,213.8,213.8,206.0,210.0,171440,0
SCC,06/28/2011,210.8,211.0,209.8,210.0,123420,0
SCC,06/29/2011,210.4,210.4,207.2,210.0,76570,0
SCC,06/30/2011,210.0,214.0,210.0,213.4,406860,0
SCC,07/01/2011,214.0,214.0,212.2,213.0,531120,0
SCC,07/04/2011,213.0,214.0,212.4,213.0,651440,0
SCC,07/05/2011,214.0,220.0,213.4,217.4,804260,0
SCC,07/06/2011,218.0,218.0,215.6,216.2,607880,0
SCC,07/07/2011,216.2,216.2,213.0,213.8,184490,0
SCC,07/08/2011,213.8,215.0,213.8,214.8,284680,0
SCC,07/11/2011,214.4,215.0,214.0,214.4,364380,0
SCC,07/12/2011,214.4,214.4,212.0,213.0,208910,0
SCC,07/13/2011,213.0,216.0,212.2,215.0,909850,0
SCC,07/14/2011,214.8,215.2,214.6,215.0,549270,0
SCC,07/15/2011,215.2,221.2,215.2,216.8,760240,0
SCC,07/18/2011,217.0,223.0,217.0,221.2,583640,0
SCC,07/19/2011,221.2,232.0,219.4,229.0,1043880,0
SCC,07/20/2011,233.0,235.0,233.0,233.0,538570,0
SCC,07/21/2011,234.0,240.0,234.0,239.0,820090,0
SCC,07/22/2011,240.0,241.4,238.8,240.0,765200,0
SCC,07/25/2011,240.0,240.4,234.8,240.4,786410,0
SCC,07/26/2011,240.8,240.8,239.8,240.0,1199050,0
SCC,07/27/2011,240.0,240.0,232.0,233.4,595710,0
SCC,07/28/2011,233.4,233.4,229.8,230.0,1120080,0
SCC,07/29/2011,229.4,229.8,223.0,226.0,1537420,0
SCC,08/01/2011,226.2,233.0,225.8,225.8,520500,0
SCC,08/02/2011,225.6,230.0,225.6,227.0,570990,0
SCC,08/03/2011,227.0,227.0,221.8,224.0,796510,0
SCC,08/04/2011,224.0,225.0,223.2,223.4,226890,0
SCC,08/05/2011,213.0,219.0,207.0,217.2,1308660,0
SCC,08/08/2011,216.0,216.0,209.6,210.8,216080,0
SCC,08/09/2011,205.0,205.0,190.0,202.0,1197090,0
SCC,08/10/2011,213.0,215.0,207.0,207.0,831030,0
SCC,08/11/2011,206.0,215.8,206.0,215.0,346100,0
SCC,08/12/2011,216.8,216.8,210.0,215.0,342320,0
SCC,08/15/2011,215.0,217.0,214.2,215.0,315850,0
SCC,08/16/2011,216.0,218.0,215.0,215.0,274340,0
SCC,08/17/2011,214.0,214.4,210.0,210.0,239730,0
SCC,08/18/2011,212.0,215.0,212.0,213.4,61110,0
SCC,08/19/2011,209.0,211.8,209.0,210.4,212730,0
SCC,08/22/2011,210.2,210.2,208.0,208.6,200170,0
SCC,08/23/2011,209.0,215.0,208.4,211.0,209550,0
SCC,08/24/2011,212.4,215.0,210.0,211.0,130980,0
SCC,08/25/2011,214.2,224.0,214.0,219.0,213110,0
SCC,08/26/2011,219.0,219.0,216.0,216.2,240710,0
SCC,08/31/2011,219.0,225.2,219.0,223.6,515540,0
SCC,09/01/2011,226.0,226.0,224.0,224.8,379140,0
SCC,09/02/2011,224.8,226.0,224.8,224.8,277890,0
SCC,09/05/2011,224.6,224.6,222.8,223.0,182610,0
SCC,09/06/2011,220.0,223.0,215.8,218.0,200740,0
SCC,09/07/2011,218.0,220.0,218.0,218.2,98300,0
SCC,09/08/2011,221.0,221.0,218.0,218.6,128020,0
SCC,09/09/2011,218.6,220.0,218.6,219.6,556850,0
SCC,09/12/2011,219.6,219.6,217.8,218.4,49790,0
SCC,09/13/2011,219.0,219.0,216.0,218.0,223640,0
SCC,09/14/2011,218.6,218.6,214.2,215.0,97270,0
SCC,09/15/2011,215.0,215.0,210.0,212.4,186680,0
SCC,09/16/2011,215.0,215.0,210.0,210.0,309520,0
SCC,09/19/2011,212.2,214.0,210.8,211.0,104900,0
SCC,09/20/2011,210.8,210.8,207.0,207.4,267600,0
SCC,09/21/2011,208.0,210.0,207.2,207.2,169150,0
SCC,09/22/2011,207.0,207.0,198.9,199.6,533440,0
SCC,09/23/2011,197.0,197.0,174.0,175.0,1588830,0
SCC,09/26/2011,190.0,190.0,161.1,164.0,424750,0
SCC,09/28/2011,184.0,184.0,172.7,174.0,524420,0
SCC,09/29/2011,173.0,183.5,163.0,179.0,747210,0
SCC,09/30/2011,184.0,190.8,184.0,186.5,978320,0
SCC,10/03/2011,183.0,183.0,175.0,178.6,146890,0
SCC,10/04/2011,170.0,181.0,170.0,176.8,454030,0
SCC,10/05/2011,182.0,182.0,171.0,173.0,177830,0
SCC,10/06/2011,174.0,178.0,174.0,177.5,184830,0
SCC,10/07/2011,179.0,187.0,179.0,185.0,314810,0
SCC,10/10/2011,184.0,185.0,179.0,185.0,425750,0
SCC,10/11/2011,189.9,194.9,188.5,194.0,616780,0
SCC,10/12/2011,193.8,198.0,187.0,195.0,614500,0
SCC,10/13/2011,196.0,203.6,196.0,202.0,371200,0
SCC,10/14/2011,202.0,211.0,202.0,210.0,612230,0
SCC,10/17/2011,211.0,217.0,211.0,215.6,743880,0
SCC,10/18/2011,210.0,212.6,207.0,208.0,814720,0
SCC,10/19/2011,212.8,212.8,208.8,209.0,329260,0
SCC,10/20/2011,208.0,210.2,207.0,209.0,310970,0
SCC,10/21/2011,206.0,208.8,204.0,206.0,358670,0
SCC,10/24/2011,212.0,212.0,208.0,210.6,316940,0
SCC,10/25/2011,211.0,217.0,211.0,213.0,429900,0
SCC,10/26/2011,212.0,212.0,206.0,207.0,375270,0
SCC,10/27/2011,208.0,215.0,208.0,210.2,16190,0
SCC,10/28/2011,214.8,214.8,212.4,214.8,103390,0
SCC,11/02/2011,208.0,212.2,206.0,211.0,392360,0
SCC,11/03/2011,211.2,211.2,204.0,207.0,122560,0
SCC,11/04/2011,210.0,220.0,210.0,214.0,1056910,0
SCC,11/08/2011,218.0,218.0,216.0,217.0,224040,0
SCC,11/09/2011,217.0,218.0,216.8,217.0,128090,0
SCC,11/10/2011,214.0,215.2,211.0,215.0,359000,0
SCC,11/11/2011,215.4,220.0,215.4,219.0,866370,0
SCC,11/14/2011,220.0,222.0,218.0,219.0,198290,0
SCC,11/15/2011,219.0,219.0,215.0,215.0,312900,0
SCC,11/16/2011,216.8,216.8,211.0,211.8,433150,0
SCC,11/17/2011,210.0,217.0,209.0,212.0,623930,0
SCC,11/18/2011,211.8,211.8,208.0,208.4,430770,0
SCC,11/21/2011,208.4,214.8,207.0,212.0,382740,0
SCC,11/22/2011,208.8,210.6,208.4,210.6,269620,0
SCC,11/23/2011,210.6,217.0,210.6,215.0,241470,0
SCC,11/24/2011,214.8,214.8,210.2,211.2,570770,0
SCC,11/25/2011,210.8,216.0,209.4,215.0,274280,0
SCC,11/28/2011,215.0,215.0,207.2,208.8,250450,0
SCC,11/29/2011,208.8,209.0,207.0,207.0,174600,0
SCC,12/01/2011,207.6,210.8,207.6,209.0,304870,0
SCC,12/02/2011,210.0,210.0,209.0,210.0,98200,0
SCC,12/05/2011,211.0,211.0,209.2,209.8,27460,0
SCC,12/06/2011,210.0,210.2,208.6,208.6,170320,0
SCC,12/07/2011,208.6,209.4,207.8,208.0,62330,0
SCC,12/08/2011,207.8,208.0,207.0,207.8,219820,0
SCC,12/09/2011,206.6,213.4,205.6,213.0,578180,0
SCC,12/12/2011,213.2,217.0,213.2,214.8,294730,0
SCC,12/13/2011,214.8,217.6,214.8,215.8,253010,0
SCC,12/14/2011,215.2,218.4,215.0,217.8,845280,0
SCC,12/15/2011,217.8,217.8,215.0,215.0,200780,0
SCC,12/16/2011,215.0,215.8,214.2,215.0,131310,0
SCC,12/19/2011,215.2,216.0,214.0,214.0,268440,0
SCC,12/20/2011,214.0,218.0,214.0,217.8,323600,0
SCC,12/21/2011,218.0,218.6,217.0,217.8,361320,0
SCC,12/22/2011,216.0,220.0,216.0,219.0,287330,0
SCC,12/23/2011,220.0,221.6,220.0,220.2,790600,0
SCC,12/26/2011,220.2,226.0,220.2,224.0,1239880,0
SCC,12/27/2011,224.0,224.0,221.8,223.4,157360,0
SCC,12/28/2011,222.6,222.6,222.0,222.0,251850,0
SCC,12/29/2011,220.4,221.8,220.4,221.4,487790,0
SCC,01/02/2012,221.0,222.0,219.0,222.0,355600,0
SCC,01/03/2012,222.0,222.4,220.0,220.4,537110,0
SCC,01/04/2012,220.0,225.0,220.0,225.0,187790,0
SCC,01/05/2012,224.0,230.0,222.4,228.0,395110,0
SCC,01/06/2012,228.0,228.0,225.0,225.8,102040,0
SCC,01/09/2012,225.8,230.2,225.6,229.8,296130,0
SCC,01/10/2012,230.0,230.6,226.0,229.4,420820,0
SCC,01/11/2012,229.6,229.6,226.0,226.0,565930,0
SCC,01/12/2012,226.0,227.8,225.4,226.0,1504230,0
SCC,01/13/2012,226.0,226.0,223.6,224.0,595390,0
SCC,01/16/2012,224.0,228.0,224.0,224.8,820240,0
SCC,01/17/2012,225.2,228.0,225.2,226.0,572450,0
SCC,01/18/2012,225.0,229.4,225.0,226.0,673290,0
SCC,01/19/2012,226.0,226.4,224.0,225.0,250360,0
SCC,01/20/2012,226.0,230.0,226.0,229.0,232010,0
SCC,01/24/2012,228.6,229.2,225.0,228.0,259110,0
SCC,01/25/2012,228.0,228.0,227.0,227.6,65210,0
SCC,01/26/2012,228.8,231.4,226.0,226.6,854240,0
SCC,01/27/2012,226.8,226.8,226.0,226.0,146290,0
SCC,01/30/2012,226.0,226.2,223.8,225.0,177890,0
SCC,01/31/2012,223.8,226.6,223.8,225.4,174720,0
SCC,02/01/2012,225.0,225.2,222.8,223.8,909040,0
SCC,02/02/2012,224.0,230.2,223.8,228.4,236160,0
SCC,02/03/2012,225.4,226.8,225.0,225.6,556050,0
SCC,02/06/2012,225.8,226.2,224.0,226.2,172620,0
SCC,02/07/2012,226.2,226.2,224.0,224.4,668830,0
