SGI,02/05/1999,0.65,0.65,0.65,0.65,300000,0
SGI,02/08/1999,0.65,0.65,0.65,0.65,300000,0
SGI,02/09/1999,0.65,0.65,0.65,0.65,300000,0
SGI,02/10/1999,0.65,0.65,0.65,0.65,300000,0
SGI,02/11/1999,0.65,0.65,0.65,0.65,300000,0
SGI,02/12/1999,0.56,0.56,0.56,0.56,70000,0
SGI,02/15/1999,0.55,0.55,0.54,0.54,90000,0
SGI,02/16/1999,0.54,0.54,0.54,0.54,20000,0
SGI,02/19/1999,0.55,0.55,0.54,0.54,200000,0
SGI,02/22/1999,0.55,0.56,0.55,0.56,40000,0
SGI,02/24/1999,0.55,0.55,0.55,0.55,350000,0
SGI,02/25/1999,0.56,0.56,0.56,0.56,60000,0
SGI,02/26/1999,0.56,0.56,0.56,0.56,90000,0
SGI,03/03/1999,0.57,0.57,0.56,0.56,160000,0
SGI,03/04/1999,0.59,0.6,0.59,0.6,90000,0
SGI,03/09/1999,0.6,0.6,0.6,0.6,40000,0
SGI,03/10/1999,0.59,0.59,0.59,0.59,100000,0
SGI,03/12/1999,0.55,0.55,0.55,0.55,10000,0
SGI,03/15/1999,0.55,0.55,0.55,0.55,330000,0
SGI,03/16/1999,0.56,0.56,0.55,0.55,1140000,0
SGI,03/17/1999,0.55,0.55,0.55,0.55,610000,0
SGI,03/18/1999,0.54,0.55,0.54,0.55,1180000,0
SGI,03/19/1999,0.54,0.55,0.5,0.51,7650000,0
SGI,03/22/1999,0.51,0.6,0.5,0.6,9780000,0
SGI,03/23/1999,0.55,0.55,0.55,0.55,610000,0
SGI,03/24/1999,0.55,0.55,0.55,0.55,130000,0
SGI,03/25/1999,0.56,0.58,0.56,0.57,2210000,0
SGI,03/26/1999,0.58,0.66,0.58,0.64,6840000,0
SGI,03/29/1999,0.65,0.65,0.63,0.64,1630000,0
SGI,03/30/1999,0.64,0.64,0.63,0.63,970000,0
SGI,03/31/1999,0.63,0.63,0.62,0.62,190000,0
SGI,04/05/1999,0.63,0.65,0.62,0.64,1360000,0
SGI,04/06/1999,0.66,0.68,0.66,0.67,3310000,0
SGI,04/07/1999,0.68,0.74,0.68,0.71,5170000,0
SGI,04/08/1999,0.73,0.74,0.69,0.71,2920000,0
SGI,04/12/1999,0.71,0.71,0.65,0.66,690000,0
SGI,04/13/1999,0.66,0.7,0.66,0.7,850000,0
SGI,04/14/1999,0.64,0.64,0.63,0.64,1180000,0
SGI,04/15/1999,0.64,0.64,0.62,0.62,620000,0
SGI,04/16/1999,0.63,0.63,0.62,0.62,500000,0
SGI,04/19/1999,0.62,0.65,0.62,0.65,120000,0
SGI,04/20/1999,0.66,0.66,0.63,0.63,1600000,0
SGI,04/21/1999,0.65,0.65,0.6,0.61,890000,0
SGI,04/22/1999,0.61,0.63,0.6,0.63,690000,0
SGI,04/23/1999,0.62,0.62,0.61,0.61,840000,0
SGI,04/26/1999,0.64,0.65,0.63,0.65,1540000,0
SGI,04/27/1999,0.65,0.68,0.61,0.66,13030000,0
SGI,04/28/1999,0.66,0.67,0.65,0.65,2570000,0
SGI,04/29/1999,0.64,0.65,0.63,0.65,3950000,0
SGI,04/30/1999,0.66,0.69,0.66,0.67,12590000,0
SGI,05/03/1999,0.67,0.77,0.66,0.72,44530000,0
SGI,05/04/1999,0.75,0.78,0.7,0.74,16190000,0
SGI,05/05/1999,0.78,0.85,0.77,0.83,44780000,0
SGI,05/06/1999,0.88,0.93,0.86,0.92,20580000,0
SGI,05/07/1999,0.92,0.95,0.85,0.86,23810000,0
SGI,05/10/1999,0.86,0.88,0.86,0.87,10970000,0
SGI,05/11/1999,0.87,0.91,0.87,0.89,10530000,0
SGI,05/12/1999,0.89,0.89,0.85,0.87,1680000,0
SGI,05/13/1999,0.88,0.88,0.85,0.85,2000000,0
SGI,05/14/1999,0.84,0.84,0.84,0.84,640000,0
SGI,05/17/1999,0.78,0.8,0.75,0.78,1540000,0
SGI,05/18/1999,0.8,0.8,0.75,0.76,2260000,0
SGI,05/19/1999,0.76,0.77,0.75,0.76,1420000,0
SGI,05/20/1999,0.75,0.75,0.73,0.75,2740000,0
SGI,05/21/1999,0.75,0.75,0.6,0.73,2610000,0
SGI,05/24/1999,0.72,0.72,0.72,0.72,550000,0
SGI,05/25/1999,0.72,0.72,0.71,0.72,1130000,0
SGI,05/26/1999,0.72,0.76,0.72,0.74,2030000,0
SGI,05/27/1999,0.73,0.74,0.71,0.71,1300000,0
SGI,05/28/1999,0.69,0.71,0.69,0.71,1140000,0
SGI,06/01/1999,0.71,0.71,0.71,0.71,50000,0
SGI,06/02/1999,0.71,0.71,0.7,0.7,1210000,0
SGI,06/03/1999,0.7,0.7,0.69,0.69,670000,0
SGI,06/04/1999,0.68,0.69,0.65,0.65,1570000,0
SGI,06/07/1999,0.7,0.7,0.66,0.66,190000,0
SGI,06/08/1999,0.69,0.69,0.68,0.68,1790000,0
SGI,06/09/1999,0.68,0.73,0.67,0.72,2030000,0
SGI,06/10/1999,0.74,0.79,0.74,0.78,1450000,0
SGI,06/11/1999,0.78,0.78,0.75,0.75,1600000,0
SGI,06/14/1999,0.75,0.76,0.74,0.74,1720000,0
SGI,06/15/1999,0.74,0.78,0.73,0.77,4340000,0
SGI,06/16/1999,0.77,0.79,0.74,0.74,1590000,0
SGI,06/17/1999,0.95,1.04,0.9,0.93,49660000,0
SGI,06/18/1999,0.95,1.08,0.94,1.02,42930000,0
SGI,06/21/1999,1.06,1.24,1.06,1.24,32788000,0
SGI,06/22/1999,1.32,1.38,1.28,1.32,30830000,0
SGI,06/23/1999,1.36,1.36,1.16,1.16,18462000,0
SGI,06/24/1999,1.12,1.14,1.08,1.1,9446000,0
SGI,06/25/1999,1.08,1.14,1.06,1.08,6347000,0
SGI,06/28/1999,1.08,1.1,1.04,1.06,5984000,0
SGI,06/29/1999,1.08,1.2,1.08,1.18,10546000,0
SGI,06/30/1999,1.26,1.3,1.2,1.22,12392000,0
SGI,07/01/1999,1.24,1.26,1.1,1.14,4609000,0
SGI,07/02/1999,1.12,1.16,1.12,1.16,1682000,0
SGI,07/05/1999,1.16,1.26,1.16,1.18,5116000,0
SGI,07/06/1999,1.18,1.2,1.14,1.18,3888000,0
SGI,07/07/1999,1.14,1.18,1.14,1.14,3755000,0
SGI,07/08/1999,1.16,1.16,1.14,1.14,4124000,0
SGI,07/09/1999,1.12,1.12,1.1,1.12,1066000,0
SGI,07/12/1999,1.12,1.14,1.04,1.08,8818000,0
SGI,07/13/1999,1.16,1.18,1.08,1.08,6642000,0
SGI,07/14/1999,1.04,1.04,0.95,1.04,2893000,0
SGI,07/15/1999,1.02,1.08,1.02,1.06,2855000,0
SGI,07/16/1999,1.08,1.12,1.08,1.12,5072000,0
SGI,07/19/1999,1.1,1.1,1.06,1.06,796000,0
SGI,07/20/1999,1.06,1.06,1.02,1.02,2670000,0
SGI,07/21/1999,1.0,1.0,0.95,0.97,1659000,0
SGI,07/22/1999,0.97,0.97,0.91,0.91,1780000,0
SGI,07/23/1999,0.9,0.9,0.88,0.88,820000,0
SGI,07/26/1999,0.86,0.86,0.83,0.85,1420000,0
SGI,07/27/1999,0.8,0.82,0.8,0.82,1150000,0
SGI,07/28/1999,0.86,0.88,0.84,0.86,890000,0
SGI,07/29/1999,0.86,1.0,0.86,1.0,1370000,0
SGI,07/30/1999,0.9,0.93,0.9,0.92,2050000,0
SGI,08/02/1999,0.9,0.91,0.9,0.91,60000,0
SGI,08/04/1999,0.9,0.97,0.9,0.95,2010000,0
SGI,08/05/1999,0.97,0.99,0.97,0.99,790000,0
SGI,08/06/1999,1.04,1.06,0.98,1.0,4200000,0
SGI,08/09/1999,0.99,1.0,0.98,0.99,2400000,0
SGI,08/10/1999,0.99,0.99,0.96,0.97,3470000,0
SGI,08/11/1999,0.97,0.97,0.94,0.94,3120000,0
SGI,08/12/1999,0.94,0.99,0.93,0.95,560000,0
SGI,08/13/1999,0.95,0.96,0.95,0.95,2470000,0
SGI,08/16/1999,0.94,0.95,0.94,0.95,740000,0
SGI,08/17/1999,0.95,1.02,0.95,0.96,1740000,0
SGI,08/18/1999,0.96,0.96,0.95,0.96,2670000,0
SGI,08/19/1999,0.96,1.1,0.96,1.06,5500000,0
SGI,08/20/1999,1.06,1.16,1.04,1.04,7864000,0
SGI,08/23/1999,1.06,1.06,1.04,1.06,438000,0
SGI,08/24/1999,1.08,1.08,1.04,1.04,944000,0
SGI,08/25/1999,1.04,1.06,1.04,1.06,47000,0
SGI,08/26/1999,1.06,1.06,1.04,1.04,1911000,0
SGI,08/27/1999,1.04,1.04,1.04,1.04,340000,0
SGI,08/30/1999,1.02,1.12,1.02,1.06,7680000,0
SGI,08/31/1999,1.08,1.1,1.04,1.04,7735000,0
SGI,09/01/1999,1.04,1.04,1.02,1.02,2586000,0
SGI,09/02/1999,1.04,1.06,1.04,1.06,4535000,0
SGI,09/03/1999,1.04,1.06,1.02,1.04,1600000,0
SGI,09/06/1999,1.08,1.08,1.06,1.06,665000,0
SGI,09/07/1999,1.06,1.32,1.06,1.28,21602000,0
SGI,09/08/1999,1.3,1.3,1.12,1.14,4702000,0
SGI,09/09/1999,1.1,1.14,1.1,1.1,1992000,0
SGI,09/10/1999,1.1,1.22,1.08,1.22,2518000,0
SGI,09/13/1999,1.18,1.18,1.12,1.12,350000,0
SGI,09/14/1999,1.12,1.18,1.12,1.14,1470000,0
SGI,09/17/1999,1.1,1.14,1.1,1.14,395000,0
SGI,09/20/1999,1.12,1.12,1.1,1.12,1030000,0
SGI,09/21/1999,1.14,1.26,1.14,1.24,8252000,0
SGI,09/22/1999,1.22,1.22,1.14,1.14,3480000,0
SGI,09/23/1999,1.14,1.16,1.14,1.14,1245000,0
SGI,09/24/1999,1.14,1.14,1.12,1.14,740000,0
SGI,09/27/1999,1.14,1.18,1.14,1.18,2737000,0
SGI,09/28/1999,1.2,1.28,1.2,1.22,7785000,0
SGI,09/29/1999,1.22,1.22,1.16,1.16,3140000,0
SGI,09/30/1999,1.16,1.2,1.16,1.18,3062000,0
SGI,10/01/1999,1.16,1.18,1.16,1.18,1090000,0
SGI,10/04/1999,1.2,1.2,1.18,1.18,663000,0
SGI,10/05/1999,1.2,1.24,1.16,1.16,2422000,0
SGI,10/06/1999,1.2,1.22,1.18,1.18,1235000,0
SGI,10/07/1999,1.18,1.18,1.12,1.12,6643000,0
SGI,10/08/1999,1.1,1.12,1.1,1.1,941000,0
SGI,10/11/1999,1.14,1.14,1.1,1.1,1748000,0
SGI,10/12/1999,1.1,1.1,1.1,1.1,638000,0
SGI,10/13/1999,1.1,1.1,1.06,1.06,1539000,0
SGI,10/14/1999,1.06,1.06,1.02,1.04,1145000,0
SGI,10/15/1999,1.04,1.04,1.02,1.02,342000,0
SGI,10/18/1999,1.08,1.08,1.04,1.04,11000,0
SGI,10/19/1999,1.04,1.04,1.02,1.04,1321000,0
SGI,10/20/1999,1.08,1.1,1.06,1.1,482000,0
SGI,10/21/1999,1.14,1.14,1.08,1.08,452000,0
SGI,10/22/1999,1.02,1.06,1.02,1.06,2185000,0
SGI,10/25/1999,1.04,1.04,1.02,1.02,6069000,0
SGI,10/26/1999,1.02,1.02,1.02,1.02,8715000,0
SGI,10/27/1999,1.04,1.08,1.04,1.04,3460000,0
SGI,10/28/1999,1.04,1.04,1.02,1.02,1996000,0
SGI,11/03/1999,1.04,1.04,1.0,1.02,7293000,0
SGI,11/04/1999,1.02,1.04,1.02,1.04,17715000,0
SGI,11/05/1999,1.06,1.14,1.06,1.08,3865000,0
SGI,11/08/1999,1.06,1.06,1.04,1.06,568000,0
SGI,11/09/1999,1.06,1.06,1.04,1.06,432000,0
SGI,11/10/1999,1.08,1.12,1.04,1.12,3330000,0
SGI,11/11/1999,1.12,1.12,1.1,1.1,1317000,0
SGI,11/12/1999,1.06,1.06,1.06,1.06,9000,0
SGI,11/15/1999,1.04,1.12,1.04,1.1,489000,0
SGI,11/17/1999,1.1,1.1,1.06,1.06,242000,0
SGI,11/18/1999,1.06,1.08,1.06,1.08,279000,0
SGI,11/19/1999,1.1,1.16,1.1,1.12,6468000,0
SGI,11/22/1999,1.1,1.14,1.1,1.12,741000,0
SGI,11/23/1999,1.12,1.14,1.12,1.14,1285000,0
SGI,11/24/1999,1.12,1.12,1.12,1.12,156000,0
SGI,11/25/1999,1.12,1.16,1.12,1.14,784000,0
SGI,11/26/1999,1.14,1.28,1.14,1.26,7254000,0
SGI,11/29/1999,1.24,1.24,1.18,1.2,3864000,0
SGI,12/01/1999,1.2,1.2,1.16,1.16,800000,0
SGI,12/02/1999,1.14,1.14,1.12,1.12,4230000,0
SGI,12/03/1999,1.12,1.12,1.12,1.12,130000,0
SGI,12/06/1999,1.12,1.12,1.1,1.12,791000,0
SGI,12/07/1999,1.12,1.2,1.12,1.18,970000,0
SGI,12/08/1999,1.14,1.14,1.14,1.14,200000,0
SGI,12/09/1999,1.16,1.16,1.16,1.16,1110000,0
SGI,12/10/1999,1.18,1.18,1.18,1.18,55000,0
SGI,12/13/1999,1.16,1.16,1.16,1.16,451000,0
SGI,12/14/1999,1.16,1.18,1.16,1.18,220000,0
SGI,12/15/1999,1.18,1.2,1.16,1.18,2820000,0
SGI,12/16/1999,1.18,1.26,1.18,1.26,14524000,0
SGI,12/17/1999,1.26,1.36,1.26,1.36,12748000,0
SGI,12/20/1999,1.34,1.34,1.3,1.3,2290000,0
SGI,12/21/1999,1.32,1.46,1.32,1.46,6942000,0
SGI,12/22/1999,1.46,1.46,1.36,1.36,1360000,0
SGI,12/23/1999,1.38,1.38,1.36,1.38,1932000,0
SGI,12/24/1999,1.36,1.36,1.34,1.34,1313000,0
SGI,12/27/1999,1.3,1.34,1.3,1.32,540000,0
SGI,12/28/1999,1.3,1.3,1.28,1.28,1352000,0
SGI,12/29/1999,1.28,1.28,1.26,1.26,382000,0
SGI,01/03/2000,1.28,1.32,1.28,1.3,2750000,0
SGI,01/04/2000,1.32,1.4,1.32,1.36,2561000,0
SGI,01/05/2000,1.3,1.3,1.28,1.3,690000,0
SGI,01/06/2000,1.3,1.32,1.3,1.32,862000,0
SGI,01/07/2000,1.34,1.38,1.32,1.34,3905000,0
SGI,01/10/2000,1.4,1.4,1.4,1.4,5000,0
SGI,01/11/2000,1.4,1.42,1.36,1.4,1345000,0
SGI,01/12/2000,1.36,1.36,1.34,1.34,2055000,0
SGI,01/13/2000,1.36,1.36,1.34,1.34,745000,0
SGI,01/14/2000,1.34,1.36,1.34,1.36,1213000,0
SGI,01/17/2000,1.36,1.42,1.36,1.38,122000,0
SGI,01/18/2000,1.38,1.38,1.36,1.36,906000,0
SGI,01/19/2000,1.4,1.46,1.38,1.38,6401000,0
SGI,01/20/2000,1.34,1.38,1.32,1.38,1260000,0
SGI,01/21/2000,1.36,1.36,1.36,1.36,365000,0
SGI,01/24/2000,1.38,1.4,1.38,1.38,6092000,0
SGI,01/25/2000,1.38,1.4,1.38,1.38,6304000,0
SGI,01/26/2000,1.42,1.5,1.4,1.4,3943000,0
SGI,01/27/2000,1.38,1.38,1.32,1.34,9709000,0
SGI,01/28/2000,1.36,1.36,1.32,1.32,1614000,0
SGI,01/31/2000,1.32,1.32,1.32,1.32,2006000,0
SGI,02/01/2000,1.32,1.32,1.32,1.32,1988000,0
SGI,02/02/2000,1.34,1.36,1.34,1.36,1140000,0
SGI,02/03/2000,1.36,1.42,1.36,1.42,1085000,0
SGI,02/04/2000,1.44,1.52,1.44,1.46,2847000,0
SGI,02/07/2000,1.44,1.66,1.44,1.64,8297000,0
SGI,02/08/2000,1.68,1.88,1.68,1.8,15607000,0
SGI,02/09/2000,1.84,1.94,1.82,1.94,8992000,0
SGI,02/10/2000,1.94,2.3,1.86,2.3,8982000,0
SGI,02/11/2000,2.4,3.1,2.4,2.95,37007000,0
SGI,02/14/2000,3.05,3.25,2.9,3.1,17742000,0
SGI,02/15/2000,3.0,3.1,2.5,2.6,10790000,0
SGI,02/16/2000,2.75,2.75,2.14,2.18,16998000,0
SGI,02/17/2000,2.18,2.75,2.16,2.7,14070000,0
SGI,02/18/2000,2.8,3.05,2.7,2.85,9675000,0
SGI,02/21/2000,2.7,2.7,2.55,2.6,9600000,0
SGI,02/22/2000,2.5,2.6,2.46,2.55,2765000,0
SGI,02/23/2000,2.48,2.5,2.48,2.5,2894000,0
SGI,02/24/2000,2.55,2.9,2.48,2.48,4997000,0
SGI,02/28/2000,2.48,2.48,2.36,2.38,2360000,0
SGI,02/29/2000,2.36,2.36,2.08,2.14,5205000,0
SGI,03/01/2000,2.08,2.24,2.08,2.1,1533000,0
SGI,03/02/2000,2.2,2.3,2.18,2.3,1945000,0
SGI,03/03/2000,2.32,3.15,2.32,3.15,32492000,0
SGI,03/06/2000,3.15,3.15,2.75,3.0,18096000,0
SGI,03/07/2000,2.9,2.95,2.8,2.85,2832000,0
SGI,03/08/2000,2.6,2.75,2.6,2.7,3049000,0
SGI,03/09/2000,2.7,2.8,2.7,2.75,3906000,0
SGI,03/10/2000,2.75,2.95,2.75,2.8,6093000,0
SGI,03/13/2000,2.9,3.0,2.44,2.44,12577000,0
SGI,03/14/2000,2.7,2.7,2.4,2.4,2801000,0
SGI,03/15/2000,2.4,2.6,2.34,2.44,2636000,0
SGI,03/16/2000,2.55,2.55,2.4,2.4,1530000,0
SGI,03/17/2000,2.46,2.46,2.44,2.44,700000,0
SGI,03/20/2000,2.4,2.4,2.38,2.4,775000,0
SGI,03/21/2000,2.32,2.36,2.32,2.34,592000,0
SGI,03/22/2000,2.32,2.42,2.32,2.42,726000,0
SGI,03/23/2000,2.4,2.6,2.38,2.55,19353000,0
SGI,03/24/2000,2.6,2.6,2.36,2.36,5531000,0
SGI,03/27/2000,2.38,2.44,2.38,2.42,1792000,0
SGI,03/28/2000,2.36,2.38,2.32,2.34,1261000,0
SGI,03/29/2000,2.32,2.32,2.14,2.16,4097000,0
SGI,03/30/2000,2.28,2.46,2.28,2.3,7882000,0
SGI,03/31/2000,2.46,2.46,2.2,2.28,6521000,0
SGI,04/03/2000,2.28,2.3,2.16,2.2,3066000,0
SGI,04/04/2000,2.1,2.12,1.94,1.96,4481000,0
SGI,04/05/2000,1.96,1.96,1.86,1.9,1446000,0
SGI,04/06/2000,1.9,1.9,1.86,1.88,1090000,0
SGI,04/07/2000,1.88,1.9,1.88,1.88,3555000,0
SGI,04/10/2000,1.9,1.96,1.9,1.96,991000,0
SGI,04/11/2000,1.9,1.9,1.82,1.84,658000,0
SGI,04/12/2000,1.84,1.86,1.78,1.8,1427000,0
SGI,04/13/2000,1.7,1.78,1.7,1.7,967000,0
SGI,04/14/2000,1.72,1.74,1.68,1.7,413000,0
SGI,04/17/2000,1.7,1.7,1.7,1.7,50000,0
SGI,04/18/2000,1.68,1.7,1.66,1.68,285000,0
SGI,04/19/2000,1.64,1.66,1.64,1.66,135000,0
SGI,04/24/2000,1.64,1.64,1.54,1.54,339000,0
SGI,04/25/2000,1.5,1.5,1.38,1.4,231000,0
SGI,04/26/2000,1.5,1.5,1.5,1.5,30000,0
SGI,04/27/2000,1.38,1.38,1.38,1.38,105000,0
SGI,04/28/2000,1.34,1.34,1.3,1.3,401000,0
SGI,05/02/2000,1.28,1.3,1.28,1.3,61000,0
SGI,05/03/2000,1.3,1.3,1.26,1.26,430000,0
SGI,05/04/2000,1.26,1.26,1.26,1.26,95000,0
SGI,05/05/2000,1.26,1.26,1.24,1.24,56000,0
SGI,05/08/2000,1.24,1.24,1.2,1.24,405000,0
SGI,05/09/2000,1.2,1.2,1.16,1.18,193000,0
SGI,05/10/2000,1.18,1.22,1.18,1.22,39000,0
SGI,05/11/2000,1.2,1.2,1.18,1.18,42000,0
SGI,05/12/2000,1.18,1.18,1.12,1.12,563000,0
SGI,05/15/2000,1.12,1.12,1.04,1.08,4050000,0
SGI,05/16/2000,1.06,1.06,0.99,1.04,5122000,0
SGI,05/17/2000,1.06,1.24,1.06,1.2,8362000,0
SGI,05/18/2000,1.2,1.4,1.2,1.34,2508000,0
SGI,05/19/2000,1.4,1.54,1.38,1.46,13823000,0
SGI,05/22/2000,1.38,1.38,1.2,1.24,839000,0
SGI,05/23/2000,1.28,1.28,1.24,1.26,225000,0
SGI,05/24/2000,0.5,0.5,0.49,0.5,3790000,0
SGI,05/25/2000,1.3,1.48,1.3,1.46,4300000,0
SGI,05/26/2000,1.5,1.62,1.32,1.32,10383000,0
SGI,05/29/2000,0.5,0.5,0.5,0.5,80000,0
SGI,05/30/2000,1.52,1.54,1.4,1.46,5248000,0
SGI,05/31/2000,0.48,0.53,0.48,0.51,6650000,0
SGI,06/01/2000,1.48,1.48,1.44,1.48,2423000,0
SGI,06/02/2000,1.48,1.58,1.48,1.52,10509000,0
SGI,06/05/2000,1.56,1.56,1.44,1.44,2224000,0
SGI,06/06/2000,1.46,1.48,1.46,1.46,248000,0
SGI,06/07/2000,1.42,1.46,1.42,1.42,569000,0
SGI,06/08/2000,1.44,1.44,1.44,1.44,109000,0
SGI,06/09/2000,1.42,1.42,1.38,1.38,701000,0
SGI,06/13/2000,1.38,1.46,1.38,1.44,467000,0
SGI,06/14/2000,1.4,1.42,1.38,1.38,1670000,0
SGI,06/15/2000,1.4,1.44,1.4,1.4,1666000,0
SGI,06/16/2000,1.4,1.4,1.38,1.4,1130000,0
SGI,06/19/2000,1.38,1.4,1.36,1.38,2665000,0
SGI,06/20/2000,1.4,1.4,1.36,1.38,603000,0
SGI,06/21/2000,1.36,1.4,1.36,1.38,771000,0
SGI,06/22/2000,1.38,1.38,1.34,1.34,535000,0
SGI,06/23/2000,1.36,1.36,1.36,1.36,509000,0
SGI,06/26/2000,1.34,1.36,1.34,1.36,397000,0
SGI,06/27/2000,1.36,1.36,1.34,1.34,180000,0
SGI,06/28/2000,1.36,1.36,1.36,1.36,745000,0
SGI,06/29/2000,1.36,1.36,1.34,1.34,612000,0
SGI,06/30/2000,1.32,1.4,1.22,1.4,1380000,0
SGI,07/03/2000,1.38,1.4,1.38,1.38,1889000,0
SGI,07/04/2000,1.36,1.36,1.34,1.34,100000,0
SGI,07/05/2000,1.3,1.36,1.3,1.36,321000,0
SGI,07/06/2000,1.38,1.38,1.38,1.38,353000,0
SGI,07/07/2000,1.4,1.4,1.36,1.38,1126000,0
SGI,07/10/2000,1.38,1.38,1.38,1.38,1850000,0
SGI,07/11/2000,1.38,1.38,1.38,1.38,700000,0
SGI,07/12/2000,1.38,1.44,1.36,1.38,19484000,0
SGI,07/13/2000,1.36,1.4,1.36,1.38,1820000,0
SGI,07/14/2000,1.38,1.38,1.38,1.38,1278000,0
SGI,07/20/2000,1.32,1.32,1.2,1.2,220000,0
SGI,07/21/2000,1.2,1.2,1.2,1.2,101000,0
SGI,07/24/2000,1.2,1.2,1.2,1.2,183000,0
SGI,07/25/2000,1.16,1.2,1.16,1.2,60000,0
SGI,07/26/2000,1.2,1.2,1.16,1.16,280000,0
SGI,07/27/2000,1.14,1.14,1.14,1.14,40000,0
SGI,07/28/2000,1.14,1.14,1.14,1.14,20000,0
SGI,07/31/2000,1.14,1.14,1.04,1.04,260000,0
SGI,08/01/2000,1.04,1.06,0.91,0.91,4895000,0
SGI,08/02/2000,0.92,0.95,0.92,0.94,280000,0
SGI,08/03/2000,0.99,0.99,0.97,0.99,700000,0
SGI,08/04/2000,1.0,1.08,1.0,1.08,640000,0
SGI,08/07/2000,1.08,1.14,1.08,1.08,509000,0
SGI,08/08/2000,1.08,1.08,1.08,1.08,190000,0
SGI,08/09/2000,1.08,1.1,1.08,1.1,110000,0
SGI,08/10/2000,1.1,1.12,1.1,1.12,80000,0
SGI,08/11/2000,1.12,1.12,1.1,1.12,280000,0
SGI,08/14/2000,1.14,1.14,1.12,1.12,300000,0
SGI,08/15/2000,1.12,1.12,1.08,1.08,225000,0
SGI,08/16/2000,1.1,1.1,1.1,1.1,220000,0
SGI,08/17/2000,1.1,1.1,1.1,1.1,60000,0
SGI,08/18/2000,1.16,1.22,1.14,1.18,374000,0
SGI,08/21/2000,1.18,1.18,1.14,1.14,450000,0
SGI,08/22/2000,1.14,1.22,1.14,1.18,455000,0
SGI,08/24/2000,1.14,1.14,1.12,1.12,80000,0
SGI,08/25/2000,1.1,1.1,1.0,1.0,731000,0
SGI,08/28/2000,1.04,1.04,1.04,1.04,340000,0
SGI,08/29/2000,1.06,1.08,1.04,1.06,171000,0
SGI,08/30/2000,1.06,1.12,1.06,1.12,1492000,0
SGI,08/31/2000,1.12,1.2,1.12,1.16,848000,0
SGI,09/01/2000,1.16,1.16,1.12,1.12,132000,0
SGI,09/04/2000,1.12,1.12,1.12,1.12,48000,0
SGI,09/05/2000,1.06,1.1,1.06,1.1,53000,0
SGI,09/06/2000,1.08,1.08,1.08,1.08,85000,0
SGI,09/07/2000,1.06,1.06,1.06,1.06,10000,0
SGI,09/08/2000,1.08,1.1,1.08,1.1,290000,0
SGI,09/11/2000,1.08,1.08,1.04,1.04,210000,0
SGI,09/12/2000,1.02,1.02,1.02,1.02,5000,0
SGI,09/13/2000,1.04,1.04,1.02,1.04,639000,0
SGI,09/14/2000,1.02,1.02,1.0,1.0,900000,0
SGI,09/15/2000,1.0,1.0,1.0,1.0,610000,0
SGI,09/18/2000,1.0,1.0,1.0,1.0,140000,0
SGI,09/19/2000,0.99,0.99,0.99,0.99,100000,0
SGI,09/20/2000,1.0,1.0,1.0,1.0,130000,0
SGI,09/21/2000,0.97,0.97,0.84,0.84,2660000,0
SGI,09/22/2000,0.83,0.88,0.83,0.87,450000,0
SGI,09/25/2000,0.88,0.88,0.84,0.86,180000,0
SGI,09/26/2000,0.84,0.84,0.8,0.81,580000,0
SGI,09/27/2000,0.81,0.83,0.81,0.82,140000,0
SGI,09/28/2000,0.83,0.83,0.82,0.82,120000,0
SGI,09/29/2000,0.82,0.82,0.8,0.82,460000,0
SGI,10/02/2000,0.8,0.8,0.8,0.8,180000,0
SGI,10/03/2000,0.8,0.8,0.77,0.78,200000,0
SGI,10/04/2000,0.76,0.77,0.75,0.77,100350000,0
SGI,10/05/2000,0.8,0.8,0.8,0.8,10000,0
SGI,10/09/2000,0.77,0.77,0.71,0.71,250000,0
SGI,10/10/2000,0.73,0.73,0.73,0.73,50000,0
SGI,10/11/2000,0.7,0.7,0.65,0.65,280000,0
SGI,10/13/2000,0.64,0.64,0.62,0.64,100350000,0
SGI,10/16/2000,0.65,0.65,0.64,0.64,140000,0
SGI,10/17/2000,0.61,0.61,0.56,0.56,190000,0
SGI,10/18/2000,0.57,0.57,0.57,0.57,100000,0
SGI,10/19/2000,0.57,0.58,0.57,0.58,370000,0
SGI,10/20/2000,0.56,0.59,0.56,0.58,100400000,0
SGI,10/23/2000,0.6,0.65,0.6,0.65,230000,0
SGI,10/24/2000,0.65,0.65,0.65,0.65,100000,0
SGI,10/25/2000,0.67,0.72,0.67,0.72,150000,0
SGI,10/27/2000,0.75,0.75,0.68,0.68,570000,0
SGI,10/30/2000,0.67,0.67,0.66,0.66,260000,0
SGI,10/31/2000,0.66,0.68,0.66,0.68,440000,0
SGI,11/06/2000,0.68,0.7,0.66,0.66,20210000,0
SGI,11/07/2000,0.66,0.66,0.6,0.61,6160000,0
SGI,11/08/2000,0.6,0.6,0.56,0.59,960000,0
SGI,11/09/2000,0.6,0.6,0.6,0.6,30000,0
SGI,11/10/2000,0.6,0.6,0.57,0.57,620000,0
SGI,11/13/2000,0.57,0.57,0.57,0.57,540000,0
SGI,11/14/2000,0.56,0.58,0.56,0.58,410000,0
SGI,11/15/2000,0.56,0.56,0.56,0.56,200000,0
SGI,11/16/2000,0.56,0.58,0.56,0.58,370000,0
SGI,11/17/2000,0.6,0.6,0.56,0.59,650000,0
SGI,11/20/2000,0.58,0.58,0.56,0.56,400000,0
SGI,11/21/2000,0.56,0.58,0.56,0.58,290000,0
SGI,11/22/2000,0.57,0.57,0.56,0.57,340000,0
SGI,11/23/2000,0.56,0.56,0.55,0.55,410000,0
SGI,11/24/2000,0.55,0.55,0.55,0.55,140000,0
SGI,11/27/2000,0.59,0.59,0.57,0.57,80000,0
SGI,11/28/2000,0.56,0.56,0.55,0.55,200000,0
SGI,11/29/2000,0.56,0.56,0.53,0.53,600000,0
SGI,12/01/2000,0.53,0.53,0.5,0.5,1200000,0
SGI,12/04/2000,0.49,0.49,0.47,0.48,570000,0
SGI,12/05/2000,0.48,0.49,0.48,0.48,730000,0
SGI,12/06/2000,0.48,0.49,0.48,0.48,1350000,0
SGI,12/07/2000,0.48,0.48,0.48,0.48,470000,0
SGI,12/08/2000,0.48,0.48,0.48,0.48,520000,0
SGI,12/11/2000,0.48,0.48,0.47,0.48,620000,0
SGI,12/12/2000,0.46,0.46,0.45,0.45,2440000,0
SGI,12/13/2000,0.47,0.48,0.47,0.48,510000,0
SGI,12/14/2000,0.48,0.48,0.48,0.48,40000,0
SGI,12/15/2000,0.48,0.48,0.48,0.48,310000,0
SGI,12/18/2000,0.48,0.53,0.48,0.53,100000,0
SGI,12/20/2000,0.5,0.53,0.5,0.5,610000,0
SGI,12/21/2000,0.5,0.5,0.5,0.5,250000,0
SGI,12/26/2000,0.5,0.5,0.5,0.5,670000,0
SGI,12/27/2000,0.5,0.52,0.49,0.52,550000,0
SGI,12/28/2000,0.5,0.5,0.49,0.49,150000,0
SGI,12/29/2000,0.51,0.53,0.51,0.52,140000,0
SGI,01/03/2001,0.5,0.5,0.47,0.47,500000,0
SGI,01/04/2001,0.47,0.5,0.47,0.48,122750000,0
SGI,01/05/2001,0.48,0.48,0.43,0.43,1250000,0
SGI,01/08/2001,0.43,0.47,0.43,0.44,27970000,0
SGI,01/09/2001,0.45,0.48,0.45,0.47,980000,0
SGI,01/10/2001,0.48,0.54,0.47,0.47,4590000,0
SGI,01/11/2001,0.48,0.52,0.48,0.48,6200000,0
SGI,01/12/2001,0.48,0.49,0.48,0.49,6520000,0
SGI,01/15/2001,0.5,0.54,0.5,0.54,670000,0
SGI,01/16/2001,0.54,0.54,0.5,0.5,520000,0
SGI,01/18/2001,0.44,0.44,0.43,0.43,2240000,0
SGI,01/19/2001,0.45,0.45,0.44,0.44,250000,0
SGI,01/22/2001,0.64,0.66,0.54,0.55,12670000,0
SGI,01/23/2001,0.55,0.55,0.54,0.55,1920000,0
SGI,01/24/2001,0.56,0.65,0.56,0.6,12140000,0
SGI,01/25/2001,0.63,0.72,0.63,0.7,19590000,0
SGI,01/26/2001,0.75,0.79,0.7,0.76,7720000,0
SGI,01/29/2001,0.8,0.86,0.78,0.78,10880000,0
SGI,01/30/2001,0.8,0.81,0.71,0.72,3130000,0
SGI,01/31/2001,0.72,0.8,0.72,0.74,1420000,0
SGI,02/01/2001,0.71,0.74,0.7,0.74,1070000,0
SGI,02/05/2001,0.73,0.73,0.7,0.7,1280000,0
SGI,02/06/2001,0.7,0.74,0.7,0.74,1820000,0
SGI,02/07/2001,0.78,0.78,0.74,0.74,740000,0
SGI,02/08/2001,0.74,0.83,0.74,0.82,9640000,0
SGI,02/09/2001,0.83,0.88,0.83,0.85,9510000,0
SGI,02/12/2001,0.87,0.87,0.79,0.81,3120000,0
SGI,02/13/2001,0.83,0.83,0.78,0.8,2580000,0
SGI,02/14/2001,0.79,0.8,0.79,0.8,1780000,0
SGI,02/15/2001,0.79,0.79,0.76,0.78,1010000,0
SGI,02/16/2001,0.8,0.8,0.79,0.8,510000,0
SGI,02/19/2001,0.78,0.78,0.78,0.78,450000,0
SGI,02/20/2001,0.78,0.78,0.77,0.77,410000,0
SGI,02/21/2001,0.77,0.77,0.76,0.77,1070000,0
SGI,02/22/2001,0.75,0.75,0.74,0.74,2800000,0
SGI,02/23/2001,0.74,0.75,0.74,0.74,3500000,0
SGI,02/26/2001,0.74,0.74,0.74,0.74,1480000,0
SGI,02/27/2001,0.72,0.72,0.72,0.72,310000,0
SGI,02/28/2001,0.7,0.7,0.7,0.7,510000,0
SGI,03/02/2001,0.66,0.71,0.66,0.71,810000,0
SGI,03/05/2001,0.74,0.74,0.72,0.72,2460000,0
SGI,03/07/2001,0.73,0.73,0.71,0.71,260000,0
SGI,03/08/2001,0.7,0.7,0.7,0.7,600000,0
SGI,03/13/2001,0.67,0.67,0.65,0.66,210000,0
SGI,03/15/2001,0.58,0.58,0.54,0.57,830000,0
SGI,03/16/2001,0.55,0.55,0.55,0.55,840000,0
SGI,03/19/2001,0.54,0.54,0.5,0.52,590000,0
SGI,03/20/2001,0.51,0.51,0.5,0.5,160000,0
SGI,03/21/2001,0.5,0.5,0.5,0.5,320000,0
SGI,03/22/2001,0.5,0.5,0.5,0.5,320000,0
SGI,03/23/2001,0.5,0.5,0.5,0.5,580000,0
SGI,03/27/2001,0.5,0.5,0.5,0.5,910000,0
SGI,03/28/2001,0.5,0.5,0.49,0.49,180000,0
SGI,03/29/2001,0.49,0.5,0.49,0.5,170000,0
SGI,03/30/2001,0.51,0.51,0.51,0.51,40000,0
SGI,04/02/2001,0.5,0.5,0.5,0.5,430000,0
SGI,04/03/2001,0.5,0.51,0.5,0.51,1150000,0
SGI,04/04/2001,0.5,0.51,0.49,0.5,1170000,0
SGI,04/05/2001,0.5,0.5,0.5,0.5,200000,0
SGI,04/06/2001,0.5,0.5,0.48,0.48,450000,0
SGI,04/10/2001,0.48,0.48,0.47,0.47,400000,0
SGI,04/16/2001,0.46,0.46,0.46,0.46,630000,0
SGI,04/17/2001,0.45,0.45,0.45,0.45,410000,0
SGI,04/18/2001,0.45,0.45,0.43,0.43,730000,0
SGI,04/19/2001,0.44,0.44,0.43,0.43,890000,0
SGI,04/20/2001,0.44,0.44,0.44,0.44,3400000,0
SGI,04/23/2001,0.44,0.44,0.42,0.42,12270000,0
SGI,04/24/2001,0.43,0.45,0.43,0.45,5090000,0
SGI,04/25/2001,0.47,0.5,0.47,0.47,350000,0
SGI,04/26/2001,0.47,0.47,0.46,0.46,250000,0
SGI,04/27/2001,0.46,0.46,0.46,0.46,1380000,0
SGI,04/30/2001,0.46,0.46,0.46,0.46,920000,0
SGI,05/02/2001,0.47,0.54,0.47,0.54,1070000,0
SGI,05/03/2001,0.53,0.53,0.51,0.53,2130000,0
SGI,05/04/2001,0.55,0.59,0.55,0.58,2280000,0
SGI,05/07/2001,0.57,0.58,0.57,0.57,1720000,0
SGI,05/08/2001,0.57,0.57,0.5,0.5,1260000,0
SGI,05/09/2001,0.51,0.51,0.5,0.5,270000,0
SGI,05/10/2001,0.51,0.54,0.51,0.54,150000,0
SGI,05/11/2001,0.54,0.55,0.54,0.55,60000,0
SGI,05/15/2001,0.52,0.53,0.51,0.51,440000,0
SGI,05/16/2001,0.53,0.53,0.53,0.53,50000,0
SGI,05/17/2001,0.52,0.52,0.5,0.5,290000,0
SGI,05/18/2001,0.51,0.52,0.51,0.52,130000,0
SGI,05/21/2001,0.51,0.51,0.51,0.51,110000,0
SGI,05/22/2001,0.51,0.51,0.51,0.51,200000,0
SGI,05/23/2001,0.5,0.5,0.5,0.5,900000,0
SGI,05/24/2001,0.5,0.5,0.49,0.5,3790000,0
SGI,05/28/2001,0.5,0.52,0.5,0.52,100000,0
SGI,05/29/2001,0.5,0.5,0.5,0.5,80000,0
SGI,05/30/2001,0.5,0.5,0.48,0.48,760000,0
SGI,05/31/2001,0.48,0.53,0.48,0.51,6650000,0
SGI,06/01/2001,0.51,0.51,0.51,0.51,590000,0
SGI,06/04/2001,0.5,0.5,0.5,0.5,80000,0
SGI,06/05/2001,0.5,0.5,0.5,0.5,410000,0
SGI,06/06/2001,0.49,0.5,0.49,0.5,210000,0
SGI,06/07/2001,0.5,0.5,0.5,0.5,20000,0
SGI,06/11/2001,0.5,0.51,0.5,0.51,2090000,0
SGI,06/13/2001,0.53,0.55,0.53,0.54,1620000,0
SGI,06/14/2001,0.54,0.58,0.54,0.56,760000,0
SGI,06/15/2001,0.56,0.56,0.56,0.56,200000,0
SGI,06/19/2001,0.53,0.53,0.53,0.53,220000,0
SGI,06/20/2001,0.5,0.5,0.5,0.5,50000,0
SGI,06/21/2001,0.5,0.52,0.5,0.5,6320000,0
SGI,06/22/2001,0.52,0.53,0.52,0.52,1320000,0
SGI,06/25/2001,0.52,0.52,0.5,0.5,630000,0
SGI,06/26/2001,0.5,0.5,0.5,0.5,580000,0
SGI,06/27/2001,0.5,0.5,0.5,0.5,390000,0
SGI,06/28/2001,0.5,0.5,0.5,0.5,140000,0
SGI,06/29/2001,0.5,0.51,0.5,0.5,2620000,0
SGI,07/02/2001,0.49,0.49,0.49,0.49,1150000,0
SGI,07/03/2001,0.48,0.48,0.47,0.47,4010000,0
SGI,07/05/2001,0.48,0.48,0.48,0.48,70000,0
SGI,07/06/2001,0.47,0.47,0.47,0.47,130000,0
SGI,07/09/2001,0.47,0.47,0.45,0.46,680000,0
SGI,07/10/2001,0.47,0.47,0.47,0.47,190000,0
SGI,07/12/2001,0.46,0.46,0.45,0.45,2300000,0
SGI,07/17/2001,0.45,0.45,0.45,0.45,250000,0
SGI,07/19/2001,0.44,0.44,0.44,0.44,110000,0
SGI,07/23/2001,0.44,0.44,0.44,0.44,400000,0
SGI,07/24/2001,0.44,0.44,0.44,0.44,200000,0
SGI,07/26/2001,0.44,0.44,0.44,0.44,100000,0
SGI,07/27/2001,0.44,0.44,0.44,0.44,80000,0
SGI,07/30/2001,0.44,0.45,0.44,0.44,410000,0
SGI,07/31/2001,0.45,0.45,0.45,0.45,130000,0
SGI,08/01/2001,0.45,0.45,0.45,0.45,60000,0
SGI,08/02/2001,0.45,0.45,0.45,0.45,70000,0
SGI,08/03/2001,0.44,0.44,0.44,0.44,720000,0
SGI,08/08/2001,0.44,0.45,0.44,0.45,160000,0
SGI,08/09/2001,0.45,0.45,0.45,0.45,50000,0
SGI,08/13/2001,0.45,0.45,0.45,0.45,70000,0
SGI,08/20/2001,0.44,0.44,0.44,0.44,100000,0
SGI,08/21/2001,0.45,0.45,0.45,0.45,50000,0
SGI,08/23/2001,0.45,0.45,0.45,0.45,70000,0
SGI,08/24/2001,0.44,0.44,0.44,0.44,50000,0
SGI,08/27/2001,0.45,0.45,0.45,0.45,130000,0
SGI,08/28/2001,0.45,0.45,0.45,0.45,250000,0
SGI,08/29/2001,0.46,0.5,0.46,0.5,320000,0
SGI,08/30/2001,0.49,0.49,0.46,0.46,690000,0
SGI,08/31/2001,0.45,0.45,0.45,0.45,10000,0
SGI,09/06/2001,0.43,0.45,0.39,0.45,90000,0
SGI,09/07/2001,0.45,0.45,0.44,0.44,410000,0
SGI,09/10/2001,0.44,0.44,0.43,0.43,50000,0
SGI,09/11/2001,0.42,0.45,0.42,0.42,1420000,0
SGI,09/17/2001,0.4,0.4,0.38,0.38,150000,0
SGI,09/18/2001,0.38,0.38,0.38,0.38,50000,0
SGI,09/19/2001,0.38,0.38,0.38,0.38,50000,0
SGI,09/21/2001,0.37,0.37,0.37,0.37,130000,0
SGI,09/24/2001,0.36,0.36,0.35,0.35,350000,0
SGI,09/26/2001,0.37,0.37,0.37,0.37,10000,0
SGI,09/27/2001,0.36,0.36,0.36,0.36,10000,0
SGI,09/28/2001,0.36,0.36,0.36,0.36,220000,0
SGI,10/01/2001,0.36,0.36,0.36,0.36,30000,0
SGI,10/02/2001,0.36,0.36,0.35,0.35,300000,0
SGI,10/03/2001,0.35,0.35,0.35,0.35,50000,0
SGI,10/04/2001,0.35,0.36,0.35,0.36,190000,0
SGI,10/08/2001,0.35,0.35,0.35,0.35,150000,0
SGI,10/09/2001,0.36,0.36,0.36,0.36,200000,0
SGI,10/11/2001,0.35,0.35,0.35,0.35,120000,0
SGI,10/16/2001,0.35,0.35,0.35,0.35,400000,0
SGI,10/17/2001,0.35,0.35,0.35,0.35,150000,0
SGI,10/22/2001,0.36,0.36,0.35,0.35,400000,0
SGI,10/23/2001,0.35,0.35,0.35,0.35,10000,0
SGI,11/12/2001,0.35,0.35,0.35,0.35,20000,0
SGI,11/13/2001,0.35,0.35,0.35,0.35,200000,0
SGI,11/14/2001,0.34,0.34,0.34,0.34,100000,0
SGI,11/15/2001,0.34,0.34,0.34,0.34,120000,0
SGI,11/16/2001,0.34,0.35,0.34,0.34,880000,0
SGI,11/20/2001,0.33,0.33,0.33,0.33,100000,0
SGI,11/21/2001,0.33,0.38,0.33,0.33,890000,0
SGI,11/22/2001,0.33,0.36,0.33,0.36,2450000,0
SGI,11/23/2001,0.36,0.36,0.36,0.36,200000,0
SGI,11/26/2001,0.36,0.38,0.34,0.34,3930000,0
SGI,11/27/2001,0.35,0.37,0.35,0.37,7000000,0
SGI,11/28/2001,0.38,0.41,0.35,0.39,19270000,0
SGI,11/29/2001,0.39,0.42,0.38,0.42,10620000,0
SGI,12/03/2001,0.41,0.41,0.38,0.39,2150000,0
SGI,12/04/2001,0.39,0.39,0.37,0.38,2610000,0
SGI,12/05/2001,0.38,0.38,0.38,0.38,100000,0
SGI,12/06/2001,0.39,0.4,0.38,0.38,1270000,0
SGI,12/07/2001,0.39,0.43,0.37,0.41,168760000,0
SGI,12/10/2001,0.42,0.42,0.39,0.39,1720000,0
SGI,12/11/2001,0.41,0.41,0.38,0.38,550000,0
SGI,12/12/2001,0.35,0.38,0.35,0.37,680000,0
SGI,12/13/2001,0.36,0.36,0.35,0.35,700000,0
SGI,12/14/2001,0.36,0.36,0.36,0.36,100000,0
SGI,12/18/2001,0.36,0.36,0.36,0.36,130000,0
SGI,12/19/2001,0.35,0.35,0.35,0.35,120000,0
SGI,12/20/2001,0.35,0.36,0.35,0.35,1050000,0
SGI,12/21/2001,0.35,0.35,0.34,0.34,220000,0
SGI,12/26/2001,0.35,0.35,0.35,0.35,100000,0
SGI,12/28/2001,0.33,0.33,0.33,0.33,2400000,0
SGI,01/03/2002,0.32,0.32,0.32,0.32,10000,0
SGI,01/04/2002,0.34,0.34,0.34,0.34,280000,0
SGI,01/07/2002,0.35,0.35,0.33,0.33,940000,0
SGI,01/08/2002,0.32,0.32,0.32,0.32,500000,0
SGI,01/09/2002,0.33,0.33,0.32,0.32,570000,0
SGI,01/10/2002,0.32,0.32,0.32,0.32,170000,0
SGI,01/11/2002,0.34,0.35,0.34,0.34,130000,0
SGI,01/14/2002,0.33,0.34,0.33,0.34,90000,0
SGI,01/16/2002,0.33,0.33,0.33,0.33,300000,0
SGI,01/17/2002,0.33,0.35,0.33,0.35,1040000,0
SGI,01/18/2002,0.36,0.36,0.35,0.36,810000,0
SGI,01/21/2002,0.37,0.37,0.35,0.35,660000,0
SGI,01/22/2002,0.35,0.35,0.35,0.35,140000,0
SGI,01/23/2002,0.36,0.4,0.36,0.37,2870000,0
SGI,01/24/2002,0.37,0.38,0.37,0.37,750000,0
SGI,01/25/2002,0.37,0.38,0.37,0.38,50000,0
SGI,01/28/2002,0.36,0.36,0.36,0.36,640000,0
SGI,01/29/2002,0.36,0.37,0.35,0.36,520000,0
SGI,01/30/2002,0.37,0.37,0.37,0.37,790000,0
SGI,01/31/2002,0.38,0.4,0.38,0.4,2580000,0
SGI,02/01/2002,0.41,0.44,0.41,0.41,2430000,0
SGI,02/04/2002,0.41,0.42,0.41,0.41,1110000,0
SGI,02/05/2002,0.4,0.4,0.39,0.39,1040000,0
SGI,02/06/2002,0.39,0.39,0.39,0.39,160000,0
SGI,02/07/2002,0.38,0.38,0.35,0.35,830000,0
SGI,02/11/2002,0.39,0.39,0.38,0.38,250000,0
SGI,02/12/2002,0.37,0.4,0.37,0.38,660000,0
SGI,02/13/2002,0.37,0.38,0.37,0.38,950000,0
SGI,02/14/2002,0.39,0.41,0.38,0.38,1370000,0
SGI,02/15/2002,0.4,0.41,0.4,0.4,1610000,0
SGI,02/18/2002,0.41,0.44,0.4,0.43,3290000,0
SGI,02/19/2002,0.44,0.45,0.43,0.43,2690000,0
SGI,02/20/2002,0.43,0.43,0.4,0.4,570000,0
SGI,02/21/2002,0.4,0.41,0.4,0.41,540000,0
SGI,02/22/2002,0.4,0.4,0.4,0.4,150000,0
SGI,02/26/2002,0.39,0.39,0.37,0.37,410000,0
SGI,02/28/2002,0.38,0.38,0.38,0.38,110000,0
SGI,03/01/2002,0.38,0.38,0.38,0.38,680000,0
SGI,03/04/2002,0.38,0.38,0.37,0.37,720000,0
SGI,03/07/2002,0.37,0.37,0.37,0.37,150000,0
SGI,03/08/2002,0.37,0.38,0.37,0.37,200000,0
SGI,03/11/2002,0.37,0.37,0.35,0.35,850000,0
SGI,03/12/2002,0.36,0.36,0.36,0.36,630000,0
SGI,03/13/2002,0.36,0.36,0.36,0.36,50000,0
SGI,03/14/2002,0.36,0.36,0.36,0.36,320000,0
SGI,03/15/2002,0.36,0.37,0.36,0.37,1160000,0
SGI,03/20/2002,0.36,0.36,0.36,0.36,110000,0
SGI,03/21/2002,0.36,0.36,0.36,0.36,110000,0
SGI,03/25/2002,0.35,0.35,0.35,0.35,120000,0
SGI,03/26/2002,0.36,0.37,0.36,0.37,130000,0
SGI,03/27/2002,0.36,0.36,0.36,0.36,20000,0
SGI,04/01/2002,0.36,0.36,0.36,0.36,200000,0
SGI,04/03/2002,0.38,0.38,0.37,0.37,400000,0
SGI,04/05/2002,0.37,0.37,0.37,0.37,330000,0
SGI,04/09/2002,0.37,0.37,0.37,0.37,110000,0
SGI,04/10/2002,0.36,0.36,0.36,0.36,510000,0
SGI,04/16/2002,0.36,0.36,0.35,0.35,630000,0
SGI,04/17/2002,0.35,0.35,0.35,0.35,500000,0
SGI,04/18/2002,0.35,0.35,0.35,0.35,700000,0
SGI,04/19/2002,0.35,0.35,0.35,0.35,100000,0
SGI,04/22/2002,0.35,0.35,0.35,0.35,100000,0
SGI,04/23/2002,0.35,0.35,0.35,0.35,70000,0
SGI,04/24/2002,0.35,0.35,0.34,0.34,970000,0
SGI,04/25/2002,0.34,0.34,0.34,0.34,140000,0
SGI,04/26/2002,0.34,0.34,0.34,0.34,170000,0
SGI,04/29/2002,0.33,0.34,0.33,0.34,840000,0
SGI,04/30/2002,0.34,0.35,0.34,0.34,460000,0
SGI,05/02/2002,0.34,0.34,0.34,0.34,490000,0
SGI,05/03/2002,0.33,0.34,0.33,0.34,340000,0
SGI,05/06/2002,0.34,0.34,0.34,0.34,500000,0
SGI,05/07/2002,0.33,0.33,0.33,0.33,190000,0
SGI,05/08/2002,0.34,0.34,0.34,0.34,260000,0
SGI,05/09/2002,0.34,0.34,0.34,0.34,550000,0
SGI,05/10/2002,0.33,0.33,0.33,0.33,140000,0
SGI,05/14/2002,0.34,0.34,0.34,0.34,100000,0
SGI,05/15/2002,0.34,0.34,0.33,0.33,890000,0
SGI,05/16/2002,0.35,0.35,0.35,0.35,100000,0
SGI,05/23/2002,0.33,0.33,0.33,0.33,270000,0
SGI,05/24/2002,0.33,0.33,0.33,0.33,70000,0
SGI,05/28/2002,0.33,0.33,0.33,0.33,20000,0
SGI,05/30/2002,0.35,0.35,0.35,0.35,100000,0
SGI,06/06/2002,0.35,0.35,0.34,0.34,900000,0
SGI,06/07/2002,0.33,0.33,0.33,0.33,390000,0
SGI,06/10/2002,0.33,0.33,0.33,0.33,10000,0
SGI,06/17/2002,0.33,0.33,0.33,0.33,250000,0
SGI,06/19/2002,0.33,0.33,0.33,0.33,40000,0
SGI,06/20/2002,0.33,0.34,0.33,0.34,300000,0
SGI,06/25/2002,0.33,0.33,0.33,0.33,30000,0
SGI,06/26/2002,0.34,0.34,0.32,0.32,490000,0
SGI,06/27/2002,0.32,0.33,0.32,0.33,440000,0
SGI,07/03/2002,0.32,0.32,0.32,0.32,400000,0
SGI,07/04/2002,0.33,0.33,0.33,0.33,460000,0
SGI,07/12/2002,0.33,0.33,0.33,0.33,250000,0
SGI,07/16/2002,0.38,0.38,0.38,0.38,200000,0
SGI,07/18/2002,0.33,0.33,0.33,0.33,220000,0
SGI,07/19/2002,0.31,0.31,0.31,0.31,10000,0
SGI,07/25/2002,0.31,0.31,0.31,0.31,10000,0
SGI,07/26/2002,0.31,0.32,0.31,0.32,700000,0
SGI,08/06/2002,0.32,0.32,0.32,0.32,1000000,0
SGI,08/07/2002,0.32,0.32,0.32,0.32,590000,0
SGI,08/15/2002,0.32,0.32,0.32,0.32,30000,0
SGI,08/20/2002,0.3,0.3,0.3,0.3,100000,0
SGI,08/21/2002,0.31,0.31,0.31,0.31,590000,0
SGI,08/30/2002,0.31,0.31,0.31,0.31,10000,0
SGI,09/02/2002,0.31,0.32,0.31,0.32,30000,0
SGI,09/04/2002,0.32,0.32,0.32,0.32,150000,0
SGI,09/05/2002,0.32,0.32,0.32,0.32,50000,0
SGI,09/10/2002,0.32,0.32,0.32,0.32,10000,0
SGI,09/13/2002,0.31,0.31,0.31,0.31,460000,0
SGI,09/16/2002,0.31,0.31,0.31,0.31,150000,0
SGI,09/17/2002,0.32,0.32,0.32,0.32,200000,0
SGI,09/25/2002,0.3,0.3,0.3,0.3,1000000,0
SGI,10/01/2002,0.31,0.31,0.31,0.31,70000,0
SGI,10/02/2002,0.31,0.31,0.31,0.31,30000,0
SGI,10/03/2002,0.31,0.31,0.31,0.31,50000,0
SGI,10/04/2002,0.31,0.31,0.31,0.31,50000,0
SGI,10/08/2002,0.3,0.3,0.3,0.3,200000,0
SGI,10/11/2002,0.3,0.3,0.3,0.3,550000,0
SGI,10/16/2002,0.3,0.31,0.3,0.31,100000,0
SGI,10/21/2002,0.31,0.31,0.31,0.31,100000,0
SGI,10/22/2002,0.31,0.33,0.31,0.32,1020000,0
SGI,10/23/2002,0.32,0.32,0.32,0.32,1420000,0
SGI,10/24/2002,0.32,0.32,0.22,0.22,2500000,0
SGI,10/25/2002,0.31,0.31,0.31,0.31,420000,0
SGI,10/29/2002,0.28,0.28,0.28,0.28,30000,0
SGI,10/30/2002,0.3,0.3,0.3,0.3,500000,0
SGI,11/04/2002,0.28,0.28,0.28,0.28,170000,0
SGI,11/13/2002,0.3,0.3,0.3,0.3,140000,0
SGI,11/22/2002,0.24,0.24,0.24,0.24,40000,0
SGI,11/25/2002,0.25,0.25,0.25,0.25,50000,0
SGI,11/28/2002,0.25,0.25,0.25,0.25,70000,0
SGI,12/02/2002,0.25,0.25,0.25,0.25,10000,0
SGI,12/16/2002,0.25,0.25,0.25,0.25,400000,0
SGI,12/19/2002,0.22,0.22,0.22,0.22,70000,0
SGI,12/20/2002,0.21,0.21,0.21,0.21,30000,0
SGI,12/27/2002,0.21,0.21,0.21,0.21,140000,0
SGI,01/06/2003,0.21,0.21,0.21,0.21,110000,0
SGI,01/07/2003,0.22,0.22,0.22,0.22,20000,0
SGI,01/10/2003,0.17,0.17,0.17,0.17,110000,0
SGI,01/22/2003,0.18,0.18,0.18,0.18,200000,0
SGI,01/27/2003,0.16,0.16,0.16,0.16,40000,0
SGI,01/30/2003,0.23,0.23,0.23,0.23,100000,0
SGI,03/18/2003,0.23,0.23,0.23,0.23,20000,0
SGI,03/21/2003,0.23,0.23,0.23,0.23,100000,0
SGI,03/24/2003,0.23,0.23,0.23,0.23,60000,0
SGI,04/08/2003,0.25,0.25,0.25,0.25,200000,0
SGI,04/09/2003,0.3,0.3,0.3,0.3,70000,0
SGI,04/10/2003,0.31,0.32,0.3,0.32,150000,0
SGI,04/11/2003,0.32,0.34,0.32,0.34,150000,0
SGI,04/25/2003,0.28,0.28,0.28,0.28,30000,0
SGI,06/10/2003,0.21,0.21,0.21,0.21,100000,0
SGI,06/12/2003,0.25,0.28,0.25,0.25,210000,0
SGI,06/18/2003,0.24,0.24,0.24,0.24,330000,0
SGI,06/19/2003,0.24,0.24,0.24,0.24,10000,0
SGI,06/20/2003,0.24,0.24,0.24,0.24,200000,0
SGI,06/23/2003,0.3,0.3,0.3,0.3,100000,0
SGI,06/27/2003,0.3,0.3,0.28,0.28,350000,0
SGI,06/30/2003,0.28,0.3,0.28,0.3,480000,0
SGI,07/01/2003,0.28,0.28,0.28,0.28,100000,0
SGI,07/08/2003,0.3,0.31,0.3,0.31,60000,0
SGI,07/17/2003,0.3,0.35,0.3,0.35,510000,0
SGI,07/18/2003,0.36,0.4,0.36,0.36,990000,0
SGI,07/21/2003,0.38,0.38,0.37,0.37,810000,0
SGI,07/22/2003,0.36,0.36,0.36,0.36,100000,0
SGI,07/23/2003,0.36,0.36,0.34,0.34,350000,0
SGI,07/24/2003,0.35,0.35,0.34,0.34,200000,0
SGI,07/29/2003,0.29,0.29,0.29,0.29,60000,0
SGI,07/31/2003,0.32,0.32,0.32,0.32,1570000,0
SGI,08/04/2003,0.32,0.32,0.29,0.29,440000,0
SGI,08/07/2003,0.3,0.3,0.3,0.3,90000,0
SGI,08/12/2003,0.32,0.32,0.32,0.32,100000,0
SGI,08/18/2003,0.32,0.32,0.32,0.32,300000,0
SGI,08/25/2003,0.31,0.33,0.31,0.33,60000,0
SGI,08/27/2003,0.32,0.33,0.32,0.33,240000,0
SGI,08/28/2003,0.33,0.33,0.3,0.33,270000,0
SGI,09/01/2003,0.21,0.26,0.21,0.26,310000,0
SGI,09/02/2003,0.32,0.32,0.32,0.32,100000,0
SGI,09/03/2003,0.48,0.48,0.48,0.48,10000,0
SGI,09/05/2003,0.29,0.29,0.29,0.29,30000,0
SGI,09/08/2003,0.32,0.32,0.32,0.32,1000000,0
SGI,09/16/2003,0.32,0.32,0.32,0.32,100000,0
SGI,09/23/2003,0.32,0.32,0.32,0.32,250000,0
SGI,09/25/2003,0.29,0.29,0.29,0.29,100000,0
SGI,09/26/2003,0.3,0.3,0.3,0.3,300000,0
SGI,09/30/2003,0.28,0.3,0.28,0.3,310000,0
SGI,10/03/2003,0.3,0.3,0.3,0.3,300000,0
SGI,10/08/2003,0.3,0.3,0.3,0.3,100000,0
SGI,10/10/2003,0.31,0.31,0.31,0.31,1000000,0
SGI,10/13/2003,0.3,0.3,0.3,0.3,200000,0
SGI,10/15/2003,0.32,0.32,0.32,0.32,540000,0
SGI,10/16/2003,0.32,0.32,0.32,0.32,80000,0
SGI,10/21/2003,0.32,0.32,0.32,0.32,110000,0
SGI,10/23/2003,0.32,0.32,0.32,0.32,100000,0
SGI,10/24/2003,0.32,0.32,0.32,0.32,50000,0
SGI,10/27/2003,0.33,0.33,0.33,0.33,100000,0
SGI,10/30/2003,0.32,0.32,0.32,0.32,320000,0
SGI,10/31/2003,0.32,0.32,0.32,0.32,480000,0
SGI,11/03/2003,0.32,0.32,0.32,0.32,150000,0
SGI,11/04/2003,0.32,0.33,0.32,0.33,70000,0
SGI,11/10/2003,0.32,0.32,0.32,0.32,100000,0
SGI,11/11/2003,0.32,0.32,0.32,0.32,20000,0
SGI,11/12/2003,0.32,0.32,0.32,0.32,110000,0
SGI,11/17/2003,0.32,0.32,0.32,0.32,300000,0
SGI,11/19/2003,0.32,0.32,0.3,0.3,400000,0
SGI,11/20/2003,0.3,0.3,0.3,0.3,1600000,0
SGI,11/21/2003,0.3,0.3,0.3,0.3,100000,0
SGI,12/02/2003,0.29,0.29,0.28,0.28,250000,0
SGI,12/03/2003,0.29,0.29,0.29,0.29,100000,0
SGI,12/05/2003,0.3,0.3,0.3,0.3,10000,0
SGI,12/08/2003,0.29,0.29,0.29,0.29,100000,0
SGI,01/07/2004,0.3,0.3,0.3,0.3,100000,0
SGI,01/08/2004,0.3,0.3,0.3,0.3,740000,0
SGI,01/13/2004,0.3,0.3,0.3,0.3,400000,0
SGI,01/15/2004,0.3,0.3,0.3,0.3,100000,0
SGI,01/16/2004,0.31,0.31,0.31,0.31,40000,0
SGI,01/19/2004,0.3,0.3,0.3,0.3,10000,0
SGI,01/20/2004,0.3,0.3,0.3,0.3,2220000,0
SGI,01/22/2004,0.34,0.34,0.34,0.34,300000,0
SGI,01/23/2004,0.32,0.32,0.32,0.32,430000,0
SGI,01/29/2004,0.31,0.31,0.31,0.31,250000,0
SGI,01/30/2004,0.3,0.3,0.3,0.3,50000,0
SGI,02/03/2004,0.3,0.3,0.3,0.3,400000,0
SGI,02/04/2004,0.3,0.3,0.3,0.3,500000,0
SGI,02/05/2004,0.3,0.3,0.3,0.3,320000,0
SGI,02/10/2004,0.33,0.33,0.33,0.33,10000,0
SGI,02/11/2004,0.3,0.3,0.3,0.3,650000,0
SGI,02/12/2004,0.3,0.3,0.3,0.3,10000,0
SGI,02/20/2004,0.3,0.3,0.3,0.3,100000,0
SGI,02/23/2004,0.3,0.3,0.3,0.3,200000,0
SGI,03/01/2004,0.32,0.33,0.32,0.33,380000,0
SGI,03/02/2004,0.32,0.32,0.32,0.32,120000,0
SGI,03/03/2004,0.32,0.32,0.32,0.32,850000,0
SGI,03/09/2004,0.32,0.32,0.32,0.32,420000,0
SGI,03/11/2004,0.32,0.32,0.32,0.32,20000,0
SGI,03/17/2004,0.31,0.31,0.31,0.31,30000,0
SGI,03/22/2004,0.33,0.33,0.33,0.33,80000,0
SGI,03/25/2004,0.34,0.34,0.33,0.33,1000000,0
SGI,03/26/2004,0.33,0.33,0.33,0.33,480000,0
SGI,03/29/2004,0.33,0.33,0.33,0.33,100000,0
SGI,03/30/2004,0.33,0.33,0.33,0.33,60000,0
SGI,04/05/2004,0.35,0.35,0.34,0.34,60000,0
SGI,04/20/2004,0.34,0.34,0.34,0.34,960000,0
SGI,04/21/2004,0.34,0.34,0.34,0.34,60000,0
SGI,04/22/2004,0.34,0.34,0.34,0.34,250000,0
SGI,04/29/2004,0.33,0.33,0.33,0.33,400000,0
SGI,05/04/2004,0.33,0.33,0.33,0.33,200000,0
SGI,05/07/2004,0.33,0.33,0.33,0.33,50000,0
SGI,05/11/2004,0.34,0.34,0.34,0.34,750000,0
SGI,05/17/2004,0.33,0.33,0.33,0.33,100000,0
SGI,05/20/2004,0.33,0.33,0.33,0.33,150000,0
SGI,05/21/2004,0.33,0.33,0.33,0.33,10000,0
SGI,05/31/2004,0.33,0.33,0.33,0.33,90000,0
SGI,06/04/2004,0.33,0.33,0.33,0.33,20000,0
SGI,06/07/2004,0.33,0.33,0.33,0.33,10000,0
SGI,06/10/2004,0.33,0.33,0.33,0.33,60000,0
SGI,06/14/2004,0.33,0.33,0.33,0.33,50000,0
SGI,06/15/2004,0.33,0.33,0.33,0.33,300000,0
SGI,06/16/2004,0.33,0.33,0.33,0.33,20000,0
SGI,06/17/2004,0.33,0.33,0.33,0.33,80000,0
SGI,06/21/2004,0.33,0.33,0.33,0.33,510000,0
SGI,06/22/2004,0.33,0.33,0.33,0.33,130000,0
SGI,06/28/2004,0.33,0.33,0.33,0.33,200000,0
SGI,07/06/2004,0.37,0.37,0.37,0.37,150000,0
SGI,07/07/2004,0.38,0.4,0.38,0.4,190000,0
SGI,07/08/2004,0.4,0.4,0.4,0.4,150000,0
SGI,07/13/2004,0.35,0.35,0.35,0.35,200000,0
SGI,07/14/2004,0.36,0.36,0.36,0.36,200000,0
SGI,07/15/2004,0.36,0.36,0.36,0.36,880000,0
SGI,07/20/2004,0.33,0.33,0.33,0.33,50000,0
SGI,07/22/2004,0.34,0.34,0.34,0.34,100000,0
SGI,07/23/2004,0.34,0.34,0.34,0.34,70000,0
SGI,07/26/2004,0.34,0.34,0.34,0.34,50000,0
SGI,07/27/2004,0.34,0.35,0.34,0.35,60000,0
SGI,07/28/2004,0.37,0.37,0.37,0.37,50000,0
SGI,07/29/2004,0.37,0.37,0.37,0.37,100000,0
SGI,08/09/2004,0.37,0.37,0.37,0.37,250000,0
SGI,08/11/2004,0.37,0.37,0.37,0.37,480000,0
SGI,08/17/2004,0.37,0.37,0.36,0.37,1210000,0
SGI,08/19/2004,0.37,0.37,0.37,0.37,1580000,0
SGI,08/23/2004,0.35,0.37,0.35,0.37,60000,0
SGI,08/25/2004,0.36,0.36,0.36,0.36,20000,0
SGI,08/26/2004,0.36,0.36,0.36,0.36,240000,0
SGI,08/27/2004,0.37,0.37,0.37,0.37,500000,0
SGI,08/30/2004,0.37,0.46,0.37,0.46,57790000,0
SGI,08/31/2004,0.46,0.46,0.4,0.4,1650000,0
SGI,09/01/2004,0.41,0.42,0.41,0.41,500000,0
SGI,09/02/2004,0.41,0.43,0.41,0.42,1020000,0
SGI,09/03/2004,0.42,0.43,0.42,0.43,70000,0
SGI,09/06/2004,0.41,0.41,0.41,0.41,150000,0
SGI,09/07/2004,0.42,0.42,0.41,0.41,350000,0
SGI,09/08/2004,0.42,0.42,0.42,0.42,130000,0
SGI,09/09/2004,0.43,0.43,0.42,0.42,240000,0
SGI,09/10/2004,0.4,0.4,0.4,0.4,200000,0
SGI,09/13/2004,0.4,0.41,0.4,0.4,560000,0
SGI,09/14/2004,0.39,0.4,0.38,0.38,980000,0
SGI,09/16/2004,0.38,0.38,0.38,0.38,100000,0
SGI,09/20/2004,0.38,0.38,0.38,0.38,50000,0
SGI,09/21/2004,0.38,0.38,0.38,0.38,20000,0
SGI,09/23/2004,0.39,0.39,0.39,0.39,100000,0
SGI,09/27/2004,0.38,0.38,0.38,0.38,50000,0
SGI,09/28/2004,0.39,0.4,0.39,0.4,80000,0
SGI,09/29/2004,0.4,0.4,0.38,0.38,140000,0
SGI,09/30/2004,0.38,0.38,0.38,0.38,500000,0
SGI,10/05/2004,0.38,0.38,0.38,0.38,200000,0
SGI,10/07/2004,0.4,0.41,0.39,0.39,560000,0
SGI,10/08/2004,0.41,0.41,0.41,0.41,100000,0
SGI,10/11/2004,0.39,0.39,0.38,0.39,610000,0
SGI,10/12/2004,0.36,0.38,0.36,0.38,120000,0
SGI,10/13/2004,0.38,0.38,0.38,0.38,100000,0
SGI,10/15/2004,0.4,0.4,0.4,0.4,350000,0
SGI,10/18/2004,0.41,0.41,0.41,0.41,100000,0
SGI,10/19/2004,0.4,0.41,0.4,0.41,150000,0
SGI,10/21/2004,0.4,0.4,0.4,0.4,100000,0
SGI,10/22/2004,0.39,0.39,0.39,0.39,40000,0
SGI,10/25/2004,0.38,0.38,0.38,0.38,280000,0
SGI,10/26/2004,0.38,0.39,0.38,0.39,250000,0
SGI,10/28/2004,0.39,0.39,0.39,0.39,200000,0
SGI,11/02/2004,0.38,0.38,0.38,0.38,100000,0
SGI,11/04/2004,0.39,0.39,0.39,0.39,100000,0
SGI,11/05/2004,0.38,0.38,0.38,0.38,50000,0
SGI,11/11/2004,0.38,0.38,0.38,0.38,180000,0
SGI,11/12/2004,0.38,0.38,0.38,0.38,320000,0
SGI,11/16/2004,0.38,0.38,0.38,0.38,220000,0
SGI,11/17/2004,0.38,0.38,0.38,0.38,280000,0
SGI,11/19/2004,0.39,0.39,0.39,0.39,200000,0
SGI,11/22/2004,0.39,0.39,0.39,0.39,300000,0
SGI,11/24/2004,0.38,0.38,0.38,0.38,300000,0
SGI,11/26/2004,0.38,0.38,0.38,0.38,200000,0
SGI,12/07/2004,0.39,0.4,0.38,0.4,560000,0
SGI,12/08/2004,0.4,0.4,0.4,0.4,60000,0
SGI,12/09/2004,0.4,0.4,0.38,0.38,290000,0
SGI,12/10/2004,0.38,0.38,0.38,0.38,60000,0
SGI,12/20/2004,0.38,0.38,0.38,0.38,70000,0
SGI,12/28/2004,0.37,0.37,0.37,0.37,30000,0
SGI,12/29/2004,0.37,0.37,0.37,0.37,340000,0
SGI,01/05/2005,0.38,0.38,0.38,0.38,300000,0
SGI,01/06/2005,0.39,0.39,0.39,0.39,250000,0
SGI,01/07/2005,0.38,0.38,0.38,0.38,320000,0
SGI,01/10/2005,0.38,0.38,0.38,0.38,240000,0
SGI,01/11/2005,0.38,0.4,0.38,0.39,130000,0
SGI,01/12/2005,0.4,0.4,0.4,0.4,10000,0
SGI,01/13/2005,0.39,0.39,0.39,0.39,50000,0
SGI,01/14/2005,0.38,0.4,0.35,0.4,3500000,0
SGI,01/17/2005,0.41,0.42,0.41,0.42,570000,0
SGI,01/18/2005,0.4,0.4,0.4,0.4,280000,0
SGI,01/19/2005,0.42,0.46,0.42,0.46,2290000,0
SGI,01/20/2005,0.46,0.46,0.46,0.46,160000,0
SGI,01/21/2005,0.46,0.53,0.46,0.48,1610000,0
SGI,01/24/2005,0.48,0.51,0.48,0.51,540000,0
SGI,01/25/2005,0.49,0.49,0.49,0.49,850000,0
SGI,01/26/2005,0.48,0.5,0.48,0.49,350000,0
SGI,01/27/2005,0.49,0.5,0.49,0.5,430000,0
SGI,01/28/2005,0.48,0.48,0.48,0.48,100000,0
SGI,01/31/2005,0.45,0.45,0.45,0.45,300000,0
SGI,02/02/2005,0.46,0.46,0.46,0.46,540000,0
SGI,02/04/2005,0.47,0.47,0.47,0.47,300000,0
SGI,02/07/2005,0.47,0.47,0.47,0.47,300000,0
SGI,02/09/2005,0.48,0.5,0.48,0.5,900000,0
SGI,02/10/2005,0.5,0.51,0.49,0.51,600000,0
SGI,02/11/2005,0.5,0.5,0.5,0.5,10000,0
SGI,02/14/2005,0.48,0.53,0.48,0.52,630000,0
SGI,02/15/2005,0.52,0.56,0.52,0.53,950000,0
SGI,02/16/2005,0.55,0.58,0.51,0.54,2300000,0
SGI,02/17/2005,0.54,0.56,0.53,0.56,480000,0
SGI,02/18/2005,0.59,0.67,0.59,0.63,3520000,0
SGI,02/21/2005,0.65,0.65,0.62,0.63,930000,0
SGI,02/22/2005,0.61,0.62,0.58,0.58,510000,0
SGI,02/23/2005,0.61,0.62,0.61,0.61,680000,0
SGI,02/24/2005,0.61,0.61,0.6,0.6,450000,0
SGI,03/01/2005,0.59,0.6,0.59,0.6,1160000,0
SGI,03/02/2005,0.6,0.64,0.6,0.63,2320000,0
SGI,03/03/2005,0.65,0.65,0.63,0.65,1490000,0
SGI,03/04/2005,0.66,0.66,0.65,0.65,520000,0
SGI,03/07/2005,0.63,0.65,0.63,0.65,450000,0
SGI,03/08/2005,0.68,0.68,0.66,0.66,2290000,0
SGI,03/09/2005,0.65,0.65,0.65,0.65,540000,0
SGI,03/10/2005,0.65,0.65,0.65,0.65,420000,0
SGI,03/11/2005,0.64,0.65,0.64,0.65,610000,0
SGI,03/14/2005,0.65,0.65,0.65,0.65,680000,0
SGI,03/15/2005,0.65,0.65,0.65,0.65,100000,0
SGI,03/16/2005,0.65,0.65,0.65,0.65,430000,0
SGI,03/18/2005,0.64,0.64,0.61,0.61,680000,0
SGI,03/21/2005,0.6,0.6,0.6,0.6,260000,0
SGI,03/22/2005,0.61,0.61,0.61,0.61,260000,0
SGI,03/29/2005,0.56,0.56,0.56,0.56,70000,0
SGI,03/30/2005,0.56,0.56,0.56,0.56,200000,0
SGI,04/04/2005,0.57,0.61,0.57,0.61,210000,0
SGI,04/05/2005,0.59,0.59,0.59,0.59,100000,0
SGI,04/08/2005,0.59,0.59,0.59,0.59,150000,0
SGI,04/12/2005,0.59,0.59,0.59,0.59,70000,0
SGI,04/21/2005,0.55,0.55,0.55,0.55,50000,0
SGI,04/22/2005,0.55,0.55,0.55,0.55,50000,0
SGI,04/28/2005,0.52,0.52,0.52,0.52,50000,0
SGI,04/29/2005,0.52,0.52,0.52,0.52,50000,0
SGI,05/04/2005,0.52,0.52,0.5,0.5,400000,0
SGI,05/09/2005,0.5,0.5,0.5,0.5,280000,0
SGI,05/20/2005,0.5,0.5,0.5,0.5,210000,0
SGI,05/26/2005,0.49,0.49,0.49,0.49,50000,0
SGI,05/30/2005,0.45,0.45,0.45,0.45,50000,0
SGI,05/31/2005,0.49,0.49,0.49,0.49,100000,0
SGI,06/01/2005,0.51,0.51,0.51,0.51,400000,0
SGI,06/06/2005,0.52,0.52,0.52,0.52,50000,0
SGI,06/07/2005,0.52,0.52,0.52,0.52,100000,0
SGI,06/08/2005,0.51,0.51,0.51,0.51,100000,0
SGI,06/09/2005,0.51,0.51,0.51,0.51,130000,0
SGI,06/14/2005,0.52,0.52,0.52,0.52,200000,0
SGI,06/21/2005,0.45,0.45,0.45,0.45,10000,0
SGI,06/24/2005,0.45,0.45,0.45,0.45,200000,0
SGI,06/29/2005,0.45,0.45,0.45,0.45,100000,0
SGI,06/30/2005,0.45,0.45,0.45,0.45,460000,0
SGI,07/01/2005,0.45,0.45,0.45,0.45,200000,0
SGI,07/11/2005,0.45,0.45,0.45,0.45,180000,0
SGI,07/18/2005,0.45,0.45,0.45,0.45,200000,0
SGI,07/21/2005,0.45,0.46,0.45,0.46,140000,0
SGI,07/26/2005,0.45,0.45,0.45,0.45,50000,0
SGI,07/29/2005,0.46,0.47,0.46,0.47,550000,0
SGI,08/01/2005,0.48,0.54,0.48,0.54,1350000,0
SGI,08/02/2005,0.54,0.56,0.54,0.55,1330000,0
SGI,08/03/2005,0.55,0.61,0.55,0.6,2780000,0
SGI,08/04/2005,0.6,0.62,0.6,0.6,970000,0
SGI,08/05/2005,0.59,0.59,0.59,0.59,200000,0
SGI,08/10/2005,0.58,0.59,0.58,0.59,430000,0
SGI,08/11/2005,0.57,0.58,0.57,0.58,540000,0
SGI,08/12/2005,0.59,0.59,0.59,0.59,1180000,0
SGI,08/15/2005,0.58,0.58,0.58,0.58,200000,0
SGI,08/17/2005,0.53,0.53,0.53,0.53,50000,0
SGI,08/18/2005,0.56,0.56,0.56,0.56,100000,0
SGI,08/19/2005,0.54,0.57,0.54,0.57,360000,0
SGI,08/23/2005,0.55,0.56,0.54,0.56,550000,0
SGI,08/24/2005,0.55,0.55,0.55,0.55,100000,0
SGI,08/25/2005,0.53,0.53,0.53,0.53,100000,0
SGI,08/26/2005,0.53,0.55,0.53,0.55,100000,0
SGI,08/30/2005,0.53,0.53,0.53,0.53,60000,0
SGI,08/31/2005,0.53,0.53,0.53,0.53,100000,0
SGI,09/15/2005,0.51,0.51,0.51,0.51,250000,0
SGI,09/21/2005,0.5,0.51,0.5,0.51,700000,0
SGI,09/22/2005,0.51,0.51,0.51,0.51,400000,0
SGI,09/23/2005,0.48,0.48,0.48,0.48,100000,0
SGI,09/29/2005,0.48,0.48,0.48,0.48,310000,0
SGI,09/30/2005,0.48,0.48,0.45,0.46,400000,0
SGI,10/04/2005,0.46,0.46,0.46,0.46,50000,0
SGI,10/05/2005,0.46,0.46,0.46,0.46,500000,0
SGI,10/06/2005,0.46,0.46,0.46,0.46,1150000,0
SGI,10/07/2005,0.46,0.46,0.46,0.46,380000,0
SGI,10/10/2005,0.46,0.46,0.46,0.46,250000,0
SGI,10/11/2005,0.47,0.47,0.47,0.47,500000,0
SGI,10/12/2005,0.47,0.47,0.47,0.47,900000,0
SGI,10/13/2005,0.47,0.47,0.47,0.47,900000,0
SGI,10/14/2005,0.47,0.47,0.47,0.47,700000,0
SGI,10/18/2005,0.47,0.47,0.47,0.47,600000,0
SGI,10/19/2005,0.48,0.48,0.48,0.48,700000,0
SGI,10/20/2005,0.49,0.49,0.49,0.49,960000,0
SGI,10/24/2005,0.49,0.49,0.49,0.49,30000,0
SGI,10/27/2005,0.49,0.49,0.48,0.49,1300000,0
SGI,11/03/2005,0.48,0.48,0.48,0.48,90000,0
SGI,11/08/2005,0.48,0.48,0.48,0.48,30000,0
SGI,11/11/2005,0.5,0.5,0.5,0.5,50000,0
SGI,11/16/2005,0.5,0.5,0.5,0.5,250000,0
SGI,11/17/2005,0.52,0.52,0.52,0.52,1960000,0
SGI,11/18/2005,0.52,0.52,0.52,0.52,1400000,0
SGI,11/21/2005,0.52,0.52,0.5,0.5,660000,0
SGI,11/22/2005,0.5,0.5,0.5,0.5,450000,0
SGI,11/23/2005,0.5,0.5,0.5,0.5,290000,0
SGI,11/30/2005,0.5,0.5,0.5,0.5,100000,0
SGI,12/01/2005,0.5,0.5,0.5,0.5,10000,0
SGI,12/05/2005,0.49,0.49,0.49,0.49,10000,0
SGI,12/07/2005,0.49,0.49,0.49,0.49,30000,0
SGI,12/09/2005,0.49,0.49,0.49,0.49,200000,0
SGI,12/12/2005,0.49,0.49,0.49,0.49,60000,0
SGI,12/14/2005,0.49,0.49,0.49,0.49,150000,0
SGI,12/19/2005,0.49,0.49,0.49,0.49,20000,0
SGI,12/21/2005,0.49,0.49,0.49,0.49,180000,0
SGI,12/22/2005,0.49,0.49,0.49,0.49,140000,0
SGI,01/02/2006,0.49,0.49,0.49,0.49,30000,0
SGI,01/03/2006,0.49,0.49,0.49,0.49,10000,0
SGI,01/04/2006,0.5,0.5,0.5,0.5,20000,0
SGI,01/09/2006,0.46,0.46,0.45,0.45,100000,0
SGI,01/11/2006,0.45,0.45,0.45,0.45,40000,0
SGI,01/18/2006,0.45,0.45,0.45,0.45,60000,0
SGI,01/19/2006,0.46,0.46,0.46,0.46,10000,0
SGI,01/24/2006,0.46,0.46,0.46,0.46,40000,0
SGI,01/25/2006,0.47,0.47,0.47,0.47,10000,0
SGI,01/26/2006,0.5,0.5,0.5,0.5,320000,0
SGI,01/31/2006,0.5,0.52,0.5,0.52,870000,0
SGI,02/01/2006,0.5,0.5,0.5,0.5,60000,0
SGI,02/03/2006,0.5,0.5,0.5,0.5,200000,0
SGI,02/07/2006,0.5,0.5,0.5,0.5,200000,0
SGI,02/09/2006,0.5,0.5,0.5,0.5,500000,0
SGI,02/10/2006,0.5,0.51,0.5,0.51,1780000,0
SGI,02/15/2006,0.5,0.52,0.5,0.52,10990000,0
SGI,02/16/2006,0.52,0.52,0.52,0.52,2780000,0
SGI,02/17/2006,0.52,0.53,0.52,0.52,270000,0
SGI,02/20/2006,0.51,0.51,0.51,0.51,400000,0
SGI,02/24/2006,0.46,0.46,0.46,0.46,10000,0
SGI,03/01/2006,0.51,0.51,0.5,0.51,610000,0
SGI,03/02/2006,0.5,0.5,0.5,0.5,100000,0
SGI,03/03/2006,0.52,0.52,0.51,0.51,870000,0
SGI,03/06/2006,0.52,0.52,0.52,0.52,280000,0
SGI,03/08/2006,0.51,0.51,0.51,0.51,700000,0
SGI,03/09/2006,0.51,0.51,0.51,0.51,100000,0
SGI,03/10/2006,0.5,0.51,0.5,0.51,250000,0
SGI,03/14/2006,0.51,0.51,0.51,0.51,200000,0
SGI,03/15/2006,0.5,0.5,0.5,0.5,150000,0
SGI,03/16/2006,0.51,0.51,0.51,0.51,60000,0
SGI,03/17/2006,0.51,0.53,0.51,0.53,50000,0
SGI,03/20/2006,0.51,0.51,0.51,0.51,20000,0
SGI,03/21/2006,0.52,0.53,0.52,0.53,150000,0
SGI,03/23/2006,0.53,0.54,0.53,0.54,380000,0
SGI,03/24/2006,0.55,0.57,0.55,0.57,1100000,0
SGI,03/28/2006,0.5,0.5,0.5,0.5,100000,0
SGI,03/29/2006,0.5,0.5,0.5,0.5,100000,0
SGI,03/31/2006,0.51,0.51,0.51,0.51,100000,0
SGI,04/03/2006,0.51,0.53,0.51,0.53,420000,0
SGI,04/04/2006,0.54,0.55,0.54,0.55,110000,0
SGI,04/05/2006,0.55,0.56,0.55,0.56,400000,0
SGI,04/06/2006,0.56,0.58,0.55,0.58,300000,0
SGI,04/11/2006,0.57,0.59,0.57,0.59,110000,0
SGI,04/12/2006,0.58,0.58,0.58,0.58,350000,0
SGI,04/18/2006,0.56,0.56,0.56,0.56,120000,0
SGI,04/20/2006,0.58,0.58,0.55,0.55,60000,0
SGI,04/21/2006,0.56,0.56,0.56,0.56,140000,0
SGI,04/25/2006,0.56,0.56,0.56,0.56,200000,0
SGI,04/27/2006,0.56,0.56,0.56,0.56,80000,0
SGI,04/28/2006,0.55,0.55,0.55,0.55,420000,0
SGI,05/02/2006,0.55,0.57,0.55,0.57,100000,0
SGI,05/04/2006,0.56,0.6,0.56,0.6,580000,0
SGI,05/05/2006,0.61,0.61,0.6,0.61,460000,0
SGI,05/08/2006,0.61,0.61,0.61,0.61,100000,0
SGI,05/10/2006,0.56,0.57,0.56,0.57,120000,0
SGI,05/15/2006,0.63,0.63,0.63,0.63,10000,0
SGI,05/16/2006,0.64,0.64,0.64,0.64,200000,0
SGI,05/17/2006,0.65,0.67,0.65,0.67,300000,0
SGI,05/18/2006,0.6,0.6,0.6,0.6,50000,0
SGI,05/22/2006,0.57,0.57,0.57,0.57,50000,0
SGI,05/23/2006,0.52,0.52,0.51,0.51,100000,0
SGI,05/24/2006,0.51,0.51,0.51,0.51,100000,0
SGI,06/05/2006,0.54,0.54,0.54,0.54,10000,0
SGI,06/07/2006,0.52,0.52,0.52,0.52,70000,0
SGI,06/27/2006,0.52,0.52,0.52,0.52,50000,0
SGI,06/28/2006,0.53,0.53,0.52,0.52,60000,0
SGI,06/29/2006,0.52,0.52,0.52,0.52,180000,0
SGI,06/30/2006,0.53,0.53,0.53,0.53,40000,0
SGI,07/04/2006,0.53,0.54,0.53,0.54,2850000,0
SGI,07/06/2006,0.54,0.57,0.54,0.57,2910000,0
SGI,07/07/2006,0.58,0.58,0.57,0.57,100000,0
SGI,07/11/2006,0.56,0.56,0.56,0.56,50000,0
SGI,07/12/2006,0.54,0.54,0.54,0.54,260000,0
SGI,07/14/2006,0.54,0.55,0.54,0.55,2500000,0
SGI,07/17/2006,0.54,0.54,0.54,0.54,200000,0
SGI,07/19/2006,0.54,0.54,0.54,0.54,1030000,0
SGI,07/25/2006,0.52,0.52,0.52,0.52,100000,0
SGI,07/28/2006,0.54,0.58,0.54,0.58,50000,0
SGI,08/01/2006,0.54,0.54,0.54,0.54,220000,0
SGI,08/02/2006,0.56,0.56,0.55,0.55,270000,0
SGI,08/03/2006,0.55,0.55,0.55,0.55,300000,0
SGI,08/04/2006,0.52,0.54,0.52,0.54,250000,0
SGI,08/07/2006,0.51,0.54,0.51,0.54,860000,0
SGI,08/09/2006,0.55,0.55,0.55,0.55,160000,0
SGI,08/11/2006,0.56,0.57,0.55,0.55,210000,0
SGI,08/14/2006,0.55,0.55,0.54,0.54,550000,0
SGI,08/15/2006,0.56,0.56,0.56,0.56,50000,0
SGI,08/16/2006,0.55,0.55,0.55,0.55,50000,0
SGI,08/17/2006,0.55,0.55,0.54,0.54,1090000,0
SGI,08/18/2006,0.55,0.55,0.55,0.55,200000,0
SGI,08/22/2006,0.54,0.56,0.54,0.56,1960000,0
SGI,08/28/2006,0.56,0.59,0.56,0.59,1320000,0
SGI,08/29/2006,0.6,0.6,0.59,0.59,950000,0
SGI,08/30/2006,0.58,0.58,0.58,0.58,180000,0
SGI,08/31/2006,0.58,0.58,0.58,0.58,300000,0
SGI,09/01/2006,0.59,0.59,0.59,0.59,40000,0
SGI,09/04/2006,0.6,0.6,0.58,0.59,860000,0
SGI,09/05/2006,0.6,0.6,0.6,0.6,310000,0
SGI,09/06/2006,0.61,0.65,0.6,0.6,5060000,0
SGI,09/12/2006,0.59,0.59,0.58,0.58,320000,0
SGI,09/13/2006,0.57,0.57,0.57,0.57,170000,0
SGI,09/14/2006,0.57,0.57,0.57,0.57,10000,0
SGI,09/18/2006,0.58,0.58,0.58,0.58,910000,0
SGI,09/19/2006,0.58,0.58,0.58,0.58,70000,0
SGI,09/20/2006,0.59,0.6,0.59,0.6,140000,0
SGI,09/21/2006,0.6,0.6,0.6,0.6,560000,0
SGI,09/22/2006,0.6,0.6,0.6,0.6,100000,0
SGI,09/25/2006,0.6,0.61,0.6,0.61,140000,0
SGI,09/26/2006,0.63,0.64,0.6,0.6,540000,0
SGI,09/27/2006,0.6,0.6,0.59,0.59,800000,0
SGI,10/02/2006,0.6,0.6,0.6,0.6,70000,0
SGI,10/03/2006,0.6,0.6,0.6,0.6,560000,0
SGI,10/04/2006,0.6,0.6,0.6,0.6,10000,0
SGI,10/05/2006,0.6,0.6,0.6,0.6,150000,0
SGI,10/06/2006,0.6,0.6,0.6,0.6,1630000,0
SGI,10/09/2006,0.6,0.6,0.6,0.6,550000,0
SGI,10/11/2006,0.6,0.6,0.6,0.6,150000,0
SGI,10/12/2006,0.6,0.6,0.6,0.6,620000,0
SGI,10/13/2006,0.61,0.63,0.61,0.63,1100000,0
SGI,10/16/2006,0.63,0.67,0.63,0.65,1020000,0
SGI,10/17/2006,0.65,0.7,0.65,0.69,1930000,0
SGI,10/18/2006,0.72,0.81,0.72,0.78,7040000,0
SGI,10/19/2006,0.77,0.83,0.77,0.77,3800000,0
SGI,10/20/2006,0.79,0.79,0.76,0.77,1580000,0
SGI,10/23/2006,0.76,0.77,0.76,0.77,1030000,0
SGI,10/25/2006,0.8,0.85,0.8,0.84,6880000,0
SGI,10/26/2006,0.84,0.84,0.82,0.82,190000,0
SGI,10/27/2006,0.81,0.82,0.78,0.78,1900000,0
SGI,10/30/2006,0.78,0.78,0.77,0.77,1150000,0
SGI,10/31/2006,0.76,0.76,0.76,0.76,900000,0
SGI,11/02/2006,0.74,0.77,0.72,0.77,1760000,0
SGI,11/03/2006,0.73,0.73,0.73,0.73,100000,0
SGI,11/06/2006,0.73,0.75,0.73,0.75,70000,0
SGI,11/07/2006,0.75,0.76,0.75,0.76,330000,0
SGI,11/08/2006,0.75,0.75,0.75,0.75,510000,0
SGI,11/09/2006,0.75,0.78,0.75,0.75,730000,0
SGI,11/10/2006,0.74,0.74,0.73,0.73,300000,0
SGI,11/13/2006,0.72,0.73,0.72,0.73,310000,0
SGI,11/14/2006,0.73,0.73,0.72,0.72,970000,0
SGI,11/15/2006,0.73,0.74,0.73,0.74,360000,0
SGI,11/16/2006,0.73,0.73,0.73,0.73,40000,0
SGI,11/17/2006,0.7,0.73,0.7,0.73,110000,0
SGI,11/20/2006,0.71,0.73,0.71,0.73,110000,0
SGI,11/22/2006,0.72,0.73,0.71,0.71,1230000,0
SGI,11/23/2006,0.7,0.7,0.69,0.7,360000,0
SGI,11/24/2006,0.7,0.7,0.69,0.7,530000,0
SGI,11/27/2006,0.68,0.68,0.68,0.68,400000,0
SGI,12/05/2006,0.67,0.67,0.67,0.67,80000,0
SGI,12/08/2006,0.65,0.65,0.65,0.65,300000,0
SGI,12/11/2006,0.64,0.64,0.64,0.64,650000,0
SGI,12/12/2006,0.64,0.64,0.64,0.64,440000,0
SGI,12/13/2006,0.65,0.65,0.64,0.65,310000,0
SGI,12/14/2006,0.65,0.65,0.65,0.65,830000,0
SGI,12/15/2006,0.65,0.67,0.65,0.67,1460000,0
SGI,12/19/2006,0.67,0.67,0.67,0.67,40000,0
SGI,12/20/2006,0.66,0.66,0.66,0.66,100000,0
SGI,12/21/2006,0.65,0.65,0.65,0.65,60000,0
SGI,12/29/2006,0.65,0.65,0.65,0.65,1100000,0
SGI,01/02/2007,0.65,0.65,0.65,0.65,300000,0
SGI,01/03/2007,0.65,0.65,0.65,0.65,390000,0
SGI,01/05/2007,0.65,0.65,0.65,0.65,40000,0
SGI,01/08/2007,0.66,0.66,0.66,0.66,50000,0
SGI,01/09/2007,0.66,0.66,0.65,0.65,70000,0
SGI,01/11/2007,0.7,0.71,0.7,0.71,450000,0
SGI,01/15/2007,0.72,0.72,0.72,0.72,60000,0
SGI,01/16/2007,0.72,0.73,0.72,0.72,1900000,0
SGI,01/17/2007,0.72,0.72,0.71,0.72,510000,0
SGI,01/18/2007,0.72,0.72,0.72,0.72,1430000,0
SGI,01/19/2007,0.72,0.72,0.72,0.72,500000,0
SGI,01/22/2007,0.72,0.72,0.72,0.72,50000,0
SGI,01/23/2007,0.72,0.73,0.72,0.73,1230000,0
SGI,01/24/2007,0.74,0.74,0.73,0.73,210000,0
SGI,01/25/2007,0.73,0.73,0.73,0.73,580000,0
SGI,01/30/2007,0.7,0.7,0.7,0.7,610000,0
SGI,01/31/2007,0.7,0.7,0.7,0.7,480000,0
SGI,02/01/2007,0.7,0.72,0.7,0.72,1310000,0
SGI,02/02/2007,0.73,0.73,0.73,0.73,190000,0
SGI,02/05/2007,0.73,0.73,0.72,0.72,530000,0
SGI,02/06/2007,0.73,0.73,0.72,0.72,400000,0
SGI,02/07/2007,0.72,0.72,0.72,0.72,180000,0
SGI,02/08/2007,0.71,0.71,0.71,0.71,80000,0
SGI,02/09/2007,0.7,0.7,0.7,0.7,10000,0
SGI,02/12/2007,0.7,0.7,0.7,0.7,100000,0
SGI,02/14/2007,0.73,0.75,0.7,0.75,360000,0
SGI,02/15/2007,0.75,0.75,0.73,0.73,550000,0
SGI,02/16/2007,0.72,0.74,0.72,0.73,560000,0
SGI,02/19/2007,0.73,0.73,0.72,0.73,600000,0
SGI,02/20/2007,0.73,0.79,0.73,0.79,2580000,0
SGI,02/21/2007,0.79,0.81,0.79,0.81,1690000,0
SGI,02/22/2007,0.82,0.82,0.82,0.82,690000,0
SGI,02/23/2007,0.82,0.83,0.81,0.83,1100000,0
SGI,02/26/2007,0.81,0.83,0.81,0.83,2360000,0
SGI,02/27/2007,0.83,0.84,0.8,0.8,1360000,0
SGI,02/28/2007,0.8,0.8,0.8,0.8,10000,0
SGI,03/02/2007,0.75,0.75,0.75,0.75,70000,0
SGI,03/05/2007,0.71,0.71,0.67,0.67,1260000,0
SGI,03/06/2007,0.67,0.67,0.67,0.67,150000,0
SGI,03/07/2007,0.73,0.73,0.73,0.73,1140000,0
SGI,03/08/2007,0.68,0.72,0.68,0.72,740000,0
SGI,03/09/2007,0.72,0.72,0.72,0.72,400000,0
SGI,03/13/2007,0.71,0.71,0.7,0.7,310000,0
SGI,03/15/2007,0.7,0.7,0.7,0.7,370000,0
SGI,03/16/2007,0.7,0.7,0.7,0.7,120000,0
SGI,03/19/2007,0.7,0.7,0.7,0.7,1420000,0
SGI,03/20/2007,0.71,0.72,0.71,0.72,200000,0
SGI,03/21/2007,0.71,0.71,0.71,0.71,170000,0
SGI,03/22/2007,0.71,0.72,0.71,0.72,860000,0
SGI,03/23/2007,0.73,0.73,0.72,0.72,300000,0
SGI,03/26/2007,0.71,0.71,0.71,0.71,100000,0
SGI,03/27/2007,0.72,0.72,0.72,0.72,50000,0
SGI,03/30/2007,0.72,0.72,0.72,0.72,100000,0
SGI,04/04/2007,0.75,0.75,0.75,0.75,110000,0
SGI,04/10/2007,0.75,0.77,0.75,0.77,450000,0
SGI,04/11/2007,0.78,0.79,0.77,0.79,910000,0
SGI,04/17/2007,0.79,0.8,0.79,0.8,200000,0
SGI,04/18/2007,0.78,0.78,0.78,0.78,200000,0
SGI,04/20/2007,0.77,0.77,0.77,0.77,160000,0
SGI,04/24/2007,0.75,0.75,0.75,0.75,540000,0
SGI,04/25/2007,0.71,0.71,0.71,0.71,20000,0
SGI,04/26/2007,0.72,0.72,0.72,0.72,240000,0
SGI,04/27/2007,0.72,0.72,0.72,0.72,10000,0
SGI,04/30/2007,0.74,0.74,0.73,0.73,120000,0
SGI,05/04/2007,0.72,0.73,0.72,0.73,900000,0
SGI,05/09/2007,0.73,0.73,0.73,0.73,130000,0
SGI,05/15/2007,0.75,0.76,0.73,0.73,1010000,0
SGI,05/16/2007,0.72,0.72,0.72,0.72,30000,0
SGI,05/18/2007,0.72,0.72,0.72,0.72,100000,0
SGI,05/22/2007,0.72,0.72,0.72,0.72,20000,0
SGI,05/23/2007,0.72,0.72,0.71,0.71,200000,0
SGI,05/24/2007,0.7,0.71,0.7,0.7,700000,0
SGI,05/25/2007,0.68,0.68,0.68,0.68,50000,0
SGI,05/28/2007,0.71,0.71,0.69,0.69,110000,0
SGI,05/30/2007,0.69,0.69,0.67,0.67,710000,0
SGI,05/31/2007,0.64,0.67,0.64,0.67,310000,0
SGI,06/01/2007,0.67,0.71,0.67,0.67,1200000,0
SGI,06/04/2007,0.72,0.72,0.7,0.71,610000,0
SGI,06/05/2007,0.71,0.71,0.71,0.71,250000,0
SGI,06/06/2007,0.71,0.71,0.71,0.71,550000,0
SGI,06/07/2007,0.7,0.7,0.7,0.7,530000,0
SGI,06/08/2007,0.71,0.71,0.71,0.71,120000,0
SGI,06/12/2007,0.74,0.77,0.74,0.75,3260000,0
SGI,06/13/2007,0.75,1.04,0.75,0.98,17220000,0
SGI,06/14/2007,1.04,1.06,0.88,0.92,3080000,0
SGI,06/15/2007,0.91,0.93,0.91,0.92,940000,0
SGI,06/18/2007,0.79,0.9,0.79,0.88,2090000,0
SGI,06/19/2007,0.9,0.96,0.88,0.96,920000,0
SGI,06/20/2007,0.9,0.94,0.9,0.94,220000,0
SGI,06/21/2007,0.9,0.94,0.9,0.93,650000,0
SGI,06/22/2007,0.92,0.92,0.92,0.92,790000,0
SGI,06/25/2007,0.92,0.93,0.91,0.92,1500000,0
SGI,06/26/2007,0.92,0.92,0.92,0.92,870000,0
SGI,06/27/2007,0.9,0.9,0.88,0.88,380000,0
SGI,06/28/2007,0.88,0.88,0.88,0.88,220000,0
SGI,06/29/2007,0.85,0.85,0.83,0.83,200000,0
SGI,07/02/2007,0.82,0.82,0.78,0.78,810000,0
SGI,07/03/2007,0.79,0.88,0.79,0.8,680000,0
SGI,07/04/2007,0.79,0.88,0.79,0.88,1050000,0
SGI,07/05/2007,0.88,0.9,0.87,0.88,1590000,0
SGI,07/06/2007,0.88,0.9,0.88,0.88,1370000,0
SGI,07/09/2007,0.88,0.88,0.87,0.87,700000,0
SGI,07/10/2007,0.88,0.88,0.87,0.87,240000,0
SGI,07/12/2007,0.88,0.89,0.88,0.89,1200000,0
SGI,07/13/2007,0.89,0.89,0.88,0.88,2830000,0
SGI,07/16/2007,0.88,0.89,0.88,0.88,660000,0
SGI,07/17/2007,0.88,0.88,0.88,0.88,100000,0
SGI,07/18/2007,0.87,0.88,0.87,0.87,560000,0
SGI,07/19/2007,0.87,0.87,0.86,0.86,600000,0
SGI,07/20/2007,0.87,0.87,0.87,0.87,300000,0
SGI,07/23/2007,0.92,0.92,0.92,0.92,150000,0
SGI,07/24/2007,0.92,0.93,0.92,0.93,150000,0
SGI,07/25/2007,0.92,0.92,0.9,0.9,460000,0
SGI,07/27/2007,0.89,0.89,0.88,0.89,690000,0
SGI,07/30/2007,0.87,0.87,0.87,0.87,210000,0
SGI,08/01/2007,0.91,0.91,0.91,0.91,10000,0
SGI,08/02/2007,0.85,0.85,0.85,0.85,100000,0
SGI,08/03/2007,0.84,0.84,0.75,0.75,1060000,0
SGI,08/06/2007,0.73,0.73,0.73,0.73,100000,0
SGI,08/07/2007,0.72,0.73,0.72,0.72,300000,0
SGI,08/08/2007,0.75,0.75,0.75,0.75,100000,0
SGI,08/10/2007,0.74,0.74,0.74,0.74,90000,0
SGI,08/14/2007,0.75,0.75,0.75,0.75,100000,0
SGI,08/17/2007,0.68,0.68,0.68,0.68,290000,0
SGI,08/24/2007,0.71,0.71,0.71,0.71,50000,0
SGI,08/29/2007,0.71,0.71,0.71,0.71,20000,0
SGI,08/30/2007,0.71,0.71,0.71,0.71,20000,0
SGI,09/05/2007,0.72,0.72,0.72,0.72,80000,0
SGI,09/21/2007,0.7,0.7,0.7,0.7,600000,0
SGI,09/24/2007,0.72,0.73,0.72,0.73,90000,0
SGI,09/25/2007,0.71,0.77,0.71,0.77,80000,0
SGI,09/26/2007,0.61,0.61,0.61,0.61,30000,0
SGI,09/28/2007,0.71,0.72,0.71,0.72,360000,0
SGI,10/01/2007,0.72,0.72,0.71,0.71,320000,0
SGI,10/02/2007,0.73,0.73,0.73,0.73,390000,0
SGI,10/04/2007,0.73,0.73,0.73,0.73,20000,0
SGI,10/05/2007,0.73,0.73,0.73,0.73,280000,0
SGI,10/08/2007,0.8,0.8,0.8,0.8,200000,0
SGI,10/09/2007,0.79,0.8,0.78,0.78,410000,0
SGI,10/11/2007,0.75,0.77,0.7,0.77,480000,0
SGI,10/15/2007,0.77,0.81,0.77,0.81,90000,0
SGI,10/17/2007,0.81,0.81,0.81,0.81,20000,0
SGI,10/18/2007,0.76,0.76,0.76,0.76,480000,0
SGI,10/19/2007,0.76,0.76,0.76,0.76,20000,0
SGI,10/22/2007,0.76,0.76,0.76,0.76,20000,0
SGI,10/30/2007,0.8,0.8,0.78,0.78,210000,0
SGI,10/31/2007,0.78,0.82,0.78,0.82,490000,0
SGI,11/05/2007,0.82,0.82,0.82,0.82,100000,0
SGI,11/06/2007,0.82,0.82,0.77,0.77,750000,0
SGI,11/07/2007,0.77,0.77,0.77,0.77,20000,0
SGI,11/08/2007,0.77,0.77,0.74,0.74,250000,0
SGI,11/14/2007,0.72,0.72,0.72,0.72,10000,0
SGI,11/15/2007,0.68,0.68,0.68,0.68,200000,0
SGI,11/16/2007,0.7,0.7,0.7,0.7,10000,0
SGI,11/22/2007,0.61,0.61,0.61,0.61,50000,0
SGI,11/27/2007,0.61,0.61,0.61,0.61,10000,0
SGI,12/04/2007,0.63,0.63,0.62,0.62,100000,0
SGI,12/06/2007,0.64,0.64,0.63,0.63,100000,0
SGI,12/14/2007,0.8,0.8,0.8,0.8,60000,0
SGI,12/18/2007,0.7,0.7,0.7,0.7,100000,0
SGI,12/21/2007,0.76,0.76,0.69,0.69,50000,0
SGI,12/27/2007,0.73,0.73,0.73,0.73,10000,0
SGI,12/28/2007,0.73,0.75,0.73,0.75,60000,0
SGI,01/16/2008,0.63,0.63,0.63,0.63,50000,0
SGI,01/22/2008,0.62,0.62,0.62,0.62,200000,0
SGI,01/31/2008,0.6,0.6,0.6,0.6,10000,0
SGI,02/08/2008,0.6,0.6,0.6,0.6,200000,0
SGI,02/19/2008,0.7,0.7,0.67,0.67,220000,0
SGI,02/20/2008,0.62,0.62,0.62,0.62,50000,0
SGI,02/22/2008,0.6,0.6,0.6,0.6,50000,0
SGI,03/07/2008,0.62,0.62,0.62,0.62,10000,0
SGI,03/10/2008,0.62,0.62,0.6,0.6,450000,0
SGI,03/11/2008,0.61,0.62,0.61,0.62,500000,0
SGI,03/13/2008,0.6,0.6,0.6,0.6,20000,0
SGI,03/14/2008,0.6,0.6,0.6,0.6,670000,0
SGI,03/17/2008,0.6,0.6,0.6,0.6,150000,0
SGI,03/19/2008,0.6,0.6,0.57,0.57,130000,0
SGI,03/24/2008,0.6,0.6,0.6,0.6,100000,0
SGI,03/25/2008,0.6,0.6,0.6,0.6,200000,0
SGI,03/27/2008,0.6,0.6,0.6,0.6,200000,0
SGI,04/22/2008,0.6,0.6,0.6,0.6,140000,0
SGI,04/25/2008,0.6,0.6,0.6,0.6,400000,0
SGI,04/28/2008,0.6,0.6,0.6,0.6,200000,0
SGI,04/30/2008,0.6,0.6,0.6,0.6,60000,0
SGI,05/06/2008,0.6,0.6,0.6,0.6,400000,0
SGI,06/03/2008,0.6,0.6,0.6,0.6,10000,0
SGI,06/13/2008,0.6,0.6,0.6,0.6,10000,0
SGI,06/23/2008,0.52,0.52,0.5,0.5,230000,0
SGI,06/27/2008,0.45,0.45,0.41,0.41,20000,0
SGI,07/08/2008,0.43,0.43,0.43,0.43,20000,0
SGI,07/29/2008,0.59,0.59,0.59,0.59,100000,0
SGI,08/06/2008,0.47,0.47,0.47,0.47,40000,0
SGI,08/22/2008,0.52,0.52,0.52,0.52,10000,0
SGI,08/28/2008,0.55,0.55,0.55,0.55,50000,0
SGI,08/29/2008,0.42,0.5,0.42,0.5,140000,0
SGI,09/11/2008,0.51,0.51,0.51,0.51,10000,0
SGI,09/15/2008,0.52,0.52,0.52,0.52,80000,0
SGI,09/16/2008,0.51,0.51,0.51,0.51,30000,0
SGI,09/19/2008,0.51,0.51,0.51,0.51,200000,0
SGI,10/08/2008,0.5,0.5,0.5,0.5,700000,0
SGI,10/09/2008,0.5,0.5,0.5,0.5,550000,0
SGI,10/20/2008,0.5,0.5,0.5,0.5,400000,0
SGI,10/23/2008,0.4,0.5,0.4,0.5,270000,0
SGI,10/24/2008,0.5,0.5,0.49,0.5,1030000,0
SGI,11/06/2008,0.5,0.5,0.5,0.5,200000,0
SGI,11/07/2008,0.45,0.45,0.45,0.45,1100000,0
SGI,11/24/2008,0.4,0.4,0.4,0.4,1000000,0
SGI,11/26/2008,0.45,0.45,0.4,0.4,1000000,0
SGI,11/28/2008,0.37,0.37,0.37,0.37,200000,0
SGI,12/02/2008,0.38,0.38,0.38,0.38,400000,0
SGI,12/03/2008,0.38,0.38,0.38,0.38,200000,0
SGI,12/04/2008,0.32,0.32,0.32,0.32,10000,0
SGI,12/05/2008,0.38,0.38,0.38,0.38,650000,0
SGI,12/08/2008,0.38,0.38,0.3,0.38,1010000,0
SGI,12/09/2008,0.3,0.38,0.3,0.38,20000,0
SGI,12/11/2008,0.38,0.38,0.38,0.38,1010000,0
SGI,12/15/2008,0.38,0.38,0.38,0.38,20000,0
SGI,01/12/2009,0.38,0.38,0.35,0.35,20000,0
SGI,01/15/2009,0.3,0.3,0.3,0.3,190000,0
SGI,02/06/2009,0.38,0.38,0.38,0.38,100000,0
SGI,02/09/2009,0.44,0.45,0.44,0.45,400000,0
SGI,02/23/2009,0.29,0.29,0.29,0.29,10000,0
SGI,03/02/2009,0.32,0.32,0.32,0.32,80000,0
SGI,03/03/2009,0.32,0.32,0.29,0.29,260000,0
SGI,03/26/2009,0.29,0.29,0.29,0.29,110000,0
SGI,04/07/2009,0.3,0.3,0.3,0.3,40000,0
SGI,04/13/2009,0.32,0.32,0.32,0.32,10000,0
SGI,05/05/2009,0.4,0.43,0.4,0.43,1160000,0
SGI,05/06/2009,0.45,0.48,0.45,0.45,2800000,0
SGI,05/07/2009,0.45,0.49,0.45,0.47,2700000,0
SGI,05/08/2009,0.46,0.46,0.46,0.46,80000,0
SGI,05/11/2009,0.47,0.49,0.46,0.49,880000,0
SGI,05/12/2009,0.48,0.51,0.48,0.51,1640000,0
SGI,05/13/2009,0.52,0.53,0.5,0.5,420000,0
SGI,05/14/2009,0.49,0.5,0.49,0.5,160000,0
SGI,05/15/2009,0.49,0.5,0.49,0.5,1170000,0
SGI,05/18/2009,0.48,0.5,0.48,0.5,680000,0
SGI,05/20/2009,0.48,0.48,0.48,0.48,240000,0
SGI,05/21/2009,0.49,0.49,0.47,0.47,320000,0
SGI,05/22/2009,0.48,0.49,0.48,0.49,220000,0
SGI,05/25/2009,0.48,0.48,0.48,0.48,50000,0
SGI,05/26/2009,0.48,0.48,0.48,0.48,110000,0
SGI,05/27/2009,0.48,0.48,0.48,0.48,130000,0
SGI,05/29/2009,0.48,0.48,0.48,0.48,90000,0
SGI,06/01/2009,0.49,0.49,0.49,0.49,400000,0
SGI,06/02/2009,0.5,0.5,0.5,0.5,100000,0
SGI,06/03/2009,0.5,0.51,0.5,0.5,3030000,0
SGI,06/04/2009,0.52,0.55,0.5,0.5,3540000,0
SGI,06/05/2009,0.54,0.75,0.54,0.75,15580000,0
SGI,06/08/2009,0.76,0.78,0.69,0.69,4970000,0
SGI,06/09/2009,0.69,0.72,0.63,0.71,6020000,0
SGI,06/10/2009,0.76,0.83,0.75,0.8,16060000,0
SGI,06/11/2009,0.83,0.83,0.77,0.78,4820000,0
SGI,06/15/2009,0.78,0.81,0.75,0.81,7770000,0
SGI,06/16/2009,0.79,0.79,0.74,0.74,3720000,0
SGI,06/17/2009,0.7,0.75,0.7,0.73,1480000,0
SGI,06/18/2009,0.73,0.75,0.72,0.72,690000,0
SGI,06/19/2009,0.68,0.7,0.65,0.7,880000,0
SGI,06/22/2009,0.66,0.66,0.6,0.66,1510000,0
SGI,06/23/2009,0.63,0.66,0.62,0.66,500000,0
SGI,06/24/2009,0.66,0.67,0.66,0.66,270000,0
SGI,06/25/2009,0.66,0.66,0.64,0.64,850000,0
SGI,06/26/2009,0.66,0.68,0.65,0.65,1580000,0
SGI,07/02/2009,0.6,0.66,0.6,0.66,580000,0
SGI,07/06/2009,0.66,0.66,0.66,0.66,20000,0
SGI,07/08/2009,0.64,0.64,0.64,0.64,90000,0
SGI,07/09/2009,0.64,0.64,0.64,0.64,200000,0
SGI,07/10/2009,0.66,0.75,0.66,0.67,4150000,0
SGI,07/13/2009,0.67,0.67,0.65,0.65,490000,0
SGI,07/14/2009,0.64,0.64,0.64,0.64,250000,0
SGI,07/15/2009,0.64,0.64,0.64,0.64,60000,0
SGI,07/16/2009,0.65,0.69,0.65,0.68,340000,0
SGI,07/20/2009,0.7,0.72,0.69,0.69,1460000,0
SGI,07/21/2009,0.7,0.7,0.67,0.69,1810000,0
SGI,07/22/2009,0.7,0.7,0.67,0.67,1290000,0
SGI,07/23/2009,0.64,0.69,0.64,0.66,3670000,0
SGI,07/24/2009,0.69,0.69,0.66,0.67,600000,0
SGI,07/27/2009,0.69,0.69,0.68,0.68,230000,0
SGI,07/28/2009,0.66,0.66,0.66,0.66,540000,0
SGI,07/29/2009,0.69,0.69,0.65,0.68,230000,0
SGI,07/30/2009,0.68,0.69,0.68,0.69,170000,0
SGI,07/31/2009,0.69,0.72,0.69,0.72,60000,0
SGI,08/03/2009,0.69,0.7,0.68,0.69,590000,0
SGI,08/04/2009,0.71,0.71,0.66,0.66,1010000,0
SGI,08/06/2009,0.67,0.69,0.67,0.68,450000,0
SGI,08/07/2009,0.68,0.68,0.67,0.67,190000,0
SGI,08/10/2009,0.67,0.69,0.67,0.69,510000,0
SGI,08/11/2009,0.68,0.68,0.67,0.67,1090000,0
SGI,08/12/2009,0.68,0.68,0.68,0.68,30000,0
SGI,08/13/2009,0.68,0.69,0.68,0.69,100000,0
SGI,08/14/2009,0.69,0.69,0.66,0.66,480000,0
SGI,08/17/2009,0.64,0.64,0.64,0.64,380000,0
SGI,08/18/2009,0.63,0.63,0.6,0.6,1890000,0
SGI,08/19/2009,0.64,0.64,0.63,0.63,490000,0
SGI,08/20/2009,0.63,0.63,0.61,0.61,680000,0
SGI,08/24/2009,0.62,0.62,0.62,0.62,80000,0
SGI,08/25/2009,0.62,0.62,0.61,0.62,640000,0
SGI,08/26/2009,0.62,0.64,0.62,0.62,520000,0
SGI,08/27/2009,0.63,0.63,0.62,0.62,230000,0
SGI,08/28/2009,0.63,0.64,0.63,0.64,360000,0
SGI,09/01/2009,0.63,0.63,0.63,0.63,380000,0
SGI,09/02/2009,0.63,0.63,0.62,0.62,1630000,0
SGI,09/03/2009,0.61,0.61,0.6,0.6,2810000,0
SGI,09/04/2009,0.6,0.6,0.6,0.6,30000,0
SGI,09/08/2009,0.62,0.62,0.62,0.62,250000,0
SGI,09/09/2009,0.64,0.66,0.64,0.64,1120000,0
SGI,09/10/2009,0.65,0.66,0.65,0.66,1200000,0
SGI,09/11/2009,0.67,0.68,0.67,0.67,750000,0
SGI,09/14/2009,0.69,0.69,0.67,0.67,1400000,0
SGI,09/15/2009,0.65,0.65,0.65,0.65,240000,0
SGI,09/16/2009,0.65,0.65,0.64,0.64,330000,0
SGI,09/17/2009,0.64,0.64,0.64,0.64,150000,0
SGI,09/22/2009,0.67,0.67,0.67,0.67,10000,0
SGI,09/23/2009,0.67,0.67,0.66,0.67,450000,0
SGI,09/24/2009,0.67,0.67,0.67,0.67,1010000,0
SGI,09/28/2009,0.65,0.65,0.65,0.65,150000,0
SGI,09/29/2009,0.65,0.65,0.65,0.65,1400000,0
SGI,09/30/2009,0.64,0.64,0.64,0.64,260000,0
SGI,10/01/2009,0.64,0.64,0.64,0.64,1050000,0
SGI,10/06/2009,0.64,0.64,0.64,0.64,300000,0
SGI,10/07/2009,0.64,0.67,0.64,0.67,1250000,0
SGI,10/08/2009,0.68,0.68,0.68,0.68,10000,0
SGI,10/14/2009,0.67,0.68,0.67,0.68,970000,0
SGI,10/15/2009,0.67,0.67,0.67,0.67,200000,0
SGI,10/16/2009,0.68,0.75,0.68,0.71,7450000,0
SGI,10/19/2009,0.71,0.71,0.71,0.71,220000,0
SGI,10/20/2009,0.7,0.7,0.68,0.68,700000,0
SGI,10/21/2009,0.68,0.69,0.68,0.68,780000,0
SGI,10/22/2009,0.69,0.69,0.68,0.68,300000,0
SGI,10/23/2009,0.69,0.7,0.69,0.7,710000,0
SGI,10/26/2009,0.7,0.75,0.7,0.74,2980000,0
SGI,10/27/2009,0.74,0.78,0.73,0.73,7090000,0
SGI,10/28/2009,0.74,0.74,0.72,0.72,2150000,0
SGI,10/29/2009,0.74,0.74,0.72,0.72,320000,0
SGI,10/30/2009,0.72,0.72,0.71,0.71,180000,0
SGI,11/03/2009,0.74,0.75,0.73,0.74,680000,0
SGI,11/04/2009,0.76,0.79,0.76,0.78,4320000,0
SGI,11/05/2009,0.79,0.93,0.79,0.88,19540000,0
SGI,11/06/2009,0.9,0.98,0.9,0.94,17800000,0
SGI,11/09/2009,0.94,1.04,0.94,1.02,20540000,0
SGI,11/10/2009,1.06,1.08,1.0,1.02,9776000,0
SGI,11/11/2009,1.04,1.04,0.98,0.98,2035000,0
SGI,11/12/2009,0.95,0.96,0.92,0.93,5170000,0
SGI,11/13/2009,0.93,0.96,0.93,0.94,1720000,0
SGI,11/16/2009,0.94,0.95,0.93,0.93,630000,0
SGI,11/17/2009,0.94,0.94,0.93,0.93,890000,0
SGI,11/18/2009,0.93,0.95,0.92,0.92,1070000,0
SGI,11/19/2009,0.93,0.94,0.91,0.91,300000,0
SGI,11/20/2009,0.9,0.9,0.88,0.88,560000,0
SGI,11/23/2009,0.89,0.9,0.87,0.89,530000,0
SGI,11/24/2009,0.89,0.89,0.89,0.89,930000,0
SGI,11/25/2009,0.9,0.9,0.88,0.88,810000,0
SGI,11/26/2009,0.88,0.88,0.87,0.87,640000,0
SGI,11/27/2009,0.86,0.86,0.86,0.86,520000,0
SGI,12/01/2009,0.87,0.87,0.87,0.87,160000,0
SGI,12/02/2009,0.85,0.87,0.85,0.86,1350000,0
SGI,12/03/2009,0.88,0.88,0.87,0.87,810000,0
SGI,12/04/2009,0.89,0.89,0.88,0.88,220000,0
SGI,12/07/2009,0.88,0.89,0.88,0.88,330000,0
SGI,12/08/2009,0.87,0.88,0.85,0.85,820000,0
SGI,12/09/2009,0.86,0.86,0.85,0.85,440000,0
SGI,12/10/2009,0.86,0.87,0.85,0.85,340000,0
SGI,12/11/2009,0.87,0.87,0.86,0.87,190000,0
SGI,12/14/2009,0.86,0.87,0.85,0.87,350000,0
SGI,12/15/2009,0.85,0.85,0.85,0.85,20000,0
SGI,12/16/2009,0.88,0.88,0.88,0.88,10000,0
SGI,12/18/2009,0.87,0.87,0.86,0.86,550000,0
SGI,12/21/2009,0.86,0.91,0.86,0.88,1960000,0
SGI,12/22/2009,0.88,0.89,0.88,0.89,280000,0
SGI,12/23/2009,0.88,0.88,0.88,0.88,10000,0
SGI,12/28/2009,0.88,0.88,0.88,0.88,100000,0
SGI,12/29/2009,0.88,0.88,0.88,0.88,430000,0
SGI,01/05/2010,0.88,0.88,0.88,0.88,710000,0
SGI,01/06/2010,0.88,0.89,0.88,0.89,370000,0
SGI,01/07/2010,0.87,0.88,0.87,0.88,210000,0
SGI,01/11/2010,0.87,0.87,0.87,0.87,720000,0
SGI,01/12/2010,0.88,0.88,0.88,0.88,130000,0
SGI,01/18/2010,0.87,0.87,0.87,0.87,120000,0
SGI,01/19/2010,0.87,0.88,0.87,0.88,380000,0
SGI,01/20/2010,0.88,0.88,0.88,0.88,390000,0
SGI,01/21/2010,0.88,0.88,0.87,0.87,440000,0
SGI,01/22/2010,0.86,0.86,0.85,0.85,810000,0
SGI,01/26/2010,0.85,0.85,0.85,0.85,700000,0
SGI,01/27/2010,0.83,0.84,0.82,0.82,440000,0
SGI,01/29/2010,0.8,0.81,0.8,0.81,310000,0
SGI,02/01/2010,0.81,0.81,0.8,0.8,300000,0
SGI,02/03/2010,0.8,0.8,0.78,0.78,350000,0
SGI,02/04/2010,0.76,0.76,0.76,0.76,20000,0
SGI,02/05/2010,0.72,0.72,0.72,0.72,10000,0
SGI,02/08/2010,0.8,0.8,0.73,0.74,390000,0
SGI,02/09/2010,0.74,0.74,0.72,0.72,430000,0
SGI,02/10/2010,0.76,0.77,0.76,0.77,20000,0
SGI,02/11/2010,0.77,0.77,0.77,0.77,20000,0
SGI,02/12/2010,0.77,0.77,0.75,0.75,240000,0
SGI,02/15/2010,0.76,0.76,0.76,0.76,30000,0
SGI,02/16/2010,0.76,0.76,0.76,0.76,20000,0
SGI,02/17/2010,0.72,0.72,0.71,0.71,380000,0
SGI,02/18/2010,0.76,0.78,0.76,0.77,440000,0
SGI,02/19/2010,0.76,0.76,0.76,0.76,60000,0
SGI,02/23/2010,0.76,0.76,0.76,0.76,240000,0
SGI,02/25/2010,0.76,0.76,0.76,0.76,100000,0
SGI,02/26/2010,0.77,0.77,0.75,0.76,190000,0
SGI,03/01/2010,0.77,0.78,0.77,0.78,540000,0
SGI,03/02/2010,0.78,0.8,0.78,0.8,1670000,0
SGI,03/03/2010,0.8,0.8,0.8,0.8,80000,0
SGI,03/04/2010,0.8,0.8,0.79,0.79,170000,0
SGI,03/09/2010,0.79,0.8,0.79,0.8,200000,0
SGI,03/10/2010,0.8,0.8,0.8,0.8,760000,0
SGI,03/11/2010,0.8,0.8,0.8,0.8,910000,0
SGI,03/12/2010,0.8,0.8,0.8,0.8,490000,0
SGI,03/15/2010,0.77,0.77,0.73,0.73,220000,0
SGI,03/16/2010,0.77,0.81,0.77,0.81,490000,0
SGI,03/17/2010,0.81,0.81,0.78,0.78,240000,0
SGI,03/22/2010,0.78,0.78,0.78,0.78,40000,0
SGI,03/23/2010,0.78,0.78,0.78,0.78,30000,0
SGI,03/24/2010,0.79,0.79,0.79,0.79,50000,0
SGI,03/25/2010,0.79,0.8,0.78,0.79,590000,0
SGI,03/26/2010,0.8,0.8,0.79,0.8,280000,0
SGI,03/29/2010,0.81,0.81,0.8,0.8,280000,0
SGI,03/30/2010,0.8,0.84,0.8,0.82,1420000,0
SGI,03/31/2010,0.83,0.83,0.82,0.82,80000,0
SGI,04/06/2010,0.8,0.8,0.8,0.8,100000,0
SGI,04/07/2010,0.82,0.82,0.82,0.82,450000,0
SGI,04/08/2010,0.82,0.82,0.82,0.82,10000,0
SGI,04/12/2010,0.8,0.8,0.78,0.79,470000,0
SGI,04/13/2010,0.8,0.8,0.79,0.79,210000,0
SGI,04/14/2010,0.8,0.82,0.79,0.79,1940000,0
SGI,04/15/2010,0.8,0.8,0.79,0.79,1190000,0
SGI,04/21/2010,0.79,0.79,0.79,0.79,300000,0
SGI,04/23/2010,0.8,0.82,0.8,0.8,210000,0
SGI,04/26/2010,0.79,0.8,0.79,0.8,240000,0
SGI,04/27/2010,0.79,0.79,0.78,0.79,380000,0
SGI,04/28/2010,0.79,0.8,0.79,0.8,270000,0
SGI,04/30/2010,0.8,0.8,0.8,0.8,90000,0
SGI,05/05/2010,0.78,0.78,0.77,0.77,190000,0
SGI,05/06/2010,0.77,0.77,0.77,0.77,30000,0
SGI,05/11/2010,0.83,0.83,0.83,0.83,20000,0
SGI,05/12/2010,0.78,0.8,0.76,0.8,110000,0
SGI,05/13/2010,0.8,0.81,0.8,0.81,140000,0
SGI,05/14/2010,0.8,0.8,0.8,0.8,30000,0
SGI,05/17/2010,0.8,0.8,0.8,0.8,20000,0
SGI,05/18/2010,0.78,0.78,0.77,0.77,200000,0
SGI,05/19/2010,0.76,0.76,0.76,0.76,10000,0
SGI,05/20/2010,0.79,0.79,0.79,0.79,50000,0
SGI,05/21/2010,0.76,0.76,0.76,0.76,50000,0
SGI,05/26/2010,0.74,0.74,0.74,0.74,170000,0
SGI,05/27/2010,0.74,0.74,0.74,0.74,130000,0
SGI,05/31/2010,0.74,0.74,0.74,0.74,60000,0
SGI,06/01/2010,0.73,0.73,0.73,0.73,40000,0
SGI,06/02/2010,0.72,0.72,0.71,0.71,350000,0
SGI,06/03/2010,0.72,0.73,0.72,0.73,110000,0
SGI,06/04/2010,0.74,0.74,0.74,0.74,100000,0
SGI,06/07/2010,0.71,0.72,0.71,0.72,80000,0
SGI,06/08/2010,0.74,0.74,0.74,0.74,260000,0
SGI,06/09/2010,0.74,0.74,0.74,0.74,100000,0
SGI,06/10/2010,0.74,0.74,0.74,0.74,60000,0
SGI,06/11/2010,0.76,0.76,0.75,0.75,210000,0
SGI,06/16/2010,0.74,0.75,0.74,0.75,190000,0
SGI,06/17/2010,0.74,0.74,0.74,0.74,100000,0
SGI,06/18/2010,0.75,0.75,0.75,0.75,10000,0
SGI,06/21/2010,0.74,0.76,0.74,0.76,490000,0
SGI,06/22/2010,0.76,0.78,0.76,0.77,660000,0
SGI,06/24/2010,0.77,0.8,0.77,0.8,60000,0
SGI,06/25/2010,0.75,0.78,0.75,0.78,100000,0
SGI,06/28/2010,0.76,0.78,0.76,0.78,50000,0
SGI,06/29/2010,0.79,0.81,0.79,0.81,390000,0
SGI,07/01/2010,0.77,0.79,0.77,0.79,830000,0
SGI,07/05/2010,0.79,0.8,0.79,0.79,110000,0
SGI,07/06/2010,0.79,0.79,0.79,0.79,280000,0
SGI,07/07/2010,0.78,0.78,0.78,0.78,50000,0
SGI,07/12/2010,0.76,0.76,0.75,0.75,510000,0
SGI,07/15/2010,0.8,0.81,0.8,0.81,60000,0
SGI,07/22/2010,0.78,0.78,0.78,0.78,100000,0
SGI,07/23/2010,0.78,0.78,0.78,0.78,80000,0
SGI,07/28/2010,0.77,0.78,0.77,0.78,181000,0
SGI,07/29/2010,0.77,0.77,0.77,0.77,84000,0
SGI,07/30/2010,0.76,0.76,0.76,0.76,66000,0
SGI,08/02/2010,0.76,0.76,0.74,0.74,230000,0
SGI,08/04/2010,0.76,0.77,0.76,0.77,50000,0
SGI,08/05/2010,0.77,0.77,0.77,0.77,43000,0
SGI,08/09/2010,0.76,0.76,0.76,0.76,30000,0
SGI,08/10/2010,0.7,0.7,0.7,0.7,31000,0
SGI,08/12/2010,0.68,0.7,0.68,0.7,300000,0
SGI,08/16/2010,0.69,0.69,0.69,0.69,100000,0
SGI,08/17/2010,0.69,0.69,0.69,0.69,310000,0
SGI,08/19/2010,0.77,0.77,0.77,0.77,20000,0
SGI,08/20/2010,0.77,0.77,0.72,0.72,11000,0
SGI,08/23/2010,0.75,0.77,0.75,0.77,83000,0
SGI,08/24/2010,0.75,0.75,0.75,0.75,1000,0
SGI,08/25/2010,0.72,0.72,0.72,0.72,2000,0
SGI,08/26/2010,0.73,0.73,0.73,0.73,7000,0
SGI,08/31/2010,0.75,0.75,0.75,0.75,50000,0
SGI,09/01/2010,0.73,0.76,0.73,0.76,65000,0
SGI,09/02/2010,0.76,0.76,0.76,0.76,105000,0
SGI,09/03/2010,0.78,0.78,0.78,0.78,93000,0
SGI,09/06/2010,0.78,0.78,0.78,0.78,26000,0
SGI,09/08/2010,0.79,0.79,0.79,0.79,310000,0
SGI,09/09/2010,0.79,0.8,0.79,0.79,40000,0
SGI,09/13/2010,0.79,0.8,0.79,0.8,533000,0
SGI,09/14/2010,0.8,0.8,0.8,0.8,113000,0
SGI,09/15/2010,0.76,0.84,0.76,0.84,1000,0
SGI,09/16/2010,0.84,0.85,0.84,0.84,152000,0
SGI,09/17/2010,0.85,0.85,0.84,0.84,139000,0
SGI,09/20/2010,0.9,0.9,0.9,0.9,1000,0
SGI,09/21/2010,0.86,0.91,0.86,0.91,220000,0
SGI,09/22/2010,0.91,1.04,0.91,0.96,4543000,0
SGI,09/23/2010,1.0,1.03,0.97,0.98,814000,0
SGI,09/24/2010,1.0,1.0,0.97,0.97,1540000,0
SGI,09/27/2010,0.97,0.97,0.97,0.97,575000,0
SGI,09/28/2010,0.96,0.96,0.91,0.92,1172000,0
SGI,09/29/2010,0.92,0.93,0.92,0.93,571000,0
SGI,09/30/2010,0.92,0.92,0.9,0.91,430000,0
SGI,10/01/2010,0.91,0.92,0.91,0.92,32000,0
SGI,10/04/2010,0.92,0.92,0.92,0.92,23000,0
SGI,10/05/2010,0.94,0.95,0.94,0.95,170000,0
SGI,10/06/2010,0.95,0.95,0.94,0.94,510000,0
SGI,10/07/2010,0.94,0.95,0.93,0.93,191000,0
SGI,10/08/2010,0.94,0.94,0.94,0.94,4000,0
SGI,10/11/2010,0.96,1.0,0.95,0.95,2660000,0
SGI,10/12/2010,0.98,0.98,0.95,0.95,749000,0
SGI,10/14/2010,0.94,0.94,0.94,0.94,320000,0
SGI,10/15/2010,0.94,0.95,0.94,0.94,264000,0
SGI,10/18/2010,0.95,0.96,0.94,0.96,2320000,0
SGI,10/19/2010,1.0,1.03,0.98,0.99,540000,0
SGI,10/20/2010,0.99,1.0,0.99,1.0,335000,0
SGI,10/21/2010,0.99,0.99,0.98,0.98,336000,0
SGI,10/22/2010,1.0,1.04,0.99,1.02,1986000,0
SGI,10/26/2010,1.03,1.03,1.0,1.0,1838000,0
SGI,10/27/2010,0.98,0.99,0.97,0.99,994000,0
SGI,10/28/2010,0.99,1.0,0.97,0.97,1450000,0
SGI,10/29/2010,0.97,0.97,0.97,0.97,350000,0
SGI,11/02/2010,0.98,0.98,0.97,0.97,59000,0
SGI,11/03/2010,0.97,0.97,0.97,0.97,210000,0
SGI,11/04/2010,0.97,0.97,0.96,0.97,49000,0
SGI,11/05/2010,0.99,0.99,0.96,0.96,127000,0
SGI,11/08/2010,0.95,0.96,0.95,0.96,455000,0
SGI,11/09/2010,0.95,0.95,0.95,0.95,1348000,0
SGI,11/10/2010,0.94,0.94,0.92,0.92,95000,0
SGI,11/11/2010,0.92,0.92,0.91,0.91,238000,0
SGI,11/12/2010,0.9,0.9,0.9,0.9,400000,0
SGI,11/15/2010,0.9,0.9,0.89,0.89,482000,0
SGI,11/17/2010,0.89,0.89,0.89,0.89,161000,0
SGI,11/18/2010,0.89,0.89,0.88,0.88,340000,0
SGI,11/19/2010,0.91,0.91,0.88,0.88,223000,0
SGI,11/22/2010,0.88,0.88,0.87,0.87,180000,0
SGI,11/23/2010,0.86,0.86,0.85,0.85,380000,0
SGI,11/24/2010,0.84,0.85,0.83,0.85,132000,0
SGI,11/25/2010,0.84,0.84,0.84,0.84,250000,0
SGI,11/26/2010,0.84,0.84,0.83,0.83,20000,0
SGI,11/30/2010,0.84,0.84,0.84,0.84,242000,0
SGI,12/02/2010,0.84,0.84,0.83,0.83,20000,0
SGI,12/03/2010,0.83,0.83,0.83,0.83,65000,0
SGI,12/06/2010,0.83,0.83,0.83,0.83,99000,0
SGI,12/07/2010,0.8,0.82,0.8,0.82,295000,0
SGI,12/08/2010,0.82,0.82,0.82,0.82,546000,0
SGI,12/09/2010,0.82,0.83,0.82,0.82,277000,0
SGI,12/10/2010,0.81,0.81,0.81,0.81,30000,0
SGI,12/15/2010,0.8,0.81,0.8,0.81,14000,0
SGI,12/16/2010,0.8,0.8,0.8,0.8,1000,0
SGI,12/17/2010,0.8,0.8,0.8,0.8,50000,0
SGI,12/20/2010,0.79,0.8,0.79,0.8,342000,0
SGI,12/22/2010,0.84,0.84,0.84,0.84,40000,0
SGI,12/28/2010,0.82,0.82,0.8,0.8,160000,0
SGI,12/29/2010,0.8,0.8,0.8,0.8,793000,0
SGI,01/03/2011,0.88,0.88,0.88,0.88,200000,0
SGI,01/04/2011,0.88,0.88,0.88,0.88,80000,0
SGI,01/05/2011,0.85,0.85,0.82,0.82,218000,0
SGI,01/07/2011,0.82,0.82,0.82,0.82,114000,0
SGI,01/10/2011,0.86,1.02,0.86,0.98,2923000,0
SGI,01/11/2011,0.98,1.0,0.93,0.93,1094000,0
SGI,01/12/2011,0.95,1.02,0.92,1.0,4711000,0
SGI,01/13/2011,1.03,1.4,1.03,1.25,12588000,0
SGI,01/14/2011,1.3,1.34,1.17,1.17,3552000,0
SGI,01/17/2011,1.28,1.38,1.26,1.3,7975000,0
SGI,01/18/2011,1.29,1.31,1.22,1.22,924000,0
SGI,01/19/2011,1.22,1.32,1.22,1.24,390000,0
SGI,01/20/2011,1.25,1.3,1.19,1.24,1244000,0
SGI,01/21/2011,1.24,1.25,1.2,1.2,1363000,0
SGI,01/24/2011,1.23,1.23,1.2,1.2,33000,0
SGI,01/25/2011,1.17,1.18,1.11,1.17,719000,0
SGI,01/26/2011,1.2,1.2,1.16,1.2,815000,0
SGI,01/27/2011,1.22,1.24,1.2,1.24,678000,0
SGI,01/28/2011,1.23,1.24,1.2,1.2,470000,0
SGI,02/01/2011,1.2,1.23,1.17,1.17,156000,0
SGI,02/02/2011,1.23,1.23,1.18,1.2,125000,0
SGI,02/03/2011,1.2,1.2,1.16,1.2,421000,0
SGI,02/04/2011,1.2,1.2,1.18,1.18,180000,0
SGI,02/07/2011,1.2,1.2,1.15,1.15,510000,0
SGI,02/08/2011,1.21,1.21,1.18,1.2,142000,0
SGI,02/09/2011,1.2,1.2,1.14,1.19,203000,0
SGI,02/10/2011,1.19,1.2,1.19,1.2,451000,0
SGI,02/11/2011,1.14,1.14,1.06,1.12,89000,0
SGI,02/14/2011,1.2,1.2,1.13,1.13,162000,0
SGI,02/15/2011,1.13,1.19,1.13,1.16,336000,0
SGI,02/16/2011,1.13,1.13,1.13,1.13,8000,0
SGI,02/17/2011,1.18,1.19,1.18,1.19,34000,0
SGI,02/21/2011,1.16,1.16,1.13,1.13,70000,0
SGI,02/22/2011,1.12,1.13,1.11,1.13,735000,0
SGI,02/23/2011,1.1,1.13,1.06,1.13,1350000,0
SGI,02/24/2011,1.15,1.19,1.1,1.16,1209000,0
SGI,02/25/2011,1.17,1.18,1.17,1.18,125000,0
SGI,02/28/2011,1.19,1.19,1.08,1.18,5000,0
SGI,03/01/2011,1.12,1.15,1.12,1.15,39000,0
SGI,03/03/2011,1.16,1.18,1.15,1.15,862000,0
SGI,03/04/2011,1.19,1.2,1.16,1.16,141000,0
SGI,03/07/2011,1.16,1.16,1.15,1.15,178000,0
SGI,03/08/2011,1.15,1.15,1.12,1.14,672000,0
SGI,03/09/2011,1.12,1.15,1.12,1.15,750000,0
SGI,03/10/2011,1.15,1.19,1.15,1.19,365000,0
SGI,03/11/2011,1.15,1.17,1.15,1.15,790000,0
SGI,03/14/2011,1.15,1.19,1.15,1.16,1135000,0
SGI,03/15/2011,1.17,1.18,1.15,1.15,321000,0
SGI,03/16/2011,1.15,1.16,1.06,1.15,1330000,0
SGI,03/17/2011,1.15,1.16,1.15,1.16,1362000,0
SGI,03/18/2011,1.15,1.15,1.15,1.15,420000,0
SGI,03/21/2011,1.15,1.15,1.15,1.15,241000,0
SGI,03/22/2011,1.15,1.18,1.15,1.17,381000,0
SGI,03/23/2011,1.17,1.34,1.17,1.31,8047000,0
SGI,03/24/2011,1.35,1.46,1.35,1.38,8789000,0
SGI,03/25/2011,1.42,1.46,1.32,1.32,1772000,0
SGI,03/28/2011,1.33,1.33,1.3,1.32,355000,0
SGI,03/29/2011,1.3,1.36,1.26,1.3,1035000,0
SGI,03/30/2011,1.4,1.4,1.3,1.4,936000,0
SGI,03/31/2011,1.4,1.4,1.38,1.4,1259000,0
SGI,04/01/2011,1.32,1.35,1.28,1.35,1751000,0
SGI,04/04/2011,1.35,1.35,1.26,1.26,2130000,0
SGI,04/05/2011,1.32,1.32,1.32,1.32,2000,0
SGI,04/06/2011,1.31,1.32,1.25,1.32,1220000,0
SGI,04/07/2011,1.27,1.32,1.27,1.32,360000,0
SGI,04/08/2011,1.28,1.32,1.28,1.32,26000,0
SGI,04/11/2011,1.32,1.32,1.28,1.32,111000,0
SGI,04/12/2011,1.34,1.34,1.32,1.32,37000,0
SGI,04/13/2011,1.3,1.3,1.3,1.3,1000,0
SGI,04/14/2011,1.3,1.3,1.26,1.26,773000,0
SGI,04/15/2011,1.27,1.27,1.26,1.26,358000,0
SGI,04/18/2011,1.26,1.26,1.25,1.26,762000,0
SGI,04/19/2011,1.23,1.24,1.23,1.24,110000,0
SGI,04/20/2011,1.22,1.22,1.21,1.22,160000,0
SGI,04/25/2011,1.28,1.28,1.28,1.28,20000,0
SGI,04/26/2011,1.3,1.32,1.3,1.3,212000,0
SGI,04/27/2011,1.3,1.32,1.3,1.32,15000,0
SGI,04/28/2011,1.32,1.33,1.3,1.3,213000,0
SGI,04/29/2011,1.31,1.31,1.3,1.3,1082000,0
SGI,05/02/2011,1.3,1.3,1.3,1.3,300000,0
SGI,05/03/2011,1.3,1.36,1.3,1.36,992000,0
SGI,05/04/2011,1.31,1.31,1.3,1.3,617000,0
SGI,05/05/2011,1.3,1.3,1.27,1.27,1415000,0
SGI,05/06/2011,1.25,1.26,1.25,1.26,337000,0
SGI,05/09/2011,1.25,1.28,1.25,1.28,88000,0
SGI,05/10/2011,1.26,1.26,1.25,1.25,659000,0
SGI,05/11/2011,1.24,1.25,1.24,1.24,843000,0
SGI,05/12/2011,1.25,1.25,1.25,1.25,110000,0
SGI,05/13/2011,1.25,1.25,1.24,1.25,764000,0
SGI,05/16/2011,1.24,1.24,1.24,1.24,240000,0
SGI,05/17/2011,1.23,1.23,1.23,1.23,104000,0
SGI,05/20/2011,1.25,1.25,1.22,1.23,107000,0
SGI,05/23/2011,1.21,1.23,1.21,1.23,250000,0
SGI,05/24/2011,1.2,1.23,1.2,1.23,10000,0
SGI,05/25/2011,1.25,1.25,1.21,1.21,52000,0
SGI,05/26/2011,1.25,1.25,1.25,1.25,100000,0
SGI,05/30/2011,1.25,1.25,1.24,1.24,5000,0
SGI,05/31/2011,1.17,1.23,1.0,1.23,257000,0
SGI,06/01/2011,1.2,1.2,1.2,1.2,51000,0
SGI,06/02/2011,1.14,1.14,1.14,1.14,40000,0
SGI,06/03/2011,1.15,1.15,1.15,1.15,81000,0
SGI,06/06/2011,1.2,1.22,1.2,1.22,385000,0
SGI,06/08/2011,1.17,1.17,1.17,1.17,33000,0
SGI,06/09/2011,1.2,1.2,1.2,1.2,11000,0
SGI,06/10/2011,1.16,1.16,1.15,1.16,165000,0
SGI,06/13/2011,1.15,1.16,1.15,1.16,46000,0
SGI,06/14/2011,1.15,1.15,1.14,1.14,120000,0
SGI,06/15/2011,1.16,1.16,1.16,1.16,439000,0
SGI,06/16/2011,1.17,1.17,1.16,1.16,46000,0
SGI,06/17/2011,1.15,1.15,1.15,1.15,70000,0
SGI,06/22/2011,1.15,1.17,1.15,1.17,71000,0
SGI,06/29/2011,1.15,1.17,1.14,1.17,49000,0
SGI,06/30/2011,1.16,1.17,1.16,1.17,18000,0
SGI,07/04/2011,1.17,1.22,1.17,1.22,205000,0
SGI,07/05/2011,1.22,1.22,1.15,1.16,132000,0
SGI,07/06/2011,1.17,1.19,1.16,1.16,232000,0
SGI,07/07/2011,1.16,1.17,1.16,1.17,331000,0
SGI,07/08/2011,1.21,1.22,1.2,1.2,148000,0
SGI,07/11/2011,1.2,1.2,1.2,1.2,70000,0
SGI,07/12/2011,1.2,1.2,1.2,1.2,90000,0
SGI,07/13/2011,1.2,1.27,1.2,1.26,1034000,0
SGI,07/14/2011,1.26,1.27,1.25,1.26,295000,0
SGI,07/15/2011,1.25,1.39,1.25,1.39,4369000,0
SGI,07/18/2011,1.4,1.64,1.4,1.62,2794000,0
SGI,07/19/2011,1.62,1.78,1.62,1.66,1418000,0
SGI,07/20/2011,1.65,1.65,1.61,1.61,327000,0
SGI,07/21/2011,1.58,1.63,1.58,1.59,375000,0
SGI,07/22/2011,1.59,1.59,1.5,1.5,305000,0
SGI,07/25/2011,1.5,1.59,1.5,1.59,142000,0
SGI,07/26/2011,1.57,1.58,1.5,1.51,578000,0
SGI,07/27/2011,1.5,1.5,1.49,1.5,517000,0
SGI,07/28/2011,1.5,1.5,1.49,1.49,180000,0
SGI,07/29/2011,1.49,1.49,1.45,1.45,286000,0
SGI,08/01/2011,1.45,1.46,1.45,1.45,551000,0
SGI,08/02/2011,1.45,1.45,1.45,1.45,551000,0
SGI,08/03/2011,1.42,1.42,1.42,1.42,232000,0
SGI,08/04/2011,1.4,1.4,1.39,1.4,550000,0
SGI,08/05/2011,1.38,1.38,1.32,1.32,112000,0
SGI,08/08/2011,1.32,1.32,1.28,1.28,116000,0
SGI,08/09/2011,1.23,1.23,1.23,1.23,15000,0
SGI,08/10/2011,1.28,1.28,1.28,1.28,65000,0
SGI,08/11/2011,1.25,1.28,1.25,1.28,125000,0
SGI,08/12/2011,1.3,1.3,1.28,1.3,368000,0
SGI,08/15/2011,1.32,1.38,1.28,1.38,907000,0
SGI,08/16/2011,1.38,1.45,1.38,1.4,755000,0
SGI,08/17/2011,1.33,1.33,1.32,1.32,372000,0
SGI,08/18/2011,1.32,1.45,1.32,1.45,257000,0
SGI,08/19/2011,1.42,1.42,1.42,1.42,2000,0
SGI,08/22/2011,1.31,1.35,1.3,1.32,77000,0
SGI,08/23/2011,1.32,1.32,1.32,1.32,84000,0
SGI,08/24/2011,1.33,1.35,1.32,1.32,140000,0
SGI,08/25/2011,1.31,1.31,1.31,1.31,10000,0
SGI,08/31/2011,1.3,1.3,1.3,1.3,320000,0
SGI,09/02/2011,1.3,1.3,1.3,1.3,193000,0
SGI,09/05/2011,1.28,1.28,1.28,1.28,6000,0
SGI,09/06/2011,1.28,1.28,1.28,1.28,65000,0
SGI,09/07/2011,1.28,1.28,1.25,1.25,60000,0
SGI,09/08/2011,1.26,1.26,1.23,1.23,28000,0
SGI,09/12/2011,1.26,1.26,1.22,1.22,160000,0
SGI,09/13/2011,1.22,1.23,1.21,1.23,220000,0
SGI,09/14/2011,1.25,1.25,1.18,1.2,597000,0
SGI,09/15/2011,1.2,1.2,1.2,1.2,100000,0
SGI,09/16/2011,1.23,1.23,1.23,1.23,120000,0
SGI,09/19/2011,1.21,1.21,1.21,1.21,10000,0
SGI,09/20/2011,1.2,1.2,1.2,1.2,40000,0
SGI,09/21/2011,1.2,1.2,1.2,1.2,1070000,0
SGI,09/22/2011,1.19,1.19,1.19,1.19,20000,0
SGI,09/23/2011,1.17,1.17,1.14,1.14,197000,0
SGI,09/28/2011,1.15,1.16,1.15,1.16,60000,0
SGI,09/29/2011,1.11,1.11,1.11,1.11,2000,0
SGI,09/30/2011,1.2,1.2,1.15,1.15,201000,0
SGI,10/03/2011,1.16,1.16,1.16,1.16,8000,0
SGI,10/05/2011,1.15,1.15,1.11,1.11,155000,0
SGI,10/07/2011,1.14,1.14,1.13,1.13,200000,0
SGI,10/10/2011,1.13,1.2,1.13,1.2,52000,0
SGI,10/12/2011,1.15,1.15,1.12,1.12,110000,0
SGI,10/13/2011,1.15,1.15,1.15,1.15,20000,0
SGI,10/17/2011,1.21,1.34,1.21,1.28,1471000,0
SGI,10/18/2011,1.15,1.2,1.14,1.15,341000,0
SGI,10/19/2011,1.16,1.19,1.14,1.17,866000,0
SGI,10/20/2011,1.15,1.16,1.1,1.16,1165000,0
SGI,10/21/2011,1.15,1.15,1.12,1.13,255000,0
SGI,10/24/2011,1.11,1.11,1.09,1.1,395000,0
SGI,10/25/2011,1.25,1.25,1.11,1.15,135000,0
SGI,10/26/2011,1.1,1.16,1.1,1.16,129000,0
SGI,10/27/2011,1.14,1.14,1.13,1.14,309000,0
SGI,10/28/2011,1.14,1.14,1.13,1.13,144000,0
SGI,11/02/2011,1.12,1.12,1.12,1.12,10000,0
SGI,11/03/2011,1.18,1.18,1.08,1.14,117000,0
SGI,11/08/2011,1.15,1.15,1.13,1.13,31000,0
SGI,11/09/2011,1.15,1.19,1.15,1.15,351000,0
SGI,11/10/2011,1.15,1.15,1.12,1.15,401000,0
SGI,11/11/2011,1.15,1.17,1.15,1.15,60000,0
SGI,11/14/2011,1.16,1.18,1.16,1.18,30000,0
SGI,11/15/2011,1.16,1.19,1.16,1.18,694000,0
SGI,11/16/2011,1.2,1.2,1.18,1.18,179000,0
SGI,11/17/2011,1.18,1.2,1.18,1.2,331000,0
SGI,11/21/2011,1.18,1.19,1.18,1.18,313000,0
SGI,11/22/2011,1.18,1.19,1.18,1.19,181000,0
SGI,11/23/2011,1.2,1.25,1.18,1.19,251000,0
SGI,11/24/2011,1.18,1.19,1.18,1.19,89000,0
SGI,11/25/2011,1.18,1.2,1.18,1.2,331000,0
SGI,11/28/2011,1.14,1.17,1.14,1.17,176000,0
SGI,11/29/2011,1.14,1.17,1.14,1.17,304000,0
SGI,12/01/2011,1.14,1.18,1.1,1.18,186000,0
SGI,12/02/2011,1.18,1.2,1.15,1.18,399000,0
SGI,12/05/2011,1.2,1.29,1.19,1.19,588000,0
SGI,12/06/2011,1.18,1.19,1.17,1.19,28000,0
SGI,12/07/2011,1.15,1.19,1.14,1.19,88000,0
SGI,12/08/2011,1.15,1.19,1.14,1.19,84000,0
SGI,12/09/2011,1.15,1.15,1.15,1.15,128000,0
SGI,12/12/2011,1.14,1.14,1.14,1.14,5000,0
SGI,12/13/2011,1.16,1.18,1.09,1.17,517000,0
SGI,12/14/2011,1.13,1.16,1.13,1.15,215000,0
SGI,12/15/2011,1.13,1.16,1.13,1.16,26000,0
SGI,12/16/2011,1.14,1.16,1.14,1.16,158000,0
SGI,12/20/2011,1.11,1.11,1.1,1.1,50000,0
SGI,12/21/2011,1.17,1.17,1.17,1.17,18000,0
SGI,12/22/2011,1.12,1.17,1.12,1.15,419000,0
SGI,12/23/2011,1.12,1.16,1.12,1.16,203000,0
SGI,12/26/2011,1.17,1.25,1.16,1.16,486000,0
SGI,12/28/2011,1.15,1.15,1.15,1.15,51000,0
SGI,12/29/2011,1.15,1.17,1.15,1.16,5465000,0
SGI,01/02/2012,1.18,1.18,1.15,1.15,218000,0
SGI,01/03/2012,1.2,1.2,1.15,1.15,834000,0
SGI,01/04/2012,1.19,1.19,1.15,1.15,273000,0
SGI,01/05/2012,1.15,1.2,1.1,1.16,415000,0
SGI,01/06/2012,1.17,1.17,1.16,1.16,285000,0
SGI,01/09/2012,1.19,1.23,1.17,1.17,310000,0
SGI,01/10/2012,1.17,1.17,1.16,1.16,300000,0
SGI,01/11/2012,1.16,1.22,1.15,1.22,599000,0
SGI,01/12/2012,1.21,1.21,1.21,1.21,121000,0
SGI,01/13/2012,1.18,1.18,1.15,1.16,537000,0
SGI,01/16/2012,1.16,1.16,1.15,1.16,604000,0
SGI,01/17/2012,1.16,1.19,1.16,1.19,327000,0
SGI,01/18/2012,1.18,1.18,1.15,1.16,203000,0
SGI,01/19/2012,1.16,1.16,1.14,1.14,1063000,0
SGI,01/20/2012,1.15,1.22,1.15,1.16,509000,0
SGI,01/24/2012,1.22,1.22,1.18,1.18,55000,0
SGI,01/26/2012,1.19,1.2,1.17,1.19,452000,0
SGI,01/27/2012,1.2,1.2,1.16,1.16,182000,0
SGI,01/30/2012,1.21,1.21,1.16,1.16,325000,0
SGI,02/01/2012,1.17,1.2,1.15,1.2,351000,0
SGI,02/02/2012,1.2,1.22,1.18,1.22,599000,0
SGI,02/07/2012,1.17,1.19,1.17,1.17,146000,0
